address,qualified_name,tier,size,candidate,classification,reason,checker_result,checker_summary
0x00493638,pml::pokepara::CoreParam::GetWazaNo,0,8,analysis/reagent/candidates/0x00493638/attempt-1.cpp,RED,CHECKER_REJECTED,FAIL,"Logic matches, but the return type does not match the 64-bit Ghidra signature."
0x00318034,pml::pokepara::EvolveManager::EvolveManager,0,12,analysis/reagent/candidates/0x00318034/attempt-1.cpp,RED,CHECKER_REJECTED,FAIL,The reversed constructor assigns the wrong value to the wrong location.
0x0031AECC,pml::pokepara::CoreParam::SetLangId,0,12,analysis/reagent/candidates/0x0031AECC/attempt-1.cpp,RED,CHECKER_REJECTED,FAIL,One call argument does not match the Ghidra decompilation exactly.
0x0043A77C,Savedata::UnionPokemon::GetPokemon,0,16,analysis/reagent/candidates/0x0043A77C/attempt-1.cpp,RED,CHECKER_REJECTED,FAIL,"The call matches, but the `this + 4` offset is not expressed correctly for byte-accurate pointer arithmetic."
0x004935AC,pml::pokepara::CoreParam::GetMonsNo,0,8,analysis/reagent/candidates/0x004935AC/attempt-1.cpp,RED,CHECKER_REJECTED,FAIL,"The logic is likely equivalent, but the reversal does not explicitly preserve the Ghidra-level offset load and callee identity."
0x0043B008,Savedata::BattleInstSave::GetBattleBgm,0,8,analysis/reagent/candidates/0x0043B008/attempt-1.cpp,RED,CHECKER_REJECTED,FAIL,The reversed code does not preserve the byte offset access used by the Ghidra output.
0x0043EBAC,Savedata::JoinFestaDataSave::GetFacilitiesLotterySeed,0,8,analysis/reagent/candidates/0x0043EBAC/attempt-1.cpp,RED,CHECKER_REJECTED,FAIL,The reversed code does not match the fixed 0x20-byte offset used by the binary.
0x004A7CD8,Savedata::Misc::GetBP,0,8,analysis/reagent/candidates/0x004A7CD8/attempt-1.cpp,RED,CHECKER_REJECTED,FAIL,The reversed code does not preserve the byte-offset access used by the original function.
0x004A7D14,Savedata::Misc::GetGold,0,8,analysis/reagent/candidates/0x004A7D14/attempt-1.cpp,RED,CHECKER_REJECTED,FAIL,The reversed code reads the wrong offset and does not match the Ghidra access at byte offset 8.
0x00439904,Savedata::ResortSave::SetBeansIvyHiddenTimeDownCount,0,12,analysis/reagent/candidates/0x00439904/attempt-1.cpp,RED,CHECKER_REJECTED,FAIL,"The control flow is close, but the function signature, field mapping, and return handling do not match Ghidra."
0x004A8408,Savedata::MyStatus::HasMegaRing,0,12,analysis/reagent/candidates/0x004A8408/attempt-1.cpp,RED,CHECKER_REJECTED,FAIL,The reversed function does not preserve the explicit struct offset or return type from Ghidra.
0x00438020,Savedata::ResortSave::SetUpdateFlg,0,16,analysis/reagent/candidates/0x00438020/attempt-1.cpp,RED,CHECKER_REJECTED,FAIL,The reversed code captures the assignment but does not match the exact Ghidra memory write at offset 0x55d6.
0x004380C0,Savedata::ResortSave::SetBonusLevel,0,16,analysis/reagent/candidates/0x004380C0/attempt-1.cpp,RED,CHECKER_REJECTED,FAIL,"The reversed code copies a field, but Ghidra shows a full-object assignment to offset 0x5674."
0x0043EFD4,Savedata::JoinFestaDataSave::SetIsSkipMessageHorrorHouse,0,16,analysis/reagent/candidates/0x0043EFD4/attempt-1.cpp,RED,CHECKER_REJECTED,FAIL,"The assignment matches at a high level, but the reversed signature/type handling is not faithful to the Ghidra setter."
0x004415D8,Savedata::Misc::SetEventFirstCheck,0,16,analysis/reagent/candidates/0x004415D8/attempt-1.cpp,RED,CHECKER_REJECTED,FAIL,The reversed code does not match the decompiled memory access exactly.
0x004A81A0,Savedata::GameTime::GetStartSec,0,16,analysis/reagent/candidates/0x004A81A0/attempt-1.cpp,RED,CHECKER_REJECTED,FAIL,Return type and load width do not match the Ghidra logic.
0x004A8530,Savedata::MyStatus::GetTransferdID,0,16,analysis/reagent/candidates/0x004A8530/attempt-1.cpp,RED,CHECKER_REJECTED,FAIL,"The reversed code matches the field read conceptually, but it does not preserve the Ghidra pointer semantics or named-member mapping."
0x004A8664,Savedata::MyStatus::GetPssPersonalDataStoreId,0,16,analysis/reagent/candidates/0x004A8664/attempt-1.cpp,RED,CHECKER_REJECTED,FAIL,The reversed code matches the field access pattern but not the returned width or type from Ghidra.
0x00443498,Savedata::GtsData::SetUploadGtsIndexData,0,12,analysis/reagent/candidates/0x00443498/attempt-1.cpp,RED,CHECKER_REJECTED,FAIL,Return value and function signature do not match the Ghidra decompilation.
0x00443CE4,Savedata::MyStatus::CopyFrom,0,16,analysis/reagent/candidates/0x00443CE4/attempt-1.cpp,RED,CHECKER_REJECTED,FAIL,The destination offset is mistranslated and the reversed body does not match the decompiled pointer arithmetic exactly.
0x004439AC,Savedata::MyStatus::SetNexUniqueID,0,8,analysis/reagent/candidates/0x004439AC/attempt-1.cpp,RED,CHECKER_REJECTED,FAIL,"Body and offsets match, but the reversed signature is missing the unused `param_2` present in the ground truth."
0x00443AD8,Savedata::MyStatus::SetPssPersonalDataStoreId,0,8,analysis/reagent/candidates/0x00443AD8/attempt-1.cpp,RED,CHECKER_REJECTED,FAIL,"The body matches, but the reversed signature drops one ground-truth parameter."
0x0045C130,NetAppLib::Util::NetAppEntryChecker::CheckTradePenalty,0,12,analysis/reagent/candidates/0x0045C130/attempt-1.cpp,RED,CHECKER_REJECTED,FAIL,"The function body matches the call, but the reversed code adds an unnecessary local assignment not present in Ghidra."
0x0045C23C,NetAppLib::Util::NetAppEntryChecker::CheckPokemonCountForGtsPlay,0,16,analysis/reagent/candidates/0x0045C23C/attempt-1.cpp,RED,CHECKER_REJECTED,FAIL,"The call matches, but the reversed code adds an unnecessary local assignment not present in the Ghidra logic."
0x0045C2B8,NetAppLib::Util::NetAppEntryChecker::CheckPokemonCountForDoubleBattle,0,16,analysis/reagent/candidates/0x0045C2B8/attempt-1.cpp,RED,CHECKER_REJECTED,FAIL,"The function call matches, but the reversed code adds an unused local assignment that is not present in the Ghidra logic."
0x0045E87C,NetAppLib::System::NetAppFrameBase::UpdateSave,0,16,analysis/reagent/candidates/0x0045E87C/attempt-1.cpp,RED,CHECKER_REJECTED,FAIL,"The call matches, but the reversed code adds an extra local assignment not present in the Ghidra output."
0x00163A50,mw::qrd::QRDecoder::QRDecoder,0,12,analysis/reagent/candidates/0x00163A50/attempt-1.cpp,RED,CHECKER_REJECTED,FAIL,The reversed function writes the wrong field and does not match the constructor assignment in Ghidra.
0x002F9ACC,NetAppLib::UI::NetAppQRTexture::AssignTextureToPicturePane,0,16,analysis/reagent/candidates/0x002F9ACC/attempt-1.cpp,RED,CHECKER_REJECTED,FAIL,The field layout does not match the decompilation: `texture` is not shown at offset `0xc`.
0x002E6644,App::FieldMenu::PlayData::SetRideCursorPos,0,8,analysis/reagent/candidates/0x002E6644/attempt-1.cpp,RED,CHECKER_REJECTED,FAIL,"The reversed code only copies one member, but Ghidra shows a direct assignment to `this[6]` from the full `PlayData` value."
0x0049CF88,Field::FieldScript::FieldScriptSystem::IsTerrainBlockControlSet,0,8,analysis/reagent/candidates/0x0049CF88/attempt-1.cpp,RED,CHECKER_REJECTED,FAIL,"The offset matches, but the return type and load width do not match Ghidra."
0x00381440,Field::FieldScript::FieldScriptSystem::Suspend,0,16,analysis/reagent/candidates/0x00381440/attempt-1.cpp,RED,CHECKER_REJECTED,FAIL,"The reversed code uses the wrong pointer arithmetic for `this + 0x50`, so the offset does not match Ghidra."
0x003A841C,Field::MoveModel::FieldMoveModelAreaCharaAccessor::Initialize,0,8,analysis/reagent/candidates/0x003A841C/attempt-1.cpp,RED,CHECKER_REJECTED,FAIL,The reversed code writes to the wrong offset and does not match the Ghidra-accessed field location.
0x003F2BA8,GameSys::GameData::SetFieldCameraData,0,16,analysis/reagent/candidates/0x003F2BA8/attempt-1.cpp,RED,CHECKER_REJECTED,FAIL,The reversed code does not match the copy semantics or pointer dereference used by the Ghidra logic.
0x003C0380,print::SystemFont_IsLoadBattleFont,0,8,analysis/reagent/candidates/0x003C0380/attempt-1.cpp,RED,CHECKER_REJECTED,FAIL,"Logic matches, but the reversed signature does not match the decompiled return type."
0x00157AEC,BattleInst::BattleInst::GetTrainerID,0,12,analysis/reagent/candidates/0x00157AEC/attempt-1.cpp,RED,CHECKER_REJECTED,FAIL,"The implementation is functionally close, but it does not exactly match the Ghidra signature and pointer arithmetic expression."
0x004347D0,PokeTool::PokeModel::ChangeAnimation,0,4,analysis/reagent/candidates/0x004347D0/attempt-1.cpp,RED,CHECKER_REJECTED,FAIL,The reversal has at least one incorrect struct offset and one incorrect pointer expression in the guard.
0x002CAF1C,App::Tool::TalkWindow::SetWindowType,0,8,analysis/reagent/candidates/0x002CAF1C/attempt-1.cpp,RED,CHECKER_REJECTED,FAIL,The reversed code narrows a full field assignment to a single member copy and does not match the Ghidra logic.
0x002EC060,app::tool::ButtonManager::SetInputEnable,0,8,analysis/reagent/candidates/0x002EC060/attempt-1.cpp,RED,CHECKER_REJECTED,FAIL,The reversed code narrows a raw byte/field write into a member-to-member copy and does not match the decompiled assignment.
0x002F1918,app::tool::TimerIconUIView::IsArcDataComp,0,8,analysis/reagent/candidates/0x002F1918/attempt-1.cpp,RED,CHECKER_REJECTED,FAIL,"Logic matches, but the reversed signature does not match the Ghidra decompilation."
0x0030F4D0,app::util::G2DUtil::GetWordSet,0,8,analysis/reagent/candidates/0x0030F4D0/attempt-1.cpp,RED,CHECKER_REJECTED,FAIL,The offset access is not equivalent to the Ghidra byte offset read.
0x00311820,app::util::G2DUtil::GetMsgWin,0,8,analysis/reagent/candidates/0x00311820/attempt-1.cpp,RED,CHECKER_REJECTED,FAIL,The reversed code does not preserve the byte-offset access used by the original function.
0x0040DCBC,poke_3d::model::CharaModel::SetMouthIndex,0,8,analysis/reagent/candidates/0x0040DCBC/attempt-1.cpp,RED,CHECKER_REJECTED,FAIL,"The reversed code writes a named member, but Ghidra shows a whole-object assignment to offset `0xec`."
0x004100D0,poke_3d::model::PokemonModel::IsEnabledAmbientColor,0,8,analysis/reagent/candidates/0x004100D0/attempt-1.cpp,RED,CHECKER_REJECTED,FAIL,"Offset matches, but the return type and value width do not match the Ghidra logic."
0x00465FEC,NetAppLib::JoinFesta::JoinFestaPacketUtil::SetOfflineJoinFestaPersonalAll,0,8,analysis/reagent/candidates/0x00465FEC/attempt-1.cpp,RED,CHECKER_REJECTED,FAIL,The reversed function preserves the side effect but does not match the exact Ghidra call expression.
0x0048E354,app::tool::ScrollPaneManager::GetScrollValue,0,8,analysis/reagent/candidates/0x0048E354/attempt-1.cpp,RED,CHECKER_REJECTED,FAIL,"Semantics match, but the reverse still uses a raw offset instead of a named struct member."
0x004967C4,gfl2::renderingengine::renderer::util::MakeBlurImagePath::GetDepthWrittenTexture,0,8,analysis/reagent/candidates/0x004967C4/attempt-1.cpp,RED,CHECKER_REJECTED,FAIL,The access pattern does not exactly match the Ghidra expression.
0x004A6620,trainer::TrainerTypeData::GetEyeSE,0,8,analysis/reagent/candidates/0x004A6620/attempt-1.cpp,RED,CHECKER_REJECTED,FAIL,"Logic matches, but the struct field is still accessed by raw offset instead of a named member."
0x004A6AF8,PokeTool::RemaindSkill::GetListMax,0,8,analysis/reagent/candidates/0x004A6AF8/attempt-1.cpp,RED,CHECKER_REJECTED,FAIL,The reversed code does not match the Ghidra offset expression.
0x00103280,__rw::__rw_punct_data<char>::~__rw_punct_data,0,12,analysis/reagent/candidates/0x00103280/attempt-1.cpp,RED,CHECKER_REJECTED,FAIL,Return expression is semantically equivalent but does not match Ghidra's exact form.
0x00103B7E,std::__rw_open_cat_data::~__rw_open_cat_data,0,12,analysis/reagent/candidates/0x00103B7E/attempt-1.cpp,RED,CHECKER_REJECTED,FAIL,"Destructor logic is mostly aligned, but the locale destructor call is not represented correctly in the reversed code."
0x002C7E04,App::Box::BoxAppSetup::GetArcReadBuff,0,12,analysis/reagent/candidates/0x002C7E04/attempt-1.cpp,RED,CHECKER_REJECTED,FAIL,The reversed function is semantically close but does not match the Ghidra expression exactly.
0x00320830,gfl2::devicecamera::DeviceCamera::Start,0,12,analysis/reagent/candidates/0x00320830/attempt-1.cpp,RED,CHECKER_REJECTED,FAIL,"The reversed code misses the pointer dereference at offset `0x14`, so it does not match the Ghidra expression."
0x00357768,gfl2::base::SingletonAccessor<NetAppLib::JoinFesta::JoinFestaPacketEventList>::GetInstance,0,12,analysis/reagent/candidates/0x00357768/attempt-1.cpp,RED,CHECKER_REJECTED,FAIL,"The body matches, but the reversed signature does not preserve the original 32-bit return type/calling convention metadata."
0x00361ACC,gfl2::animation::AnimationSlotBase::SetAnimationResource,0,12,analysis/reagent/candidates/0x00361ACC/attempt-1.cpp,RED,CHECKER_REJECTED,FAIL,The reversed function mismatches key state writes and the final virtual-call argument.
0x003BFBDC,print::GetMessageLangId,0,12,analysis/reagent/candidates/0x003BFBDC/attempt-1.cpp,RED,CHECKER_REJECTED,FAIL,"The return expression matches, but the global is declared with the wrong type for the dereference."
0x0045A5C4,NetAppLib::UI::NetAppPokePartyUtility::Cleanup,0,12,analysis/reagent/candidates/0x0045A5C4/attempt-1.cpp,RED,CHECKER_REJECTED,FAIL,"Destructor return value is not preserved before delete, so the call sequence does not exactly match Ghidra."
0x0045B2F4,NetAppLib::Util::BossUtility::GetRateRegulationFileName,0,12,analysis/reagent/candidates/0x0045B2F4/attempt-1.cpp,RED,CHECKER_REJECTED,FAIL,The reversed code returns the address of the field instead of the 4-byte value stored there.
0x0045B304,NetAppLib::Util::BossUtility::GetGlobalAttractionFileName,0,12,analysis/reagent/candidates/0x0045B304/attempt-1.cpp,RED,CHECKER_REJECTED,FAIL,The returned global offset is wrong: the reversed code reads `DAT_0045b310 + 1` but Ghidra reads `DAT_0045b310 + 4`.
0x00475248,BSP_TRAINER_DATA::GetTrTypePlural,0,12,analysis/reagent/candidates/0x00475248/attempt-1.cpp,RED,CHECKER_REJECTED,FAIL,"The logic matches at a high level, but the cast/shift order does not exactly mirror the Ghidra expression."
0x0048DFBC,app::tool::CursorManager::GetID,0,12,analysis/reagent/candidates/0x0048DFBC/attempt-1.cpp,RED,CHECKER_REJECTED,FAIL,"The reversed code uses `this + 8` as the base address, but Ghidra dereferences the pointer stored at offset 8 before applying the index."
0x0049A978,gfl2::str::MsgData::GetStrCount,0,12,analysis/reagent/candidates/0x0049A978/attempt-1.cpp,RED,CHECKER_REJECTED,FAIL,"The reversed code performs arithmetic on a 16-bit field, but Ghidra shows a pointer dereference followed by reading a 16-bit value at offset +2."
0x004A54D0,poke_3d::model::BaseModel::GetMeshCount,0,12,analysis/reagent/candidates/0x004A54D0/attempt-1.cpp,RED,CHECKER_REJECTED,FAIL,The reversed code misses the required indirection through `this + 4` and does not match the ground truth expression.
0x004A5674,poke_3d::model::BaseModel::GetRotationQuat,0,12,analysis/reagent/candidates/0x004A5674/attempt-1.cpp,RED,CHECKER_REJECTED,FAIL,The reversed function uses the wrong structure offset in the return expression.
0x004A56C0,poke_3d::model::BaseModel::GetMaterialCount,0,12,analysis/reagent/candidates/0x004A56C0/attempt-1.cpp,RED,CHECKER_REJECTED,FAIL,The reversed code misses the `this + 4` indirection used by the binary.
0x004A593C,poke_3d::model::BaseModel::GetInterestJointCount,0,12,analysis/reagent/candidates/0x004A593C/attempt-1.cpp,RED,CHECKER_REJECTED,FAIL,The reversed code does not match the dereference at offset 0xcc in the ground truth.
0x004A5CF4,poke_3d::model::BaseModel::GetScale,0,12,analysis/reagent/candidates/0x004A5CF4/attempt-1.cpp,RED,CHECKER_REJECTED,FAIL,The reversed code uses the wrong struct offset for the load.
0x001036D8,std::ctype<char>::do_widen,0,16,analysis/reagent/candidates/0x001036D8/attempt-1.cpp,RED,CHECKER_REJECTED,FAIL,The memcpy call’s fourth argument does not match the decompiled logic.
0x002D2764,App::Tool::ListMenu::DeleteMenu,0,16,analysis/reagent/candidates/0x002D2764/attempt-1.cpp,RED,CHECKER_REJECTED,FAIL,"The store matches the value and offset, but the reversed member type does not prove the required 2-byte write at 0x35c."
0x002FA4A4,app::tool::ModelViewerSequence::EndFunc,0,16,analysis/reagent/candidates/0x002FA4A4/attempt-1.cpp,RED,CHECKER_REJECTED,FAIL,"The store at offset 0x20 matches, but the function return type is incorrect."
0x0030FD30,app::tool::AppToolGaugePartsLayout::SetVisible,0,16,analysis/reagent/candidates/0x0030FD30/attempt-1.cpp,RED,CHECKER_REJECTED,FAIL,"The reversed code omits the required +0x44 field offset, so it does not match the binary logic."
0x003BFEC4,print::SystemFont_GetNumFont,0,16,analysis/reagent/candidates/0x003BFEC4/attempt-1.cpp,RED,CHECKER_REJECTED,FAIL,The reversed code uses the wrong indirection and address calculation for DAT_003bfed4.
0x0045FFF4,NetAppLib::System::ApplicationSystemBase::End,0,16,analysis/reagent/candidates/0x0045FFF4/attempt-1.cpp,RED,CHECKER_REJECTED,FAIL,The body is semantically close but the function call is not matched exactly to the ground truth.
0x0048DFC8,app::tool::CursorManager::GetID,0,16,analysis/reagent/candidates/0x0048DFC8/attempt-1.cpp,RED,CHECKER_REJECTED,FAIL,The reversed code misses the final dereference and returns the wrong value type.
0x0049A13C,gfl2::lyt::LytWk::GetLayoutCore,0,16,analysis/reagent/candidates/0x0049A13C/attempt-1.cpp,RED,CHECKER_REJECTED,FAIL,The reversed expression misplaces the `+4` offset: it adds 4 to the loaded pointer value instead of dereferencing `this + 4` as in Ghidra.
0x0049A29C,gfl2::lyt::LytWk::GetResource,0,16,analysis/reagent/candidates/0x0049A29C/attempt-1.cpp,RED,CHECKER_REJECTED,FAIL,The reversed code does not match the Ghidra pointer/offset expression.
0x004A2CB8,NetLib::Wifi::WifiConnectRunner::GetNexUniqueId,0,16,analysis/reagent/candidates/0x004A2CB8/attempt-1.cpp,RED,CHECKER_REJECTED,FAIL,"The body matches the decompilation, but the function name does not exactly match the ground truth."
0x004AAF18,NetAppLib::JoinFesta::JoinFestaPersonalData::IsPersonalEventEnable,0,16,analysis/reagent/candidates/0x004AAF18/attempt-1.cpp,RED,CHECKER_REJECTED,FAIL,"The boolean check matches, but the source does not explicitly show the required 0x200 field mapping from the Ghidra logic."
0x004AB3DC,NetAppLib::JoinFesta::JoinFestaPersonalData::IsAttractionPersonalEventEnable,0,16,analysis/reagent/candidates/0x004AB3DC/attempt-1.cpp,RED,CHECKER_REJECTED,FAIL,"Logic matches, but the field access is still a raw offset instead of a named member mapping."
0x002F929C,app::tool::InfoWindowSheetType::StartAsyncCreate,0,4,analysis/reagent/candidates/0x002F929C/attempt-1.cpp,RED,CHECKER_REJECTED,FAIL,The allocation path does not match Ghidra’s heap-aware operator_new call.
0x002E6B98,app::ui::UIResponder::SetInputListener,0,8,analysis/reagent/candidates/0x002E6B98/attempt-1.cpp,RED,CHECKER_REJECTED,FAIL,"Logic matches, but the stack/field access is not properly modeled as a named member or byte-wise offset."
0x003DF5D8,NetLib::Error::NijiNetworkErrorManager::RegistForceDisconnectListener,0,8,analysis/reagent/candidates/0x003DF5D8/attempt-1.cpp,RED,CHECKER_REJECTED,FAIL,"The assignment matches the decompiled logic, but the pointer arithmetic is not byte-accurate C++ and the raw offset is not mapped to a named member."
0x003E5444,System::ModelRenderPath::AddSheneCamera,0,8,analysis/reagent/candidates/0x003E5444/attempt-1.cpp,RED,CHECKER_REJECTED,FAIL,"The store target is not expressed with byte-accurate pointer arithmetic, so the reversed code does not faithfully match the Ghidra offset semantics."
0x0040D5BC,poke_3d::model::BaseCamera::SetFar,0,8,analysis/reagent/candidates/0x0040D5BC/attempt-1.cpp,RED,CHECKER_REJECTED,FAIL,"The write target is correct in effect, but the reversed code must explicitly map to offset 0xA8 to match the binary."
0x0040D5C4,poke_3d::model::BaseCamera::SetFovy,0,8,analysis/reagent/candidates/0x0040D5C4/attempt-1.cpp,RED,CHECKER_REJECTED,FAIL,"Logic matches, but the reconstruction does not satisfy the required member/offset mapping and signature form."
0x004734B8,NetAppLib::JoinFesta::JoinFestaPersonalDataManager::SetScriptTalkFriendKey,0,8,analysis/reagent/candidates/0x004734B8/attempt-1.cpp,RED,CHECKER_REJECTED,FAIL,"Logic matches, but the reversed signature and field mapping are not faithful to the Ghidra type information."
0x00350C8C,app::util::G2DUtil::SetAnimeSpeed,0,12,analysis/reagent/candidates/0x00350C8C/attempt-1.cpp,RED,CHECKER_REJECTED,FAIL,"Logic matches, but the reconstructed signature and pointer arithmetic are not faithful to the byte-offset decompilation."
0x003D0C84,NetLib::Validation::PokemonValidation::SetPokemonValidationListener,0,12,analysis/reagent/candidates/0x003D0C84/attempt-1.cpp,RED,CHECKER_REJECTED,FAIL,"The store is correct, but the reversed code uses incorrect `this` pointer arithmetic and does not match the byte-offset access in the binary."
0x00417EFC,poke_3d::model::BaseModel::SetInterestTagAdjustAngle,0,12,analysis/reagent/candidates/0x00417EFC/attempt-1.cpp,RED,CHECKER_REJECTED,FAIL,"The store target is incorrect: the Ghidra code dereferences the pointer at `this+0xcc` before adding `0x18`, but the reversed code treats it as a flat offset."
0x00417FFC,poke_3d::model::BaseModel::SetInterestAdjustAngleEnable,0,12,analysis/reagent/candidates/0x00417FFC/attempt-1.cpp,RED,CHECKER_REJECTED,FAIL,The reversed code misses the required pointer indirection at offset 0xCC.
0x002E7720,app::ui::UIView::CreateGraphicsSystem,0,12,analysis/reagent/candidates/0x002E7720/attempt-1.cpp,RED,CHECKER_REJECTED,FAIL,"The body matches, but the reversed signature drops one Ghidra parameter and mislabels the checked argument."
0x0036A850,System::EnvAccessor::Initialize,0,12,analysis/reagent/candidates/0x0036A850/attempt-1.cpp,RED,CHECKER_REJECTED,PASS,"The reversed function matches the Ghidra logic in all observable assignments, loop bounds, offsets, and write order."
0x003BFEF8,app::ui::UIView::SetTextboxPaneMessage,0,16,analysis/reagent/candidates/0x003BFEF8/attempt-1.cpp,RED,CHECKER_REJECTED,FAIL,"Logic is mostly aligned, but the reverse still relies on raw struct offsets and has a few type/signature mismatches."
0x0031DD60,pml::pokepara::CoreParam::ClearDirt,1,36,analysis/reagent/candidates/0x0031DD60/attempt-1.cpp,RED,CHECKER_REJECTED,FAIL,"The control flow and most expressions match, but the final call argument is not preserved exactly."
0x0031A430,pml::pokepara::CoreParam::SetHp,1,44,analysis/reagent/candidates/0x0031A430/attempt-1.cpp,RED,CHECKER_REJECTED,FAIL,"Logic matches Ghidra, but the reverse does not satisfy the required struct-member mapping standard."
0x0031CA00,pml::pokepara::CoreParam::AddEffortPower,1,48,analysis/reagent/candidates/0x0031CA00/attempt-1.cpp,RED,CHECKER_REJECTED,FAIL,"Logic is mostly aligned, but the total-effort summation expression order does not match the Ghidra decompilation exactly."
0x0031E588,pml::pokepara::CoreParam::GetWazaMaxPP,1,52,analysis/reagent/candidates/0x0031E588/attempt-1.cpp,RED,CHECKER_REJECTED,FAIL,The rewritten function changes both the return semantics and the fixed-point arithmetic order.
0x00492464,pml::pokepara::CoreParam::CanMegaEvolve,1,52,analysis/reagent/candidates/0x00492464/attempt-1.cpp,RED,CHECKER_REJECTED,FAIL,"Logic is close, but the source does not explicitly match the Ghidra field access at `this + 0xc`."
0x004926D8,pml::pokepara::CoreParam::IsTrainingDone,1,76,analysis/reagent/candidates/0x004926D8/attempt-1.cpp,RED,CHECKER_REJECTED,FAIL,"The control flow matches, but the return type and return expression do not preserve the decompiled binary behavior exactly."
0x004917BC,pml::pokepara::CoreParam::GetCassetteVersion,1,52,analysis/reagent/candidates/0x004917BC/attempt-1.cpp,RED,CHECKER_REJECTED,FAIL,"The control flow and offset access match, but the final cleanup call does not preserve the decompiler’s observed argument flow."
0x00491F54,pml::pokepara::CoreParam::GetLangId,1,52,analysis/reagent/candidates/0x00491F54/attempt-1.cpp,RED,CHECKER_REJECTED,FAIL,"Core logic matches, but the final call argument is not preserved correctly."
0x00317DB8,pml::pokepara::PokemonParam::PokemonParam,1,76,analysis/reagent/candidates/0x00317DB8/attempt-1.cpp,RED,CHECKER_REJECTED,FAIL,"The reversed body is almost identical, but one function call is not matched exactly to the Ghidra symbol."
0x0031DE10,pml::pokepara::CoreParam::CoreParam,1,92,analysis/reagent/candidates/0x0031DE10/attempt-1.cpp,RED,CHECKER_REJECTED,FAIL,"The reconstruction mismatches key member writes, call arguments, and initialization order."
0x003163F4,pml::pokepara::CoreParam::CheckWazaMachine,1,116,analysis/reagent/candidates/0x003163F4/attempt-1.cpp,RED,CHECKER_REJECTED,FAIL,Logic matches except for one unresolved call-site mismatch in the personal data loader.
0x00490960,pml::pokepara::CoreParam::GetParentName,1,60,analysis/reagent/candidates/0x00490960/attempt-1.cpp,RED,CHECKER_REJECTED,FAIL,"Reversed code matches the call sequence, but it omits the `extraout_r1` local required by the decompilation."
0x00316758,pml::pokepara::CoreParam::GetExpForNextLevel,1,68,analysis/reagent/candidates/0x00316758/attempt-1.cpp,RED,CHECKER_REJECTED,FAIL,"Logic is close, but the reconstructed code does not match the decompiled types and call form exactly."
0x0043810C,Savedata::ResortSave::SetGimPokemon,1,88,analysis/reagent/candidates/0x0043810C/attempt-1.cpp,RED,CHECKER_REJECTED,FAIL,Serialize_Core argument handling does not match the original logic.
0x00317FB4,pml::pokepara::PokemonParam::PokemonParam,1,104,analysis/reagent/candidates/0x00317FB4/attempt-1.cpp,RED,CHECKER_REJECTED,FAIL,"The logic is mostly aligned, but one callee is not matched exactly."
0x004389FC,Savedata::ResortSave::SetHotSpaPokemon,1,108,analysis/reagent/candidates/0x004389FC/attempt-1.cpp,RED,CHECKER_REJECTED,FAIL,"Logic matches, but the reversed code does not map the struct offsets to named members as required."
0x0031DF64,pml::pokepara::CoreParam::CoreParam,1,128,analysis/reagent/candidates/0x0031DF64/attempt-1.cpp,RED,CHECKER_REJECTED,FAIL,The reversed function misses the vtable initialization and stores the wrong value into `core_data_`.
0x0049092C,pml::pokepara::CoreParam::GetGetBall,1,52,analysis/reagent/candidates/0x0049092C/attempt-1.cpp,RED,CHECKER_REJECTED,FAIL,"The logic matches structurally, but the final call argument does not match the Ghidra output."
0x0031A270,pml::pokepara::CoreParam::SubOriginalFamiliarity,1,68,analysis/reagent/candidates/0x0031A270/attempt-1.cpp,RED,CHECKER_REJECTED,FAIL,"The branch predicate is not equivalent to the Ghidra logic, so the wrong path can be taken."
0x00492AA4,pml::pokepara::CoreParam::GetExpForCurrentLevel,1,68,analysis/reagent/candidates/0x00492AA4/attempt-1.cpp,RED,CHECKER_REJECTED,FAIL,"The logic matches structurally, but the reversal is incomplete and still uses a raw offset instead of a named field."
0x0031C094,pml::pokepara::CoreParam::RemoveDirtPos,1,76,analysis/reagent/candidates/0x0031C094/attempt-1.cpp,RED,CHECKER_REJECTED,FAIL,"Main control flow matches, but one call-site argument is not faithfully preserved from the Ghidra logic."
0x0030516C,app::tool::PokeIcon::GetResourceIndex,1,84,analysis/reagent/candidates/0x0030516C/attempt-1.cpp,RED,CHECKER_REJECTED,FAIL,The call to `FUN_00305094` does not match the decompiled argument type for the form value.
0x004A6CB4,Savedata::GameSyncSave::GetIsCreateGameSyncSaveID,1,20,analysis/reagent/candidates/0x004A6CB4/attempt-1.cpp,RED,CHECKER_REJECTED,FAIL,"Semantically equivalent, but it does not preserve the exact Ghidra expression structure."
0x004A7628,Savedata::JoinFestaDataSave::GetIsSkipMessageStall,1,20,analysis/reagent/candidates/0x004A7628/attempt-1.cpp,RED,CHECKER_REJECTED,FAIL,"Logic matches, but the reversed code does not preserve the required explicit struct offset mapping from Ghidra."
0x0049A7DC,Savedata::JoinFestaDataSave::SetJoinFestaNameString,1,24,analysis/reagent/candidates/0x0049A7DC/attempt-1.cpp,RED,CHECKER_REJECTED,FAIL,"Semantics are equivalent, but the reversed code does not preserve the exact Ghidra control flow and initialization logic."
0x004455A8,Savedata::FieldMenu::IsMenuIconEnable,1,28,analysis/reagent/candidates/0x004455A8/attempt-1.cpp,RED,CHECKER_REJECTED,FAIL,"Semantically close, but it does not match the decompiled return form exactly."
0x004A6C4C,Savedata::FishingSpot::ExistRare,1,28,analysis/reagent/candidates/0x004A6C4C/attempt-1.cpp,RED,CHECKER_REJECTED,FAIL,The reversed expression changes operator binding and does not match the Ghidra logic exactly.
0x004A7C54,Savedata::Misc::IsTrainerPassStamp,1,28,analysis/reagent/candidates/0x004A7C54/attempt-1.cpp,RED,CHECKER_REJECTED,FAIL,"Logic is almost identical, but the reversed code omits the explicit `!= 0` bool normalization present in Ghidra."
0x004A8B5C,Savedata::FieldMenu::IsIconNew,1,28,analysis/reagent/candidates/0x004A8B5C/attempt-1.cpp,RED,CHECKER_REJECTED,FAIL,"Semantically close, but the reversed code does not preserve the explicit `!= 0` truth test from Ghidra."
0x004A8700,Savedata::MyStatus::GetDrawID,1,32,analysis/reagent/candidates/0x004A8700/attempt-1.cpp,RED,CHECKER_REJECTED,FAIL,The reconstruction does not match the decompiled arithmetic expression or bit-extraction order.
0x0043DC4C,Savedata::QRReaderSaveData::ChargeScanPower,1,44,analysis/reagent/candidates/0x0043DC4C/attempt-1.cpp,RED,CHECKER_REJECTED,FAIL,The parameter delta calculation does not preserve the original pre-update value and the struct access is still an unnamed offset.
0x004433E8,Savedata::Fashion::IsOwned,1,24,analysis/reagent/candidates/0x004433E8/attempt-1.cpp,RED,CHECKER_REJECTED,FAIL,"Behavior matches for the null case, but the reversed code omits the exact pre-branch assignment present in Ghidra."
0x0043B654,Savedata::PokeFinderSave::GetSpotFlags,1,24,analysis/reagent/candidates/0x0043B654/attempt-1.cpp,RED,CHECKER_REJECTED,FAIL,"The control flow matches, but the pointer arithmetic does not: the reversed code scales `this` as an object pointer instead of byte address arithmetic."
0x00439190,Savedata::ResortSave::AddBeansIvyHiddenCount,1,28,analysis/reagent/candidates/0x00439190/attempt-1.cpp,RED,CHECKER_REJECTED,FAIL,"Logic matches, but the member type/width is not faithful to the Ghidra byte-sized access at 0x572c."
0x004455C4,Savedata::FieldMenu::ResetRideNewFlag,1,28,analysis/reagent/candidates/0x004455C4/attempt-1.cpp,RED,CHECKER_REJECTED,FAIL,The reversed code uses XOR toggling instead of the Ghidra logic that clears the selected bit.
0x004390D4,Savedata::ResortSave::ResetNewHotSpaPokemon,1,32,analysis/reagent/candidates/0x004390D4/attempt-1.cpp,RED,CHECKER_REJECTED,FAIL,The reversed code does not match the indexed write performed by the binary.
0x00441740,Savedata::Misc::SetTrainerPassStamp,1,32,analysis/reagent/candidates/0x00441740/attempt-1.cpp,RED,CHECKER_REJECTED,FAIL,"The reversed function matches the target offset and basic OR/update pattern, but it omits the `& 0x7fffU` mask present in the ground truth expression."
0x0043B254,Savedata::BattleInstSave::ClearScoutTrainerIndex,1,40,analysis/reagent/candidates/0x0043B254/attempt-1.cpp,RED,CHECKER_REJECTED,FAIL,"The indexed zero stores match, but the final two writes do not preserve the decompiled pointer arithmetic or data shape."
0x004A8728,Savedata::MyStatus::Serialize,1,32,analysis/reagent/candidates/0x004A8728/attempt-1.cpp,RED,CHECKER_REJECTED,FAIL,"The reversed function does not match the Ghidra return semantics, argument order, or source offset."
0x00439F08,Savedata::FishingSpot::ResetFishingSpot,1,36,analysis/reagent/candidates/0x00439F08/attempt-1.cpp,RED,CHECKER_REJECTED,FAIL,"The reversed function matches the call and clear size, but all struct offsets are wrong and do not match the Ghidra behavior."
0x00443CCC,Savedata::MyStatus::SetIcon,1,24,analysis/reagent/candidates/0x00443CCC/attempt-1.cpp,RED,CHECKER_REJECTED,FAIL,"The offset writes match, but the reversed code does not preserve Ghidra’s read-before-write ordering."
0x003D08C8,Savedata::MyStatus::Deserialize,1,40,analysis/reagent/candidates/0x003D08C8/attempt-1.cpp,RED,CHECKER_REJECTED,FAIL,"Core stack-table setup is not reproduced correctly, so the call reads from the wrong storage."
0x0043B66C,Savedata::PokeFinderSave::SetSpotFlags,1,40,analysis/reagent/candidates/0x0043B66C/attempt-1.cpp,RED,CHECKER_REJECTED,FAIL,"Logic is close, but the struct layout is not faithfully reproduced."
0x00438704,Savedata::ResortSave::SetPokeBeansNum,1,48,analysis/reagent/candidates/0x00438704/attempt-1.cpp,RED,CHECKER_REJECTED,FAIL,"The logic is mostly aligned, but the object access does not match the decompilation exactly."
0x00438D90,Savedata::ResortSave::IsBeansBottleGround,1,48,analysis/reagent/candidates/0x00438D90/attempt-1.cpp,RED,CHECKER_REJECTED,FAIL,"Control flow matches, but the struct-offset mapping and return signature are not reproduced exactly."
0x004A6E9C,Savedata::BattleSpotData::GetEntryCommunityId,1,48,analysis/reagent/candidates/0x004A6E9C/attempt-1.cpp,RED,CHECKER_REJECTED,FAIL,"The offset access and branch condition match, but the reversed code drops the 64-bit return construction and the else-branch zeroing of the high word."
0x004A6ED4,Savedata::BattleSpotData::GetEntryCommunityPid,1,48,analysis/reagent/candidates/0x004A6ED4/attempt-1.cpp,RED,CHECKER_REJECTED,FAIL,The reversed code matches the load/branch logic but loses the 64-bit return value and the high dword behavior from Ghidra.
0x004A743C,Savedata::JoinFestaDataSave::GetRewardState,1,48,analysis/reagent/candidates/0x004A743C/attempt-1.cpp,RED,CHECKER_REJECTED,FAIL,"The reversed function matches the bounds check and byte load, but it drops the 64-bit return semantics and the explicit zeroing of the high dword."
0x004A772C,Savedata::JoinFestaDataSave::GetQuestionnaireAnswer,1,48,analysis/reagent/candidates/0x004A772C/attempt-1.cpp,RED,CHECKER_REJECTED,FAIL,Return type and 64-bit return composition do not match the Ghidra logic.
0x0043F3EC,Savedata::JoinFestaDataSave::SetTheme,1,36,analysis/reagent/candidates/0x0043F3EC/attempt-1.cpp,RED,CHECKER_REJECTED,FAIL,"The branch and call are only approximately matched, not reproduced exactly from the decompilation."
0x0015D91C,ExtSavedata::BattleRecorderSaveData::GetBattleRecDataDirect,1,44,analysis/reagent/candidates/0x0015D91C/attempt-1.cpp,RED,CHECKER_REJECTED,FAIL,"The body matches structurally, but the function signature and assert call are not faithful to the ground truth."
0x00474FF8,ExtSavedata::BattleRecorderSaveData::GetBattleRecUploadData,1,44,analysis/reagent/candidates/0x00474FF8/attempt-1.cpp,RED,CHECKER_REJECTED,FAIL,Return type and assertion call are not matched exactly.
0x00442DAC,Savedata::Fashion::GetCagoryItmeDataNum,1,48,analysis/reagent/candidates/0x00442DAC/attempt-1.cpp,RED,CHECKER_REJECTED,FAIL,Return type and return-value construction do not match the Ghidra logic.
0x004428A8,Savedata::MyItem::MyItem,1,92,analysis/reagent/candidates/0x004428A8/attempt-1.cpp,RED,CHECKER_REJECTED,FAIL,"The constructor logic is mostly present, but the memory-clear start address and all subsequent field offsets are wrong relative to the Ghidra ground truth."
0x0043B0D8,Savedata::BattleInstSave::SetPrizeWinCount,1,36,analysis/reagent/candidates/0x0043B0D8/attempt-1.cpp,RED,CHECKER_REJECTED,FAIL,"The reversed function matches the branch structure, but it misrepresents the loaded global value and the parameter type."
0x00439014,Savedata::ResortSave::GetAdventureBonusTime,1,56,analysis/reagent/candidates/0x00439014/attempt-1.cpp,RED,CHECKER_REJECTED,FAIL,"The body matches, but the reversed function is missing the explicit `return;` present in Ghidra."
0x004A7F84,Savedata::MyItem::IsNew,1,36,analysis/reagent/candidates/0x004A7F84/attempt-1.cpp,RED,CHECKER_REJECTED,FAIL,"Semantically equivalent, but it does not match Ghidra’s exact return handling and conditional expression structure."
0x0043DE70,Savedata::QRReaderSaveData::SetFieldScanTargetInfo,1,40,analysis/reagent/candidates/0x0043DE70/attempt-1.cpp,RED,CHECKER_REJECTED,FAIL,The reverse does not preserve the exact 2-byte parameter/storage layout used by the binary.
0x004421EC,Savedata::MyItem::IsRegisterFreeSpace,1,40,analysis/reagent/candidates/0x004421EC/attempt-1.cpp,RED,CHECKER_REJECTED,FAIL,"Logic is close, but the reversed signature and return semantics do not exactly match Ghidra."
0x0043EB04,Savedata::JoinFestaDataSave::GetGlobalAttractionData,1,68,analysis/reagent/candidates/0x0043EB04/attempt-1.cpp,RED,CHECKER_REJECTED,FAIL,The reversed code incorrectly dereferences memory and misses the exact CONCAT/ZEXT expression semantics.
0x0043E798,Savedata::JoinFestaDataSave::GetFacilitiesData,1,80,analysis/reagent/candidates/0x0043E798/attempt-1.cpp,RED,CHECKER_REJECTED,FAIL,The reversed code does not match the return-value construction or the branch boundary in the original logic.
0x004692C8,NetAppLib::JoinFesta::JoinFestaPersonalData::JoinFestaPersonalData,1,104,analysis/reagent/candidates/0x004692C8/attempt-1.cpp,RED,CHECKER_REJECTED,FAIL,"Logic matches overall, but the constructor call is not preserved exactly and the signature is not rendered with the same call identity as Ghidra."
0x004A6C68,Savedata::RandomGroup::GetTodayRandSeed,1,60,analysis/reagent/candidates/0x004A6C68/attempt-1.cpp,RED,CHECKER_REJECTED,FAIL,"Body matches structurally, but the seed initialization call is not identified with the exact original symbol."
0x004388B8,Savedata::ResortSave::GetAdventureItem,1,56,analysis/reagent/candidates/0x004388B8/attempt-1.cpp,RED,CHECKER_REJECTED,FAIL,"Return value width and CONCAT44 behavior are missing, so the reversed function does not fully match Ghidra."
0x00438A6C,Savedata::ResortSave::GetGimKindPowerID,1,56,analysis/reagent/candidates/0x00438A6C/attempt-1.cpp,RED,CHECKER_REJECTED,FAIL,The reversed code does not match the decompiled expression and return construction.
0x0043A120,Savedata::WeatherSave::GetWeather,1,56,analysis/reagent/candidates/0x0043A120/attempt-1.cpp,RED,CHECKER_REJECTED,FAIL,The reversed function does not match the Ghidra return expression or return width.
0x004A8A90,Savedata::FieldMenu::GetMenuIconID,1,64,analysis/reagent/candidates/0x004A8A90/attempt-1.cpp,RED,CHECKER_REJECTED,FAIL,"The control flow matches, but the return type and CONCAT44 semantics are not preserved exactly."
0x00438E80,Savedata::ResortSave::GetFarmPokemonBoxPos,1,68,analysis/reagent/candidates/0x00438E80/attempt-1.cpp,RED,CHECKER_REJECTED,FAIL,The reverse is not equivalent: it changes the return type/structure and adds a bounds check that does not exist in Ghidra.
0x004394E0,Savedata::ResortSave::GetAdventurePokemonBoxPos,1,68,analysis/reagent/candidates/0x004394E0/attempt-1.cpp,RED,CHECKER_REJECTED,FAIL,The reversed function does not match the ground truth return value or argument handling.
0x00439650,Savedata::ResortSave::GetFriendShipPokemonBoxPos,1,68,analysis/reagent/candidates/0x00439650/attempt-1.cpp,RED,CHECKER_REJECTED,FAIL,Return type and branch logic do not match the decompilation.
0x004A8B18,Savedata::FieldMenu::IsMenuPageEnable,1,68,analysis/reagent/candidates/0x004A8B18/attempt-1.cpp,RED,CHECKER_REJECTED,FAIL,Return type and data layout do not match the Ghidra logic.
0x0043F364,Savedata::JoinFestaDataSave::AddCoin,1,96,analysis/reagent/candidates/0x0043F364/attempt-1.cpp,RED,CHECKER_REJECTED,FAIL,"The coin increment logic is close, but the 0x550 update does not preserve the original short-cast semantics exactly."
0x004A6F2C,Savedata::MysteryGiftSave::GetGiftDataNum,1,60,analysis/reagent/candidates/0x004A6F2C/attempt-1.cpp,RED,CHECKER_REJECTED,FAIL,"The control flow matches, but the reversed code is not equivalent because `pMVar3` is scoped incorrectly and is not valid after the `if`/`else` block."
0x004A7B24,Savedata::Misc::CalcPenaltyMoney,1,92,analysis/reagent/candidates/0x004A7B24/attempt-1.cpp,RED,CHECKER_REJECTED,FAIL,"Logic matches, but the reversed code still uses raw `this` offsets instead of named members."
0x0043C2E4,Savedata::MysteryGiftSave::WriteBackClone,1,40,analysis/reagent/candidates/0x0043C2E4/attempt-1.cpp,RED,CHECKER_REJECTED,FAIL,"Core control flow matches, but the decompilation is not fully matched because the call target and struct offset are not represented faithfully."
0x00444F50,Savedata::FieldMenu::SetMenuPage,1,56,analysis/reagent/candidates/0x00444F50/attempt-1.cpp,RED,CHECKER_REJECTED,FAIL,"Logic matches, but the assert call is not matched exactly to the ground truth symbol."
0x004466D8,Savedata::ZukanData::SetZukanMode,1,72,analysis/reagent/candidates/0x004466D8/attempt-1.cpp,RED,CHECKER_REJECTED,FAIL,"Logic matches, but the assert call is not identified with the exact namespace from the decompilation."
0x00446814,Savedata::ZukanData::SetZukanOSVersion,1,72,analysis/reagent/candidates/0x00446814/attempt-1.cpp,RED,CHECKER_REJECTED,FAIL,"Logic matches, but the assert call is not fully matched to the ground truth symbol."
0x0043DD20,Savedata::QRReaderSaveData::UseBatteryOnQRScan,1,100,analysis/reagent/candidates/0x0043DD20/attempt-1.cpp,RED,CHECKER_REJECTED,FAIL,"The control flow matches, but the struct-field mappings are not verified against the decompile."
0x0043DCA8,Savedata::QRReaderSaveData::ActivateFieldScan,1,116,analysis/reagent/candidates/0x0043DCA8/attempt-1.cpp,RED,CHECKER_REJECTED,FAIL,"Constructor/object lifetime is misrepresented, so the reversed code does not match the Ghidra logic."
0x00442B54,Savedata::Record::Get,1,64,analysis/reagent/candidates/0x00442B54/attempt-1.cpp,RED,CHECKER_REJECTED,FAIL,Return value width and upper 32-bit behavior do not match Ghidra.
0x0043E6BC,Savedata::JoinFestaDataSave::SetFacilitiesBuy,1,96,analysis/reagent/candidates/0x0043E6BC/attempt-1.cpp,RED,CHECKER_REJECTED,FAIL,The pointer arithmetic in the store is not equivalent to the Ghidra byte-offset logic.
0x0043EB48,Savedata::JoinFestaDataSave::SetGlobalAttractionData,1,60,analysis/reagent/candidates/0x0043EB48/attempt-1.cpp,RED,CHECKER_REJECTED,FAIL,The reversed function misses the required return semantics and does not stop after the assert branch.
0x0015D324,ExtSavedata::BattleRecorderSaveData::LiveCupLoadData,1,108,analysis/reagent/candidates/0x0015D324/attempt-1.cpp,RED,CHECKER_REJECTED,FAIL,"The control flow matches, but the reversed code omits Ghidra-local state and does not mirror the decompiler exactly."
0x0043ECE8,Savedata::JoinFestaDataSave::FacilitiesFakeChangeStart,1,108,analysis/reagent/candidates/0x0043ECE8/attempt-1.cpp,RED,CHECKER_REJECTED,FAIL,"Logic matches, but one field write is not mapped to a named member and uses unsafe raw pointer arithmetic."
0x00471874,NetAppLib::JoinFesta::JoinFestaAttractionManager::IsKentarosuRideRockBreakerAllBreak,1,32,analysis/reagent/candidates/0x00471874/attempt-1.cpp,RED,CHECKER_REJECTED,FAIL,"Logic matches at a high level, but the reversed code does not properly map the `this[10]` access to a named member and keeps the decompiler’s raw indexing form."
0x0047077C,NetAppLib::JoinFesta::JoinFestaAttractionManager::JoinRequest,1,32,analysis/reagent/candidates/0x0047077C/attempt-1.cpp,RED,CHECKER_REJECTED,FAIL,"The call sequence matches except for the final singleton access, which is not represented with the same template-qualified call as in Ghidra."
0x004A3240,GameSys::GameManager::GetBufferClearSetting,1,88,analysis/reagent/candidates/0x004A3240/attempt-1.cpp,RED,CHECKER_REJECTED,FAIL,"The first five stores match, but the last two writes are mis-modeled and do not match Ghidra's byte-level layout."
0x003EF0C8,GameSys::GameManager::SetBufferClearSetting,1,80,analysis/reagent/candidates/0x003EF0C8/attempt-1.cpp,RED,CHECKER_REJECTED,FAIL,The last two stores do not match the raw Ghidra memory writes and likely mis-model the field sizes.
0x003CD018,NetApp::QR::QRDiaryFunc,1,32,analysis/reagent/candidates/0x003CD018/attempt-1.cpp,RED,CHECKER_REJECTED,FAIL,"The null-check flow matches, but the called function is not correctly identified."
0x00163A68,mw::qre::QREncoder::InitMemory,1,56,analysis/reagent/candidates/0x00163A68/attempt-1.cpp,RED,CHECKER_REJECTED,FAIL,"The control flow matches, but the global memory model and symbol typing do not match the Ghidra decompilation."
0x0049D330,Field::ZoneDataLoader::GetZoneNum,1,24,analysis/reagent/candidates/0x0049D330/attempt-1.cpp,RED,CHECKER_REJECTED,FAIL,Shift/addition precedence does not match the Ghidra expression.
0x00393258,Field::EventPokemonRideTool::GetPokemonRideOnID,1,36,analysis/reagent/candidates/0x00393258/attempt-1.cpp,RED,CHECKER_REJECTED,FAIL,"The control flow matches, but the return width and stack-local modeling do not match the Ghidra logic."
0x00381450,Field::FieldScript::FieldScriptSystem::ForceEnd,1,44,analysis/reagent/candidates/0x00381450/attempt-1.cpp,RED,CHECKER_REJECTED,FAIL,"The flag write matches, but the global-parameter lookup argument does not exactly preserve Ghidra’s double-dereference/cast sequence."
0x00392708,Field::EventGimmickEncount::Setup,1,20,analysis/reagent/candidates/0x00392708/attempt-1.cpp,RED,CHECKER_REJECTED,FAIL,"Logic is equivalent, but the write order does not match the Ghidra decompilation exactly."
0x00381014,Field::FieldScript::FieldScriptSystem::SetTerrainBlockControlPosition,1,36,analysis/reagent/candidates/0x00381014/attempt-1.cpp,RED,CHECKER_REJECTED,FAIL,The reversed function omits a required write at offset `this+0xA0` before copying the vector components.
0x00373CD4,Field::EventXMenu::EventXMenu,1,36,analysis/reagent/candidates/0x00373CD4/attempt-1.cpp,RED,CHECKER_REJECTED,FAIL,"Core assignments match, but the constructor call is not fully matched to the ground truth."
0x0039FB98,Field::MoveModel::FieldMoveCodeManager::GetMoveCodeWork,1,44,analysis/reagent/candidates/0x0039FB98/attempt-1.cpp,RED,CHECKER_REJECTED,FAIL,"Logic matches, but the reversed signature truncates the 64-bit return value."
0x003A60D0,Field::MoveModel::FieldActionCommandManager::GetActionCommandWork,1,44,analysis/reagent/candidates/0x003A60D0/attempt-1.cpp,RED,CHECKER_REJECTED,FAIL,Return type and 64-bit CONCAT44 construction do not match the decompiled logic.
0x0039FBE8,Field::MoveModel::FieldMoveCodeManager::GetMoveCodeWork,1,44,analysis/reagent/candidates/0x0039FBE8/attempt-1.cpp,RED,CHECKER_REJECTED,FAIL,"Logic matches, but the reversed signature has the wrong return type."
0x0049F9F4,Field::MoveModel::FieldMoveModelAreaCharaAccessor::GetDataNum,1,20,analysis/reagent/candidates/0x0049F9F4/attempt-1.cpp,RED,CHECKER_REJECTED,FAIL,"Logic matches, but the member layout does not: Ghidra reads `binLinkerAccessor` at `this + 4`, while the reversed class places it at offset 0."
0x0038063C,Field::FieldScript::FieldScriptSystem::SetBgPartsVisible,1,44,analysis/reagent/candidates/0x0038063C/attempt-1.cpp,RED,CHECKER_REJECTED,FAIL,"The visibility bit update matches, but the branch condition does not match the decompilation."
0x0037DF20,Field::FieldScript::FuncSetFieldInit::ConvRotationVector3ToYRadian,1,104,analysis/reagent/candidates/0x0037DF20/attempt-1.cpp,RED,CHECKER_REJECTED,FAIL,"The reverse matches the control flow, but the `acos` input is not equivalent to the Ghidra logic."
0x0049E594,Field::Encount::EncountWork::GetNowEncountProb,1,40,analysis/reagent/candidates/0x0049E594/attempt-1.cpp,RED,CHECKER_REJECTED,FAIL,"Logic matches, but the reversal still uses raw offsets instead of named members as required."
0x0039A410,Field::EventWork::DecMushiyokeCount,1,48,analysis/reagent/candidates/0x0039A410/attempt-1.cpp,RED,CHECKER_REJECTED,FAIL,"The control flow matches, but the field type/layout does not match the Ghidra access semantics."
0x0049D300,Field::PokemonSearch::DataAccessor::GetSymbolEncountDataID,1,48,analysis/reagent/candidates/0x0049D300/attempt-1.cpp,RED,CHECKER_REJECTED,FAIL,The reversed code does not preserve the null branch or the 64-bit return composition.
0x00399F38,Field::EventList::EventListDataManager::EventListDataManager,1,36,analysis/reagent/candidates/0x00399F38/attempt-1.cpp,RED,CHECKER_REJECTED,FAIL,"Constructor effects are present, but the assignment order and field-to-offset mapping do not match Ghidra."
0x0049EF80,Field::EventList::EventListDataManager::GetMainList,1,64,analysis/reagent/candidates/0x0049EF80/attempt-1.cpp,RED,CHECKER_REJECTED,FAIL,The reversed function matches the control flow but not the 64-bit return construction or zero-extension behavior.
0x00374820,Field::FieldSound::SetReverb,1,120,analysis/reagent/candidates/0x00374820/attempt-1.cpp,RED,CHECKER_REJECTED,FAIL,The reverse is functionally close but does not cover all Ghidra-local setup and does not map the field write to a named member.
0x00383560,Field::FieldScript::Work::GetChildGlobalParam,1,52,analysis/reagent/candidates/0x00383560/attempt-1.cpp,RED,CHECKER_REJECTED,FAIL,The reversed function does not match the 64-bit return value semantics or the CONCAT44 behavior in the Ghidra output.
0x003835CC,Field::FieldScript::Work::GetParentGlobalParam,1,52,analysis/reagent/candidates/0x003835CC/attempt-1.cpp,RED,CHECKER_REJECTED,FAIL,The reversed function matches the branch logic but not the 64-bit return value semantics.
0x0049E198,Field::World::GetZoneInfo,1,56,analysis/reagent/candidates/0x0049E198/attempt-1.cpp,RED,CHECKER_REJECTED,FAIL,The reverse misses the 64-bit return construction and does not match the exact pointer/arithmetic behavior.
0x0049F0F4,Field::EventWork::GetEventWorkAdrs,1,56,analysis/reagent/candidates/0x0049F0F4/attempt-1.cpp,RED,CHECKER_REJECTED,FAIL,The reversed code matches the branch condition but does not preserve the Ghidra control-flow and return-value construction exactly.
0x00399F9C,Field::EventWork::GetEventWork,1,60,analysis/reagent/candidates/0x00399F9C/attempt-1.cpp,RED,CHECKER_REJECTED,FAIL,Return type and return-value construction do not match the Ghidra logic.
0x003746F8,Field::FieldSound::ChangeFieldBGMByZoneChange,1,64,analysis/reagent/candidates/0x003746F8/attempt-1.cpp,RED,CHECKER_REJECTED,FAIL,Missing an extra GetPlayerForm call present in the Ghidra logic.
0x00394E88,Field::Event::EventPokeFinderForPlacement::Initialize,1,76,analysis/reagent/candidates/0x00394E88/attempt-1.cpp,RED,CHECKER_REJECTED,FAIL,"Most logic matches, but the second heap lookup uses the wrong argument source."
0x0039A3D8,Field::EventWork::GetEventWorkAdrs,1,56,analysis/reagent/candidates/0x0039A3D8/attempt-1.cpp,RED,CHECKER_REJECTED,FAIL,The reversed code omits the CONCAT44 return packing and the else-branch zeroing of param_1.
0x0039FDDC,Field::MoveModel::FieldMoveModelPlayer::IsInputStick,1,36,analysis/reagent/candidates/0x0039FDDC/attempt-1.cpp,RED,CHECKER_REJECTED,FAIL,"Core control flow matches, but the return type and the no-hit return expression do not match the decompilation."
0x003A1188,Field::MoveModel::FieldMoveModelPlayer::IsInputDashButton,1,36,analysis/reagent/candidates/0x003A1188/attempt-1.cpp,RED,CHECKER_REJECTED,FAIL,The reversed code misses the exact call/return semantics and does not match the 64-bit Ghidra behavior.
0x0039FDFC,Field::MoveModel::FieldMoveModelPlayer::IsRunEndState,1,44,analysis/reagent/candidates/0x0039FDFC/attempt-1.cpp,RED,CHECKER_REJECTED,FAIL,"The control flow matches, but the decompilation is not reproduced exactly."
0x0039FE48,Field::MoveModel::FieldMoveModelPlayer::IsRunLoopState,1,44,analysis/reagent/candidates/0x0039FE48/attempt-1.cpp,RED,CHECKER_REJECTED,FAIL,The reversed code does not match the call target or the struct-offset usage in the Ghidra output.
0x0039FE70,Field::MoveModel::FieldMoveModelPlayer::IsWalkEndState,1,44,analysis/reagent/candidates/0x0039FE70/attempt-1.cpp,RED,CHECKER_REJECTED,FAIL,"The logic is close, but it still uses raw offset arithmetic instead of fully named field access."
0x0039FE98,Field::MoveModel::FieldMoveModelPlayer::IsWalkLoopState,1,44,analysis/reagent/candidates/0x0039FE98/attempt-1.cpp,RED,CHECKER_REJECTED,FAIL,"The reversed code matches the high-level branch, but it does not exactly reproduce the Ghidra call form or explicit offset/cast details."
0x003A16C0,Field::MoveModel::FieldMoveModelPlayer::IsLockDirFromOutside,1,44,analysis/reagent/candidates/0x003A16C0/attempt-1.cpp,RED,CHECKER_REJECTED,FAIL,"The control flow matches, but the call target and pointer semantics do not exactly match the decompilation."
0x003A1C6C,Field::MoveModel::FieldMoveModelPlayer::IsEnbaleInputMoveCode,1,44,analysis/reagent/candidates/0x003A1C6C/attempt-1.cpp,RED,CHECKER_REJECTED,FAIL,"Logic matches, but the decompiled call target is not matched exactly."
0x003803D0,Field::FieldScript::FieldScriptSystem::SetMsgUpdateFunc,1,40,analysis/reagent/candidates/0x003803D0/attempt-1.cpp,RED,CHECKER_REJECTED,FAIL,"Logic matches at a high level, but the reversal does not use named members and misses the exact qualified assert call."
0x0049D5BC,Field::ZoneDataAccessor::GetGimmickID,1,52,analysis/reagent/candidates/0x0049D5BC/attempt-1.cpp,RED,CHECKER_REJECTED,FAIL,The reversed code does not match the 64-bit return construction used by Ghidra.
0x0049D660,Field::ZoneDataAccessor::GetIslandIndex,1,52,analysis/reagent/candidates/0x0049D660/attempt-1.cpp,RED,CHECKER_REJECTED,FAIL,"The return value construction is wrong: the decompilation concatenates two 32-bit halves into a 64-bit result, but the reversed code shifts by 8 bits and ORs instead."
0x0049D77C,Field::ZoneDataAccessor::GetPlaceLabelID,1,52,analysis/reagent/candidates/0x0049D77C/attempt-1.cpp,RED,CHECKER_REJECTED,FAIL,The reconstruction does not match the 64-bit return composition in Ghidra.
0x0049D858,Field::ZoneDataAccessor::GetMapChangeType,1,52,analysis/reagent/candidates/0x0049D858/attempt-1.cpp,RED,CHECKER_REJECTED,FAIL,The reverse code does not match the 64-bit CONCAT44 return and changes the final bit composition.
0x0049D9A4,Field::ZoneDataAccessor::GetWeatherEnvIndex,1,52,analysis/reagent/candidates/0x0049D9A4/attempt-1.cpp,RED,CHECKER_REJECTED,FAIL,Return expression and width do not match the Ghidra logic.
0x0049DA14,Field::ZoneDataAccessor::GetEnvironmentIndex,1,52,analysis/reagent/candidates/0x0049DA14/attempt-1.cpp,RED,CHECKER_REJECTED,FAIL,Return type and CONCAT44 packing are incorrect; the 64-bit value is assembled in the wrong order.
0x0049DA48,Field::ZoneDataAccessor::GetSubscreenMapType,1,52,analysis/reagent/candidates/0x0049DA48/attempt-1.cpp,RED,CHECKER_REJECTED,FAIL,Return width and concatenation semantics do not match the Ghidra logic.
0x0049DAF0,Field::ZoneDataAccessor::GetCameraDefaultIndex,1,52,analysis/reagent/candidates/0x0049DAF0/attempt-1.cpp,RED,CHECKER_REJECTED,FAIL,Return value composition and width do not match CONCAT44 in the Ghidra output.
0x0049DB24,Field::ZoneDataAccessor::GetTownmapBasisPosZone,1,52,analysis/reagent/candidates/0x0049DB24/attempt-1.cpp,RED,CHECKER_REJECTED,FAIL,Return value width and packing do not match the Ghidra CONCAT44 behavior.
0x0049DB58,Field::ZoneDataAccessor::GetAttributeBgNearPattern,1,52,analysis/reagent/candidates/0x0049DB58/attempt-1.cpp,RED,CHECKER_REJECTED,FAIL,Return type and CONCAT44 ordering do not match the Ghidra logic.
0x0049DC38,Field::ZoneDataAccessor::GetSubscreenBasisPositionZ,1,52,analysis/reagent/candidates/0x0049DC38/attempt-1.cpp,RED,CHECKER_REJECTED,FAIL,The reversed code does not preserve the 64-bit return construction or use of `param_2` from the Ghidra logic.
0x0049DCA8,Field::ZoneDataAccessor::GetCameraSupportDefaultIndex,1,52,analysis/reagent/candidates/0x0049DCA8/attempt-1.cpp,RED,CHECKER_REJECTED,FAIL,Return-value width and composition do not match the Ghidra CONCAT44 semantics.
0x0037EC8C,Field::FieldScript::ScriptTrialModel::Del,1,60,analysis/reagent/candidates/0x0037EC8C/attempt-1.cpp,RED,CHECKER_REJECTED,FAIL,"The reversed function misses the per-index struct layout and the required return value, so it does not match the decompilation."
0x0049D624,Field::ZoneDataAccessor::IsTownmapMode,1,60,analysis/reagent/candidates/0x0049D624/attempt-1.cpp,RED,CHECKER_REJECTED,FAIL,The reversed function does not match the returned value or parameter semantics from Ghidra.
0x0049D6D0,Field::ZoneDataAccessor::IsReverbEnable,1,60,analysis/reagent/candidates/0x0049D6D0/attempt-1.cpp,RED,CHECKER_REJECTED,FAIL,The reverse code does not match the 64-bit CONCAT44 return behavior and changes the expression semantics.
0x0049D70C,Field::ZoneDataAccessor::IsSkyboxEnable,1,60,analysis/reagent/candidates/0x0049D70C/attempt-1.cpp,RED,CHECKER_REJECTED,FAIL,"The reversed function changes both the return semantics and the final expression shape, so it does not match the Ghidra logic."
0x0049D92C,Field::ZoneDataAccessor::IsSubscreenSleep,1,60,analysis/reagent/candidates/0x0049D92C/attempt-1.cpp,RED,CHECKER_REJECTED,FAIL,Return expression does not match the Ghidra CONCAT44 result.
0x0049DA7C,Field::ZoneDataAccessor::IsPokeRideFlyEnable,1,60,analysis/reagent/candidates/0x0049DA7C/attempt-1.cpp,RED,CHECKER_REJECTED,FAIL,Returned expression and type do not match the Ghidra logic.
0x0049DB8C,Field::ZoneDataAccessor::IsMoveModelDrawNumControl,1,60,analysis/reagent/candidates/0x0049DB8C/attempt-1.cpp,RED,CHECKER_REJECTED,FAIL,Return type and return expression do not match the 64-bit Ghidra logic.
0x0049DBC8,Field::ZoneDataAccessor::IsSubscreenOutsideMapMode,1,60,analysis/reagent/candidates/0x0049DBC8/attempt-1.cpp,RED,CHECKER_REJECTED,FAIL,"The reversed function does not match the Ghidra logic for the branch condition, field access, and return expression."
0x0049DC6C,Field::ZoneDataAccessor::IsDispLowPriorityForTraffic,1,60,analysis/reagent/candidates/0x0049DC6C/attempt-1.cpp,RED,CHECKER_REJECTED,FAIL,"The reversed function does not match the Ghidra logic in signature, field layout, and return expression."
0x0015A760,BattleInst::BattleInstManager::GetModelData,1,28,analysis/reagent/candidates/0x0015A760/attempt-1.cpp,RED,CHECKER_REJECTED,FAIL,The reversed code uses the address of `this` instead of dereferencing the first `int` stored in the object.
0x00159E70,BattleInst::BattleInst::WordSetBinstTrainerTypeNameFromTrainerNo,1,40,analysis/reagent/candidates/0x00159E70/attempt-1.cpp,RED,CHECKER_REJECTED,FAIL,The first argument to `RegisterTrTypeName` does not preserve the Ghidra pointer/dereference chain.
0x0014C46C,BATTLE_SETUP_Init,1,44,analysis/reagent/candidates/0x0014C46C/attempt-1.cpp,RED,CHECKER_REJECTED,FAIL,"Semantically close, but it does not preserve Ghidra’s exact evaluation/order and omits the temporary load."
0x00158418,BattleInst::BattleInst::WaitModelLoad,1,32,analysis/reagent/candidates/0x00158418/attempt-1.cpp,RED,CHECKER_REJECTED,FAIL,The reversed function does not preserve the exact call expression from Ghidra and is syntactically incorrect.
0x00474B88,Regulation::GetBattleCategory,1,48,analysis/reagent/candidates/0x00474B88/attempt-1.cpp,RED,CHECKER_REJECTED,FAIL,Null-handling and return composition both diverge from the Ghidra logic.
0x00459D78,NetAppLib::UI::RegulationDrawInfo::GetBattleRuleMessageID,1,44,analysis/reagent/candidates/0x00459D78/attempt-1.cpp,RED,CHECKER_REJECTED,FAIL,"Logic matches, but the callee is misidentified as a free function instead of `Regulation::GetLevelRangeType`."
0x00474974,Regulation::GetBattleRule,1,48,analysis/reagent/candidates/0x00474974/attempt-1.cpp,RED,CHECKER_REJECTED,FAIL,Null-path behavior and return width do not match the Ghidra logic.
0x003CEF3C,NetApp::NBR::NBRNet::SendBattleStart,1,56,analysis/reagent/candidates/0x003CEF3C/attempt-1.cpp,RED,CHECKER_REJECTED,FAIL,"Logic matches, but the `this + 8` field access is not mapped to a named member as required."
0x00456FAC,NetAppLib::BattleVideoPlayer::VideoDataManager::InitSerialNoData,1,60,analysis/reagent/candidates/0x00456FAC/attempt-1.cpp,RED,CHECKER_REJECTED,FAIL,"Behavior matches, but the reversal still uses raw DAT offsets instead of named members and does not preserve the exact pointer-expression form from Ghidra."
0x00157AF8,BattleInst::BattleInst::SelectVsPokemonForComm,1,72,analysis/reagent/candidates/0x00157AF8/attempt-1.cpp,RED,CHECKER_REJECTED,FAIL,"The rule-selection logic is broken because the GetBattleRule return value is discarded, so the branch outcome is wrong."
0x004744D4,BattleInst::BattleInst::ConvertEntryPartyIndexToSelectPartyIndex,1,52,analysis/reagent/candidates/0x004744D4/attempt-1.cpp,RED,CHECKER_REJECTED,FAIL,Return value width and upper-dword behavior do not match the Ghidra logic.
0x0031ED28,BattleInst::BattleInst::SetCommVsTrainer,1,56,analysis/reagent/candidates/0x0031ED28/attempt-1.cpp,RED,CHECKER_REJECTED,FAIL,"The reversed code matches most offsets and calls, but it drops the Ghidra call-state variables that affect Deserialize_Full argument flow."
0x004939F0,BattleInst::BattleInst::GetCommVsTrainer,1,60,analysis/reagent/candidates/0x004939F0/attempt-1.cpp,RED,CHECKER_REJECTED,FAIL,The first assignment is incorrect and does not match the Ghidra logic.
0x0045688C,NetAppLib::BattleVideoPlayer::VideoDataManager::GetListData,1,64,analysis/reagent/candidates/0x0045688C/attempt-1.cpp,RED,CHECKER_REJECTED,FAIL,The reversed function is semantically close but does not preserve the decompiled offsets/symbol references exactly.
0x0045693C,NetAppLib::BattleVideoPlayer::VideoDataManager::GetDataDelFlg,1,76,analysis/reagent/candidates/0x0045693C/attempt-1.cpp,RED,CHECKER_REJECTED,FAIL,"The branch logic matches, but the return value semantics do not match Ghidra's 64-bit CONCAT44 result."
0x00154EE8,BATTLE_PARAM_SetBattleEffect,1,68,analysis/reagent/candidates/0x00154EE8/attempt-1.cpp,RED,CHECKER_REJECTED,FAIL,"Logic matches in broad strokes, but the load/store expression order does not match the Ghidra decompilation."
0x004578C0,NetAppLib::BattleVideoPlayer::VideoDataManager::StartUploadCancel,1,96,analysis/reagent/candidates/0x004578C0/attempt-1.cpp,RED,CHECKER_REJECTED,FAIL,"Core state writes match, but the reversed signature and return semantics do not match Ghidra."
0x00103B0C,std::__rw_exception::~__rw_exception,1,12,analysis/reagent/candidates/0x00103B0C/attempt-1.cpp,RED,CHECKER_REJECTED,FAIL,The reversed function omits the destructor call present in Ghidra and does not match the exact call sequence.
0x00103CA4,std::ctype<char>::~ctype,1,12,analysis/reagent/candidates/0x00103CA4/attempt-1.cpp,RED,CHECKER_REJECTED,FAIL,
0x002C7F5C,App::Box::BoxAppSetup::IsResourceLoaded,1,20,analysis/reagent/candidates/0x002C7F5C/attempt-1.cpp,RED,CHECKER_REJECTED,FAIL,"Logic matches, but the offset is still expressed as raw pointer arithmetic instead of a named member mapping."
0x004AB288,NetAppLib::JoinFesta::JoinFestaPersonalData::GetPersonalEventRecordID1,1,20,analysis/reagent/candidates/0x004AB288/attempt-1.cpp,RED,CHECKER_REJECTED,FAIL,The reversed code changes the data layout by treating 0x200 as a pointer to a nested object instead of a direct field at 0x200 and 0x204 in the same struct.
0x004AB29C,NetAppLib::JoinFesta::JoinFestaPersonalData::GetPersonalEventRecordID2,1,20,analysis/reagent/candidates/0x004AB29C/attempt-1.cpp,RED,CHECKER_REJECTED,FAIL,"Control flow matches, but the reversed code does not preserve the exact Ghidra offset semantics or type behavior."
0x004AB2B0,NetAppLib::JoinFesta::JoinFestaPersonalData::GetPersonalEventRecordID3,1,20,analysis/reagent/candidates/0x004AB2B0/attempt-1.cpp,RED,CHECKER_REJECTED,FAIL,The reversed code introduces an extra pointer indirection that is not present in the Ghidra logic.
0x004AB2E8,NetAppLib::JoinFesta::JoinFestaPersonalData::GetPersonalEventQuestionId,1,20,analysis/reagent/candidates/0x004AB2E8/attempt-1.cpp,RED,CHECKER_REJECTED,FAIL,The reversed code does not preserve the direct field access pattern from the decompilation.
0x004AB320,NetAppLib::JoinFesta::JoinFestaPersonalData::IsEnablePacketTradeRecieve,1,24,analysis/reagent/candidates/0x004AB320/attempt-1.cpp,RED,CHECKER_REJECTED,FAIL,"The boolean logic matches, but the reversed code does not reproduce the same Ghidra field access/offset expression."
0x004A5654,poke_3d::model::BaseModel::GetInterestType,1,32,analysis/reagent/candidates/0x004A5654/attempt-1.cpp,RED,CHECKER_REJECTED,FAIL,The reversed function is missing one dereference and uses the wrong final field offset.
0x0048CABC,App::Tool::SlideScroll::GetDragOffset,1,36,analysis/reagent/candidates/0x0048CABC/attempt-1.cpp,RED,CHECKER_REJECTED,FAIL,"Offsets and branches match, but the arithmetic type semantics do not exactly match Ghidra."
0x002C8490,App::Tool::ItemEffect::IsUpdateTiming,1,48,analysis/reagent/candidates/0x002C8490/attempt-1.cpp,RED,CHECKER_REJECTED,FAIL,"The offset logic matches, but the left-hand load width is wrong and does not match the Ghidra expression."
0x00103B4C,std::collate_byname<char>::~collate_byname,1,20,analysis/reagent/candidates/0x00103B4C/attempt-1.cpp,RED,CHECKER_REJECTED,FAIL,"Destructor call and member teardown match, but the return expression does not match Ghidra’s pointer-adjusted destructor result."
0x0045C0E8,NetAppLib::Util::NetAppEffectBG::~NetAppEffectBG,1,24,analysis/reagent/candidates/0x0045C0E8/attempt-1.cpp,RED,CHECKER_REJECTED,FAIL,"The destructor logic matches, but the reversed code does not preserve the exact callee identification from Ghidra."
0x003E4B80,System::EnvAccessor::EnvAccessor,1,28,analysis/reagent/candidates/0x003E4B80/attempt-1.cpp,RED,CHECKER_REJECTED,FAIL,"The struct initialization matches, but the nested object construction call and pointer arithmetic do not match the Ghidra logic exactly."
0x0030F4A4,app::util::Heap::~Heap,1,32,,RED,INVALID_BODY,,
0x00430A90,PokeTool::KawaigariParamCareCoreManager::~KawaigariParamCareCoreManager,1,32,analysis/reagent/candidates/0x00430A90/attempt-1.cpp,RED,CHECKER_REJECTED,FAIL,The reversed code collapses two distinct struct offsets into one `heapBlock` field and does not match the Ghidra condition/call operand layout.
0x00430CE4,PokeTool::KawaigariParamOptionCoreManager::~KawaigariParamOptionCoreManager,1,32,analysis/reagent/candidates/0x00430CE4/attempt-1.cpp,RED,CHECKER_REJECTED,FAIL,The reversed code frees the right value but checks the wrong struct offset for the null test.
0x002EE7B0,app::tool::CursorManager::~CursorManager,1,36,analysis/reagent/candidates/0x002EE7B0/attempt-1.cpp,RED,CHECKER_REJECTED,FAIL,"Logic matches, but the offset access is not byte-accurate and the function signature is not preserved."
0x003BF5A8,print::GetStringWidth,1,48,analysis/reagent/candidates/0x003BF5A8/attempt-1.cpp,RED,CHECKER_REJECTED,FAIL,"The 0x10 tag branch does not preserve the exact `fVar7` assignment order, and one call is not correctly identified."
0x002D82D8,App::Resort::ResortDataManager::ReleaseStop,1,20,analysis/reagent/candidates/0x002D82D8/attempt-1.cpp,RED,CHECKER_REJECTED,FAIL,The reversed code conflates two different struct offsets and does not match the original field accesses.
0x0046177C,NetAppLib::Message::TelopTagProcessor::Update,1,20,analysis/reagent/candidates/0x0046177C/attempt-1.cpp,RED,CHECKER_REJECTED,FAIL,The reversed code uses the wrong source offset for the addition.
0x004AAEC8,NetAppLib::JoinFesta::JoinFestaPersonalData::GetAttractionPokeType,1,20,analysis/reagent/candidates/0x004AAEC8/attempt-1.cpp,RED,CHECKER_REJECTED,FAIL,The reversed function does not match the Ghidra logic or signature.
0x005209AC,mwmofilterDeblockerFinalize,1,20,analysis/reagent/candidates/0x005209AC/attempt-1.cpp,RED,CHECKER_REJECTED,FAIL,The reversed code does not preserve the pointer dereference and evaluation order of the original logic.
0x002EC06C,NetAppLib::JoinFestaUI::JoinFestaPlayerListSelectLowerViewBase::SetActiveDecideButton,1,24,analysis/reagent/candidates/0x002EC06C/attempt-1.cpp,RED,CHECKER_REJECTED,FAIL,The loop bound and control flow do not match the Ghidra do-while logic.
0x002EC124,NetAppLib::JoinFestaUI::JoinFestaPlayerListSelectLowerViewBase::SetPassiveDecideButton,1,24,analysis/reagent/candidates/0x002EC124/attempt-1.cpp,RED,CHECKER_REJECTED,FAIL,The loop header is reconstructed incorrectly and the object field at `this+0x10` is misinterpreted as a list size instead of the container pointer.
0x0030CA14,app::util::AppDemoUtilityHelper::AppDemoUtilityHelper,1,24,analysis/reagent/candidates/0x0030CA14/attempt-1.cpp,RED,CHECKER_REJECTED,FAIL,"The constructor writes the same values, but the store order does not match Ghidra."
0x00358FDC,gfl2::math::Random::Initialize,1,24,analysis/reagent/candidates/0x00358FDC/attempt-1.cpp,RED,CHECKER_REJECTED,FAIL,"The second 8-iteration mixing loop does not start from the correct state, so the recovered logic diverges from the binary."
0x003E8550,System::Camera::CModelViewerInFrame::ResetCameraYawPitch,1,24,analysis/reagent/candidates/0x003E8550/attempt-1.cpp,RED,CHECKER_REJECTED,FAIL,"Behavior matches, but the reversed code does not preserve the exact Ghidra expression sequence."
0x0041498C,poke_3d::model::DressUpModelResourceManager::LoadDressUpDynamicAnimationAsync,1,24,analysis/reagent/candidates/0x0041498C/attempt-1.cpp,RED,CHECKER_REJECTED,FAIL,The reversed function omits one Ghidra assignment and does not match the decompiled control-flow exactly.
0x00520A94,mwmoimaadpcmDecoderFinalize,1,28,analysis/reagent/candidates/0x00520A94/attempt-1.cpp,RED,CHECKER_REJECTED,FAIL,The first store does not match Ghidra's dereference through a temporary pointer.
0x003DF5EC,NetLib::Error::NijiNetworkErrorManager::Clear,1,32,analysis/reagent/candidates/0x003DF5EC/attempt-1.cpp,RED,CHECKER_REJECTED,FAIL,The reversed function has an incorrect byte-offset sequence and does not match the Ghidra logic exactly.
0x00520D8C,mwmomobiclipDecoderFinalize,1,32,analysis/reagent/candidates/0x00520D8C/attempt-1.cpp,RED,CHECKER_REJECTED,FAIL,The reversed code does not match the pointer dereference semantics of the Ghidra output.
0x002CDF30,App::Tool::SlideScroll::InitUpdateWork,1,36,analysis/reagent/candidates/0x002CDF30/attempt-1.cpp,RED,CHECKER_REJECTED,FAIL,The reversed function omits one required zero-initialization and does not match the Ghidra store sequence.
0x00339414,gfl2::renderingengine::renderer::util::StretchBltFrameBufferPath::StretchBltFrameBufferPath,1,36,analysis/reagent/candidates/0x00339414/attempt-1.cpp,RED,CHECKER_REJECTED,FAIL,Constructor writes do not match the Ghidra offset/order pattern.
0x0041E894,trainer::TrainerTypeData::TrainerTypeData,1,36,analysis/reagent/candidates/0x0041E894/attempt-1.cpp,RED,CHECKER_REJECTED,FAIL,"The field initializations match, but the assignment order does not match Ghidra exactly."
0x0045B680,NetAppLib::Util::NetAppDateTime::NetAppDateTime,1,36,analysis/reagent/candidates/0x0045B680/attempt-1.cpp,RED,CHECKER_REJECTED,FAIL,The constructor initializes the wrong member layout and widths after offset 4.
0x003E5AE4,System::DeviceTurnWatcher::Initialize,1,40,analysis/reagent/candidates/0x003E5AE4/attempt-1.cpp,RED,CHECKER_REJECTED,FAIL,The reversed function swaps the offset semantics for `field_d` and `field_10` and omits a required write at offset 0x4.
0x004977E4,App::Box::BoxAppSetup::GetBinLinkReadBuff,1,40,analysis/reagent/candidates/0x004977E4/attempt-1.cpp,RED,CHECKER_REJECTED,FAIL,"Body logic matches, but the function signature is not an exact match to Ghidra."
0x003F3B58,GameSys::GameProc::GameProc,1,44,analysis/reagent/candidates/0x003F3B58/attempt-1.cpp,RED,CHECKER_REJECTED,FAIL,"The constructor initializes the right offsets, but the data flow between `DAT_003f3b84`, `this+0`, and `this+0x10` is reversed relative to Ghidra."
0x0040B2D8,gflnet2::util::Base64Utility::GetNeedEncodeBufferSize,1,48,analysis/reagent/candidates/0x0040B2D8/attempt-1.cpp,RED,CHECKER_REJECTED,FAIL,"The control flow matches, but the return value is reconstructed incorrectly and the reversed signature drops the 64-bit result."
0x002FAB8C,app::tool::AppCommonGrpIconData::AppCommonGrpIconData,1,20,analysis/reagent/candidates/0x002FAB8C/attempt-1.cpp,RED,CHECKER_REJECTED,FAIL,"The constructor logic is close, but it does not match the decompiled control/data flow exactly."
0x004254FC,NetEvent::JoinFestaCloseEvent::StartEvent,1,20,analysis/reagent/candidates/0x004254FC/attempt-1.cpp,RED,CHECKER_REJECTED,FAIL,The reversed function is semantically close but does not match the exact Ghidra call target.
0x0045B0A4,NetAppLib::UI::NetAppCommonMessageWindowManipulator::NetAppCommonMessageWindowManipulator,1,20,analysis/reagent/candidates/0x0045B0A4/attempt-1.cpp,RED,CHECKER_REJECTED,FAIL,"The base-constructor return value is not preserved, so the write target does not exactly match the Ghidra logic."
0x002D2270,App::Tool::CommonMessageWindowView::Update,1,24,analysis/reagent/candidates/0x002D2270/attempt-1.cpp,RED,CHECKER_REJECTED,FAIL,"The control flow is close, but the code does not faithfully model the decompiled byte offsets and object access patterns."
0x0042E0A0,PokeTool::NatsukiManager::Calc,1,24,analysis/reagent/candidates/0x0042E0A0/attempt-1.cpp,RED,CHECKER_REJECTED,FAIL,"Logic matches, but the pointer cast from the decompilation is missing in the reversed call."
0x0046AA98,NetAppLib::JoinFesta::JoinFestaAttractionManager::FinishRequest,1,24,analysis/reagent/candidates/0x0046AA98/attempt-1.cpp,RED,CHECKER_REJECTED,FAIL,"The state writes match, but the singleton call is not matched exactly to the Ghidra callee."
0x002D23A8,App::Tool::CommonMessageWindowManipulator::SetFinishMode_UserInput,1,32,analysis/reagent/candidates/0x002D23A8/attempt-1.cpp,RED,CHECKER_REJECTED,FAIL,The reversed call does not preserve the original pointer dereference chain and offset grouping.
0x003051C0,app::tool::PokeIcon::GetResourceIndex,1,32,analysis/reagent/candidates/0x003051C0/attempt-1.cpp,RED,CHECKER_REJECTED,FAIL,Second argument to `FUN_00305094` does not match the Ghidra expression exactly.
0x0040D4A0,poke_3d::model::BaseCamera::ChangeAnimationLocalByResourceNode,1,32,analysis/reagent/candidates/0x0040D4A0/attempt-1.cpp,RED,CHECKER_REJECTED,FAIL,"The call matches, but the reversed code collapses four distinct Ghidra writes into three member assignments and does not account for the separate byte at `this[0x69]`."
0x0040D4C0,poke_3d::model::BaseCamera::ChangeAnimationGlobalByResourceNode,1,32,analysis/reagent/candidates/0x0040D4C0/attempt-1.cpp,RED,CHECKER_REJECTED,FAIL,"The function is close, but it misses one byte write and does not preserve the Ghidra assignment order."
0x002EB8F4,app::tool::FingerCursor::IsEndPushAnime,1,36,analysis/reagent/candidates/0x002EB8F4/attempt-1.cpp,RED,CHECKER_REJECTED,FAIL,"Logic matches, but the reverse still uses a raw offset instead of a named member and does not fully satisfy the struct-mapping requirement."
0x00430B5C,PokeTool::KawaigariParamOptionCoreManager::Finalize,1,36,analysis/reagent/candidates/0x00430B5C/attempt-1.cpp,RED,CHECKER_REJECTED,FAIL,"Body matches, but the reversed function omits the required return value and return type mismatch remains."
0x004490B0,NetAppLib::JoinFestaUI::JoinFestaAttractionData::JoinFestaAttractionData,1,36,analysis/reagent/candidates/0x004490B0/attempt-1.cpp,RED,CHECKER_REJECTED,FAIL,The reversed function omits one required assignment and does not fully match the decompiled write sequence.
0x003F3C4C,GameSys::TimeZone::ConvertHourToTimeZone,1,48,analysis/reagent/candidates/0x003F3C4C/attempt-1.cpp,RED,CHECKER_REJECTED,FAIL,The reversed code preserves the bounds check but does not match the 64-bit return expression in Ghidra.
0x00468F0C,NetAppLib::JoinFesta::JoinFestaPersonalData::Copy,1,48,analysis/reagent/candidates/0x00468F0C/attempt-1.cpp,RED,CHECKER_REJECTED,FAIL,"Semantically close, but the source does not preserve Ghidra's load/store ordering exactly."
0x0046B804,NetAppLib::JoinFesta::JoinFestaPersonalEvent::GetRecordCategoryNum,1,48,analysis/reagent/candidates/0x0046B804/attempt-1.cpp,RED,CHECKER_REJECTED,FAIL,The reversed function does not match the 64-bit return value or the boundary condition in the Ghidra logic.
0x0046D73C,NetAppLib::JoinFesta::JoinFestaAttractionUtil::GetAnswerMaxFromQuestionnaireId,1,48,analysis/reagent/candidates/0x0046D73C/attempt-1.cpp,RED,CHECKER_REJECTED,FAIL,"Branch matches, but the return type and returned expression do not match the 64-bit CONCAT44 behavior in Ghidra."
0x0046FA64,NetAppLib::JoinFesta::JoinFestaFacilitiesUtil::GetTrTypeFromCharacterId,1,48,analysis/reagent/candidates/0x0046FA64/attempt-1.cpp,RED,CHECKER_REJECTED,FAIL,"The branch matches, but the returned 64-bit CONCAT44 value and expression structure are not preserved."
0x0046FA98,NetAppLib::JoinFesta::JoinFestaFacilitiesUtil::GetCharaSexFromCharacterId,1,48,analysis/reagent/candidates/0x0046FA98/attempt-1.cpp,RED,CHECKER_REJECTED,FAIL,"The branch logic matches, but the return value and type do not match the Ghidra output."
0x0046FACC,NetAppLib::JoinFesta::JoinFestaFacilitiesUtil::GetCharaModelIdFromCharacterId,1,48,analysis/reagent/candidates/0x0046FACC/attempt-1.cpp,RED,CHECKER_REJECTED,FAIL,The branch logic and return construction do not match the Ghidra output.
0x0041882C,poke_3d::renderer::BloomRenderPath::SetDrawEnvNode,1,20,analysis/reagent/candidates/0x0041882C/attempt-1.cpp,RED,CHECKER_REJECTED,FAIL,"The reversed code preserves the top-level branch, but it does not match the ground truth write into the render engine object at offset `+0x34` and incorrectly models that write as a method call."
0x0030F5B4,app::tool::FingerCursor::SetPos,1,32,analysis/reagent/candidates/0x0030F5B4/attempt-1.cpp,RED,CHECKER_REJECTED,FAIL,"Logic matches, but the reversed code still uses raw offsets instead of named members required by the verification standard."
0x003BEC88,App::Tool::MessageMenuView::SetMessageAutoFlg,1,32,analysis/reagent/candidates/0x003BEC88/attempt-1.cpp,RED,CHECKER_REJECTED,FAIL,The reversed function is syntactically broken and does not match the Ghidra write target or cast chain.
0x00471660,NetAppLib::JoinFesta::JoinFestaAttractionManager::GetTimeLimitFrame,1,32,analysis/reagent/candidates/0x00471660/attempt-1.cpp,RED,CHECKER_REJECTED,FAIL,"The logic matches, but the reversed class layout does not prove the required 0x2c field access."
0x00302408,std::ctype<char>::~ctype,1,36,analysis/reagent/candidates/0x00302408/attempt-1.cpp,RED,CHECKER_REJECTED,FAIL,The reversed function matches the destructor body but omits the required `return this;` statement.
0x00310E08,app::util::G2DUtil::CreateAppLytAccessor,1,36,analysis/reagent/candidates/0x00310E08/attempt-1.cpp,RED,CHECKER_REJECTED,FAIL,"The null-allocation path is wrong: the Ghidra logic always writes `this->0x3c`, using 0 when allocation fails."
0x0035F0EC,gfl2::thread::Event::Initialize,1,36,analysis/reagent/candidates/0x0035F0EC/attempt-1.cpp,RED,CHECKER_REJECTED,FAIL,The reversed code misses the mandatory null-default assignment and does not match the exact first argument passed to `operator_new`.
0x004687C8,NetAppLib::JoinFesta::JoinFestaPersonalData::SetTradeRequestTargetUser,1,40,analysis/reagent/candidates/0x004687C8/attempt-1.cpp,RED,CHECKER_REJECTED,FAIL,The reverse misses the function return and does not faithfully reproduce the final two stores.
0x0035AC54,gfl2::proc::Manager::Manager,1,44,analysis/reagent/candidates/0x0035AC54/attempt-1.cpp,RED,CHECKER_REJECTED,FAIL,"Logic matches the decompilation, but the reverse does not satisfy the required named-member mapping for struct offsets."
0x004185D4,poke_3d::model::BaseModel::SetScale,1,44,analysis/reagent/candidates/0x004185D4/attempt-1.cpp,RED,CHECKER_REJECTED,FAIL,"Logic matches, but the reconstructed signature and first assignment are not exact Ghidra-level matches."
0x0045B64C,NetAppLib::Util::NetAppDateTime::NetAppDateTime,1,48,analysis/reagent/candidates/0x0045B64C/attempt-1.cpp,RED,CHECKER_REJECTED,FAIL,"Core stores match, but the reversed code does not preserve the Ghidra temp/load sequence exactly."
0x0045A888,NetAppLib::UI::NetAppPokePartyUtility::NetAppPokePartyUtility,1,28,analysis/reagent/candidates/0x0045A888/attempt-1.cpp,RED,CHECKER_REJECTED,FAIL,The reversed code misses the returned-pointer writes and inverts the global assignment semantics.
0x002F1EF8,app::tool::CharaSimpleModel::SetVisible,1,36,analysis/reagent/candidates/0x002F1EF8/attempt-1.cpp,RED,CHECKER_REJECTED,FAIL,"The call and branch match, but the final assignment does not match Ghidra's byte copy semantics."
0x0040D4E0,poke_3d::model::BaseCamera::ChangeAnimationLocalSmoothByResourceNode,1,40,analysis/reagent/candidates/0x0040D4E0/attempt-1.cpp,RED,CHECKER_REJECTED,FAIL,"The reversed function has the same operations but in a different execution order than Ghidra, so it does not match the binary logic exactly."
0x00434E90,PokeTool::PokeModel::IsAvailableAnimation,1,40,analysis/reagent/candidates/0x00434E90/attempt-1.cpp,RED,CHECKER_REJECTED,FAIL,"Logic is close, but the table access and return form are not an exact match to the Ghidra output."
0x00434EB8,PokeTool::PokeModel::IsAvailableAnimation,1,40,analysis/reagent/candidates/0x00434EB8/attempt-1.cpp,RED,CHECKER_REJECTED,FAIL,"Logic matches closely, but the reconstructed signature/return type is not faithful to the decompilation."
0x00493EB4,pml::PokeParty::GetMemberPointerConst,1,40,analysis/reagent/candidates/0x00493EB4/attempt-1.cpp,RED,CHECKER_REJECTED,FAIL,"The control flow matches, but the function signature and call target are not faithful to the ground truth."
0x004A6628,trainer::TrainerTypeData::GetEyeBGM,1,40,analysis/reagent/candidates/0x004A6628/attempt-1.cpp,RED,CHECKER_REJECTED,FAIL,Missing the unconditional default assignment before the branch.
0x00452AA8,NetAppLib::JoinFestaUI::JoinFestaAttractionSelectLowerView::SetEntryList,1,44,analysis/reagent/candidates/0x00452AA8/attempt-1.cpp,RED,CHECKER_REJECTED,FAIL,"The control flow matches, but the pointer arithmetic is not byte-accurate and the struct offsets are not represented as named members."
0x0033820C,gfl2::renderingengine::renderer::util::MakeBlurImagePath::ChangeDofType,1,48,analysis/reagent/candidates/0x0033820C/attempt-1.cpp,RED,CHECKER_REJECTED,FAIL,"The reversed code does not match the branch condition, return value construction, or stored field value from Ghidra."
0x0033823C,gfl2::renderingengine::renderer::util::MakeBlurImagePath::SetAvailableLayerNum,1,48,analysis/reagent/candidates/0x0033823C/attempt-1.cpp,RED,CHECKER_REJECTED,FAIL,The reversed code does not match the ground truth store semantics or return value.
0x003572E4,gfl2::Fade::FadeManager::GetFade,1,48,analysis/reagent/candidates/0x003572E4/attempt-1.cpp,RED,CHECKER_REJECTED,FAIL,"The reversed function does not match the return type, return value construction, or indexed load behavior in Ghidra."
0x003C032C,print::SystemFont_SetLoadNumFont,1,48,analysis/reagent/candidates/0x003C032C/attempt-1.cpp,RED,CHECKER_REJECTED,FAIL,Constructor and allocation flow do not match the Ghidra logic.
0x00498930,gfl2::ui::DeviceManager::GetCrossKey,1,48,analysis/reagent/candidates/0x00498930/attempt-1.cpp,RED,CHECKER_REJECTED,FAIL,The reversed code matches the table lookup but misses the 64-bit return construction and the else-path assignment to the high 32 bits.
0x004989E4,gfl2::ui::DeviceManager::GetStick,1,48,analysis/reagent/candidates/0x004989E4/attempt-1.cpp,RED,CHECKER_REJECTED,FAIL,The reversed code matches the load/branch logic but drops the 64-bit return value construction.
0x0045B5F8,NetAppLib::Util::NetAppDateTime::GetTime,1,72,analysis/reagent/candidates/0x0045B5F8/attempt-1.cpp,RED,CHECKER_REJECTED,FAIL,"Expression order matches, but the `ushort` load uses incorrect pointer arithmetic for the Ghidra byte offset."
0x002E6B00,app::ui::UIResponder::SetInputEnabled,1,16,analysis/reagent/candidates/0x002E6B00/attempt-1.cpp,RED,CHECKER_REJECTED,FAIL,"The store matches the offset, but the indirect call does not match the Ghidra call expression."
0x001049C8,gfl2::ui::DeviceManager::GetButton,1,48,analysis/reagent/candidates/0x001049C8/attempt-1.cpp,RED,CHECKER_REJECTED,FAIL,"The reversed function matches the branch condition and offset, but it omits the 64-bit return composition and the else-branch high dword handling."
0x004AB370,NetAppLib::JoinFesta::JoinFestaPersonalData::GetAttractionSingleWordMessage,1,48,analysis/reagent/candidates/0x004AB370/attempt-1.cpp,RED,CHECKER_REJECTED,FAIL,The reversed code adds an explicit `return 0;` path that is not present in the Ghidra decompilation.
0x002D4634,App::Event::ShopBuyEvent::PreDrawFunc,1,24,analysis/reagent/candidates/0x002D4634/attempt-1.cpp,RED,CHECKER_REJECTED,FAIL,The reversed function collapses two distinct Ghidra offsets into one field and does not match the original branch condition.
0x00459518,NetAppLib::UI::NetAppCursorView::CursorMoveToIndex,1,24,analysis/reagent/candidates/0x00459518/attempt-1.cpp,RED,CHECKER_REJECTED,FAIL,"Logic matches at a high level, but the reversed code does not prove the exact member-offset mapping required by the Ghidra output."
0x0048E19C,app::tool::CursorController::Cleanup,1,24,analysis/reagent/candidates/0x0048E19C/attempt-1.cpp,RED,CHECKER_REJECTED,FAIL,"Logic matches, but the call target is not explicitly matched to `MenuCursor::DeleteLayoutWork` as in Ghidra."
0x0048D444,app::ui::UIView::IsDrawing,1,28,analysis/reagent/candidates/0x0048D444/attempt-1.cpp,RED,CHECKER_REJECTED,FAIL,"Logic matches, but the reversed code does not exactly match the decompiled call identity and return type."
0x004AA58C,NetAppLib::UI::NetAppMenuCursor::CanDestroy,1,28,analysis/reagent/candidates/0x004AA58C/attempt-1.cpp,RED,CHECKER_REJECTED,FAIL,"Logic matches, but the member offset does not match the decompilation."
0x0048D354,app::ui::UIResponder::IsButtonAnimation,1,32,analysis/reagent/candidates/0x0048D354/attempt-1.cpp,RED,CHECKER_REJECTED,FAIL,"Logic matches, but the button_manager member is not mapped to the required this+0x10 offset."
0x002F1184,app::tool::PokeSimpleModel::UpdateMegaGangarEffectState,1,36,analysis/reagent/candidates/0x002F1184/attempt-1.cpp,RED,CHECKER_REJECTED,FAIL,"The conditional matches, but the call target and arguments do not match the decompiled logic."
0x002F1120,app::tool::PokeSimpleModel::SetAnimeType,1,44,analysis/reagent/candidates/0x002F1120/attempt-1.cpp,RED,CHECKER_REJECTED,FAIL,"Logic matches, but the function call is not represented exactly as in Ghidra."
0x0030FF6C,app::util::G2DUtil::CreateMsgCursor,1,44,analysis/reagent/candidates/0x0030FF6C/attempt-1.cpp,RED,CHECKER_REJECTED,FAIL,The allocation expression and operand types do not match the Ghidra logic exactly.
0x00354ED4,gfl2::str::StrWin::SetFinishMode,1,44,analysis/reagent/candidates/0x00354ED4/attempt-1.cpp,RED,CHECKER_REJECTED,FAIL,"The control flow matches, but the assert call is not matched exactly and the explicit post-assert return is omitted."
0x00311F6C,app::util::ScrollBar::ChangeParam,1,48,analysis/reagent/candidates/0x00311F6C/attempt-1.cpp,RED,CHECKER_REJECTED,FAIL,"Branching and markSize store match, but the SetMarkSize receiver argument is not reconstructed correctly."
0x003ADE7C,Sound::GetStreamSoundSampleRate,1,48,analysis/reagent/candidates/0x003ADE7C/attempt-1.cpp,RED,CHECKER_REJECTED,FAIL,"The stream sample rate lookup is missing one dereference, so the call argument does not match Ghidra."
0x003AE174,Sound::GetStreamSoundPlaySamplePosition,1,48,analysis/reagent/candidates/0x003AE174/attempt-1.cpp,RED,CHECKER_REJECTED,FAIL,The reversed code does not match the decompiled call setup for `FUN_003ab2dc`.
0x003AEAF4,Sound::IsBGMFade,1,48,analysis/reagent/candidates/0x003AEAF4/attempt-1.cpp,RED,CHECKER_REJECTED,FAIL,"The control flow matches, but the reversed source does not exactly preserve the original calls and return semantics."
0x0045506C,NetAppLib::JoinFestaUI::JoinFestaPlayerListSelectLowerViewBase::CallBack_CursorMove,1,48,analysis/reagent/candidates/0x0045506C/attempt-1.cpp,RED,CHECKER_REJECTED,FAIL,"The control flow is mostly equivalent, but the decompilation is not matched exactly and one call signature is wrong."
0x00471AB0,NetAppLib::JoinFesta::JoinFestaAttractionManager::AddScore,1,48,analysis/reagent/candidates/0x00471AB0/attempt-1.cpp,RED,CHECKER_REJECTED,FAIL,"Logic matches, but the final callee is not identified with the correct singleton accessor type."
0x004A40E0,poke_3d::model::BaseCamera::IsAnimationLastFrame,1,32,analysis/reagent/candidates/0x004A40E0/attempt-1.cpp,RED,CHECKER_REJECTED,FAIL,The reversed code matches the high-level condition but does not faithfully preserve the decompiled access pattern or typed structure layout.
0x00465DD0,NetAppLib::JoinFesta::JoinFestaPacketUtil::IsValidFriendKey,1,36,analysis/reagent/candidates/0x00465DD0/attempt-1.cpp,RED,CHECKER_REJECTED,FAIL,"Logic matches, but the reversed code does not preserve the Ghidra return-variable flow and exact control expression structure."
0x004AB434,NetAppLib::JoinFesta::JoinFestaPersonalData::IsEnable,1,36,analysis/reagent/candidates/0x004AB434/attempt-1.cpp,RED,CHECKER_REJECTED,FAIL,"Logic matches, but the reversed code does not preserve the exact return/value flow and expression structure from Ghidra."
0x00328A70,gfl2::renderingengine::scenegraph::instance::CullingObjectNode::SetWorldTransformDirty,1,40,analysis/reagent/candidates/0x00328A70/attempt-1.cpp,RED,CHECKER_REJECTED,FAIL,The `0xAC` value is mishandled: the Ghidra variable lifetime and conditional flow are not preserved.
0x0052131C,mwmomoflexDemuxerGetContentPosition,1,40,analysis/reagent/candidates/0x0052131C/attempt-1.cpp,RED,CHECKER_REJECTED,FAIL,"Logic matches, but the call result is mis-typed as 32-bit and may truncate the 64-bit value stored to `param_2`."
0x003EE458,hangul::IsHangul,1,44,analysis/reagent/candidates/0x003EE458/attempt-1.cpp,RED,CHECKER_REJECTED,FAIL,"Logic matches, but the recovered signature and return type do not exactly match the Ghidra output."
0x002C91C8,App::Tool::MapManager::ResetMapData,1,24,analysis/reagent/candidates/0x002C91C8/attempt-1.cpp,RED,CHECKER_REJECTED,FAIL,The reversed function is incomplete and has an incorrect address calculation in the inner bounds check.
0x0042E084,PokeTool::NatsukiManager::CalcWhenResortHotSpa,1,28,analysis/reagent/candidates/0x0042E084/attempt-1.cpp,RED,CHECKER_REJECTED,FAIL,"The reversed code does not match the decompilation’s parameter widths or local-variable construction, and it introduces spurious expressions not present in Ghidra."
0x0031EF08,pml::PokeParty::GetMemberPointer,1,40,analysis/reagent/candidates/0x0031EF08/attempt-1.cpp,RED,CHECKER_REJECTED,FAIL,"Signature, bounds check, and return expression do not match the Ghidra logic."
0x004928E0,PokeTool::nakayoshi::GetFriendship,1,40,analysis/reagent/candidates/0x004928E0/attempt-1.cpp,RED,CHECKER_REJECTED,FAIL,"Logic matches, but the reversed snippet is not a literal match to the Ghidra decompilation because it omits the `extraout_r1` local declaration."
0x002C7D54,App::Box::BoxAppSetup::BinLinkClose,1,44,analysis/reagent/candidates/0x002C7D54/attempt-1.cpp,RED,CHECKER_REJECTED,FAIL,"Logic matches, but the reversed snippet omits the decompiler-local `extraout_r1` declaration that is part of the ground truth."
0x00474534,Regulation::GetVersion,1,48,analysis/reagent/candidates/0x00474534/attempt-1.cpp,RED,CHECKER_REJECTED,FAIL,The reversed function does not match the 64-bit return path or the null-branch behavior in Ghidra.
0x00474B28,Regulation::GetTimeLimitType,1,48,analysis/reagent/candidates/0x00474B28/attempt-1.cpp,RED,CHECKER_REJECTED,FAIL,The reverse does not match the 64-bit return semantics or the exact byte-offset access pattern in Ghidra.
0x00474B58,Regulation::GetBackGroundType,1,48,analysis/reagent/candidates/0x00474B58/attempt-1.cpp,RED,CHECKER_REJECTED,FAIL,Return type and concatenation logic do not match the Ghidra function.
0x00474BB8,Regulation::GetLevelRangeType,1,48,analysis/reagent/candidates/0x00474BB8/attempt-1.cpp,RED,CHECKER_REJECTED,FAIL,"The reversed function does not match the control flow, offsets, or return construction in the decompilation."
0x00474CBC,Regulation::GetSerializeDataSize,1,48,analysis/reagent/candidates/0x00474CBC/attempt-1.cpp,RED,CHECKER_REJECTED,FAIL,Return type and 64-bit concatenation semantics do not match the Ghidra function.
0x0048EE48,app::util::G2DUtil::GetPaneVisible,1,48,analysis/reagent/candidates/0x0048EE48/attempt-1.cpp,RED,CHECKER_REJECTED,FAIL,The reversed code does not match the byte-load visibility test or the 64-bit return construction in Ghidra.
0x0049A8B8,gfl2::str::StrBuf::GetSize,1,48,analysis/reagent/candidates/0x0049A8B8/attempt-1.cpp,RED,CHECKER_REJECTED,FAIL,"The branch matches, but the struct layout and return expression do not match Ghidra."
0x002F8FDC,app::tool::CommonMessageObject::CommonMessageObject,1,64,analysis/reagent/candidates/0x002F8FDC/attempt-1.cpp,RED,CHECKER_REJECTED,FAIL,The reverse does not match the constructor’s assignment order and misinitializes `field_10`.
0x0042DD2C,PokeTool::RemaindSkill::RemaindSkill,1,64,analysis/reagent/candidates/0x0042DD2C/attempt-1.cpp,RED,CHECKER_REJECTED,FAIL,"The reconstructed constructor matches the control flow, but the class layout is incomplete and the 0x208 store is not represented by a named member."
0x003FA720,gflnet2::nex::NexRankingClient::NexRankingClient,1,76,analysis/reagent/candidates/0x003FA720/attempt-1.cpp,RED,CHECKER_REJECTED,FAIL,The reverse is missing one constructor write and does not match the exact offset sequence from Ghidra.
0x002CDF78,App::Tool::SlideScroll::SlideScroll,1,80,analysis/reagent/candidates/0x002CDF78/attempt-1.cpp,RED,CHECKER_REJECTED,FAIL,"Matches overall logic, but the first two statements are in the wrong order versus Ghidra."
0x00448A0C,NetAppLib::JoinFestaUI::JoinFestaPlayerData::operator=,1,80,analysis/reagent/candidates/0x00448A0C/attempt-1.cpp,RED,CHECKER_REJECTED,FAIL,"The copy logic is close, but the tail-byte assignments and offset addressing are not faithfully represented."
0x0041AEEC,poke_3d::renderer::BloomRenderPath::BloomRenderPath,1,84,analysis/reagent/candidates/0x0041AEEC/attempt-1.cpp,RED,CHECKER_REJECTED,FAIL,Multiple member initializations do not match the Ghidra constructor logic.
0x002D26EC,App::Tool::CommonMessageWindowManipulator::CommonMessageWindowManipulator,1,104,analysis/reagent/candidates/0x002D26EC/attempt-1.cpp,RED,CHECKER_REJECTED,FAIL,"Core initialization matches, but the tail members are not represented with the same scalar/byte semantics as the Ghidra writes."
0x00460E08,NetAppLib::System::ApplicationSystemBase::ApplicationSystemBase,1,112,analysis/reagent/candidates/0x00460E08/attempt-1.cpp,RED,CHECKER_REJECTED,FAIL,"The constructor changes `DAT_00460e78` before copying it into `this->field_0x0`, so the first field is initialized incorrectly."
0x003F9C48,gflnet2::nex::NexRankingClient::CancelConnecting,1,48,analysis/reagent/candidates/0x003F9C48/attempt-1.cpp,RED,CHECKER_REJECTED,FAIL,The reversed function does not preserve the ground-truth return value and has an invalid `this` reassignment pattern.
0x003FB054,gflnet2::nex::NexDataStoreClient::CancelConnecting,1,48,analysis/reagent/candidates/0x003FB054/attempt-1.cpp,RED,CHECKER_REJECTED,FAIL,"The control flow is close, but the pointer/offset handling is not faithfully reconstructed."
0x003FD048,gflnet2::nex::NexMatchMakingClient::CancelConnecting,1,48,analysis/reagent/candidates/0x003FD048/attempt-1.cpp,RED,CHECKER_REJECTED,FAIL,The reversed function does not preserve the ground truth return behavior.
0x002E7394,app::ui::UIView::UpdateTree,1,20,analysis/reagent/candidates/0x002E7394/attempt-1.cpp,RED,CHECKER_REJECTED,FAIL,The write and virtual call do not match the ground truth offsets.
0x0030F280,app::util::Heap::Create,1,28,analysis/reagent/candidates/0x0030F280/attempt-1.cpp,RED,CHECKER_REJECTED,FAIL,"The assignments match in order, but the pointer arithmetic is not byte-based and does not faithfully represent the Ghidra memory writes."
0x003F467C,GameSys::GameEvent::GameEvent,1,36,analysis/reagent/candidates/0x003F467C/attempt-1.cpp,RED,CHECKER_REJECTED,FAIL,"All stores are present, but the assignment order does not exactly match Ghidra."
0x0015ED7C,PokeRegulation::SetRegulation,1,40,analysis/reagent/candidates/0x0015ED7C/attempt-1.cpp,RED,CHECKER_REJECTED,FAIL,"The control flow matches, but the assertion call is not matched exactly and the offset is still raw pointer arithmetic."
0x002D464C,App::Event::ShopBuyEvent::SetupParamForFC,1,48,analysis/reagent/candidates/0x002D464C/attempt-1.cpp,RED,CHECKER_REJECTED,FAIL,The reversed function stores the right values but maps them to the wrong struct offsets.
0x003ADAAC,Sound::SetListenerVelocity,1,48,analysis/reagent/candidates/0x003ADAAC/attempt-1.cpp,RED,CHECKER_REJECTED,FAIL,The wrapper call and argument passing do not match the Ghidra logic.
0x002E9098,app::tool::PokeIcon::CopyTextureBuffer,1,56,analysis/reagent/candidates/0x002E9098/attempt-1.cpp,RED,CHECKER_REJECTED,FAIL,"Logic matches, but the reconstructed function is missing the explicit post-assert return present in the Ghidra decompilation."
0x0031E5BC,pml::wazadata::GetMaxPP,1,60,analysis/reagent/candidates/0x0031E5BC/attempt-1.cpp,RED,CHECKER_REJECTED,FAIL,"Control flow matches, but the arithmetic/cast chain in the return expression does not exactly match Ghidra."
0x004508E4,NetAppLib::JoinFestaUI::JoinFestaPlayerListBGLowerView::JoinFestaPlayerListBGLowerView,1,64,analysis/reagent/candidates/0x004508E4/attempt-1.cpp,RED,CHECKER_REJECTED,FAIL,"Logic matches, but the constructor call is not identified with the exact callee name from Ghidra."
0x00450974,NetAppLib::JoinFestaUI::JoinFestaPlayerListBGUpperView::JoinFestaPlayerListBGUpperView,1,68,analysis/reagent/candidates/0x00450974/attempt-1.cpp,RED,CHECKER_REJECTED,FAIL,"The logic matches, but the base constructor call is not fully qualified to the Ghidra target."
0x002FA4B4,app::tool::ModelViewerSequence::InitFunc,1,72,analysis/reagent/candidates/0x002FA4B4/attempt-1.cpp,RED,CHECKER_REJECTED,FAIL,"The reversed function swaps the two constant loads, which changes multiple field writes and does not match the decompilation."
0x0045B418,NetAppLib::Util::NetAppTimeout::Suspend,1,76,analysis/reagent/candidates/0x0045B418/attempt-1.cpp,RED,CHECKER_REJECTED,FAIL,The reversed function is missing the explicit `gfl2::system::Date::Date` construction step present in the ground truth.
0x002F9650,app::tool::InfoWindowSheetType::InfoWindowSheetType,1,84,analysis/reagent/candidates/0x002F9650/attempt-1.cpp,RED,CHECKER_REJECTED,FAIL,The reversed function does not preserve the original value flow and introduces extra global writes not present in Ghidra.
0x00301BC0,app::tool::PaneList::MakeTouchArea,1,116,analysis/reagent/candidates/0x00301BC0/attempt-1.cpp,RED,CHECKER_REJECTED,FAIL,The first call does not match Ghidra's double-dereference at `this + 8`.
0x0045B314,NetAppLib::Util::NetAppTimeout::TimeOutStart,1,124,analysis/reagent/candidates/0x0045B314/attempt-1.cpp,RED,CHECKER_REJECTED,FAIL,"The control flow matches, but the struct field mappings are not faithfully represented from the decompilation."
0x003D3010,NetLib::P2P::P2pSyncSave::P2pSyncSave,1,128,analysis/reagent/candidates/0x003D3010/attempt-1.cpp,RED,CHECKER_REJECTED,FAIL,The reversal does not preserve the decompiled semantics for several assignments and types.
0x003D6250,NetLib::P2P::P2pConnectionManager::IsTimingEnd,1,48,analysis/reagent/candidates/0x003D6250/attempt-1.cpp,RED,CHECKER_REJECTED,FAIL,"The reverse matches the high-level flow, but it is not exact: the signature, return type, and conditional expression order do not fully match Ghidra."
0x003D05DC,NetLib::Validation::PokemonValidation::ReplaceMonsName,1,48,analysis/reagent/candidates/0x003D05DC/attempt-1.cpp,RED,CHECKER_REJECTED,FAIL,"The control flow matches, but the second call to `FUN_003147d4` does not match the decompiled argument sources."
0x0048D758,app::tool::PaneListView::GetUpdateResult,1,52,analysis/reagent/candidates/0x0048D758/attempt-1.cpp,RED,CHECKER_REJECTED,FAIL,The null-return path and object/member mapping do not exactly match the Ghidra logic.
0x002F1874,app::tool::TimerIconUIView::SetIconPos,1,56,analysis/reagent/candidates/0x002F1874/attempt-1.cpp,RED,CHECKER_REJECTED,FAIL,"The control flow matches, but the vector component write order does not match Ghidra exactly."
0x00459778,NetAppLib::UI::NetAppCursorView::~NetAppCursorView,1,56,analysis/reagent/candidates/0x00459778/attempt-1.cpp,RED,CHECKER_REJECTED,FAIL,"Logic is mostly equivalent, but the reversed output does not match the Ghidra call identification and local state exactly."
0x00464C98,NetAppLib::P2PTrade::P2PTradeRequestClient::AddSendMessageIDRequest,1,56,analysis/reagent/candidates/0x00464C98/attempt-1.cpp,RED,CHECKER_REJECTED,FAIL,"The call flow matches, but the reversed function is missing a Ghidra stack buffer declaration needed for the decompiled logic."
0x002CC544,App::Tool::NewPaneList::SetupScrollParam,1,60,analysis/reagent/candidates/0x002CC544/attempt-1.cpp,RED,CHECKER_REJECTED,FAIL,"The stores match, but the reversed code does not preserve Ghidra's read-before-write evaluation order."
0x0044BF8C,NetAppLib::JoinFestaUI::JoinFestaPlayerListManager::SortList,1,72,analysis/reagent/candidates/0x0044BF8C/attempt-1.cpp,RED,CHECKER_REJECTED,FAIL,The first loop does not preserve Ghidra’s nested `IsOnline` checks or its side-effect order.
0x00459E70,NetAppLib::UI::RegulationDrawInfo::RegulationDrawInfo,1,84,analysis/reagent/candidates/0x00459E70/attempt-1.cpp,RED,CHECKER_REJECTED,FAIL,The reversal misses multiple constructor-side stores and mis-models the object layout/allocation.
0x00459EC8,NetAppLib::UI::RegulationDrawInfo::RegulationDrawInfo,1,88,analysis/reagent/candidates/0x00459EC8/attempt-1.cpp,RED,CHECKER_REJECTED,FAIL,The constructor call and object base are not reproduced correctly.
0x00474EB4,Regulation::CheckCrc,1,88,analysis/reagent/candidates/0x00474EB4/attempt-1.cpp,RED,CHECKER_REJECTED,FAIL,"The reversed code does not match the original structure layout, CRC length source, or return packing."
0x00161094,RegulationScriptChecker::RegulationScriptChecker,1,96,analysis/reagent/candidates/0x00161094/attempt-1.cpp,RED,CHECKER_REJECTED,FAIL,The constructor call at `this + 0x20` is not represented with the same placement-construction semantics as the Ghidra output.
0x00305774,app::tool::ScrollBar::ScrollBar,1,108,analysis/reagent/candidates/0x00305774/attempt-1.cpp,RED,CHECKER_REJECTED,FAIL,"Core field setup matches, but the load/store sequencing for the param_4 and param_5 block does not match Ghidra exactly."
0x0045B39C,NetAppLib::Util::NetAppTimeout::Resume,1,120,analysis/reagent/candidates/0x0045B39C/attempt-1.cpp,RED,CHECKER_REJECTED,FAIL,The replayed code misses the explicit Date construction and does not match the exact 64-bit borrow expression used by Ghidra.
0x002C98E0,App::Tool::MapManager::PutEventIcon,1,124,analysis/reagent/candidates/0x002C98E0/attempt-1.cpp,RED,CHECKER_REJECTED,FAIL,"Logic matches overall, but the reversed code omits two Ghidra stack-temporary assignments."
0x0031629C,pml::personal::GetEvolutionCondition,1,76,analysis/reagent/candidates/0x0031629C/attempt-1.cpp,RED,CHECKER_REJECTED,FAIL,"The return expression does not preserve the upper 32 bits from `param_1`, so it does not match Ghidra’s `CONCAT44` logic."
0x002E6A70,app::ui::UIResponder::SetButtonEnable,1,40,analysis/reagent/candidates/0x002E6A70/attempt-1.cpp,RED,CHECKER_REJECTED,FAIL,"Logic matches, but the struct field access is not mapped to a named member as required."
0x002E81E0,app::bag::PlayData::SetPocketData,1,44,analysis/reagent/candidates/0x002E81E0/attempt-1.cpp,RED,CHECKER_REJECTED,FAIL,The bounds check is off by one and does not match the ground truth branch condition.
0x004A6AC4,PokeTool::PokemonSort::GetSortedDataMax,1,52,analysis/reagent/candidates/0x004A6AC4/attempt-1.cpp,RED,CHECKER_REJECTED,FAIL,The reversed code does not match the 64-bit CONCAT44 return and misrepresents the field layout/bit packing.
0x004AACC8,NetAppLib::JoinFesta::JoinFestaPersonalData::GetPacketGameStatus1,1,52,analysis/reagent/candidates/0x004AACC8/attempt-1.cpp,RED,CHECKER_REJECTED,FAIL,The copy mapping is offset-shifted and does not preserve Ghidra's load/store order.
0x004AAD94,NetAppLib::JoinFesta::JoinFestaPersonalData::GetPacketGameStatus5,1,52,analysis/reagent/candidates/0x004AAD94/attempt-1.cpp,RED,CHECKER_REJECTED,FAIL,The copy sequence and packet field addressing do not match the Ghidra decompilation exactly.
0x0046B788,NetAppLib::JoinFesta::JoinFestaPersonalEvent::GetBaseFesCoin,1,56,analysis/reagent/candidates/0x0046B788/attempt-1.cpp,RED,CHECKER_REJECTED,FAIL,"The bounds check and table-indexed load match, but the 64-bit CONCAT44 return value is not preserved."
0x004A6B00,PokeTool::RemaindSkill::GetWazaNo,1,56,analysis/reagent/candidates/0x004A6B00/attempt-1.cpp,RED,CHECKER_REJECTED,FAIL,"Body matches the decompilation, but the reversed signature returns the wrong width."
0x0042BDAC,PokeTool::PokemonSort::OrderByMonsName,1,60,analysis/reagent/candidates/0x0042BDAC/attempt-1.cpp,RED,CHECKER_REJECTED,FAIL,"Logic matches, but the callee is not identified with the exact Ghidra-qualified symbol."
0x0048D4E4,app::sort::StringBinary::GetSortOrder,1,60,analysis/reagent/candidates/0x0048D4E4/attempt-1.cpp,RED,CHECKER_REJECTED,FAIL,"Logic matches, but the reversed signature/return type is incorrect for the 64-bit CONCAT44 return value."
0x002F6418,app::tool::AppCommonGrpIconData::Initialize,1,64,analysis/reagent/candidates/0x002F6418/attempt-1.cpp,RED,CHECKER_REJECTED,FAIL,"The reverse code diverges from Ghidra in control flow, member usage, and the final indirect call sequence."
0x003BE618,print::ItemMessage::ItemMessage,1,64,analysis/reagent/candidates/0x003BE618/attempt-1.cpp,RED,CHECKER_REJECTED,FAIL,Constructor logic diverges from Ghidra in the status value assignment after MsgData construction.
0x0046C2E8,NetAppLib::JoinFesta::JoinFestaPersonalEvent::GetWordWindowMessageIdFromPersonalEvent,1,64,analysis/reagent/candidates/0x0046C2E8/attempt-1.cpp,RED,CHECKER_REJECTED,FAIL,The reversed function does not match the 64-bit return construction in Ghidra and uses placeholder data instead of the real constants.
0x002CEBFC,NetAppLib::UI::NetAppMessageMenu::Setup,1,72,analysis/reagent/candidates/0x002CEBFC/attempt-1.cpp,RED,CHECKER_REJECTED,FAIL,The reversed function misses Ghidra's allocation-failure branch and still relies on raw offset arithmetic instead of named members.
0x00459BCC,NetAppLib::UI::NetAppMessageMenu::NetAppMessageMenu,1,72,analysis/reagent/candidates/0x00459BCC/attempt-1.cpp,RED,CHECKER_REJECTED,FAIL,"The control flow matches, but the reverse still uses raw offsets instead of named fields and does not satisfy the struct-mapping requirement."
0x003DAB98,NetLib::Wifi::WifiConnectRunner::Finalize,1,76,analysis/reagent/candidates/0x003DAB98/attempt-1.cpp,RED,CHECKER_REJECTED,FAIL,"The control flow matches, but the callContextPtr-based expressions are not reconstructed correctly."
0x004998E0,gfl2::lyt::LytSys::GetResource,1,80,analysis/reagent/candidates/0x004998E0/attempt-1.cpp,RED,CHECKER_REJECTED,FAIL,Return type does not match the 64-bit Ghidra signature.
0x00471774,NetAppLib::JoinFesta::JoinFestaAttractionManager::IsQuestionAnswerScoreUp,1,84,analysis/reagent/candidates/0x00471774/attempt-1.cpp,RED,CHECKER_REJECTED,FAIL,"The control flow matches, but the returned value does not match Ghidra’s 64-bit CONCAT44 return expression."
0x0048CB28,App::Tool::ListMenu::GetSelectId,1,84,analysis/reagent/candidates/0x0048CB28/attempt-1.cpp,RED,CHECKER_REJECTED,FAIL,The reversed function does not match the 64-bit return value or the double-dereference semantics in the Ghidra output.
0x00474BE8,Regulation::CheckParamLanguage,1,88,analysis/reagent/candidates/0x00474BE8/attempt-1.cpp,RED,CHECKER_REJECTED,FAIL,Core pointer dereference and 64-bit return composition do not match the Ghidra logic.
0x00474918,Regulation::CheckParamRom,1,92,analysis/reagent/candidates/0x00474918/attempt-1.cpp,RED,CHECKER_REJECTED,FAIL,The bit-test expression is mis-parenthesized and the 64-bit return value from CONCAT44 is collapsed to 32 bits.
0x003E8F44,System::Camera::CModelViewerInFrame::SetFrame,1,100,analysis/reagent/candidates/0x003E8F44/attempt-1.cpp,RED,CHECKER_REJECTED,FAIL,The reverse is missing the function’s return value and does not match the call/identity semantics exactly.
0x00449044,NetAppLib::JoinFestaUI::JoinFestaAttractionData::JoinFestaAttractionData,1,100,analysis/reagent/candidates/0x00449044/attempt-1.cpp,RED,CHECKER_REJECTED,FAIL,"The function is close, but it does not satisfy the required exact field-mapping fidelity."
0x003D5DBC,NetLib::P2P::P2pPacketTransfer::P2pPacketTransfer,1,112,analysis/reagent/candidates/0x003D5DBC/attempt-1.cpp,RED,CHECKER_REJECTED,FAIL,"The reversed constructor does not match the object layout, initialization order, or zeroing range in the Ghidra output."
0x00352930,gfl2::lyt::LytSys::LytSys,1,128,analysis/reagent/candidates/0x00352930/attempt-1.cpp,RED,CHECKER_REJECTED,FAIL,"The allocation call is not matched correctly, so the constructor does not faithfully reproduce the Ghidra logic."
0x00464CD0,NetAppLib::P2PTrade::P2PTradeRequestClient::CancelFinalTradeRequest,1,32,analysis/reagent/candidates/0x00464CD0/attempt-1.cpp,RED,CHECKER_REJECTED,FAIL,"Logic matches, but the `this + 0x2190` access is still an unnamed raw offset instead of a mapped member."
0x003E07A4,NetLib::Delivery::DeliveryManager::Update,1,36,analysis/reagent/candidates/0x003E07A4/attempt-1.cpp,RED,CHECKER_REJECTED,FAIL,"Logic matches, but the reversed code does not satisfy the named-member requirement for struct offsets."
0x0040FE10,poke_3d::model::PokemonModel::SetSpringDownForce,1,44,analysis/reagent/candidates/0x0040FE10/attempt-1.cpp,RED,CHECKER_REJECTED,FAIL,"Logic matches, but the reversed signature and raw-offset access do not fully match the Ghidra ground truth."
0x0036D930,item::ITEM_UTIL_IsDeathRecoverAllItem,1,52,analysis/reagent/candidates/0x0036D930/attempt-1.cpp,RED,CHECKER_REJECTED,FAIL,"Logic matches, but the called function is not matched to the Ghidra callee symbol exactly."
0x004AF4F8,NetAppLib::JoinFestaUI::JoinFestaPlayerListSelectLowerViewBase::CallBack_CursorMove,1,52,analysis/reagent/candidates/0x004AF4F8/attempt-1.cpp,RED,CHECKER_REJECTED,FAIL,"Logic matches, but the reversed code still uses raw pointer offsets instead of named members."
0x003ACCAC,Sound::GetPlayingCount,1,56,analysis/reagent/candidates/0x003ACCAC/attempt-1.cpp,RED,CHECKER_REJECTED,FAIL,"The lock acquisition call is misidentified, so the reversed function does not exactly match the binary logic."
0x002D23EC,App::Tool::CommonMessageWindowManipulator::Setup,1,68,analysis/reagent/candidates/0x002D23EC/attempt-1.cpp,RED,CHECKER_REJECTED,FAIL,"The reversed code preserves the early branch, but it drops most object-field initialization and diverges from the Ghidra call sequence in the layout/resource lookup path."
0x0040C9F4,itemman::ITEM_MANAGER::IsFileOpen,1,72,analysis/reagent/candidates/0x0040C9F4/attempt-1.cpp,RED,CHECKER_REJECTED,FAIL,"Control flow matches, but the return type/semantics are narrowed to `bool` instead of preserving the raw `undefined4` result."
0x0040CA44,itemman::ITEM_MANAGER::IsFileClose,1,72,analysis/reagent/candidates/0x0040CA44/attempt-1.cpp,RED,CHECKER_REJECTED,FAIL,"Branch structure matches, but the return type and second return path are not preserved exactly."
0x004A3334,GameSys::AlolaTime::GetHour,1,72,analysis/reagent/candidates/0x004A3334/attempt-1.cpp,RED,CHECKER_REJECTED,FAIL,"Logic matches the decompilation, but the offset is still expressed as raw pointer arithmetic instead of a named struct member."
0x002C7D04,App::Box::BoxAppSetup::GetMoveMode,1,80,analysis/reagent/candidates/0x002C7D04/attempt-1.cpp,RED,CHECKER_REJECTED,FAIL,The reverse code does not preserve the 64-bit concatenation behavior in both non-1 branches.
0x002C7D80,App::Box::BoxAppSetup::GetSelectMode,1,80,analysis/reagent/candidates/0x002C7D80/attempt-1.cpp,RED,CHECKER_REJECTED,FAIL,"Logic is mostly aligned, but the structure mapping is not faithful to the accessed offsets."
0x002F3370,app::tool::CursorController::OnDraw,1,80,analysis/reagent/candidates/0x002F3370/attempt-1.cpp,RED,CHECKER_REJECTED,FAIL,"The reversed code conflates the 0x5c flag check with `menuCursor`, so the branch conditions do not match the binary logic."
0x002FCD94,app::tool::AppToolTrainerIconRendering::IsLoadedObject,1,84,analysis/reagent/candidates/0x002FCD94/attempt-1.cpp,RED,CHECKER_REJECTED,FAIL,The loaded-object fast path does not reconstruct the 64-bit CONCAT44 result correctly.
0x002FCF34,app::tool::AppToolTrainerIconRendering::GetIconObjectData,1,84,analysis/reagent/candidates/0x002FCF34/attempt-1.cpp,RED,CHECKER_REJECTED,FAIL,"The low-word return expression is not equivalent to Ghidra’s CONCAT44 result, and the base-pointer dereference is wrong."
0x002F6880,app::tool::InfoWindowBookType::StartClose,1,96,analysis/reagent/candidates/0x002F6880/attempt-1.cpp,RED,CHECKER_REJECTED,FAIL,"Logic matches, but the assert call and struct-field naming do not fully match the ground truth contract."
0x00459F24,NetAppLib::UI::RegulationDrawInfo::RegulationDrawInfo,1,96,analysis/reagent/candidates/0x00459F24/attempt-1.cpp,RED,CHECKER_REJECTED,FAIL,The constructor call does not match the binary’s placement construction at `this + 8`.
0x00468430,NetAppLib::JoinFesta::JoinFestaPersonalData::SetRequestInvitingTrade,1,100,analysis/reagent/candidates/0x00468430/attempt-1.cpp,RED,CHECKER_REJECTED,FAIL,"The core state writes match, but the Date constructor return value and GetNow call target do not exactly match the Ghidra logic."
0x00336818,gfl2::renderingengine::renderer::RenderingPipeLine::SceneRenderPath::ClearRenderTargetOverride,1,124,analysis/reagent/candidates/0x00336818/attempt-1.cpp,RED,CHECKER_REJECTED,FAIL,"Logic matches, but the call site is not represented with the exact resolved callee identity from Ghidra."
0x002EA018,app::tool::MenuWindow::IsModuleFree,1,52,analysis/reagent/candidates/0x002EA018/attempt-1.cpp,RED,CHECKER_REJECTED,FAIL,"Logic is mostly aligned, but the reversed code does not match the Ghidra signature and does not precisely encode the required offset/member mapping."
0x0045DC1C,NetAppLib::Util::NetAppTrainerIconUtility::IsEndIconObjectData,1,60,analysis/reagent/candidates/0x0045DC1C/attempt-1.cpp,RED,CHECKER_REJECTED,FAIL,The reversed function mis-matches the IsReady call signature and omits the extraout_r1 value flow used in the return path.
0x002E9C80,app::tool::MenuCursor::SetPos,1,68,analysis/reagent/candidates/0x002E9C80/attempt-1.cpp,RED,CHECKER_REJECTED,FAIL,"Semantically close, but the source does not preserve the exact Ghidra evaluation order for the `param_1[1]` and `param_1[2]` loads."
0x0048E720,app::util::EffectUtil::GetEffectHandleForMode1Res1EmitterSet1Group,1,68,analysis/reagent/candidates/0x0048E720/attempt-1.cpp,RED,CHECKER_REJECTED,FAIL,Return type and 64-bit packing do not match the Ghidra output.
0x00306F54,app::util::GetPaneHelper::Pop,1,88,analysis/reagent/candidates/0x00306F54/attempt-1.cpp,RED,CHECKER_REJECTED,FAIL,Return value and zero-count control flow do not match the Ghidra decompilation.
0x0036D204,item::CheckBtlPocketInclude,1,92,analysis/reagent/candidates/0x0036D204/attempt-1.cpp,RED,CHECKER_REJECTED,FAIL,"The reversed code diverges from the Ghidra logic in return width, pointer access, and the second bit-test expression."
0x0040CD0C,itemman::ITEM_MANAGER::GetParam,1,96,analysis/reagent/candidates/0x0040CD0C/attempt-1.cpp,RED,CHECKER_REJECTED,FAIL,Constructor call does not match the decompiled call signature exactly.
0x003E392C,System::MotionBlur::SetColorFilter,1,128,analysis/reagent/candidates/0x003E392C/attempt-1.cpp,RED,CHECKER_REJECTED,FAIL,The reversed function does not preserve the Ghidra field-copy sequence and mishandles the conditional fallback block.
0x00310DD8,app::util::G2DUtil::SetTextBoxPaneColor,1,48,analysis/reagent/candidates/0x00310DD8/attempt-1.cpp,RED,CHECKER_REJECTED,FAIL,"The control flow matches, but the two offset writes are not represented as named members, which violates the required struct mapping standard."
0x00459644,NetAppLib::UI::NetAppCursorView::Update,1,48,analysis/reagent/candidates/0x00459644/attempt-1.cpp,RED,CHECKER_REJECTED,FAIL,"The control flow matches at a high level, but the reversed code does not preserve the exact field access and indirect call sequence shown by Ghidra."
0x002D4778,App::Event::ShopBuyEvent::DrawFunc,1,52,analysis/reagent/candidates/0x002D4778/attempt-1.cpp,RED,CHECKER_REJECTED,FAIL,"The draw calls and their order match, but the guarding condition and field-to-offset mapping do not match the Ghidra logic."
0x00497BAC,gfl2::fs::ArcFile::GetMaxDataSize,1,52,analysis/reagent/candidates/0x00497BAC/attempt-1.cpp,RED,CHECKER_REJECTED,FAIL,The reversed function misses stack-state handling and writes the wrong value to `param_1`.
0x0030FD40,app::util::G2DUtil::SetPaneVisible,1,56,analysis/reagent/candidates/0x0030FD40/attempt-1.cpp,RED,CHECKER_REJECTED,FAIL,"Logic matches, but the reversed signature/parameter mapping is wrong."
0x00468348,NetAppLib::JoinFesta::JoinFestaPersonalData::SetRequestRecieveTrade,1,56,analysis/reagent/candidates/0x00468348/attempt-1.cpp,RED,CHECKER_REJECTED,FAIL,The reversal matches the branch values but does not preserve the original dword-by-dword write pattern and expression order.
0x0036D5F0,item::IsFinishLoadBtlPocketData,1,60,analysis/reagent/candidates/0x0036D5F0/attempt-1.cpp,RED,CHECKER_REJECTED,FAIL,"Core control flow matches, but the reconstructed signature and return type do not match the ground truth exactly."
0x004A2B20,NetApp::Live::LiveNet::GetMyStatus_Mine,1,60,analysis/reagent/candidates/0x004A2B20/attempt-1.cpp,RED,CHECKER_REJECTED,FAIL,"The logic is mostly equivalent, but it does not match the Ghidra call sequence exactly."
0x00520AD4,mwmoimaadpcmDecoderInitialize,1,60,analysis/reagent/candidates/0x00520AD4/attempt-1.cpp,RED,CHECKER_REJECTED,FAIL,The initialization call does not match the decompiled argument passing.
0x0036D560,item::ITEM_GetWazaMashineWaza,1,64,analysis/reagent/candidates/0x0036D560/attempt-1.cpp,RED,CHECKER_REJECTED,FAIL,Return type and final CONCAT44 semantics do not match the Ghidra logic.
0x0036D5A8,item::ITEM_GetWazaMashineItemNo,1,64,analysis/reagent/candidates/0x0036D5A8/attempt-1.cpp,RED,CHECKER_REJECTED,FAIL,"The control flow matches, but the reversed code does not preserve the 64-bit return value or the real data references."
0x0031071C,app::util::G2DUtil::GetAnimeMaxFrame,1,68,analysis/reagent/candidates/0x0031071C/attempt-1.cpp,RED,CHECKER_REJECTED,FAIL,"Logic matches, but the reversed function omits the explicit return paths present in Ghidra."
0x002E9DA0,app::tool::MenuCursor::MenuCursor,1,72,analysis/reagent/candidates/0x002E9DA0/attempt-1.cpp,RED,CHECKER_REJECTED,FAIL,"Behavior matches, but the reverse is not fully recovered to the required structural form."
0x00354314,gfl2::str::StrBuf::Clear,1,72,analysis/reagent/candidates/0x00354314/attempt-1.cpp,RED,CHECKER_REJECTED,FAIL,The branch condition is not reproduced exactly; the Ghidra logic has a redundant OR test that is missing here.
0x002D2078,App::Tool::CommonMessageWindowView::~CommonMessageWindowView,1,76,analysis/reagent/candidates/0x002D2078/attempt-1.cpp,RED,CHECKER_REJECTED,FAIL,"Destructor flow is semantically similar, but the reversed code does not preserve the exact return-value chaining used by Ghidra."
0x00336394,gfl2::renderingengine::renderer::RenderingPipeLine::SceneRenderPath::DrawManagerDraw,1,76,analysis/reagent/candidates/0x00336394/attempt-1.cpp,RED,CHECKER_REJECTED,FAIL,The final call to `FUN_0034a194` does not match the decompiled argument flow.
0x003588BC,gfl2::math::SFMTRandom::Next,1,76,analysis/reagent/candidates/0x003588BC/attempt-1.cpp,RED,CHECKER_REJECTED,FAIL,"Core control flow matches, but the return-value handling is wrong because the 64-bit `__aeabi_uidivmod` result was collapsed to `uint`."
0x00353D50,gfl2::ngc::NGWordChecker::NGWordChecker,1,88,analysis/reagent/candidates/0x00353D50/attempt-1.cpp,RED,CHECKER_REJECTED,FAIL,"The constructor logic is mostly aligned, but the assertion call is not matched exactly."
0x002FF8F4,app::tool::ItemIcon::ItemIcon,1,100,analysis/reagent/candidates/0x002FF8F4/attempt-1.cpp,RED,CHECKER_REJECTED,FAIL,"The reversed constructor has multiple semantic mismatches in allocation, call form, and type/offset handling."
0x00455228,NetAppLib::JoinFestaUI::JoinFestaPlayerListSelectLowerViewBase::SetList,1,108,analysis/reagent/candidates/0x00455228/attempt-1.cpp,RED,CHECKER_REJECTED,FAIL,"Logic matches, but the reversed code does not fully satisfy the required named-member mapping for struct offsets."
0x00305550,app::tool::PokeIcon::PokeIcon,1,120,analysis/reagent/candidates/0x00305550/attempt-1.cpp,RED,CHECKER_REJECTED,FAIL,"The constructor logic is mostly aligned, but the allocation path and null-check semantics do not match the binary."
