address,qualified_name,tier,size,candidate,classification,reason,checker_result,checker_summary
0x00464D10,NetAppLib::P2PTrade::P2PTradeRequestClient::GetLastRecvPokemonParam,0,8,analysis/reagent/candidates/0x00464D10/attempt-1.cpp,YELLOW,PROTOTYPE_UNCERTAIN,PASS,"The reversed function matches the Ghidra decompilation exactly, including the return expression."
0x00464D94,NetAppLib::P2PTrade::P2PTradeRequestClient::GetLastRecvPokemonParamBuffer,0,12,analysis/reagent/candidates/0x00464D94/attempt-1.cpp,YELLOW,PROTOTYPE_UNCERTAIN,PASS,Reversed code matches the Ghidra decompilation exactly.
0x003E6A9C,System::DressUpParamSaveData::~DressUpParamSaveData,0,4,analysis/reagent/candidates/0x003E6A9C/attempt-1.cpp,YELLOW,PROTOTYPE_UNCERTAIN,PASS,The reversed destructor matches the Ghidra output exactly: it is an empty `__thiscall` destructor that immediately returns.
0x00446A10,Savedata::ZukanData::IncrementPokeSeeAmount,0,4,analysis/reagent/candidates/0x00446A10/attempt-1.cpp,YELLOW,PROTOTYPE_UNCERTAIN,PASS,The reversed function matches the Ghidra output: it is intentionally empty and returns immediately.
0x0015BF58,ExtSavedata::RegulationExtSaveData::IsFatalError,0,8,analysis/reagent/candidates/0x0015BF58/attempt-1.cpp,YELLOW,PROTOTYPE_UNCERTAIN,PASS,"The reversed function matches the Ghidra logic exactly, including the byte offset and cast semantics."
0x003CD0E8,NetApp::QR::FieldScanRecordFunc,0,8,analysis/reagent/candidates/0x003CD0E8/attempt-1.cpp,YELLOW,PROTOTYPE_UNCERTAIN,PASS,The reversed function matches the Ghidra logic exactly: it calls `Savedata::IncRecord(0xa6)` and returns.
0x0043A21C,Savedata::GameSyncSave::SetSignedPGL,0,8,analysis/reagent/candidates/0x0043A21C/attempt-1.cpp,YELLOW,PROTOTYPE_UNCERTAIN,PASS,The reversed function matches the Ghidra decompilation exactly.
0x0043A904,Savedata::LiveMatchData::SetLiveEntryWork,0,8,analysis/reagent/candidates/0x0043A904/attempt-1.cpp,YELLOW,PROTOTYPE_UNCERTAIN,PASS,Reversed code matches the Ghidra decompilation exactly.
0x0043AFAC,Savedata::BattleInstSave::GetCountMax,0,8,analysis/reagent/candidates/0x0043AFAC/attempt-1.cpp,YELLOW,ABI_UNCERTAIN,PASS,The reversed function matches the Ghidra logic exactly.
0x0043B044,Savedata::BattleInstSave::GetBattleType,0,8,analysis/reagent/candidates/0x0043B044/attempt-1.cpp,YELLOW,PROTOTYPE_UNCERTAIN,PASS,The reversed function matches the Ghidra decompilation exactly.
0x0043B304,Savedata::BattleInstSave::GetRank,0,8,analysis/reagent/candidates/0x0043B304/attempt-1.cpp,YELLOW,PROTOTYPE_UNCERTAIN,PASS,Reversed code matches the Ghidra decompilation exactly.
0x0043B3D0,Savedata::BattleSpotData::SetInternetTimeZone,0,8,analysis/reagent/candidates/0x0043B3D0/attempt-1.cpp,YELLOW,PROTOTYPE_UNCERTAIN,PASS,The reversed function matches the Ghidra decompilation exactly.
0x0043B3D8,Savedata::BattleSpotData::SetInternetEntryWork,0,8,analysis/reagent/candidates/0x0043B3D8/attempt-1.cpp,YELLOW,PROTOTYPE_UNCERTAIN,PASS,The reversed function matches the Ghidra decompilation exactly.
0x0043B3E0,Savedata::BattleSpotData::SetInternetMatchCount,0,8,analysis/reagent/candidates/0x0043B3E0/attempt-1.cpp,YELLOW,PROTOTYPE_UNCERTAIN,PASS,"The reversed code matches the Ghidra decompilation exactly, including the single assignment and return behavior."
0x0043B64C,Savedata::PokeFinderSave::GetHighValue,0,8,analysis/reagent/candidates/0x0043B64C/attempt-1.cpp,YELLOW,PROTOTYPE_UNCERTAIN,PASS,"The reversed function matches the Ghidra logic exactly, including the 0x14 offset and direct 32-bit load."
0x0043B6C4,Savedata::PokeFinderSave::GetTotalValue,0,8,analysis/reagent/candidates/0x0043B6C4/attempt-1.cpp,YELLOW,PROTOTYPE_UNCERTAIN,PASS,"The reversed function matches the Ghidra logic exactly, including the same 0x10 offset and direct 4-byte return value."
0x0043B6CC,Savedata::PokeFinderSave::GetCameraVersion,0,8,analysis/reagent/candidates/0x0043B6CC/attempt-1.cpp,YELLOW,PROTOTYPE_UNCERTAIN,PASS,"The reversed function matches Ghidra exactly: same return type, thiscall behavior, and 4-byte offset load."
0x0043B6D4,Savedata::PokeFinderSave::GetTutorialFlags,0,8,analysis/reagent/candidates/0x0043B6D4/attempt-1.cpp,YELLOW,PROTOTYPE_UNCERTAIN,PASS,Reversed code matches the Ghidra logic exactly.
0x00443468,Savedata::GtsData::GetReturnPosNo,0,8,analysis/reagent/candidates/0x00443468/attempt-1.cpp,YELLOW,PROTOTYPE_UNCERTAIN,PASS,"The reversed code matches the Ghidra decompilation exactly, including the single return expression and indexed access."
0x00443470,Savedata::GtsData::SetDepositFlag,0,8,analysis/reagent/candidates/0x00443470/attempt-1.cpp,YELLOW,PROTOTYPE_UNCERTAIN,PASS,The reversed function matches the Ghidra decompilation exactly.
0x00443478,Savedata::GtsData::GetReturnTrayNo,0,8,analysis/reagent/candidates/0x00443478/attempt-1.cpp,YELLOW,PROTOTYPE_UNCERTAIN,PASS,Reversed code matches the Ghidra decompilation exactly.
0x00443AAC,Savedata::MyStatus::GetSerializeDataSize,0,8,analysis/reagent/candidates/0x00443AAC/attempt-1.cpp,YELLOW,PROTOTYPE_UNCERTAIN,PASS,The reversed function matches the Ghidra decompilation exactly.
0x00443CB0,Savedata::MyStatus::SetSex,0,8,analysis/reagent/candidates/0x00443CB0/attempt-1.cpp,YELLOW,PROTOTYPE_UNCERTAIN,PASS,The reversed function matches the Ghidra decompilation exactly.
0x004A6CA4,Savedata::GameSyncSave::IsSignedPGL,0,8,analysis/reagent/candidates/0x004A6CA4/attempt-1.cpp,YELLOW,PROTOTYPE_UNCERTAIN,PASS,"The reversed implementation matches the Ghidra decompilation exactly, including the byte offset and cast behavior."
0x004A6CAC,Savedata::GameSyncSave::GetGameSyncFirstConnected,0,8,analysis/reagent/candidates/0x004A6CAC/attempt-1.cpp,YELLOW,PROTOTYPE_UNCERTAIN,PASS,The reversed function matches the Ghidra decompilation exactly.
0x004A6CC8,Savedata::LiveMatchData::GetLiveResults,0,8,analysis/reagent/candidates/0x004A6CC8/attempt-1.cpp,YELLOW,PROTOTYPE_UNCERTAIN,PASS,Reversed code matches the Ghidra decompilation exactly.
0x004A6CD0,Savedata::LiveMatchData::GetLiveEntryWork,0,8,analysis/reagent/candidates/0x004A6CD0/attempt-1.cpp,YELLOW,PROTOTYPE_UNCERTAIN,PASS,Reversed code matches the Ghidra decompilation exactly.
0x004A6ECC,Savedata::BattleSpotData::GetInternetTimeZone,0,8,analysis/reagent/candidates/0x004A6ECC/attempt-1.cpp,YELLOW,PROTOTYPE_UNCERTAIN,PASS,The reversed function matches the Ghidra decompilation exactly.
0x004A6F04,Savedata::BattleSpotData::GetInternetEntryWork,0,8,analysis/reagent/candidates/0x004A6F04/attempt-1.cpp,YELLOW,PROTOTYPE_UNCERTAIN,PASS,The reversed function matches the Ghidra decompilation exactly.
0x004A6F0C,Savedata::BattleSpotData::GetInternetMatchCount,0,8,analysis/reagent/candidates/0x004A6F0C/attempt-1.cpp,YELLOW,PROTOTYPE_UNCERTAIN,PASS,"The reversed function matches the Ghidra decompilation exactly, including signature, return type, and indexed access."
0x004A73D4,Savedata::JoinFestaDataSave::GetTotalCoin,0,8,analysis/reagent/candidates/0x004A73D4/attempt-1.cpp,YELLOW,PROTOTYPE_UNCERTAIN,PASS,"The reversed function matches the Ghidra logic exactly, including the 0x514 offset and direct return expression."
0x004A7804,Savedata::JoinFestaDataSave::GetCoin,0,8,analysis/reagent/candidates/0x004A7804/attempt-1.cpp,YELLOW,PROTOTYPE_UNCERTAIN,PASS,The reversed function matches the Ghidra logic exactly: it returns the 32-bit value at offset 0x510 from this.
0x004A7818,Savedata::JoinFestaDataSave::GetTheme,0,8,analysis/reagent/candidates/0x004A7818/attempt-1.cpp,YELLOW,PROTOTYPE_UNCERTAIN,PASS,Reversed code matches the Ghidra decompilation exactly.
0x004A7C7C,Savedata::Misc::GetKawaigariPastDays,0,8,analysis/reagent/candidates/0x004A7C7C/attempt-1.cpp,YELLOW,PROTOTYPE_UNCERTAIN,PASS,The reversed function matches the Ghidra decompilation exactly.
0x004A8170,Savedata::GtsData::GetUploadKey,0,8,analysis/reagent/candidates/0x004A8170/attempt-1.cpp,YELLOW,PROTOTYPE_UNCERTAIN,PASS,Reversed code matches the Ghidra decompilation exactly.
0x004A8178,Savedata::GtsData::GetUploadGtsIndexData,0,8,analysis/reagent/candidates/0x004A8178/attempt-1.cpp,YELLOW,PROTOTYPE_UNCERTAIN,PASS,The reversed function matches the Ghidra decompilation exactly.
0x004A83E0,Savedata::MyStatus::GetRomCode,0,8,analysis/reagent/candidates/0x004A83E0/attempt-1.cpp,YELLOW,PROTOTYPE_UNCERTAIN,PASS,The reversed function matches the Ghidra decompilation exactly.
0x004A8510,Savedata::MyStatus::GetRegionCode,0,8,analysis/reagent/candidates/0x004A8510/attempt-1.cpp,YELLOW,PROTOTYPE_UNCERTAIN,PASS,Reversed code matches the Ghidra decompilation exactly.
0x004A8528,Savedata::MyStatus::GetPrincipalId,0,8,analysis/reagent/candidates/0x004A8528/attempt-1.cpp,YELLOW,PROTOTYPE_UNCERTAIN,PASS,The reversed code matches the decompiled logic and returns the 32-bit value at offset 0x30 from this.
0x004A85C4,Savedata::MyStatus::GetPokeLanguageId,0,8,analysis/reagent/candidates/0x004A85C4/attempt-1.cpp,YELLOW,PROTOTYPE_UNCERTAIN,PASS,The reversed function matches the Ghidra decompilation exactly.
0x004A8614,Savedata::MyStatus::GetSimpleAddressId,0,8,analysis/reagent/candidates/0x004A8614/attempt-1.cpp,YELLOW,PROTOTYPE_UNCERTAIN,PASS,The reversed function matches the Ghidra logic: it returns the 32-bit value at offset `0x34` from `this` with no extra control flow.
0x004A86AC,Savedata::MyStatus::GetID,0,8,analysis/reagent/candidates/0x004A86AC/attempt-1.cpp,YELLOW,PROTOTYPE_UNCERTAIN,PASS,The reversed function matches the Ghidra logic exactly.
0x004A86D4,Savedata::MyStatus::GetSex,0,8,analysis/reagent/candidates/0x004A86D4/attempt-1.cpp,YELLOW,PROTOTYPE_UNCERTAIN,PASS,Reversed code matches the Ghidra decompilation exactly.
0x004A86EC,Savedata::MyStatus::GetIcon,0,8,analysis/reagent/candidates/0x004A86EC/attempt-1.cpp,YELLOW,PROTOTYPE_UNCERTAIN,PASS,Reversed code matches the Ghidra decompilation exactly.
0x004A8748,Savedata::PlayTime::GetPlayHour,0,8,analysis/reagent/candidates/0x004A8748/attempt-1.cpp,YELLOW,PROTOTYPE_UNCERTAIN,PASS,The reversed function matches the Ghidra logic exactly.
0x004A8750,Savedata::PlayTime::GetPlayMinute,0,8,analysis/reagent/candidates/0x004A8750/attempt-1.cpp,YELLOW,PROTOTYPE_UNCERTAIN,PASS,Reversed code matches the Ghidra decompilation exactly.
0x0015B230,ExtSavedata::RegulationExtSaveData::IsExistsRegulationData,0,12,analysis/reagent/candidates/0x0015B230/attempt-1.cpp,YELLOW,PROTOTYPE_UNCERTAIN,PASS,"The reversed function matches the Ghidra decompilation exactly, including the single call and lack of control flow."
0x004391AC,Savedata::ResortSave::AdventureTimeDownCount,0,12,analysis/reagent/candidates/0x004391AC/attempt-1.cpp,YELLOW,ABI_UNCERTAIN,PASS,Reversed code matches the Ghidra logic and control flow.
0x004391C8,Savedata::ResortSave::FriendShipTimeDownCount,0,12,analysis/reagent/candidates/0x004391C8/attempt-1.cpp,YELLOW,ABI_UNCERTAIN,PASS,"The reversed function matches the Ghidra control flow, field usage, and return behavior exactly."
0x004394D4,Savedata::ResortSave::WildPokemonTimeDownCount,0,12,analysis/reagent/candidates/0x004394D4/attempt-1.cpp,YELLOW,PROTOTYPE_UNCERTAIN,PASS,"The reversed function matches the Ghidra control flow, byte updates, and return condition."
0x004395DC,Savedata::ResortSave::PokemonEventTimeDownCount,0,12,analysis/reagent/candidates/0x004395DC/attempt-1.cpp,YELLOW,PROTOTYPE_UNCERTAIN,PASS,"The reversed function matches the Ghidra logic, branches, and return behavior exactly."
0x00439910,Savedata::ResortSave::BeansBottleServiceTimeDownCount,0,12,analysis/reagent/candidates/0x00439910/attempt-1.cpp,YELLOW,ABI_UNCERTAIN,PASS,"Reversed code matches the Ghidra decompilation exactly, including offsets, branches, and return behavior."
0x0043B0A8,Savedata::BattleInstSave::ResetBattleBgm,0,12,analysis/reagent/candidates/0x0043B0A8/attempt-1.cpp,YELLOW,PROTOTYPE_UNCERTAIN,PASS,The reversed function matches the Ghidra logic exactly: it writes 0xffffffff to offset 0x1c and returns.
0x0043B0CC,Savedata::BattleInstSave::GetPrizeWinCount,0,12,analysis/reagent/candidates/0x0043B0CC/attempt-1.cpp,YELLOW,PROTOTYPE_UNCERTAIN,PASS,The reversed function matches the Ghidra logic: a 16-bit load from `this + 0x156` and direct return.
0x0043BD3C,Savedata::MysteryGiftSave::ReceiveCheck,0,12,analysis/reagent/candidates/0x0043BD3C/attempt-1.cpp,YELLOW,PROTOTYPE_UNCERTAIN,PASS,The reversed function matches the decompiled logic: a single `GetInstance()` call with no branches or additional behavior.
0x0043DE98,Savedata::QRReaderSaveData::ResetScannedDataHistory,0,12,analysis/reagent/candidates/0x0043DE98/attempt-1.cpp,YELLOW,PROTOTYPE_UNCERTAIN,PASS,The reversed code matches the single Ghidra store to offset 0x158 with no control flow or call differences.
0x0043E8B8,Savedata::JoinFestaDataSave::GetLastP2pPersonal,0,12,analysis/reagent/candidates/0x0043E8B8/attempt-1.cpp,YELLOW,PROTOTYPE_UNCERTAIN,PASS,"The reversed function matches the Ghidra decompilation exactly, including the return expression and offset."
0x004417F4,Savedata::Misc::ResetKawaigariPastDays,0,12,analysis/reagent/candidates/0x004417F4/attempt-1.cpp,YELLOW,PROTOTYPE_UNCERTAIN,PASS,The reversed function matches the Ghidra logic exactly: it resets the single field at offset 0x127 to zero and returns.
0x00443DA4,Savedata::PlayTime::PopSaveTime,0,12,analysis/reagent/candidates/0x00443DA4/attempt-1.cpp,YELLOW,PROTOTYPE_UNCERTAIN,PASS,The reversed code matches the decompiled logic: it copies currentSaveTime to saveTime with no extra branches or calls.
0x00443E90,Savedata::PlayTime::PushSaveTime,0,12,analysis/reagent/candidates/0x00443E90/attempt-1.cpp,YELLOW,PROTOTYPE_UNCERTAIN,PASS,Reversed code matches the Ghidra logic exactly.
0x00443E9C,Savedata::PlayTime::GetSaveMinute,0,12,analysis/reagent/candidates/0x00443E9C/attempt-1.cpp,YELLOW,PROTOTYPE_UNCERTAIN,PASS,Reversed code matches the Ghidra decompilation exactly.
0x00445474,Savedata::FieldMenu::GetRideShortcut,0,12,analysis/reagent/candidates/0x00445474/attempt-1.cpp,YELLOW,PROTOTYPE_UNCERTAIN,PASS,The reversed function matches the Ghidra decompilation exactly.
0x00445480,Savedata::FieldMenu::SetRideShortcut,0,12,analysis/reagent/candidates/0x00445480/attempt-1.cpp,YELLOW,PROTOTYPE_UNCERTAIN,PASS,The reversed code matches the Ghidra decompilation exactly.
0x004A6C1C,Savedata::ConfigSave::GetTalkingSpeed,0,12,analysis/reagent/candidates/0x004A6C1C/attempt-1.cpp,YELLOW,PROTOTYPE_UNCERTAIN,PASS,Reversed code matches the Ghidra decompilation exactly.
0x004A6CD8,Savedata::BattleInstSave::GetWinCountRoyal,0,12,analysis/reagent/candidates/0x004A6CD8/attempt-1.cpp,YELLOW,PROTOTYPE_UNCERTAIN,PASS,The reversed function matches the Ghidra logic exactly: same `this`-relative 0x154 16-bit load and no control flow.
0x004A6CFC,Savedata::BattleInstSave::GetReleaseRankRoyal,0,12,analysis/reagent/candidates/0x004A6CFC/attempt-1.cpp,YELLOW,PROTOTYPE_UNCERTAIN,PASS,Reversed code matches the Ghidra decompilation exactly.
0x004A746C,Savedata::JoinFestaDataSave::IsRejectFriend,0,12,analysis/reagent/candidates/0x004A746C/attempt-1.cpp,YELLOW,PROTOTYPE_UNCERTAIN,PASS,The reversed function matches the Ghidra ground truth exactly.
0x004A780C,Savedata::JoinFestaDataSave::GetRank,0,12,analysis/reagent/candidates/0x004A780C/attempt-1.cpp,YELLOW,ABI_UNCERTAIN,PASS,"The reversed function matches the Ghidra decompilation exactly, including the return type and 0x542 offset."
0x004A7C70,Savedata::Misc::GetGakusyuusoutiFlag,0,12,analysis/reagent/candidates/0x004A7C70/attempt-1.cpp,YELLOW,PROTOTYPE_UNCERTAIN,PASS,"Reversed code matches the Ghidra decompilation exactly, including offset and bitmask."
0x004A8350,Savedata::MyStatus::GetCountry,0,12,analysis/reagent/candidates/0x004A8350/attempt-1.cpp,YELLOW,PROTOTYPE_UNCERTAIN,PASS,"Reversed code matches the Ghidra logic exactly, including offset and shift."
0x0015C198,ExtSavedata::RegulationExtSaveData::DeleteRegulationData,0,16,analysis/reagent/candidates/0x0015C198/attempt-1.cpp,YELLOW,PROTOTYPE_UNCERTAIN,PASS,The reversed function matches the Ghidra decompilation exactly.
0x0015C2B8,ExtSavedata::RegulationExtSaveData::StartDeleteRegulationData,0,16,analysis/reagent/candidates/0x0015C2B8/attempt-1.cpp,YELLOW,PROTOTYPE_UNCERTAIN,PASS,The reversed function matches the Ghidra decompilation exactly.
0x0015C308,ExtSavedata::RegulationExtSaveData::Update,0,16,analysis/reagent/candidates/0x0015C308/attempt-1.cpp,YELLOW,PROTOTYPE_UNCERTAIN,PASS,The reversed function matches the Ghidra decompilation exactly.
0x00438030,Savedata::ResortSave::GetBonusLevel,0,16,analysis/reagent/candidates/0x00438030/attempt-1.cpp,YELLOW,PROTOTYPE_UNCERTAIN,PASS,Reversed code matches the Ghidra decompilation exactly.
0x00438B4C,Savedata::ResortSave::SetUseBeansBottle,0,16,analysis/reagent/candidates/0x00438B4C/attempt-1.cpp,YELLOW,PROTOTYPE_UNCERTAIN,PASS,Direct assignment matches Ghidra's single store at offset 0x5673 with no missing logic.
0x004391B8,Savedata::ResortSave::GetBeansIvyHiddenCount,0,16,analysis/reagent/candidates/0x004391B8/attempt-1.cpp,YELLOW,PROTOTYPE_UNCERTAIN,PASS,The reversed function matches the Ghidra decompilation exactly.
0x0043A90C,Savedata::LiveMatchData::GetLastLiveRecord,0,16,analysis/reagent/candidates/0x0043A90C/attempt-1.cpp,YELLOW,PROTOTYPE_UNCERTAIN,PASS,Reversed code matches the Ghidra decompilation exactly.
0x0043B100,Savedata::BattleInstSave::ClearWinCountRoyal,0,16,analysis/reagent/candidates/0x0043B100/attempt-1.cpp,YELLOW,PROTOTYPE_UNCERTAIN,PASS,Directly matches the Ghidra logic: a 2-byte field at offset 0x154 is set to zero.
0x0043B110,Savedata::BattleInstSave::ResetPrizeWinCount,0,16,analysis/reagent/candidates/0x0043B110/attempt-1.cpp,YELLOW,PROTOTYPE_UNCERTAIN,PASS,Single 2-byte field is zeroed at the correct offset with no missing logic.
0x0043B61C,Savedata::PokeFinderSave::GetGyroFlag,0,16,analysis/reagent/candidates/0x0043B61C/attempt-1.cpp,YELLOW,PROTOTYPE_UNCERTAIN,PASS,The reversed function matches the Ghidra decompilation exactly.
0x0043B62C,Savedata::PokeFinderSave::SetGyroFlag,0,16,analysis/reagent/candidates/0x0043B62C/attempt-1.cpp,YELLOW,PROTOTYPE_UNCERTAIN,PASS,The reversed implementation matches the Ghidra decompilation exactly.
0x0043B63C,Savedata::PokeFinderSave::AddSnapCount,0,16,analysis/reagent/candidates/0x0043B63C/attempt-1.cpp,YELLOW,PROTOTYPE_UNCERTAIN,PASS,Reversed code matches the Ghidra logic exactly.
0x0043B6DC,Savedata::PokeFinderSave::SetCameraVersion,0,16,analysis/reagent/candidates/0x0043B6DC/attempt-1.cpp,YELLOW,PROTOTYPE_UNCERTAIN,PASS,"Matches the Ghidra logic, including the clamp to 4 and the short store at offset 4."
0x0043E738,Savedata::JoinFestaDataSave::SetTempSaveTheme,0,16,analysis/reagent/candidates/0x0043E738/attempt-1.cpp,YELLOW,PROTOTYPE_UNCERTAIN,PASS,The reversed code matches the Ghidra decompilation exactly.
0x0043EA58,Savedata::JoinFestaDataSave::SetIsSkipMessageStall,0,16,analysis/reagent/candidates/0x0043EA58/attempt-1.cpp,YELLOW,PROTOTYPE_UNCERTAIN,PASS,The source matches the Ghidra logic: a single direct assignment to the skip-message-stall field with no extra control flow.
0x0043EA68,Savedata::JoinFestaDataSave::SetIsSkipMessageAirToy,0,16,analysis/reagent/candidates/0x0043EA68/attempt-1.cpp,YELLOW,PROTOTYPE_UNCERTAIN,PASS,The reversed function matches the Ghidra decompilation exactly.
0x0043EAA8,Savedata::JoinFestaDataSave::SetQuestionnaireAnswer,0,16,analysis/reagent/candidates/0x0043EAA8/attempt-1.cpp,YELLOW,PROTOTYPE_UNCERTAIN,PASS,Reversed code matches the Ghidra logic exactly.
0x0043ECD8,Savedata::JoinFestaDataSave::SetSelectWordAppTutorial,0,16,analysis/reagent/candidates/0x0043ECD8/attempt-1.cpp,YELLOW,PROTOTYPE_UNCERTAIN,PASS,The reversed function matches the decompiled logic: it sets the corresponding member to 1 and returns implicitly.
0x0043EDA0,Savedata::JoinFestaDataSave::SetProfileAppTutorialFlag,0,16,analysis/reagent/candidates/0x0043EDA0/attempt-1.cpp,YELLOW,PROTOTYPE_UNCERTAIN,PASS,The reversed function matches the decompiled logic: it sets the tutorial flag to 1 and returns immediately.
0x0043EE08,Savedata::JoinFestaDataSave::GetPersonalTalkCameraCount,0,16,analysis/reagent/candidates/0x0043EE08/attempt-1.cpp,YELLOW,PROTOTYPE_UNCERTAIN,PASS,Reversed code matches the Ghidra decompilation exactly.
0x0043EFE4,Savedata::JoinFestaDataSave::SetFacilitiesIndexOfScriptCall,0,16,analysis/reagent/candidates/0x0043EFE4/attempt-1.cpp,YELLOW,PROTOTYPE_UNCERTAIN,PASS,The reversed code matches the Ghidra logic: a single assignment to the field at offset 0x39a0 with no extra control flow.
0x0043F160,Savedata::JoinFestaDataSave::SetPlayerListShowAppTutorialFlag,0,16,analysis/reagent/candidates/0x0043F160/attempt-1.cpp,YELLOW,PROTOTYPE_UNCERTAIN,PASS,The reversed function matches the single assignment in the Ghidra output.
0x004417B8,Savedata::Misc::SetKawaigariTutorial,0,16,analysis/reagent/candidates/0x004417B8/attempt-1.cpp,YELLOW,PROTOTYPE_UNCERTAIN,PASS,"The reversed function matches the Ghidra logic exactly, including the single bitwise OR write at offset 0xc."
0x00441800,Savedata::Misc::SetBattleVideoPlayerTutorial,0,16,analysis/reagent/candidates/0x00441800/attempt-1.cpp,YELLOW,PROTOTYPE_UNCERTAIN,PASS,"The reversed function matches the Ghidra decompilation exactly, including the single bitwise-OR write at offset 0xc and the implicit return."
0x00443458,Savedata::GtsData::GetDepositFlag,0,16,analysis/reagent/candidates/0x00443458/attempt-1.cpp,YELLOW,PROTOTYPE_UNCERTAIN,PASS,The reversed function matches the decompiled logic exactly: it returns whether `this[300]` is nonzero.
0x00443D5C,Savedata::PlayTime::GetSaveDay,0,16,analysis/reagent/candidates/0x00443D5C/attempt-1.cpp,YELLOW,PROTOTYPE_UNCERTAIN,PASS,"The reversed function matches the Ghidra decompilation exactly, including offset, mask, shift, and return expression."
0x00443D84,Savedata::PlayTime::GetSaveHour,0,16,analysis/reagent/candidates/0x00443D84/attempt-1.cpp,YELLOW,PROTOTYPE_UNCERTAIN,PASS,Reversed code matches Ghidra exactly.
0x00443D94,Savedata::PlayTime::GetSaveYear,0,16,analysis/reagent/candidates/0x00443D94/attempt-1.cpp,YELLOW,PROTOTYPE_UNCERTAIN,PASS,The reversed function matches the Ghidra decompilation exactly.
0x00443E80,Savedata::PlayTime::GetSaveMonth,0,16,analysis/reagent/candidates/0x00443E80/attempt-1.cpp,YELLOW,PROTOTYPE_UNCERTAIN,PASS,The reversed function matches the Ghidra decompilation exactly.
0x0048FDC4,Savedata::UnionPokemon::SetPokemon,0,16,analysis/reagent/candidates/0x0048FDC4/attempt-1.cpp,YELLOW,ABI_UNCERTAIN,PASS,The reversed code matches the Ghidra decompilation exactly.
0x004A6BEC,Savedata::ConfigSave::GetBoxStatus,0,16,analysis/reagent/candidates/0x004A6BEC/attempt-1.cpp,YELLOW,PROTOTYPE_UNCERTAIN,PASS,The reversed code matches the Ghidra decompilation exactly.
0x004A6BFC,Savedata::ConfigSave::GetBattleRule,0,16,analysis/reagent/candidates/0x004A6BFC/attempt-1.cpp,YELLOW,PROTOTYPE_UNCERTAIN,PASS,Reversed code matches the Ghidra decompilation exactly.
0x004A6C0C,Savedata::ConfigSave::GetButtonMode,0,16,analysis/reagent/candidates/0x004A6C0C/attempt-1.cpp,YELLOW,PROTOTYPE_UNCERTAIN,PASS,"The reversed code matches the Ghidra logic exactly, including offset, mask, shift, and expression order."
0x004A6C28,Savedata::ConfigSave::GetBattleAnimation,0,16,analysis/reagent/candidates/0x004A6C28/attempt-1.cpp,YELLOW,PROTOTYPE_UNCERTAIN,PASS,Reversed code matches the Ghidra decompilation exactly.
0x004A738C,Savedata::JoinFestaDataSave::IsRejectVip,0,16,analysis/reagent/candidates/0x004A738C/attempt-1.cpp,YELLOW,PROTOTYPE_UNCERTAIN,PASS,The reversed function matches the Ghidra decompilation exactly.
0x004A73DC,Savedata::JoinFestaDataSave::IsRejectGuest,0,16,analysis/reagent/candidates/0x004A73DC/attempt-1.cpp,YELLOW,PROTOTYPE_UNCERTAIN,PASS,The reversed function matches the Ghidra decompilation exactly.
0x004A74B0,Savedata::JoinFestaDataSave::IsAlwaysTradeOk,0,16,analysis/reagent/candidates/0x004A74B0/attempt-1.cpp,YELLOW,PROTOTYPE_UNCERTAIN,PASS,The reversed function matches the Ghidra decompilation exactly.
0x004A7518,Savedata::JoinFestaDataSave::GetTempSaveTheme,0,16,analysis/reagent/candidates/0x004A7518/attempt-1.cpp,YELLOW,PROTOTYPE_UNCERTAIN,PASS,"The reversed function matches the Ghidra decompilation exactly, including the return expression and offset."
0x004A7528,Savedata::JoinFestaDataSave::IsAlwaysBattleOk,0,16,analysis/reagent/candidates/0x004A7528/attempt-1.cpp,YELLOW,PROTOTYPE_UNCERTAIN,PASS,"The reversed function matches the Ghidra decompilation exactly, including the offset, bitmask, shift, and return type."
0x004A7618,Savedata::JoinFestaDataSave::IsAlwaysAttractionOk,0,16,analysis/reagent/candidates/0x004A7618/attempt-1.cpp,YELLOW,PROTOTYPE_UNCERTAIN,PASS,"The reversed code matches the Ghidra decompilation exactly, including offset and bit extraction."
0x004A7C84,Savedata::Misc::GetKawaigariTutorial,0,16,analysis/reagent/candidates/0x004A7C84/attempt-1.cpp,YELLOW,PROTOTYPE_UNCERTAIN,PASS,"The reversed function matches the Ghidra decompilation exactly, including the field offset, mask, shift, and return expression."
0x004A7C94,Savedata::Misc::GetBattleVideoPlayerTutorial,0,16,analysis/reagent/candidates/0x004A7C94/attempt-1.cpp,YELLOW,PROTOTYPE_UNCERTAIN,PASS,Reversed code matches the Ghidra decompilation exactly.
0x004A7F74,Savedata::MyItem::IsNew,0,16,analysis/reagent/candidates/0x004A7F74/attempt-1.cpp,YELLOW,PROTOTYPE_UNCERTAIN,PASS,Reversed code matches the Ghidra ground truth exactly.
0x004A81D0,Savedata::GameTime::IsPenaltyMode,0,16,analysis/reagent/candidates/0x004A81D0/attempt-1.cpp,YELLOW,PROTOTYPE_UNCERTAIN,PASS,The reversed function matches the Ghidra decompilation exactly.
0x004A8500,Savedata::MyStatus::GetNameString,0,16,analysis/reagent/candidates/0x004A8500/attempt-1.cpp,YELLOW,ABI_UNCERTAIN,PASS,Reversed code matches the Ghidra decompilation exactly.
0x004A8518,Savedata::MyStatus::GetNexUniqueID,0,16,analysis/reagent/candidates/0x004A8518/attempt-1.cpp,YELLOW,PROTOTYPE_UNCERTAIN,PASS,The reversed function matches the Ghidra logic exactly: it returns the 64-bit value at `this + 0x18` with no missing control flow or calls.
0x004A8584,Savedata::MyStatus::HasZenryokuRing,0,16,analysis/reagent/candidates/0x004A8584/attempt-1.cpp,YELLOW,PROTOTYPE_UNCERTAIN,PASS,"The reversed function matches the Ghidra decompilation exactly, including offset access and bit expression order."
0x004A85B4,Savedata::MyStatus::GetBallThrowType,0,16,analysis/reagent/candidates/0x004A85B4/attempt-1.cpp,YELLOW,PROTOTYPE_UNCERTAIN,PASS,"The reversed function matches the Ghidra decompilation exactly, including offset access, cast, branch condition, and return behavior."
0x004A86DC,Savedata::MyStatus::GetArea,0,16,analysis/reagent/candidates/0x004A86DC/attempt-1.cpp,YELLOW,PROTOTYPE_UNCERTAIN,PASS,The reversed function matches the Ghidra decompilation exactly.
0x004A8A80,Savedata::FieldMenu::GetMenuPage,0,16,analysis/reagent/candidates/0x004A8A80/attempt-1.cpp,YELLOW,PROTOTYPE_UNCERTAIN,PASS,The reversed function matches the Ghidra decompilation exactly.
0x004A8AD0,Savedata::FieldMenu::IsVisibleRotom,0,16,analysis/reagent/candidates/0x004A8AD0/attempt-1.cpp,YELLOW,PROTOTYPE_UNCERTAIN,PASS,The reversed function matches the Ghidra decompilation exactly.
0x0043B010,Savedata::BattleInstSave::SetBattleBgm,0,8,analysis/reagent/candidates/0x0043B010/attempt-1.cpp,YELLOW,PROTOTYPE_UNCERTAIN,PASS,The reversed code matches the Ghidra logic exactly: same thiscall store to offset 0x1c with no extra branches or calls.
0x00442898,Savedata::MyItem::ResetNew,0,16,analysis/reagent/candidates/0x00442898/attempt-1.cpp,YELLOW,PROTOTYPE_UNCERTAIN,PASS,The reversed function matches the Ghidra decompilation exactly.
0x0044344C,Savedata::GtsData::SetUploadKey,0,12,analysis/reagent/candidates/0x0044344C/attempt-1.cpp,YELLOW,ABI_UNCERTAIN,PASS,"The reversed function matches the Ghidra decompilation exactly in call, offset, arguments, and return behavior."
0x0038E9E8,Field::FieldBerryManager::UpdateBerrysStatusToExist,0,8,analysis/reagent/candidates/0x0038E9E8/attempt-1.cpp,YELLOW,PROTOTYPE_UNCERTAIN,PASS,The reversed function matches the Ghidra decompilation exactly.
0x0046B248,NetAppLib::JoinFesta::JoinFestaPersonalEvent::IsEventExist,0,8,analysis/reagent/candidates/0x0046B248/attempt-1.cpp,YELLOW,PROTOTYPE_UNCERTAIN,PASS,Reversed code matches the Ghidra decompilation exactly.
0x00104A40,GameSys::GameManager::GetUiDeviceManager,0,12,analysis/reagent/candidates/0x00104A40/attempt-1.cpp,YELLOW,ABI_UNCERTAIN,PASS,Reversed code matches the Ghidra decompilation exactly.
0x0030687C,app::util::FileAccessor::IsFileClose,0,12,analysis/reagent/candidates/0x0030687C/attempt-1.cpp,YELLOW,PROTOTYPE_UNCERTAIN,PASS,The reversed function matches the Ghidra decompilation exactly.
0x003EF088,NetAppLib::Util::NetAppEffectBG::PopClearColor,0,12,analysis/reagent/candidates/0x003EF088/attempt-1.cpp,YELLOW,PROTOTYPE_UNCERTAIN,PASS,Reversed code matches the Ghidra decompilation exactly.
0x003F3B30,GameSys::GameProc::GetGameManager,0,12,analysis/reagent/candidates/0x003F3B30/attempt-1.cpp,YELLOW,ABI_UNCERTAIN,PASS,Reversed code matches the Ghidra decompilation exactly.
0x003F3DEC,GameSys::AlolaTime::Initialize,0,12,analysis/reagent/candidates/0x003F3DEC/attempt-1.cpp,YELLOW,PROTOTYPE_UNCERTAIN,PASS,The reversed function matches the Ghidra decompilation exactly.
0x0042BB20,PokeTool::PokeGetUtil::SetFlag,0,12,analysis/reagent/candidates/0x0042BB20/attempt-1.cpp,YELLOW,PROTOTYPE_UNCERTAIN,PASS,The reversed function matches the Ghidra ground truth exactly.
0x0043E994,NetAppLib::Util::NetAppCommonSaveUtility::SetDisconnectDetectedFlag,0,12,analysis/reagent/candidates/0x0043E994/attempt-1.cpp,YELLOW,PROTOTYPE_UNCERTAIN,PASS,The reversed function matches the Ghidra decompilation exactly.
0x0045C160,NetAppLib::Util::NetAppEntryChecker::CheckFreeSpaceForGtsPlay,0,12,analysis/reagent/candidates/0x0045C160/attempt-1.cpp,YELLOW,PROTOTYPE_UNCERTAIN,PASS,The reversed function matches the Ghidra logic: it performs the same singleton access call and has no additional control flow.
0x00467F58,NetAppLib::JoinFesta::JoinFestaPersonalData::FinishPersonalEvent,0,12,analysis/reagent/candidates/0x00467F58/attempt-1.cpp,YELLOW,PROTOTYPE_UNCERTAIN,PASS,The reversed function matches the Ghidra decompilation exactly.
0x004717D0,NetAppLib::JoinFesta::JoinFestaAttractionManager::SetKentarosuRideRockBreaker,0,12,analysis/reagent/candidates/0x004717D0/attempt-1.cpp,YELLOW,PROTOTYPE_UNCERTAIN,PASS,The reversed function matches the Ghidra decompilation exactly.
0x00473A20,NetAppLib::JoinFesta::JoinFestaPersonalDataManager::IsExistOpenAttractionUser,0,12,analysis/reagent/candidates/0x00473A20/attempt-1.cpp,YELLOW,PROTOTYPE_UNCERTAIN,PASS,The reversed function matches the Ghidra decompilation exactly.
0x00497508,app::util::FileAccessor::IsFileLoad,0,12,analysis/reagent/candidates/0x00497508/attempt-1.cpp,YELLOW,PROTOTYPE_UNCERTAIN,PASS,Reversed code matches the Ghidra decompilation exactly.
0x004A3230,GameSys::GameManager::GetNijiExtSaveSystem,0,12,analysis/reagent/candidates/0x004A3230/attempt-1.cpp,YELLOW,ABI_UNCERTAIN,PASS,Matches the Ghidra logic exactly.
0x0045B124,NetAppLib::Util::BossUtility::CreateXYBossAttribute1,0,16,analysis/reagent/candidates/0x0045B124/attempt-1.cpp,YELLOW,PROTOTYPE_UNCERTAIN,PASS,The reversed function matches the Ghidra decompilation exactly; the body consists of the same singleton accessor call and no other logic.
0x0045C1DC,NetAppLib::Util::NetAppEntryChecker::CheckPokemonCountForTrade,0,16,analysis/reagent/candidates/0x0045C1DC/attempt-1.cpp,YELLOW,PROTOTYPE_UNCERTAIN,PASS,The reversed function matches the Ghidra body exactly with the same single call and no missing control flow.
0x00465F24,NetAppLib::JoinFesta::JoinFestaPacketUtil::CheckAttractionJoinEnable,0,16,analysis/reagent/candidates/0x00465F24/attempt-1.cpp,YELLOW,PROTOTYPE_UNCERTAIN,PASS,The reversed function matches the Ghidra decompilation exactly.
0x00306858,app::util::FileAccessor::IsFileOpen,0,12,analysis/reagent/candidates/0x00306858/attempt-1.cpp,YELLOW,PROTOTYPE_UNCERTAIN,PASS,The reversed function matches the Ghidra decompilation exactly.
0x004A3220,GameSys::GameManager::GetAsyncFileManager,0,12,analysis/reagent/candidates/0x004A3220/attempt-1.cpp,YELLOW,ABI_UNCERTAIN,PASS,Reversed code matches the Ghidra decompilation exactly.
0x001048B4,gfl2::base::SingletonAccessor<GameSys::GameManager>::GetInstance,0,12,analysis/reagent/candidates/0x001048B4/attempt-1.cpp,YELLOW,ABI_UNCERTAIN,PASS,The reversed function matches the Ghidra logic exactly: it returns the value at `DAT_001048c0` with no extra control flow or calls.
0x003CD0D4,NetApp::QR::GetQRScanCount,0,16,analysis/reagent/candidates/0x003CD0D4/attempt-1.cpp,YELLOW,ABI_UNCERTAIN,PASS,The reversed function matches the Ghidra decompilation exactly.
0x00343334,gfl2::qr::QREncodeData::SetVersion,0,8,analysis/reagent/candidates/0x00343334/attempt-1.cpp,YELLOW,PROTOTYPE_UNCERTAIN,PASS,"The reversed function matches the Ghidra logic exactly: it stores the input value at `this->version`, corresponding to offset `0x18`."
0x00163B24,mw::qre::QREncoder::Encode,0,8,analysis/reagent/candidates/0x00163B24/attempt-1.cpp,YELLOW,ABI_UNCERTAIN,PASS,The reversed function matches the Ghidra logic exactly in call structure and control flow.
0x003A6520,Field::MoveModel::FieldActionCommandManager::FieldActionCommandManager,0,4,analysis/reagent/candidates/0x003A6520/attempt-1.cpp,YELLOW,PROTOTYPE_UNCERTAIN,PASS,"The reversed constructor matches the Ghidra decompilation exactly: empty body with no calls, branches, or field writes."
0x0049EBC0,Field::Encount::PokeSet::GetTopMonsEncountParam,0,4,analysis/reagent/candidates/0x0049EBC0/attempt-1.cpp,YELLOW,PROTOTYPE_UNCERTAIN,PASS,The reversed function matches the Ghidra decompilation exactly.
0x002E65A8,App::FieldMenu::PlayData::GetCursorPos,0,8,analysis/reagent/candidates/0x002E65A8/attempt-1.cpp,YELLOW,ABI_UNCERTAIN,PASS,The reversed function matches the Ghidra decompilation exactly.
0x002E65C0,App::FieldMenu::PlayData::GetEndInputMode,0,8,analysis/reagent/candidates/0x002E65C0/attempt-1.cpp,YELLOW,PROTOTYPE_UNCERTAIN,PASS,"The reversed function matches the Ghidra logic exactly, including the `0x29` byte offset and char-to-int cast."
0x002E65C8,App::FieldMenu::PlayData::SetEndInputMode,0,8,analysis/reagent/candidates/0x002E65C8/attempt-1.cpp,YELLOW,PROTOTYPE_UNCERTAIN,PASS,The reversed function matches the Ghidra decompilation exactly.
0x002E6614,App::FieldMenu::PlayData::SetSelectRideID,0,8,analysis/reagent/candidates/0x002E6614/attempt-1.cpp,YELLOW,PROTOTYPE_UNCERTAIN,PASS,Reversed code matches the Ghidra decompilation exactly.
0x002E661C,App::FieldMenu::PlayData::GetRideCursorPos,0,8,analysis/reagent/candidates/0x002E661C/attempt-1.cpp,YELLOW,PROTOTYPE_UNCERTAIN,PASS,The reversed function matches the Ghidra decompilation exactly.
0x002E66C4,App::FieldMenu::PlayData::IsEndContinueRotomMessage,0,8,analysis/reagent/candidates/0x002E66C4/attempt-1.cpp,YELLOW,PROTOTYPE_UNCERTAIN,PASS,"The reversed function matches the Ghidra logic exactly, including the byte offset and return cast."
0x0037FFEC,Field::FieldScript::FieldScriptSystem::GetBgPartsInfo,0,8,analysis/reagent/candidates/0x0037FFEC/attempt-1.cpp,YELLOW,PROTOTYPE_UNCERTAIN,PASS,The reversed function matches the Ghidra decompilation exactly.
0x00396CF8,Field::Encount::EncountWork::GetPokeSet,0,8,analysis/reagent/candidates/0x00396CF8/attempt-1.cpp,YELLOW,PROTOTYPE_UNCERTAIN,PASS,The reversed function matches the Ghidra decompilation exactly.
0x003ED670,System::DressUp::GetDressUpArcIdListField,0,8,analysis/reagent/candidates/0x003ED670/attempt-1.cpp,YELLOW,ABI_UNCERTAIN,PASS,Reversed code matches the Ghidra decompilation exactly.
0x00473118,NetAppLib::JoinFesta::JoinFestaPersonalDataManager::GetFieldPersonalList,0,8,analysis/reagent/candidates/0x00473118/attempt-1.cpp,YELLOW,PROTOTYPE_UNCERTAIN,PASS,Reversed code matches the Ghidra decompilation exactly.
0x00473DB0,NetAppLib::JoinFesta::JoinFestaPersonalDataManager::GetScriptTalkFieldPersonalData,0,8,analysis/reagent/candidates/0x00473DB0/attempt-1.cpp,YELLOW,ABI_UNCERTAIN,PASS,"The reversed function matches the Ghidra decompilation exactly, including signature, offset access, and return expression."
0x0048D344,App::FieldMenu::PlayData::GetRideParam,0,8,analysis/reagent/candidates/0x0048D344/attempt-1.cpp,YELLOW,PROTOTYPE_UNCERTAIN,PASS,The reversed function matches the Ghidra decompilation exactly.
0x0049CFAC,Field::FieldScript::FieldScriptSystem::IsCreated,0,8,analysis/reagent/candidates/0x0049CFAC/attempt-1.cpp,YELLOW,PROTOTYPE_UNCERTAIN,PASS,"The reversed function matches the Ghidra logic exactly, including the byte offset and cast behavior."
0x0049E188,Field::World::GetWorldID,0,8,analysis/reagent/candidates/0x0049E188/attempt-1.cpp,YELLOW,PROTOTYPE_UNCERTAIN,PASS,"The reversed function matches the Ghidra logic exactly, including the direct 16-bit load from `this` and the lack of branches or calls."
0x0049E190,Field::World::GetZoneNum,0,8,analysis/reagent/candidates/0x0049E190/attempt-1.cpp,YELLOW,PROTOTYPE_UNCERTAIN,PASS,The reversed function matches the Ghidra logic: it returns the 4-byte value at offset 0x1c from this with no extra control flow.
0x0049E1D0,Field::World::GetWorldInfo,0,8,analysis/reagent/candidates/0x0049E1D0/attempt-1.cpp,YELLOW,ABI_UNCERTAIN,PASS,The reversed function matches the Ghidra decompilation exactly.
0x0049E604,Field::Encount::EncountEffect::IsInitialized,0,8,analysis/reagent/candidates/0x0049E604/attempt-1.cpp,YELLOW,PROTOTYPE_UNCERTAIN,PASS,"The reversed code matches the Ghidra logic exactly, including the 0x1d byte offset and char-to-int conversion."
0x0049E69C,Field::Encount::EncountEffect::IsNeedFieldCapture,0,8,analysis/reagent/candidates/0x0049E69C/attempt-1.cpp,YELLOW,PROTOTYPE_UNCERTAIN,PASS,"The reversed function matches the Ghidra logic exactly, including the single byte offset read and integer cast."
0x0049F994,Field::MoveModel::FieldMoveModelShadowManager::GetEffectShadowFoot,0,8,analysis/reagent/candidates/0x0049F994/attempt-1.cpp,YELLOW,PROTOTYPE_UNCERTAIN,PASS,"The reversed function matches the Ghidra logic exactly, including the 0x18 offset and return type."
0x002E665C,App::FieldMenu::PlayData::GetRotomMessageWork,0,12,analysis/reagent/candidates/0x002E665C/attempt-1.cpp,YELLOW,ABI_UNCERTAIN,PASS,The reversed function matches the Ghidra decompilation exactly.
0x002E66E0,App::FieldMenu::PlayData::SetEndContinueRotomMessage,0,12,analysis/reagent/candidates/0x002E66E0/attempt-1.cpp,YELLOW,PROTOTYPE_UNCERTAIN,PASS,"The reversed function matches the Ghidra logic: it writes `1` to the `endContinueRotomMessage` field, corresponding to offset `0x28`."
0x00381040,Field::FieldScript::FieldScriptSystem::ClearTerrainBlockControlPosition,0,12,analysis/reagent/candidates/0x00381040/attempt-1.cpp,YELLOW,PROTOTYPE_UNCERTAIN,PASS,Directly matches the Ghidra write to this+0xa0 with no extra logic.
0x00396EC0,Field::Encount::EncountWork::GetEncountEffect,0,12,analysis/reagent/candidates/0x00396EC0/attempt-1.cpp,YELLOW,PROTOTYPE_UNCERTAIN,PASS,The reversed function matches the Ghidra decompilation exactly.
0x0039A520,Field::EventWork::GetMushiyokeItemNo,0,12,analysis/reagent/candidates/0x0039A520/attempt-1.cpp,YELLOW,PROTOTYPE_UNCERTAIN,PASS,The reversed function matches the Ghidra logic for a 16-bit value at offset 0x9c6.
0x002E664C,App::FieldMenu::PlayData::GetRotomMessageText,0,16,analysis/reagent/candidates/0x002E664C/attempt-1.cpp,YELLOW,PROTOTYPE_UNCERTAIN,PASS,Reversed code matches the Ghidra decompilation exactly.
0x00380778,Field::FieldScript::FieldScriptSystem::FinalizeZoneScript,0,16,analysis/reagent/candidates/0x00380778/attempt-1.cpp,YELLOW,PROTOTYPE_UNCERTAIN,PASS,The reversed function matches the decompiled logic exactly: both 0x5c and 0x60 are zeroed with no extra control flow.
0x00394C44,Field::Area::GetTerrainMemoryMode,0,16,analysis/reagent/candidates/0x00394C44/attempt-1.cpp,YELLOW,PROTOTYPE_UNCERTAIN,PASS,Reversed code matches the Ghidra decompilation exactly.
0x0039A364,Field::EventWork::GetZigarudeCell,0,16,analysis/reagent/candidates/0x0039A364/attempt-1.cpp,YELLOW,PROTOTYPE_UNCERTAIN,PASS,The reversed implementation matches the Ghidra logic exactly for the single 2-byte load at offset 0x146.
0x0039A3C8,Field::EventWork::CheckIDFlagRenge,0,16,analysis/reagent/candidates/0x0039A3C8/attempt-1.cpp,YELLOW,PROTOTYPE_UNCERTAIN,PASS,The reversed function matches the Ghidra ground truth exactly.
0x003A16B0,Field::MoveModel::FieldMoveModelPlayer::CheckSafetyPosition,0,16,analysis/reagent/candidates/0x003A16B0/attempt-1.cpp,YELLOW,PROTOTYPE_UNCERTAIN,PASS,The reversed function matches the Ghidra logic exactly: two zero assignments to the corresponding fields and no extra control flow.
0x003A8424,Field::MoveModel::FieldMoveModelAreaCharaAccessor::FieldMoveModelAreaCharaAccessor,0,16,analysis/reagent/candidates/0x003A8424/attempt-1.cpp,YELLOW,ABI_UNCERTAIN,PASS,The reversed constructor matches the Ghidra logic exactly: it writes the global value to offset 0 and zero to offset 4.
0x002E65B0,App::FieldMenu::PlayData::SetCursorPos,0,8,analysis/reagent/candidates/0x002E65B0/attempt-1.cpp,YELLOW,PROTOTYPE_UNCERTAIN,PASS,"The reversed function matches the Ghidra logic exactly, including the single 2-byte store at `this + 4`."
0x0039CE30,Field::MoveModel::FieldMoveModel::SetMotionSignal,0,8,analysis/reagent/candidates/0x0039CE30/attempt-1.cpp,YELLOW,PROTOTYPE_UNCERTAIN,PASS,"The reversed function matches the Ghidra decompilation exactly, including the field offset and assignment semantics."
0x003A84A0,Field::SubScreen::FieldSubScreen::SetEventXMenu,0,8,analysis/reagent/candidates/0x003A84A0/attempt-1.cpp,YELLOW,PROTOTYPE_UNCERTAIN,PASS,The reversed code matches the Ghidra logic exactly.
0x003738C4,Field::EventXMenu::SetFieldMenuProc,0,12,analysis/reagent/candidates/0x003738C4/attempt-1.cpp,YELLOW,PROTOTYPE_UNCERTAIN,PASS,"Reversed code matches the Ghidra logic exactly, including both field writes and no control flow."
0x0039993C,Field::Attribute::Initialize,0,12,analysis/reagent/candidates/0x0039993C/attempt-1.cpp,YELLOW,ABI_UNCERTAIN,PASS,Reversed code matches the Ghidra decompilation exactly.
0x003F2B98,GameSys::GameData::GetFieldCameraData,0,16,analysis/reagent/candidates/0x003F2B98/attempt-1.cpp,YELLOW,PROTOTYPE_UNCERTAIN,PASS,"The reversed function matches the Ghidra decompilation exactly, including offset access, load/store order, and all assignments."
0x0038D544,Field::ZoneDataAccessor::ZoneDataAccessor,0,16,analysis/reagent/candidates/0x0038D544/attempt-1.cpp,YELLOW,ABI_UNCERTAIN,PASS,The reversed constructor matches the Ghidra logic exactly.
0x002E65B8,App::FieldMenu::PlayData::SetRideParam,0,8,analysis/reagent/candidates/0x002E65B8/attempt-1.cpp,YELLOW,ABI_UNCERTAIN,PASS,Reversed code matches the Ghidra decompilation exactly.
0x0038C42C,Field::EventFieldReport::SetInit,0,12,analysis/reagent/candidates/0x0038C42C/attempt-1.cpp,YELLOW,PROTOTYPE_UNCERTAIN,PASS,"The reversed code matches the Ghidra logic exactly, including both field offsets and the absence of branches or calls."
0x003930CC,Field::EventFieldQuickMatch::SetInit,0,12,analysis/reagent/candidates/0x003930CC/attempt-1.cpp,YELLOW,PROTOTYPE_UNCERTAIN,PASS,The reversed function matches the Ghidra logic exactly: both assignments use the same offsets and no extra control flow exists.
0x0039A500,Field::EventWork::SetMushiyokeCount,0,16,analysis/reagent/candidates/0x0039A500/attempt-1.cpp,YELLOW,PROTOTYPE_UNCERTAIN,PASS,"The reversed function matches the Ghidra logic exactly: same two 16-bit writes, same parameter-to-offset mapping, and no missing control flow."
0x003980A8,Field::Encount::EventSymbolEncount::SetParam,0,16,analysis/reagent/candidates/0x003980A8/attempt-1.cpp,YELLOW,PROTOTYPE_UNCERTAIN,PASS,The reversed function matches the Ghidra decompilation exactly.
0x003AD730,Field::FieldSound::StartBattleBGM,0,16,analysis/reagent/candidates/0x003AD730/attempt-1.cpp,YELLOW,ABI_UNCERTAIN,PASS,"The reversed function matches the Ghidra control flow, calls, and branch conditions exactly."
0x003AD8B4,Field::FieldSound::ChangeBattleBGM,0,16,analysis/reagent/candidates/0x003AD8B4/attempt-1.cpp,YELLOW,ABI_UNCERTAIN,PASS,"The reversed function matches the Ghidra logic exactly, including call order and critical section handling."
0x003741B4,Field::FieldSound::StartEventBGM,0,16,analysis/reagent/candidates/0x003741B4/attempt-1.cpp,YELLOW,ABI_UNCERTAIN,PASS,The reversed function matches the Ghidra body and call order exactly.
0x003741C4,Field::FieldSound::ChangeEventBGM,0,16,analysis/reagent/candidates/0x003741C4/attempt-1.cpp,YELLOW,ABI_UNCERTAIN,PASS,Body and call structure match the Ghidra decompilation exactly.
0x003C08B8,print::SystemFont_SetLoadBattleFont,0,4,analysis/reagent/candidates/0x003C08B8/attempt-1.cpp,YELLOW,PROTOTYPE_UNCERTAIN,PASS,The reversed function matches the Ghidra decompilation exactly: it is a no-op with only a return.
0x00159F64,BattleInst::BattleInst::IsBoss,0,8,analysis/reagent/candidates/0x00159F64/attempt-1.cpp,YELLOW,PROTOTYPE_UNCERTAIN,PASS,The reversed implementation matches the Ghidra logic exactly: it returns the signed byte at offset 1 from `this` as an `int`.
0x003ED67C,System::DressUp::GetDressUpArcIdListBattle,0,8,analysis/reagent/candidates/0x003ED67C/attempt-1.cpp,YELLOW,ABI_UNCERTAIN,PASS,The reversed function matches the Ghidra decompilation exactly.
0x004A660C,trainer::TrainerTypeData::GetBattleMainModelID,0,8,analysis/reagent/candidates/0x004A660C/attempt-1.cpp,YELLOW,PROTOTYPE_UNCERTAIN,PASS,The reversed function matches the Ghidra logic exactly: it returns the 16-bit value at offset 0x10 from this with no extra control flow.
0x004AAEF8,NetAppLib::JoinFesta::JoinFestaPersonalData::GetPacketBattleInvite,0,8,analysis/reagent/candidates/0x004AAEF8/attempt-1.cpp,YELLOW,PROTOTYPE_UNCERTAIN,PASS,The reversed function matches the Ghidra decompilation exactly.
0x004AAF28,NetAppLib::JoinFesta::JoinFestaPersonalData::GetPacketBattleRecieve,0,8,analysis/reagent/candidates/0x004AAF28/attempt-1.cpp,YELLOW,PROTOTYPE_UNCERTAIN,PASS,The reversed function matches the Ghidra decompilation exactly.
0x002F216C,app::tool::CharaSimpleModel::GetCharaBattleCharaId,0,12,analysis/reagent/candidates/0x002F216C/attempt-1.cpp,YELLOW,PROTOTYPE_UNCERTAIN,PASS,The reversed function matches the Ghidra decompilation exactly.
0x0041EF84,NetEvent::BattleSpot::BattleSpotEvent::IsEnterBattleSpot,0,12,analysis/reagent/candidates/0x0041EF84/attempt-1.cpp,YELLOW,ABI_UNCERTAIN,PASS,The reversed function matches the Ghidra decompilation exactly.
0x0041EF94,NetEvent::BattleSpot::BattleSpotEvent::IsSessionLeftFlag,0,12,analysis/reagent/candidates/0x0041EF94/attempt-1.cpp,YELLOW,ABI_UNCERTAIN,PASS,The reversed function matches the Ghidra logic; the only difference is an implicit int conversion that is semantically equivalent.
0x00456734,NetAppLib::BattleVideoPlayer::VideoDataManager::LoadOnline,0,12,analysis/reagent/candidates/0x00456734/attempt-1.cpp,YELLOW,ABI_UNCERTAIN,PASS,Reversed code matches the Ghidra decompilation exactly.
0x00159E9C,BattleInst::BattleInst::IsWin,0,16,analysis/reagent/candidates/0x00159E9C/attempt-1.cpp,YELLOW,PROTOTYPE_UNCERTAIN,PASS,"Reversed code matches the Ghidra decompilation exactly, including the offset and comparison expression."
0x0015A888,BattleInst::BattleInstManager::BattleInstManager,0,16,analysis/reagent/candidates/0x0015A888/attempt-1.cpp,YELLOW,PROTOTYPE_UNCERTAIN,PASS,The reversed constructor matches the Ghidra logic exactly.
0x003C02F4,print::SystemFont_GetBattleFont,0,16,analysis/reagent/candidates/0x003C02F4/attempt-1.cpp,YELLOW,ABI_UNCERTAIN,PASS,The reversed function matches the Ghidra logic exactly.
0x0041EFA4,NetEvent::BattleSpot::BattleSpotEvent::SetSessionLeftFlag,0,12,analysis/reagent/candidates/0x0041EFA4/attempt-1.cpp,YELLOW,ABI_UNCERTAIN,PASS,"The reversed function matches the Ghidra logic exactly, including the global offset write and expression order."
0x00158D00,BattleInst::BattleInst::SetNoEntryTrainer,0,16,analysis/reagent/candidates/0x00158D00/attempt-1.cpp,YELLOW,PROTOTYPE_UNCERTAIN,PASS,"The reversed code matches the Ghidra logic exactly: same member access, offset, scaling, and assignment."
0x002E6BA0,app::ui::UIResponder::OnSetInputEnabled,0,4,analysis/reagent/candidates/0x002E6BA0/attempt-1.cpp,YELLOW,PROTOTYPE_UNCERTAIN,PASS,The reversed function matches the Ghidra decompilation exactly: it is an empty no-op returning immediately.
0x0032A438,gfl2::renderingengine::scenegraph::instance::ModelInstanceNode::StateChangeCallBack,0,4,analysis/reagent/candidates/0x0032A438/attempt-1.cpp,YELLOW,PROTOTYPE_UNCERTAIN,PASS,The reversed function matches the Ghidra decompilation exactly: empty body with a single return.
0x0032A864,gfl2::renderingengine::scenegraph::instance::ModelInstanceNode::PreDraw,0,4,analysis/reagent/candidates/0x0032A864/attempt-1.cpp,YELLOW,PROTOTYPE_UNCERTAIN,PASS,The reversed function matches the Ghidra decompilation exactly: it is an empty no-op returning immediately.
0x00337148,gfl2::renderingengine::renderer::RenderingPipeLine::~RenderingPipeLine,0,4,analysis/reagent/candidates/0x00337148/attempt-1.cpp,YELLOW,PROTOTYPE_UNCERTAIN,PASS,The reversed destructor matches the Ghidra decompilation exactly.
0x00340F24,gfl2::fs::BinLinkerAccessor::~BinLinkerAccessor,0,4,analysis/reagent/candidates/0x00340F24/attempt-1.cpp,YELLOW,PROTOTYPE_UNCERTAIN,PASS,The reversed destructor matches the Ghidra output exactly as a no-op.
0x00356830,gfl2::str::PrintCode,0,4,analysis/reagent/candidates/0x00356830/attempt-1.cpp,YELLOW,PROTOTYPE_UNCERTAIN,PASS,The reversed function matches the Ghidra ground truth exactly.
0x003589CC,gfl2::math::SFMTRandom::SFMTRandom,0,4,analysis/reagent/candidates/0x003589CC/attempt-1.cpp,YELLOW,PROTOTYPE_UNCERTAIN,PASS,The reversed function matches the Ghidra decompilation exactly: an empty constructor body with no operations.
0x0035BDB4,gfl2::debug::LogWindow_AddMsg,0,4,analysis/reagent/candidates/0x0035BDB4/attempt-1.cpp,YELLOW,PROTOTYPE_UNCERTAIN,PASS,"The reversed function matches the Ghidra output, which contains only a return with no logic."
0x003D25C8,NetLib::NijiNetworkSystem::IsWLANSwitchEnable,0,4,analysis/reagent/candidates/0x003D25C8/attempt-1.cpp,YELLOW,ABI_UNCERTAIN,PASS,"The reversed function matches the Ghidra decompilation exactly, including the single byte-offset comparison and return expression."
0x003F3B28,GameSys::GameProc::PreDrawFunc,0,4,analysis/reagent/candidates/0x003F3B28/attempt-1.cpp,YELLOW,PROTOTYPE_UNCERTAIN,PASS,The reversed function matches the Ghidra decompilation exactly: it is a no-op returning immediately.
0x003F3B2C,GameSys::GameProc::EventCheckFunc,0,4,analysis/reagent/candidates/0x003F3B2C/attempt-1.cpp,YELLOW,PROTOTYPE_UNCERTAIN,PASS,The reversed function matches the Ghidra decompilation exactly: it is a no-op that returns immediately.
0x003F46AC,GameSys::GameEvent::~GameEvent,0,4,analysis/reagent/candidates/0x003F46AC/attempt-1.cpp,YELLOW,PROTOTYPE_UNCERTAIN,PASS,The reversed destructor matches the Ghidra ground truth exactly: it is an empty no-op function.
0x00454EC4,NetAppLib::JoinFestaUI::JoinFestaPlayerListSelectLowerViewBase::CallBack_CursorOff,0,4,analysis/reagent/candidates/0x00454EC4/attempt-1.cpp,YELLOW,PROTOTYPE_UNCERTAIN,PASS,The reversed function matches the Ghidra decompilation exactly: it is an empty no-op returning immediately.
0x0045509C,NetAppLib::JoinFestaUI::JoinFestaPlayerListSelectLowerViewBase::CallBack_ItemChange,0,4,analysis/reagent/candidates/0x0045509C/attempt-1.cpp,YELLOW,PROTOTYPE_UNCERTAIN,PASS,The reversed function matches the Ghidra decompilation exactly: it is an empty function that immediately returns.
0x00455224,NetAppLib::JoinFestaUI::JoinFestaPlayerListSelectLowerViewBase::Update,0,4,analysis/reagent/candidates/0x00455224/attempt-1.cpp,YELLOW,PROTOTYPE_UNCERTAIN,PASS,"The reversed function matches the Ghidra logic exactly, including call order and the 0xa4 cursor offset."
0x0045B0A0,NetAppLib::UI::NetAppRegulationUpperView::~NetAppRegulationUpperView,0,4,analysis/reagent/candidates/0x0045B0A0/attempt-1.cpp,YELLOW,ABI_UNCERTAIN,PASS,Reversed code matches the Ghidra decompilation exactly.
0x0045EBB0,NetAppLib::System::NetAppFrameBase::DrawFunc,0,4,analysis/reagent/candidates/0x0045EBB0/attempt-1.cpp,YELLOW,PROTOTYPE_UNCERTAIN,PASS,Reversed code matches the Ghidra function exactly: a no-op return with no missing logic.
0x0048E5D4,app::tool::InfoWindowSheetType::IsCreated,0,4,analysis/reagent/candidates/0x0048E5D4/attempt-1.cpp,YELLOW,PROTOTYPE_UNCERTAIN,PASS,The reversed function matches the Ghidra logic exactly.
0x004A2A74,NetApp::Live::LiveNet::GetClientID_Opponent,0,4,analysis/reagent/candidates/0x004A2A74/attempt-1.cpp,YELLOW,ABI_UNCERTAIN,PASS,The reversed function matches the Ghidra decompilation exactly in behavior and expression order.
0x004AA54C,NetAppLib::JoinFestaUI::JoinFestaPlayerListSelectLowerViewBase::IsDrawing,0,4,analysis/reagent/candidates/0x004AA54C/attempt-1.cpp,YELLOW,PROTOTYPE_UNCERTAIN,PASS,Reversed code matches the Ghidra decompilation exactly.
0x004AE7F4,gfl2::renderingengine::scenegraph::instance::ModelInstanceNode::PreDraw,0,4,analysis/reagent/candidates/0x004AE7F4/attempt-1.cpp,YELLOW,PROTOTYPE_UNCERTAIN,PASS,The reversed function matches the Ghidra decompilation exactly: empty body and no side effects.
0x004AF348,NetAppLib::JoinFestaUI::JoinFestaPlayerListSelectLowerViewBase::CallBack_CursorOff,0,4,analysis/reagent/candidates/0x004AF348/attempt-1.cpp,YELLOW,PROTOTYPE_UNCERTAIN,PASS,The reversed function matches the Ghidra decompilation exactly.
0x004AF52C,NetAppLib::JoinFestaUI::JoinFestaPlayerListSelectLowerViewBase::CallBack_ItemChange,0,4,analysis/reagent/candidates/0x004AF52C/attempt-1.cpp,YELLOW,PROTOTYPE_UNCERTAIN,PASS,The reversed function matches the Ghidra decompilation exactly: it is an empty no-op callback.
0x00557F58,nw::font::TagProcessorBase<wchar_t>::~TagProcessorBase,0,4,analysis/reagent/candidates/0x00557F58/attempt-1.cpp,YELLOW,ABI_UNCERTAIN,PASS,The reversed destructor matches the Ghidra decompilation exactly.
0x00103384,"std::codecvt_byname<wchar_t,char,std::__mbstate_t>::do_max_length",0,8,analysis/reagent/candidates/0x00103384/attempt-1.cpp,YELLOW,ABI_UNCERTAIN,PASS,Reversed code matches the Ghidra decompilation exactly.
0x00103A68,std::ctype_byname<char>::~ctype_byname,0,8,analysis/reagent/candidates/0x00103A68/attempt-1.cpp,YELLOW,ABI_UNCERTAIN,PASS,The reversed destructor matches the Ghidra decompilation exactly.
0x0028836C,nw::eft::EmitterSet::SetStopCalc,0,8,analysis/reagent/candidates/0x0028836C/attempt-1.cpp,YELLOW,PROTOTYPE_UNCERTAIN,PASS,The reversed code matches the Ghidra decompilation exactly.
0x00288374,nw::eft::EmitterSet::SetStopDraw,0,8,analysis/reagent/candidates/0x00288374/attempt-1.cpp,YELLOW,PROTOTYPE_UNCERTAIN,PASS,The reversed function matches the Ghidra decompilation exactly.
0x002C7A74,App::TrainerPass::PlayData::GetStampPage,0,8,analysis/reagent/candidates/0x002C7A74/attempt-1.cpp,YELLOW,PROTOTYPE_UNCERTAIN,PASS,The reversed function matches the Ghidra decompilation exactly in behavior and offset access.
0x002C7E10,App::Box::BoxAppSetup::GetOtherMessage,0,8,analysis/reagent/candidates/0x002C7E10/attempt-1.cpp,YELLOW,ABI_UNCERTAIN,PASS,"The reversed function matches the Ghidra logic exactly, including the single field load at offset 0x94."
0x002C910C,App::Tool::MapManager::SetVisible,0,8,analysis/reagent/candidates/0x002C910C/attempt-1.cpp,YELLOW,PROTOTYPE_UNCERTAIN,PASS,The reversed function matches the Ghidra logic: it assigns the parameter to the `visible` field at offset `0x18` and returns.
0x002CC1A0,App::Tool::NewPaneList::SetupSkipMode,0,8,analysis/reagent/candidates/0x002CC1A0/attempt-1.cpp,YELLOW,PROTOTYPE_UNCERTAIN,PASS,The reversed code matches the Ghidra logic: it performs the same single field assignment with no missing control flow.
0x002CC534,App::Tool::NewPaneList::SetupEffectMode,0,8,analysis/reagent/candidates/0x002CC534/attempt-1.cpp,YELLOW,PROTOTYPE_UNCERTAIN,PASS,The reversed code matches the Ghidra logic: a single assignment to offset 0xdd with no missing control flow.
0x002E0CEC,App::PokeList::IntermediateData::GetPokeParty,0,8,analysis/reagent/candidates/0x002E0CEC/attempt-1.cpp,YELLOW,ABI_UNCERTAIN,PASS,Reversed code matches the Ghidra decompilation exactly.
0x002E6B10,app::ui::UIResponder::SetTouchEnabled,0,8,analysis/reagent/candidates/0x002E6B10/attempt-1.cpp,YELLOW,PROTOTYPE_UNCERTAIN,PASS,The reversed function matches the Ghidra decompilation exactly.
0x002E6B20,app::ui::UIResponder::GetButtonManager,0,8,analysis/reagent/candidates/0x002E6B20/attempt-1.cpp,YELLOW,ABI_UNCERTAIN,PASS,The reversed function matches the Ghidra decompilation exactly.
0x002E6FB8,app::ui::UIResponder::SetInputExclusiveKeyByButtonAnimation,0,8,analysis/reagent/candidates/0x002E6FB8/attempt-1.cpp,YELLOW,PROTOTYPE_UNCERTAIN,PASS,The reversed function matches the Ghidra decompilation exactly.
0x002E71FC,app::ui::UIViewManager::GetInputExclusiveKeyByButtonAnimation,0,8,analysis/reagent/candidates/0x002E71FC/attempt-1.cpp,YELLOW,PROTOTYPE_UNCERTAIN,PASS,The reversed function matches the Ghidra logic exactly: same `this` offset access and same `char` to `int` cast semantics.
0x002E7204,app::ui::UIViewManager::SetInputExclusiveKeyByButtonAnimation,0,8,analysis/reagent/candidates/0x002E7204/attempt-1.cpp,YELLOW,PROTOTYPE_UNCERTAIN,PASS,Single field assignment matches the Ghidra store at offset 0x84.
0x002E738C,app::ui::UIView::SetVisible,0,8,analysis/reagent/candidates/0x002E738C/attempt-1.cpp,YELLOW,PROTOTYPE_UNCERTAIN,PASS,The reversed function matches the Ghidra logic exactly: a single assignment to the visibility field at offset 0x6c with no extra control flow.
0x002E74C4,app::ui::UIView::GetSuperView,0,8,analysis/reagent/candidates/0x002E74C4/attempt-1.cpp,YELLOW,ABI_UNCERTAIN,PASS,Reversed code matches the Ghidra decompilation exactly.
0x002E7FB0,app::ui::UIView::SetModal,0,8,analysis/reagent/candidates/0x002E7FB0/attempt-1.cpp,YELLOW,PROTOTYPE_UNCERTAIN,PASS,The reversed code matches the Ghidra logic exactly: one assignment to the modal field and no extra control flow.
0x002E8AA0,app::tool::IconObject::InitFunc,0,8,analysis/reagent/candidates/0x002E8AA0/attempt-1.cpp,YELLOW,PROTOTYPE_UNCERTAIN,PASS,The reversed function matches the Ghidra logic exactly: it returns 1 and has no additional control flow or calls.
0x002E9730,app::tool::MenuCursor::IsModuleFree,0,8,analysis/reagent/candidates/0x002E9730/attempt-1.cpp,YELLOW,PROTOTYPE_UNCERTAIN,PASS,"The reversed code matches the Ghidra logic exactly, including the 0x21 byte offset and int-cast return."
0x002E9868,app::tool::MenuCursor::GetLayoutWork,0,8,analysis/reagent/candidates/0x002E9868/attempt-1.cpp,YELLOW,ABI_UNCERTAIN,PASS,Reversed code matches the Ghidra decompilation exactly.
0x002EA930,app::tool::MenuWindow::IsCreate,0,8,analysis/reagent/candidates/0x002EA930/attempt-1.cpp,YELLOW,PROTOTYPE_UNCERTAIN,PASS,The reversed code matches the Ghidra logic exactly for the single byte read at offset 0xC0 and the int return.
0x002EBBB8,app::tool::PaneListView::GetPaneList,0,8,analysis/reagent/candidates/0x002EBBB8/attempt-1.cpp,YELLOW,ABI_UNCERTAIN,PASS,The reversed function matches the Ghidra decompilation exactly.
0x002EC018,app::tool::ButtonManager::SetInputMode,0,8,analysis/reagent/candidates/0x002EC018/attempt-1.cpp,YELLOW,PROTOTYPE_UNCERTAIN,PASS,The reversed function matches the Ghidra logic: it assigns the input mode field at the same offset and returns.
0x002F1910,app::tool::TimerIconUIView::GetArcDataId,0,8,analysis/reagent/candidates/0x002F1910/attempt-1.cpp,YELLOW,ABI_UNCERTAIN,PASS,The reversed function matches the Ghidra decompilation exactly.
0x002F1B28,app::tool::TimerIconUIView::GetArcId,0,8,analysis/reagent/candidates/0x002F1B28/attempt-1.cpp,YELLOW,ABI_UNCERTAIN,PASS,"The reversed function matches the Ghidra decompilation exactly: same return constant, no parameters, no branches, and no additional logic."
0x002F203C,app::tool::CharaSimpleModel::GetBaseModel,0,8,analysis/reagent/candidates/0x002F203C/attempt-1.cpp,YELLOW,PROTOTYPE_UNCERTAIN,PASS,The reversed function matches the Ghidra decompilation exactly.
0x002F221C,app::tool::CharaSimpleModel::GetCharaBattltAnimeWaitId,0,8,analysis/reagent/candidates/0x002F221C/attempt-1.cpp,YELLOW,ABI_UNCERTAIN,PASS,The reversed function matches the Ghidra decompilation exactly.
0x002F5B84,app::tool::ScrollPaneManager::SetInputKeyEnabled,0,8,analysis/reagent/candidates/0x002F5B84/attempt-1.cpp,YELLOW,PROTOTYPE_UNCERTAIN,PASS,"The reversed code matches the Ghidra logic exactly, including the single assignment at offset 0x134."
0x002FB3E4,app::tool::PokeSimpleModelInFrame::SetInFrameDrawPosition,0,8,analysis/reagent/candidates/0x002FB3E4/attempt-1.cpp,YELLOW,PROTOTYPE_UNCERTAIN,PASS,Reversed code matches the Ghidra decompilation exactly.
0x002FD210,app::tool::AppToolTrainerIconRendering::GetTrainerModelArcId,0,8,analysis/reagent/candidates/0x002FD210/attempt-1.cpp,YELLOW,PROTOTYPE_UNCERTAIN,PASS,The reversed function matches the Ghidra decompilation exactly.
0x002FF788,app::tool::ItemIcon::IsLoadFinished,0,8,analysis/reagent/candidates/0x002FF788/attempt-1.cpp,YELLOW,ABI_UNCERTAIN,PASS,"The reversed function matches the Ghidra logic exactly: same parameter usage, same call, and no missing control flow."
0x002FF790,app::tool::ItemIcon::AllocTextureBuffer,0,8,analysis/reagent/candidates/0x002FF790/attempt-1.cpp,YELLOW,ABI_UNCERTAIN,PASS,The reversed function matches the Ghidra decompilation exactly.
0x00302524,app::tool::PaneList::IsInputEnabled,0,8,analysis/reagent/candidates/0x00302524/attempt-1.cpp,YELLOW,PROTOTYPE_UNCERTAIN,PASS,"The reversed code matches the Ghidra logic exactly, including the 0xcd byte offset and signed char-to-int return."
0x003025DC,app::tool::PaneList::SetInputEnabled,0,8,analysis/reagent/candidates/0x003025DC/attempt-1.cpp,YELLOW,PROTOTYPE_UNCERTAIN,PASS,The reversed function matches the ground truth assignment with no missing control flow or calls.
0x00303800,app::tool::PaneList::SetCrossKeyEnable,0,8,analysis/reagent/candidates/0x00303800/attempt-1.cpp,YELLOW,PROTOTYPE_UNCERTAIN,PASS,The reversed code matches the single Ghidra assignment to offset `0xcc` with no missing control flow or calls.
0x00304F04,app::tool::PokeIcon::IsFileOpen,0,8,analysis/reagent/candidates/0x00304F04/attempt-1.cpp,YELLOW,PROTOTYPE_UNCERTAIN,PASS,The reversed function matches the Ghidra decompilation exactly.
0x00304F0C,app::tool::PokeIcon::IsFileClose,0,8,analysis/reagent/candidates/0x00304F0C/attempt-1.cpp,YELLOW,PROTOTYPE_UNCERTAIN,PASS,The reversed function matches the Ghidra decompilation exactly.
0x00305048,app::tool::PokeIcon::IsModuleFree,0,8,analysis/reagent/candidates/0x00305048/attempt-1.cpp,YELLOW,ABI_UNCERTAIN,PASS,The reversed function matches the Ghidra decompilation exactly.
0x0030508C,app::tool::PokeIcon::IsLoadFinished,0,8,analysis/reagent/candidates/0x0030508C/attempt-1.cpp,YELLOW,ABI_UNCERTAIN,PASS,"The reversed code matches the Ghidra logic exactly, including the single call, offset access, and return behavior."
0x003051E0,app::tool::PokeIcon::AllocTextureBuffer,0,8,analysis/reagent/candidates/0x003051E0/attempt-1.cpp,YELLOW,ABI_UNCERTAIN,PASS,"The reversed function matches the Ghidra decompilation exactly, including the single call and field offset."
0x0030F4C8,app::util::G2DUtil::GetMsgData,0,8,analysis/reagent/candidates/0x0030F4C8/attempt-1.cpp,YELLOW,ABI_UNCERTAIN,PASS,"The reversed code matches the Ghidra logic exactly, including the direct 0x20 field read and return value."
0x003100F0,app::util::G2DUtil::GetLayoutSystem,0,8,analysis/reagent/candidates/0x003100F0/attempt-1.cpp,YELLOW,ABI_UNCERTAIN,PASS,"Reversed code matches the Ghidra decompilation exactly, including the single field offset and return expression."
0x00310980,app::util::G2DUtil::GetAppLytAccessor,0,8,analysis/reagent/candidates/0x00310980/attempt-1.cpp,YELLOW,ABI_UNCERTAIN,PASS,The reversed function matches the Ghidra decompilation exactly.
0x00310D2C,app::util::G2DUtil::GetLayoutResourceID,0,8,analysis/reagent/candidates/0x00310D2C/attempt-1.cpp,YELLOW,PROTOTYPE_UNCERTAIN,PASS,The reversed function matches the Ghidra logic: it returns the 4-byte value at object offset 8 with no additional branches or calls.
0x00310E58,app::util::G2DUtil::SetMessageFinishMode,0,8,analysis/reagent/candidates/0x00310E58/attempt-1.cpp,YELLOW,PROTOTYPE_UNCERTAIN,PASS,The reversed function matches the Ghidra decompilation exactly.
0x00313CCC,btl::BgSystem::IsEnalbe,0,8,analysis/reagent/candidates/0x00313CCC/attempt-1.cpp,YELLOW,PROTOTYPE_UNCERTAIN,PASS,The reversed function matches the Ghidra logic exactly.
0x00313CD4,btl::BgSystem::IsVisible,0,8,analysis/reagent/candidates/0x00313CD4/attempt-1.cpp,YELLOW,PROTOTYPE_UNCERTAIN,PASS,The reversed function matches the Ghidra logic exactly: it reads byte offset 0x21 from this and returns it as int.
0x0031F154,pml::PokeParty::GetSerializeShortStructSize,0,8,analysis/reagent/candidates/0x0031F154/attempt-1.cpp,YELLOW,ABI_UNCERTAIN,PASS,The reversed function matches the Ghidra logic exactly: it returns `DAT_0031f15c` with no extra control flow.
0x00329968,gfl2::renderingengine::scenegraph::instance::ModelInstanceNode::GetDrawTagNum,0,8,analysis/reagent/candidates/0x00329968/attempt-1.cpp,YELLOW,PROTOTYPE_UNCERTAIN,PASS,"The reversed function matches the Ghidra logic exactly: same offset, same 4-byte return, and no missing control flow."
0x00332158,gfl2::renderingengine::scenegraph::resource::TextureResourceNodeFactory::GetFactoryTypeName,0,8,analysis/reagent/candidates/0x00332158/attempt-1.cpp,YELLOW,ABI_UNCERTAIN,PASS,The reversed function matches the Ghidra decompilation exactly.
0x00346EF4,gfl2::ui::Device::SetDeviceRunningEnable,0,8,analysis/reagent/candidates/0x00346EF4/attempt-1.cpp,YELLOW,PROTOTYPE_UNCERTAIN,PASS,"The reversed code matches the single Ghidra assignment exactly, including the implied 0x1c struct offset."
0x0035847C,gfl2::heap::Manager::CalcCreateHeapSize,0,8,analysis/reagent/candidates/0x0035847C/attempt-1.cpp,YELLOW,PROTOTYPE_UNCERTAIN,PASS,Reversed code matches the Ghidra decompilation exactly.
0x00358BEC,gfl2::math::SpringSimulation::GetPostion,0,8,analysis/reagent/candidates/0x00358BEC/attempt-1.cpp,YELLOW,PROTOTYPE_UNCERTAIN,PASS,"The reversed function matches the Ghidra decompilation exactly, including the 0x18 offset and return type behavior."
0x0035DF90,gfl2::Effect::System::KillEmitterSet,0,8,analysis/reagent/candidates/0x0035DF90/attempt-1.cpp,YELLOW,ABI_UNCERTAIN,PASS,The reversed function matches the Ghidra decompilation exactly.
0x0035F83C,gfl2::imagedb::ImageDBAccessor::GetResultDetail,0,8,analysis/reagent/candidates/0x0035F83C/attempt-1.cpp,YELLOW,PROTOTYPE_UNCERTAIN,PASS,"The reversed function matches the Ghidra logic exactly, including the single byte offset read and int cast."
0x0036D67C,item::ITEM_GetNormalWazaMashineMax,0,8,analysis/reagent/candidates/0x0036D67C/attempt-1.cpp,YELLOW,ABI_UNCERTAIN,PASS,The reversed function matches the Ghidra decompilation exactly.
0x003BE5B8,print::ItemMessage::GetInfoMessage,0,8,analysis/reagent/candidates/0x003BE5B8/attempt-1.cpp,YELLOW,ABI_UNCERTAIN,PASS,The reversed function matches the Ghidra logic exactly.
0x003BECA8,print::MessageWindow::SetMessageAutoFlg,0,8,analysis/reagent/candidates/0x003BECA8/attempt-1.cpp,YELLOW,PROTOTYPE_UNCERTAIN,PASS,Direct assignment matches the Ghidra store to offset 0xd9.
0x003D4DF4,NetLib::P2P::P2pPacketTransfer::GetReceivedDataCount,0,8,analysis/reagent/candidates/0x003D4DF4/attempt-1.cpp,YELLOW,PROTOTYPE_UNCERTAIN,PASS,The reversed function matches the decompiled logic: a single 32-bit load from `this + 0x820` and return.
0x003E3210,System::GetVersion,0,8,analysis/reagent/candidates/0x003E3210/attempt-1.cpp,YELLOW,ABI_UNCERTAIN,PASS,The reversed function matches the Ghidra logic exactly.
0x003E492C,System::EnvAccessor::Update,0,8,analysis/reagent/candidates/0x003E492C/attempt-1.cpp,YELLOW,PROTOTYPE_UNCERTAIN,PASS,The reversed function matches the Ghidra decompilation exactly.
0x003E5454,System::ModelRenderPath::DrawableNodeOverride,0,8,analysis/reagent/candidates/0x003E5454/attempt-1.cpp,YELLOW,PROTOTYPE_UNCERTAIN,PASS,Reversed code matches the Ghidra decompilation exactly.
0x003F3B3C,GameSys::GameProc::NextFrameMainFunc,0,8,analysis/reagent/candidates/0x003F3B3C/attempt-1.cpp,YELLOW,ABI_UNCERTAIN,PASS,The reversed function matches the Ghidra decompilation exactly.
0x003F73A0,gflnet2::nex::NexManager::GetNgsFacade,0,8,analysis/reagent/candidates/0x003F73A0/attempt-1.cpp,YELLOW,PROTOTYPE_UNCERTAIN,PASS,The reversed function matches the Ghidra logic exactly: a 4-byte load from offset 0x138 with no control flow.
0x003F7914,gflnet2::nex::NexManager::GetDataStoreClient,0,8,analysis/reagent/candidates/0x003F7914/attempt-1.cpp,YELLOW,ABI_UNCERTAIN,PASS,The reversed function matches the Ghidra decompilation exactly.
0x003FB1E8,gflnet2::nex::NexDataStoreClient::GetDataStoreClient,0,8,analysis/reagent/candidates/0x003FB1E8/attempt-1.cpp,YELLOW,ABI_UNCERTAIN,PASS,"The reversed function matches the Ghidra decompilation exactly, including the `this+0xc` offset and return expression."
0x0040DA68,poke_3d::model::CharaModel::SetEyeIndex,0,8,analysis/reagent/candidates/0x0040DA68/attempt-1.cpp,YELLOW,PROTOTYPE_UNCERTAIN,PASS,The reversed function matches the single Ghidra assignment with no missing control flow.
0x00411E3C,poke_3d::model::CharaModelFactory::WaitInitializeAsync,0,8,analysis/reagent/candidates/0x00411E3C/attempt-1.cpp,YELLOW,ABI_UNCERTAIN,PASS,"The reversed function matches the Ghidra decompilation exactly: same return value, no parameters, and no additional logic."
0x00417064,poke_3d::model::BaseModel::SetVisible,0,8,analysis/reagent/candidates/0x00417064/attempt-1.cpp,YELLOW,ABI_UNCERTAIN,PASS,"Matches the Ghidra logic exactly, including the `this + 4` member access and single call."
0x00425E64,NetEvent::JoinFestaEventLinkEvent::SetRequestID,0,8,analysis/reagent/candidates/0x00425E64/attempt-1.cpp,YELLOW,PROTOTYPE_UNCERTAIN,PASS,"Matches the Ghidra decompilation exactly, including the indexed assignment and return behavior."
0x0042DF84,PokeTool::NatsukiManager::CalcWhenWalk,0,8,analysis/reagent/candidates/0x0042DF84/attempt-1.cpp,YELLOW,ABI_UNCERTAIN,PASS,The reversed function matches the Ghidra decompilation exactly.
0x0045B0CC,NetAppLib::Util::BossUtility::GetRegionURL,0,8,analysis/reagent/candidates/0x0045B0CC/attempt-1.cpp,YELLOW,ABI_UNCERTAIN,PASS,The reversed function matches the Ghidra decompilation exactly.
0x0045DFE4,NetAppLib::Util::NetAppPokemonValidationUtility::GetSignature,0,8,analysis/reagent/candidates/0x0045DFE4/attempt-1.cpp,YELLOW,PROTOTYPE_UNCERTAIN,PASS,Reversed code matches the Ghidra decompilation exactly.
0x0045E17C,NetAppLib::Util::NetAppPokemonValidationUtility::GetSignatureSize,0,8,analysis/reagent/candidates/0x0045E17C/attempt-1.cpp,YELLOW,PROTOTYPE_UNCERTAIN,PASS,"The reversed function matches the Ghidra logic exactly, including the 0x11c field access and return behavior."
0x00466610,NetAppLib::JoinFesta::JoinFestaPersonalData::SetRelation,0,8,analysis/reagent/candidates/0x00466610/attempt-1.cpp,YELLOW,PROTOTYPE_UNCERTAIN,PASS,"The reversed code matches the Ghidra decompilation exactly, including the sole assignment and implicit return."
0x004680C0,NetAppLib::JoinFesta::JoinFestaPersonalData::SetScriptListSelected,0,8,analysis/reagent/candidates/0x004680C0/attempt-1.cpp,YELLOW,PROTOTYPE_UNCERTAIN,PASS,Matches the Ghidra decompilation exactly.
0x00468AA0,NetAppLib::JoinFesta::JoinFestaPersonalData::SetAttractionAppearanceState,0,8,analysis/reagent/candidates/0x00468AA0/attempt-1.cpp,YELLOW,PROTOTYPE_UNCERTAIN,PASS,The reversed function matches the decompiled logic exactly: same assignment to `this[0x23d]` and no missing control flow.
0x0046AD64,NetAppLib::JoinFesta::JoinFestaPacketManager::GetJoinFestaInformationMessage,0,8,analysis/reagent/candidates/0x0046AD64/attempt-1.cpp,YELLOW,ABI_UNCERTAIN,PASS,"The reversed function matches the Ghidra decompilation exactly, including the `this + 0x20` offset and return type."
0x00470774,NetAppLib::JoinFesta::JoinFestaAttractionManager::GetMyScore,0,8,analysis/reagent/candidates/0x00470774/attempt-1.cpp,YELLOW,ABI_UNCERTAIN,PASS,"The reversed function matches the Ghidra decompilation exactly, including the `this + 0xc` offset and return type."
0x0047094C,NetAppLib::JoinFesta::JoinFestaAttractionManager::GetResultData,0,8,analysis/reagent/candidates/0x0047094C/attempt-1.cpp,YELLOW,PROTOTYPE_UNCERTAIN,PASS,Reversed code matches the Ghidra decompilation exactly.
0x00470954,NetAppLib::JoinFesta::JoinFestaAttractionManager::GetTotalScore,0,8,analysis/reagent/candidates/0x00470954/attempt-1.cpp,YELLOW,PROTOTYPE_UNCERTAIN,PASS,"The reversed function matches the Ghidra logic exactly, including the single field read at offset 0x10."
0x0047095C,NetAppLib::JoinFesta::JoinFestaAttractionManager::IsErrorRetire,0,8,analysis/reagent/candidates/0x0047095C/attempt-1.cpp,YELLOW,PROTOTYPE_UNCERTAIN,PASS,"The reversed code matches the Ghidra decompilation exactly, including the byte offset and cast semantics."
0x00470C7C,NetAppLib::JoinFesta::JoinFestaAttractionManager::IsRetireRequest,0,8,analysis/reagent/candidates/0x00470C7C/attempt-1.cpp,YELLOW,PROTOTYPE_UNCERTAIN,PASS,The reversed code matches the Ghidra logic exactly.
0x004715B8,NetAppLib::JoinFesta::JoinFestaAttractionManager::GetRequestResult,0,8,analysis/reagent/candidates/0x004715B8/attempt-1.cpp,YELLOW,PROTOTYPE_UNCERTAIN,PASS,The reversed function matches the Ghidra decompilation exactly.
0x0047168C,NetAppLib::JoinFesta::JoinFestaAttractionManager::GetPlayAttractionId,0,8,analysis/reagent/candidates/0x0047168C/attempt-1.cpp,YELLOW,PROTOTYPE_UNCERTAIN,PASS,The reversed function matches the Ghidra decompilation exactly.
0x00472B64,NetAppLib::JoinFesta::JoinFestaPersonalDataManager::GetLastP2pPersonal,0,8,analysis/reagent/candidates/0x00472B64/attempt-1.cpp,YELLOW,PROTOTYPE_UNCERTAIN,PASS,The reversed function matches the Ghidra decompilation exactly.
0x0047382C,NetAppLib::JoinFesta::JoinFestaPersonalDataManager::GetScriptSelectPersonal,0,8,analysis/reagent/candidates/0x0047382C/attempt-1.cpp,YELLOW,PROTOTYPE_UNCERTAIN,PASS,The reversed function matches the Ghidra decompilation exactly.
0x00473F6C,NetAppLib::JoinFesta::JoinFestaPersonalDataManager::GetMyData,0,8,analysis/reagent/candidates/0x00473F6C/attempt-1.cpp,YELLOW,PROTOTYPE_UNCERTAIN,PASS,Reversed code matches the Ghidra decompilation exactly.
0x0048CAAC,App::Tool::TalkWindow::GetStrWinResult,0,8,analysis/reagent/candidates/0x0048CAAC/attempt-1.cpp,YELLOW,PROTOTYPE_UNCERTAIN,PASS,Reversed code matches the Ghidra decompilation exactly.
0x0048CAB4,App::Tool::TalkWindow::GetStatus,0,8,analysis/reagent/candidates/0x0048CAB4/attempt-1.cpp,YELLOW,PROTOTYPE_UNCERTAIN,PASS,Reversed code matches the Ghidra decompilation exactly.
0x0048CB0C,App::Tool::SlideScroll::GetResult,0,8,analysis/reagent/candidates/0x0048CB0C/attempt-1.cpp,YELLOW,PROTOTYPE_UNCERTAIN,PASS,Reversed code matches the Ghidra decompilation exactly.
0x0048D34C,app::ui::UIResponder::IsInputEnabled,0,8,analysis/reagent/candidates/0x0048D34C/attempt-1.cpp,YELLOW,PROTOTYPE_UNCERTAIN,PASS,The reversed function matches the Ghidra decompilation exactly in offset access and return conversion.
0x0048D37C,app::ui::UIView::GetG2DUtil,0,8,analysis/reagent/candidates/0x0048D37C/attempt-1.cpp,YELLOW,ABI_UNCERTAIN,PASS,Matches the Ghidra decompilation exactly.
0x0048D460,app::ui::UIView::IsVisible,0,8,analysis/reagent/candidates/0x0048D460/attempt-1.cpp,YELLOW,PROTOTYPE_UNCERTAIN,PASS,The reversed implementation matches the Ghidra logic and offset exactly.
0x0048D604,app::tool::LytTexData::GetTexInfo,0,8,analysis/reagent/candidates/0x0048D604/attempt-1.cpp,YELLOW,PROTOTYPE_UNCERTAIN,PASS,"The reversed function matches the Ghidra ground truth exactly, including the sole return expression."
0x0048D60C,app::tool::LytTexData::GetTexSize,0,8,analysis/reagent/candidates/0x0048D60C/attempt-1.cpp,YELLOW,PROTOTYPE_UNCERTAIN,PASS,"The reversed function matches the Ghidra logic exactly, including the 0x30 offset and return expression."
0x0048DFD8,app::tool::CursorManager::GetPos,0,8,analysis/reagent/candidates/0x0048DFD8/attempt-1.cpp,YELLOW,PROTOTYPE_UNCERTAIN,PASS,The reversed code matches the Ghidra decompilation exactly.
0x0048E180,app::tool::PokeIconToolEx::GetPicturePane,0,8,analysis/reagent/candidates/0x0048E180/attempt-1.cpp,YELLOW,ABI_UNCERTAIN,PASS,"The reversed code exactly matches the Ghidra decompilation, including the return expression and offset access."
0x0048E718,app::tool::PaneList::GetUpdateResult,0,8,analysis/reagent/candidates/0x0048E718/attempt-1.cpp,YELLOW,PROTOTYPE_UNCERTAIN,PASS,The reversed function matches the Ghidra decompilation exactly.
0x00493B2C,pml::PokeParty::GetMemberCount,0,8,analysis/reagent/candidates/0x00493B2C/attempt-1.cpp,YELLOW,PROTOTYPE_UNCERTAIN,PASS,The reversed function matches the Ghidra decompilation exactly.
0x00493B9C,pml::PokeParty::GetMarkingIndex,0,8,analysis/reagent/candidates/0x00493B9C/attempt-1.cpp,YELLOW,PROTOTYPE_UNCERTAIN,PASS,The reversed code matches the Ghidra decompilation exactly.
0x00493FB0,gfl2::renderingengine::scenegraph::Node::IsTransformType,0,8,analysis/reagent/candidates/0x00493FB0/attempt-1.cpp,YELLOW,PROTOTYPE_UNCERTAIN,PASS,The reversed function matches the decompiled logic: it always returns 0/false with no branches or side effects.
0x00493FB8,gfl2::renderingengine::scenegraph::NodeName::GetNodeName,0,8,analysis/reagent/candidates/0x00493FB8/attempt-1.cpp,YELLOW,PROTOTYPE_UNCERTAIN,PASS,The reversed function matches the Ghidra decompilation exactly.
0x00493FC0,gfl2::renderingengine::scenegraph::instance::DrawEnvNode::UpdateMaterialFog,0,8,analysis/reagent/candidates/0x00493FC0/attempt-1.cpp,YELLOW,ABI_UNCERTAIN,PASS,The reversed function matches the Ghidra decompilation exactly.
0x004967CC,gfl2::renderingengine::renderer::util::MakeReductionImagePath::GetDestinationTexture,0,8,analysis/reagent/candidates/0x004967CC/attempt-1.cpp,YELLOW,PROTOTYPE_UNCERTAIN,PASS,The reversed function matches the Ghidra logic exactly: same this-relative 0x138 byte offset and same 4-byte return load.
0x00499384,gfl2::lyt::LytMultiResID::GetMultiID,0,8,analysis/reagent/candidates/0x00499384/attempt-1.cpp,YELLOW,PROTOTYPE_UNCERTAIN,PASS,The reversed function matches the decompiled logic: it returns the 16-bit value at offset 2 from `this`.
0x004A2CC8,NetLib::Wifi::WifiConnectRunner::IsNeedDisconnectProcess,0,8,analysis/reagent/candidates/0x004A2CC8/attempt-1.cpp,YELLOW,PROTOTYPE_UNCERTAIN,PASS,"The reversed function matches the Ghidra decompilation exactly, including the single byte read at offset 0x13 and the int cast."
0x004A2D0C,NetLib::Wifi::SubscriptionManager::GetOpenAttractionPreviousWaitTime,0,8,analysis/reagent/candidates/0x004A2D0C/attempt-1.cpp,YELLOW,ABI_UNCERTAIN,PASS,The reversed function matches the Ghidra decompilation exactly: it returns 0 and has no additional logic.
0x004A2DA0,NetLib::Delivery::DeliveryManager::IsInitialized,0,8,analysis/reagent/candidates/0x004A2DA0/attempt-1.cpp,YELLOW,PROTOTYPE_UNCERTAIN,PASS,"The reversed function matches the Ghidra logic exactly, including the byte offset and cast behavior."
0x004A3100,System::Skybox::Skybox::IsEnable,0,8,analysis/reagent/candidates/0x004A3100/attempt-1.cpp,YELLOW,PROTOTYPE_UNCERTAIN,PASS,"The reversed code matches the Ghidra logic exactly, including the 0x28 byte access and int cast."
0x004A32D0,GameSys::GameData::GetNowZoneID,0,8,analysis/reagent/candidates/0x004A32D0/attempt-1.cpp,YELLOW,PROTOTYPE_UNCERTAIN,PASS,The reversed function matches the decompiled logic: a 2-byte load from offset 0x62 with no extra control flow.
0x004A34B0,gflnet2::nex::NexManager::GetAuthenticationToken,0,8,analysis/reagent/candidates/0x004A34B0/attempt-1.cpp,YELLOW,PROTOTYPE_UNCERTAIN,PASS,Reversed code matches the Ghidra decompilation exactly.
0x004A3520,gflnet2::nex::NexRankingClient::IsConnecting,0,8,analysis/reagent/candidates/0x004A3520/attempt-1.cpp,YELLOW,PROTOTYPE_UNCERTAIN,PASS,"The reversed implementation matches the Ghidra logic exactly, including the byte offset and cast behavior."
0x004A3528,gflnet2::nex::NexDataStoreClient::IsConnecting,0,8,analysis/reagent/candidates/0x004A3528/attempt-1.cpp,YELLOW,PROTOTYPE_UNCERTAIN,PASS,The reversed implementation matches the Ghidra logic exactly.
0x004A3550,gflnet2::nex::NexMatchMakingClient::IsConnecting,0,8,analysis/reagent/candidates/0x004A3550/attempt-1.cpp,YELLOW,PROTOTYPE_UNCERTAIN,PASS,The reversed code matches the Ghidra logic exactly: byte offset 5 is read and cast to int.
0x004A3810,poke_3d::model::BaseCamera::GetFrameCount,0,8,analysis/reagent/candidates/0x004A3810/attempt-1.cpp,YELLOW,PROTOTYPE_UNCERTAIN,PASS,"The reversed function matches the Ghidra decompilation exactly, including the 0x30 field offset and return type."
0x004A3F14,poke_3d::model::BaseCamera::GetAnimationFrame,0,8,analysis/reagent/candidates/0x004A3F14/attempt-1.cpp,YELLOW,PROTOTYPE_UNCERTAIN,PASS,"The reversed function matches the Ghidra logic exactly, including the single 0x28 offset read and return value."
0x004A43C8,poke_3d::model::CharaModel::GetMouthIndex,0,8,analysis/reagent/candidates/0x004A43C8/attempt-1.cpp,YELLOW,PROTOTYPE_UNCERTAIN,PASS,Reversed code matches the Ghidra decompilation exactly.
0x004AA6A0,NetAppLib::JoinFesta::JoinFestaPersonalData::GetRelation,0,8,analysis/reagent/candidates/0x004AA6A0/attempt-1.cpp,YELLOW,PROTOTYPE_UNCERTAIN,PASS,The reversed function matches the Ghidra decompilation exactly.
0x004AA73C,NetAppLib::JoinFesta::JoinFestaPersonalData::GetCommRoute,0,8,analysis/reagent/candidates/0x004AA73C/attempt-1.cpp,YELLOW,PROTOTYPE_UNCERTAIN,PASS,The reversed function matches the Ghidra decompilation exactly.
0x004AA758,NetAppLib::JoinFesta::JoinFestaPersonalData::GetLanguageId,0,8,analysis/reagent/candidates/0x004AA758/attempt-1.cpp,YELLOW,PROTOTYPE_UNCERTAIN,PASS,Reversed code matches the Ghidra decompilation exactly.
0x004AAA20,NetAppLib::JoinFesta::JoinFestaPersonalData::GetUpdateDate,0,8,analysis/reagent/candidates/0x004AAA20/attempt-1.cpp,YELLOW,PROTOTYPE_UNCERTAIN,PASS,The reversed function matches the decompiled logic: it returns the 32-bit value at offset 0x1f8 from this.
0x004AAA28,NetAppLib::JoinFesta::JoinFestaPersonalData::GetDressUpIcon,0,8,analysis/reagent/candidates/0x004AAA28/attempt-1.cpp,YELLOW,PROTOTYPE_UNCERTAIN,PASS,The reversed function matches the Ghidra decompilation exactly.
0x004AAA30,NetAppLib::JoinFesta::JoinFestaPersonalData::GetPresetNpcId,0,8,analysis/reagent/candidates/0x004AAA30/attempt-1.cpp,YELLOW,PROTOTYPE_UNCERTAIN,PASS,The reversed function matches the Ghidra decompilation exactly.
0x004AAA38,NetAppLib::JoinFesta::JoinFestaPersonalData::GetDressUpParam,0,8,analysis/reagent/candidates/0x004AAA38/attempt-1.cpp,YELLOW,PROTOTYPE_UNCERTAIN,PASS,The reversed function matches the Ghidra decompilation exactly.
0x004AAC88,NetAppLib::JoinFesta::JoinFestaPersonalData::GetPacketDataSize,0,8,analysis/reagent/candidates/0x004AAC88/attempt-1.cpp,YELLOW,PROTOTYPE_UNCERTAIN,PASS,The reversed function matches the Ghidra decompilation exactly.
0x004AAC90,NetAppLib::JoinFesta::JoinFestaPersonalData::GetRequestCommand,0,8,analysis/reagent/candidates/0x004AAC90/attempt-1.cpp,YELLOW,PROTOTYPE_UNCERTAIN,PASS,The reversed function matches the Ghidra decompilation exactly.
0x004AACAC,NetAppLib::JoinFesta::JoinFestaPersonalData::GetPersonalEventId,0,8,analysis/reagent/candidates/0x004AACAC/attempt-1.cpp,YELLOW,PROTOTYPE_UNCERTAIN,PASS,The reversed function matches the Ghidra decompilation exactly.
0x004AACC0,NetAppLib::JoinFesta::JoinFestaPersonalData::GetPacketAttraction,0,8,analysis/reagent/candidates/0x004AACC0/attempt-1.cpp,YELLOW,PROTOTYPE_UNCERTAIN,PASS,Reversed code matches the Ghidra decompilation exactly.
0x004AADC8,NetAppLib::JoinFesta::JoinFestaPersonalData::GetPacketTradeInvite,0,8,analysis/reagent/candidates/0x004AADC8/attempt-1.cpp,YELLOW,PROTOTYPE_UNCERTAIN,PASS,The reversed function matches the Ghidra decompilation exactly.
0x004AAF00,NetAppLib::JoinFesta::JoinFestaPersonalData::GetPacketTradeRecieve,0,8,analysis/reagent/candidates/0x004AAF00/attempt-1.cpp,YELLOW,PROTOTYPE_UNCERTAIN,PASS,The reversed function matches the Ghidra decompilation exactly.
0x004AB360,NetAppLib::JoinFesta::JoinFestaPersonalData::GetAttractionAppearanceState,0,8,analysis/reagent/candidates/0x004AB360/attempt-1.cpp,YELLOW,PROTOTYPE_UNCERTAIN,PASS,Reversed code matches the Ghidra decompilation exactly.
0x004AB368,NetAppLib::JoinFesta::JoinFestaPersonalData::GetAttractionPersonalEventFake,0,8,analysis/reagent/candidates/0x004AB368/attempt-1.cpp,YELLOW,PROTOTYPE_UNCERTAIN,PASS,Reversed code matches the Ghidra decompilation exactly.
0x004AB42C,NetAppLib::JoinFesta::JoinFestaPersonalData::GetName,0,8,analysis/reagent/candidates/0x004AB42C/attempt-1.cpp,YELLOW,PROTOTYPE_UNCERTAIN,PASS,The reversed function matches the Ghidra decompilation exactly.
0x004AB478,NetAppLib::JoinFesta::JoinFestaPersonalDataManager::GetInviteTicketId,0,8,analysis/reagent/candidates/0x004AB478/attempt-1.cpp,YELLOW,PROTOTYPE_UNCERTAIN,PASS,The reversed function matches the ground truth load-from-offset behavior exactly.
0x00103D0E,std::locale::locale,0,12,analysis/reagent/candidates/0x00103D0E/attempt-1.cpp,YELLOW,ABI_UNCERTAIN,PASS,Reversed code matches the Ghidra decompilation exactly.
0x002C9E48,App::Tool::MapManager::IsMapTextureReplace,0,12,analysis/reagent/candidates/0x002C9E48/attempt-1.cpp,YELLOW,PROTOTYPE_UNCERTAIN,PASS,"The reversed function matches the Ghidra decompilation exactly, including the byte offset and signed char-to-int cast."
0x002CBE28,App::Tool::NewPaneList::SetupNoLoop,0,12,analysis/reagent/candidates/0x002CBE28/attempt-1.cpp,YELLOW,PROTOTYPE_UNCERTAIN,PASS,The reversed code matches the single zero-store in the Ghidra output.
0x002D82EC,App::Resort::ResortDataManager::GetStaticInstance,0,12,analysis/reagent/candidates/0x002D82EC/attempt-1.cpp,YELLOW,ABI_UNCERTAIN,PASS,The reversed function matches the Ghidra decompilation exactly.
0x002FCDE8,app::tool::AppToolTrainerIconRendering::GetHeroTrainerId,0,12,analysis/reagent/candidates/0x002FCDE8/attempt-1.cpp,YELLOW,PROTOTYPE_UNCERTAIN,PASS,The reversed function matches the Ghidra decompilation exactly.
0x002FE948,NetApp::NBR::NBRNet::ClearRecvPacketEnableCommand,0,12,analysis/reagent/candidates/0x002FE948/attempt-1.cpp,YELLOW,PROTOTYPE_UNCERTAIN,PASS,"The reversed function matches the Ghidra control flow, loop structure, offsets, and zeroing pattern exactly."
0x003017AC,std::string::string,0,12,analysis/reagent/candidates/0x003017AC/attempt-1.cpp,YELLOW,ABI_UNCERTAIN,PASS,The reversed function matches the Ghidra decompilation exactly.
0x00301904,std::string::~string,0,12,analysis/reagent/candidates/0x00301904/attempt-1.cpp,YELLOW,ABI_UNCERTAIN,PASS,Reversed code matches the Ghidra decompilation exactly.
0x00302E5C,std::char_traits<char>::copy,0,12,analysis/reagent/candidates/0x00302E5C/attempt-1.cpp,YELLOW,PROTOTYPE_UNCERTAIN,PASS,Reversed code matches the Ghidra decompilation exactly.
0x00305674,app::util::ScrollBar::SetDrawEnable,0,12,analysis/reagent/candidates/0x00305674/attempt-1.cpp,YELLOW,PROTOTYPE_UNCERTAIN,PASS,"The reversed function matches the Ghidra logic, including the field write and byte-mask update."
0x0030F8FC,app::util::G2DUtil::GetTempStrBuf,0,12,analysis/reagent/candidates/0x0030F8FC/attempt-1.cpp,YELLOW,ABI_UNCERTAIN,PASS,The reversed function matches the Ghidra logic exactly.
0x003162C8,pml::personal::GetMegaEvolveRouteNum,0,12,analysis/reagent/candidates/0x003162C8/attempt-1.cpp,YELLOW,ABI_UNCERTAIN,PASS,Reversed code matches the Ghidra decompilation exactly.
0x0032C7EC,gfl2::renderingengine::scenegraph::resource::GfBinaryEnvData::~GfBinaryEnvData,0,12,analysis/reagent/candidates/0x0032C7EC/attempt-1.cpp,YELLOW,ABI_UNCERTAIN,PASS,The reversed destructor matches the Ghidra decompilation exactly.
0x0032C9C0,gfl2::renderingengine::scenegraph::resource::GfBinaryMdlData::~GfBinaryMdlData,0,12,analysis/reagent/candidates/0x0032C9C0/attempt-1.cpp,YELLOW,ABI_UNCERTAIN,PASS,The reversed destructor matches the Ghidra ground truth exactly.
0x0032CCC4,gfl2::renderingengine::scenegraph::resource::GfBinaryShdData::~GfBinaryShdData,0,12,analysis/reagent/candidates/0x0032CCC4/attempt-1.cpp,YELLOW,ABI_UNCERTAIN,PASS,The reversed destructor matches the Ghidra decompilation exactly.
0x0032CE98,gfl2::renderingengine::scenegraph::resource::GfBinaryTexData::~GfBinaryTexData,0,12,analysis/reagent/candidates/0x0032CE98/attempt-1.cpp,YELLOW,ABI_UNCERTAIN,PASS,Reversed code matches the Ghidra decompilation exactly.
0x003309AC,gfl2::renderingengine::scenegraph::resource::GfBinaryCollisionMdlData::~GfBinaryCollisionMdlData,0,12,analysis/reagent/candidates/0x003309AC/attempt-1.cpp,YELLOW,ABI_UNCERTAIN,PASS,The reversed destructor matches the Ghidra decompilation exactly.
0x00340F18,gfl2::fs::BinLinkerAccessor::BinLinkerAccessor,0,12,analysis/reagent/candidates/0x00340F18/attempt-1.cpp,YELLOW,ABI_UNCERTAIN,PASS,The reversed constructor matches the Ghidra decompilation exactly.
0x00356F2C,gfl2::Fade::FadeManager::GetColorBufferTexture,0,12,analysis/reagent/candidates/0x00356F2C/attempt-1.cpp,YELLOW,ABI_UNCERTAIN,PASS,"The reversed function matches the Ghidra decompilation exactly, including signature, offset, and return expression."
0x00357638,gfl2::base::SingletonAccessor<app::ui::UIViewManager>::GetInstance,0,12,analysis/reagent/candidates/0x00357638/attempt-1.cpp,YELLOW,ABI_UNCERTAIN,PASS,The reversed function matches the Ghidra decompilation exactly.
0x00357648,gfl2::base::SingletonAccessor<print::SystemFont>::GetInstance,0,12,analysis/reagent/candidates/0x00357648/attempt-1.cpp,YELLOW,ABI_UNCERTAIN,PASS,The reversed function matches the Ghidra decompilation exactly.
0x00357668,gfl2::base::SingletonAccessor<NetLib::P2P::P2pConnectionManager>::GetInstance,0,12,analysis/reagent/candidates/0x00357668/attempt-1.cpp,YELLOW,PROTOTYPE_UNCERTAIN,PASS,The reversed function matches the decompiled logic exactly: it returns the value at DAT_00357674 with no extra control flow.
0x00357678,gfl2::base::SingletonAccessor<NetLib::Wifi::SubscriptionManager>::GetInstance,0,12,analysis/reagent/candidates/0x00357678/attempt-1.cpp,YELLOW,ABI_UNCERTAIN,PASS,The reversed function matches the Ghidra logic exactly: it returns the value at `DAT_00357684` with no extra control flow or calls.
0x003576A8,gfl2::base::SingletonAccessor<System::SystemEventManager>::GetInstance,0,12,analysis/reagent/candidates/0x003576A8/attempt-1.cpp,YELLOW,ABI_UNCERTAIN,PASS,The reversed function matches the Ghidra decompilation exactly.
0x003576E8,gfl2::base::SingletonAccessor<gflnet2::ServerClient::ServerClientRequestManager>::GetInstance,0,12,analysis/reagent/candidates/0x003576E8/attempt-1.cpp,YELLOW,ABI_UNCERTAIN,PASS,Reversed code matches the Ghidra decompilation exactly.
0x00357718,gfl2::base::SingletonAccessor<gflnet2::nex::NexMatchMakingClient>::GetInstance,0,12,analysis/reagent/candidates/0x00357718/attempt-1.cpp,YELLOW,ABI_UNCERTAIN,PASS,The reversed function matches the Ghidra body exactly.
0x00357728,gfl2::base::SingletonAccessor<gflnet2::boss::BossManager>::GetInstance,0,12,analysis/reagent/candidates/0x00357728/attempt-1.cpp,YELLOW,ABI_UNCERTAIN,PASS,The reversed function matches the decompiled logic exactly: it returns the value at `DAT_00357734` with no missing control flow or calls.
0x00357758,gfl2::base::SingletonAccessor<NetAppLib::JoinFesta::JoinFestaPacketManager>::GetInstance,0,12,analysis/reagent/candidates/0x00357758/attempt-1.cpp,YELLOW,ABI_UNCERTAIN,PASS,Reversed code matches the Ghidra decompilation exactly.
0x00357778,gfl2::base::SingletonAccessor<NetAppLib::JoinFesta::JoinFestaAttractionManager>::GetInstance,0,12,analysis/reagent/candidates/0x00357778/attempt-1.cpp,YELLOW,ABI_UNCERTAIN,PASS,The reversed function matches the Ghidra logic: it returns the 4-byte value stored at 0x00357784 with no extra control flow.
0x00357798,gfl2::base::SingletonAccessor<gfl2::devicecamera::DeviceCamera>::GetInstance,0,12,analysis/reagent/candidates/0x00357798/attempt-1.cpp,YELLOW,ABI_UNCERTAIN,PASS,The reversed function matches the Ghidra logic exactly: it returns the dereferenced global at `DAT_003577a4` with no extra control flow.
0x003577A8,gfl2::base::SingletonAccessor<gfl2::ro::RoManager>::GetInstance,0,12,analysis/reagent/candidates/0x003577A8/attempt-1.cpp,YELLOW,ABI_UNCERTAIN,PASS,The reversed function matches the Ghidra logic exactly: it returns the dereferenced global pointer with no extra control flow.
0x003577B8,gfl2::base::SingletonAccessor<gfl2::ngc::NGWordChecker>::GetInstance,0,12,analysis/reagent/candidates/0x003577B8/attempt-1.cpp,YELLOW,ABI_UNCERTAIN,PASS,The reversed function matches the decompiled logic exactly: it returns the value at `DAT_003577c4` with no missing control flow or expression differences.
0x0036CE0C,gfl2::collision::CollisionModel::CollisionModel,0,12,analysis/reagent/candidates/0x0036CE0C/attempt-1.cpp,YELLOW,ABI_UNCERTAIN,PASS,The reversed constructor matches the Ghidra decompilation exactly.
0x003BECB0,print::MessageWindow::SetMessageAutoOnce,0,12,analysis/reagent/candidates/0x003BECB0/attempt-1.cpp,YELLOW,PROTOTYPE_UNCERTAIN,PASS,The reversed function matches the Ghidra logic: it sets the single field at offset 0xDA to 1 and has no extra control flow.
0x003CF2C0,NetApp::NBR::NBRNet::UnregistRecvListener,0,12,analysis/reagent/candidates/0x003CF2C0/attempt-1.cpp,YELLOW,PROTOTYPE_UNCERTAIN,PASS,The reversed function matches the Ghidra logic: it clears the 4-byte field at offset 0xc and returns.
0x003D18A0,NetLib::NijiNetworkSystem::GetNetworkMode,0,12,analysis/reagent/candidates/0x003D18A0/attempt-1.cpp,YELLOW,ABI_UNCERTAIN,PASS,The reversed function matches the Ghidra decompilation exactly.
0x003D6ECC,NetLib::P2P::P2pConnectionManager::UnregistMigrationListener,0,12,analysis/reagent/candidates/0x003D6ECC/attempt-1.cpp,YELLOW,PROTOTYPE_UNCERTAIN,PASS,The reversed function matches the Ghidra logic exactly: it clears the 4-byte field at `this+0x88` by assigning null.
0x003D6ED8,NetLib::P2P::P2pConnectionManager::IsMatchmakingCreateSuccess,0,12,analysis/reagent/candidates/0x003D6ED8/attempt-1.cpp,YELLOW,PROTOTYPE_UNCERTAIN,PASS,"The reversed code matches the Ghidra logic exactly, including the single byte read at offset 0x18c and the int cast."
0x003D8F30,NetLib::Pgl::PGLConnector::RemovePGLConnectorListener,0,12,analysis/reagent/candidates/0x003D8F30/attempt-1.cpp,YELLOW,PROTOTYPE_UNCERTAIN,PASS,The reversed code matches the single store-to-zero at this+0xb54 with no extra logic.
0x003DF43C,NetLib::Error::NijiNetworkErrorManager::NotNotifySpanOn,0,12,analysis/reagent/candidates/0x003DF43C/attempt-1.cpp,YELLOW,PROTOTYPE_UNCERTAIN,PASS,The reversed function matches the Ghidra logic exactly: it sets offset 0x2e to 1 and returns.
0x003DF4F8,NetLib::Error::NijiNetworkErrorManager::NotNotifySpanOff,0,12,analysis/reagent/candidates/0x003DF4F8/attempt-1.cpp,YELLOW,PROTOTYPE_UNCERTAIN,PASS,The reversed function matches the Ghidra logic exactly: it zeroes `this[0x2e]` and returns.
0x003DF544,NetLib::Error::NijiNetworkErrorManager::SaveCriticalSpanOn,0,12,analysis/reagent/candidates/0x003DF544/attempt-1.cpp,YELLOW,PROTOTYPE_UNCERTAIN,PASS,The reversed code matches the Ghidra decompilation exactly.
0x003DF550,NetLib::Error::NijiNetworkErrorManager::P2pDisconnectSpanOn,0,12,analysis/reagent/candidates/0x003DF550/attempt-1.cpp,YELLOW,ABI_UNCERTAIN,PASS,The reversed function matches the Ghidra body exactly.
0x003DF55C,NetLib::Error::NijiNetworkErrorManager::SaveCriticalSpanOff,0,12,analysis/reagent/candidates/0x003DF55C/attempt-1.cpp,YELLOW,PROTOTYPE_UNCERTAIN,PASS,"The reversed function matches the Ghidra logic exactly: same offset, store of zero, and no missing control flow."
0x003DF580,NetLib::Error::NijiNetworkErrorManager::P2pDisconnectSpanOff,0,12,analysis/reagent/candidates/0x003DF580/attempt-1.cpp,YELLOW,PROTOTYPE_UNCERTAIN,PASS,The reversed function matches the Ghidra logic exactly: it writes zero to offset 0x2c and returns.
0x003DF5E0,NetLib::Error::NijiNetworkErrorManager::UnregistForceDisconnectListener,0,12,analysis/reagent/candidates/0x003DF5E0/attempt-1.cpp,YELLOW,PROTOTYPE_UNCERTAIN,PASS,The reversed code matches the decompiled logic: it zeroes the field at offset 0x28 and returns.
0x003DF9B8,NetLib::Error::NijiNetworkErrorDialogStatus::IsNetworkErrorDialogEvent,0,12,analysis/reagent/candidates/0x003DF9B8/attempt-1.cpp,YELLOW,ABI_UNCERTAIN,PASS,The reversed function matches the Ghidra logic exactly.
0x003EAC14,System::PmlUse::GetEvolveManager,0,12,analysis/reagent/candidates/0x003EAC14/attempt-1.cpp,YELLOW,ABI_UNCERTAIN,PASS,The reversed function matches the Ghidra logic exactly.
0x00407430,gflnet2::p2p::NetGame::GetConnectionCount,0,12,analysis/reagent/candidates/0x00407430/attempt-1.cpp,YELLOW,ABI_UNCERTAIN,PASS,Reversed code matches the Ghidra decompilation exactly.
0x00407A9C,gflnet2::p2p::NetGame::GetNetID,0,12,analysis/reagent/candidates/0x00407A9C/attempt-1.cpp,YELLOW,ABI_UNCERTAIN,PASS,"The reversed function matches the Ghidra logic exactly, including the load and call order."
0x00407AB0,gflnet2::p2p::NetGame::IsMaster,0,12,analysis/reagent/candidates/0x00407AB0/attempt-1.cpp,YELLOW,ABI_UNCERTAIN,PASS,Reversed code matches the Ghidra decompilation exactly.
0x00417504,poke_3d::model::BaseModel::GetWorldMatrix,0,12,analysis/reagent/candidates/0x00417504/attempt-1.cpp,YELLOW,PROTOTYPE_UNCERTAIN,PASS,The reversed function matches the Ghidra decompilation exactly.
0x00434D78,PokeTool::PokeModel::GetAnimationIsLoop,0,12,analysis/reagent/candidates/0x00434D78/attempt-1.cpp,YELLOW,PROTOTYPE_UNCERTAIN,PASS,"The reversed code matches the Ghidra logic exactly, including the 0x12b5 byte offset and cast to int."
0x004522DC,NetAppLib::JoinFestaUI::JoinFestaPlayerListLowerViewBase::SetVisibleMenuCursor,0,12,analysis/reagent/candidates/0x004522DC/attempt-1.cpp,YELLOW,PROTOTYPE_UNCERTAIN,PASS,The reversed function matches the Ghidra decompilation exactly.
0x0045AEE4,NetAppLib::UI::NetAppRegulationUpperView::ResetRegulationDrawInfo,0,12,analysis/reagent/candidates/0x0045AEE4/attempt-1.cpp,YELLOW,PROTOTYPE_UNCERTAIN,PASS,The reversed function matches the single Ghidra assignment exactly.
0x0045B2E4,NetAppLib::Util::BossUtility::GetFreeRagulationFileName,0,12,analysis/reagent/candidates/0x0045B2E4/attempt-1.cpp,YELLOW,ABI_UNCERTAIN,PASS,The reversed function matches the Ghidra decompilation exactly.
0x0045C378,NetAppLib::Util::NetAppPokeModelUtility::CleanupRequest,0,12,analysis/reagent/candidates/0x0045C378/attempt-1.cpp,YELLOW,PROTOTYPE_UNCERTAIN,PASS,The reversed code matches the single Ghidra assignment exactly.
0x0045FFD4,NetAppLib::System::ApplicationSystemBase::NonUseFadeRequest,0,12,analysis/reagent/candidates/0x0045FFD4/attempt-1.cpp,YELLOW,PROTOTYPE_UNCERTAIN,PASS,The reversed function matches the Ghidra logic: it only sets offset 0x49 to 1 and returns.
0x00464DA0,NetAppLib::P2PTrade::P2PTradeRequestClient::RemoveP2PTradeResponseListener,0,12,analysis/reagent/candidates/0x00464DA0/attempt-1.cpp,YELLOW,PROTOTYPE_UNCERTAIN,PASS,The reversed code matches the decompiled logic: it writes null to the field at `this + 8` and returns.
0x00467DE0,NetAppLib::JoinFesta::JoinFestaPersonalData::SetCommRouteForce,0,12,analysis/reagent/candidates/0x00467DE0/attempt-1.cpp,YELLOW,PROTOTYPE_UNCERTAIN,PASS,"The reversed function matches the Ghidra logic for the condition, assignment, and return behavior."
0x00468424,NetAppLib::JoinFesta::JoinFestaPersonalData::SetLastP2PPersonalEvent,0,12,analysis/reagent/candidates/0x00468424/attempt-1.cpp,YELLOW,PROTOTYPE_UNCERTAIN,PASS,The reversed function matches the Ghidra logic: it writes 0x12 to the member at offset 0x200.
0x00469064,NetAppLib::JoinFesta::JoinFestaPersonalData::UnLock,0,12,analysis/reagent/candidates/0x00469064/attempt-1.cpp,YELLOW,PROTOTYPE_UNCERTAIN,PASS,The reversed function matches the Ghidra logic exactly: it zeroes the byte/field at offset 0x23a and returns.
0x00471680,NetAppLib::JoinFesta::JoinFestaAttractionManager::TimeCountDownStart,0,12,analysis/reagent/candidates/0x00471680/attempt-1.cpp,YELLOW,PROTOTYPE_UNCERTAIN,PASS,The reversed function matches the Ghidra logic: it sets the `this+0x30` flag to `1` and returns.
0x00473120,NetAppLib::JoinFesta::JoinFestaPersonalDataManager::GetRecruiterPersonal,0,12,analysis/reagent/candidates/0x00473120/attempt-1.cpp,YELLOW,PROTOTYPE_UNCERTAIN,PASS,"The reversed function matches the Ghidra decompilation exactly, including signature and return expression."
0x00473200,NetAppLib::JoinFesta::JoinFestaPersonalDataManager::SetRecruiterVisibleOn,0,12,analysis/reagent/candidates/0x00473200/attempt-1.cpp,YELLOW,PROTOTYPE_UNCERTAIN,PASS,The reversed function matches the single Ghidra assignment in both behavior and control flow.
0x00473A14,NetAppLib::JoinFesta::JoinFestaPersonalDataManager::ResetScriptTalkFriendKey,0,12,analysis/reagent/candidates/0x00473A14/attempt-1.cpp,YELLOW,PROTOTYPE_UNCERTAIN,PASS,The reversed function matches the Ghidra logic exactly: it clears the 4-byte field at offset 0x2a8 to zero.
0x004A54B4,poke_3d::model::BaseModel::GetPosition,0,12,analysis/reagent/candidates/0x004A54B4/attempt-1.cpp,YELLOW,PROTOTYPE_UNCERTAIN,PASS,The reversed function matches the Ghidra decompilation exactly.
0x004A6614,trainer::TrainerTypeData::GetSex,0,12,analysis/reagent/candidates/0x004A6614/attempt-1.cpp,YELLOW,PROTOTYPE_UNCERTAIN,PASS,The reversed code matches the Ghidra decompilation exactly.
0x004A6B50,PokeTool::PokeModelSystem::GetPokeShaderPathNum,0,12,analysis/reagent/candidates/0x004A6B50/attempt-1.cpp,YELLOW,PROTOTYPE_UNCERTAIN,PASS,Reversed code matches the Ghidra decompilation exactly.
0x004AA5A8,NetAppLib::Util::NetAppPokemonValidationUtility::GetVerifyResult,0,12,analysis/reagent/candidates/0x004AA5A8/attempt-1.cpp,YELLOW,PROTOTYPE_UNCERTAIN,PASS,The reversed function matches the Ghidra decompilation exactly.
0x004AACB4,NetAppLib::JoinFesta::JoinFestaPersonalData::GetAttractionMonsNo,0,12,analysis/reagent/candidates/0x004AACB4/attempt-1.cpp,YELLOW,PROTOTYPE_UNCERTAIN,PASS,"The reversed function matches the Ghidra decompilation exactly, including the 0x242 offset and 16-bit return."
0x004AB1D8,NetAppLib::JoinFesta::JoinFestaPersonalData::GetRecommendFacilitiesId,0,12,analysis/reagent/candidates/0x004AB1D8/attempt-1.cpp,YELLOW,PROTOTYPE_UNCERTAIN,PASS,"The reversed function matches the Ghidra logic, including the 0x76 offset read and 0xff mask."
0x004AB3FC,NetAppLib::JoinFesta::JoinFestaPersonalData::GetSex,0,12,analysis/reagent/candidates/0x004AB3FC/attempt-1.cpp,YELLOW,PROTOTYPE_UNCERTAIN,PASS,The reversed function matches the Ghidra decompilation exactly.
0x004AB490,NetAppLib::JoinFesta::JoinFestaPersonalDataManager::IsRecruiterVisible,0,12,analysis/reagent/candidates/0x004AB490/attempt-1.cpp,YELLOW,PROTOTYPE_UNCERTAIN,PASS,"The reversed code matches the Ghidra logic exactly, including the 0x988 byte load and int return."
0x0051AFA8,gfl2::pawn::PawnBase::RegisterPawnFunction,0,12,analysis/reagent/candidates/0x0051AFA8/attempt-1.cpp,YELLOW,ABI_UNCERTAIN,PASS,"The reversed function matches the Ghidra decompilation in control flow, calls, offsets, and expression order."
0x00520ECC,mwmomobiclipDecoderGetQueueCapacity,0,12,analysis/reagent/candidates/0x00520ECC/attempt-1.cpp,YELLOW,UNKNOWN_TYPE,PASS,"The reversed function matches the Ghidra decompilation exactly, including the null check, offset 8 load, and return value."
0x00557F40,nw::font::TagProcessorBase<wchar_t>::TagProcessorBase,0,12,analysis/reagent/candidates/0x00557F40/attempt-1.cpp,YELLOW,ABI_UNCERTAIN,PASS,The reversed code matches the Ghidra decompilation exactly.
0x001036EC,std::ctype<char>::do_narrow,0,16,analysis/reagent/candidates/0x001036EC/attempt-1.cpp,YELLOW,ABI_UNCERTAIN,PASS,The reversed function matches the Ghidra decompilation exactly.
0x00103AF8,std::__rw_exception::__rw_exception,0,16,analysis/reagent/candidates/0x00103AF8/attempt-1.cpp,YELLOW,ABI_UNCERTAIN,PASS,Reversed code matches the Ghidra decompilation exactly.
0x00103FEC,__rw::__rw_locale_vector<std::__rw_open_cat_data>::~__rw_locale_vector,0,16,analysis/reagent/candidates/0x00103FEC/attempt-1.cpp,YELLOW,ABI_UNCERTAIN,PASS,Reversed code matches the Ghidra decompilation exactly.
0x0029AF30,nw::eft::EmitterSet::Kill,0,16,analysis/reagent/candidates/0x0029AF30/attempt-1.cpp,YELLOW,ABI_UNCERTAIN,PASS,"The reversed function matches the Ghidra control flow, offsets, calls, and update order."
0x002CC1BC,App::Tool::NewPaneList::SetupInputMode,0,16,analysis/reagent/candidates/0x002CC1BC/attempt-1.cpp,YELLOW,PROTOTYPE_UNCERTAIN,PASS,"The reversed code matches the Ghidra logic exactly, including all three assignments and no extra control flow."
0x002CE0F8,App::Tool::MessageMenuView::SetYNListMode,0,16,analysis/reagent/candidates/0x002CE0F8/attempt-1.cpp,YELLOW,PROTOTYPE_UNCERTAIN,PASS,The reversed code matches the Ghidra logic exactly for both assignments and the bitmask operation.
0x002D1DA0,App::Tool::MessageMenuView::SetMessageSpeed,0,16,analysis/reagent/candidates/0x002D1DA0/attempt-1.cpp,YELLOW,PROTOTYPE_UNCERTAIN,PASS,"The reversed function matches the Ghidra decompilation exactly in call target, offset usage, and expression order."
0x002EA2C8,app::tool::MenuWindow::StartYesNoMenu,0,16,analysis/reagent/candidates/0x002EA2C8/attempt-1.cpp,YELLOW,ABI_UNCERTAIN,PASS,Reversed code matches the Ghidra decompilation exactly.
0x00301910,__rw::__rw_locale_vector<std::string>::~__rw_locale_vector,0,16,analysis/reagent/candidates/0x00301910/attempt-1.cpp,YELLOW,ABI_UNCERTAIN,PASS,Reversed code matches the Ghidra decompilation exactly.
0x00310A44,app::util::G2DUtil::GetLayoutWorkSetup,0,16,analysis/reagent/candidates/0x00310A44/attempt-1.cpp,YELLOW,ABI_UNCERTAIN,PASS,Reversed code matches the Ghidra decompilation exactly.
0x00315890,pml::personal::GetWazaOboeLevel,0,16,analysis/reagent/candidates/0x00315890/attempt-1.cpp,YELLOW,ABI_UNCERTAIN,PASS,Reversed code matches the Ghidra decompilation exactly.
0x003159D0,pml::personal::GetWazaOboeWazaNo,0,16,analysis/reagent/candidates/0x003159D0/attempt-1.cpp,YELLOW,ABI_UNCERTAIN,PASS,Reversed code matches the Ghidra decompilation exactly.
0x0032CAE4,gfl2::renderingengine::scenegraph::resource::GfBinaryMotData::GfBinaryMotData,0,16,analysis/reagent/candidates/0x0032CAE4/attempt-1.cpp,YELLOW,ABI_UNCERTAIN,PASS,The reversed constructor matches the Ghidra logic exactly: it stores DAT_0032caf4 at offset 0 and zero at offset 4.
0x0032F688,gfl2::renderingengine::scenegraph::resource::GfBinaryMdlDataPack::GfBinaryMdlDataPack,0,16,analysis/reagent/candidates/0x0032F688/attempt-1.cpp,YELLOW,ABI_UNCERTAIN,PASS,Matches the Ghidra constructor logic exactly.
0x0034FEC0,gfl2::lyt::LytMultiResID::LytMultiResID,0,16,analysis/reagent/candidates/0x0034FEC0/attempt-1.cpp,YELLOW,PROTOTYPE_UNCERTAIN,PASS,Matches the Ghidra logic exactly: one 16-bit load from DAT_0034fed0 and two identical 16-bit stores to this at offsets 0 and 2.
0x0035A818,gfl2::proc::Manager::GetBaseProcess,0,16,analysis/reagent/candidates/0x0035A818/attempt-1.cpp,YELLOW,ABI_UNCERTAIN,PASS,"The reversed function matches the Ghidra decompilation exactly, including control flow and offsets."
0x0035DF68,gfl2::Effect::System::GetResource,0,16,analysis/reagent/candidates/0x0035DF68/attempt-1.cpp,YELLOW,ABI_UNCERTAIN,PASS,Reversed code matches the Ghidra logic exactly.
0x00361890,gfl2::animation::AnimationPackList::AnimationPackList,0,16,analysis/reagent/candidates/0x00361890/attempt-1.cpp,YELLOW,PROTOTYPE_UNCERTAIN,PASS,The reversed constructor matches the Ghidra logic exactly: both 4-byte fields at offsets 0 and 4 are zeroed with no extra behavior.
0x003BE598,print::GetTagGroup,0,16,analysis/reagent/candidates/0x003BE598/attempt-1.cpp,YELLOW,ABI_UNCERTAIN,PASS,The reversed function matches the Ghidra decompilation exactly.
0x003BE5A8,print::GetTagIndex,0,16,analysis/reagent/candidates/0x003BE5A8/attempt-1.cpp,YELLOW,ABI_UNCERTAIN,PASS,The reversed function matches the Ghidra decompilation exactly.
0x003BFD58,print::SystemFont_GetFont,0,16,analysis/reagent/candidates/0x003BFD58/attempt-1.cpp,YELLOW,ABI_UNCERTAIN,PASS,The reversed function matches the Ghidra logic exactly.
0x003DFAB8,NetLib::Error::NijiNetworkErrorDialogStatus::ResetNetworkErrorDialogEvent,0,16,analysis/reagent/candidates/0x003DFAB8/attempt-1.cpp,YELLOW,ABI_UNCERTAIN,PASS,The reversed function matches the Ghidra decompilation exactly.
0x003E0794,NetLib::Delivery::DeliveryManager::IsCompretePrepareFinalize,0,16,analysis/reagent/candidates/0x003E0794/attempt-1.cpp,YELLOW,ABI_UNCERTAIN,PASS,The reversed function matches the Ghidra decompilation exactly.
0x003EA2C4,System::GflUse::SetSoftResetRequest,0,16,analysis/reagent/candidates/0x003EA2C4/attempt-1.cpp,YELLOW,ABI_UNCERTAIN,PASS,The reversed code matches the Ghidra logic exactly at the byte/offset level and preserves the same single assignment.
0x003ED8D8,System::GetLang,0,16,analysis/reagent/candidates/0x003ED8D8/attempt-1.cpp,YELLOW,ABI_UNCERTAIN,PASS,The reversed function matches the Ghidra decompilation exactly.
0x003EDC90,applib::frame::Manager::GetBaseProcess,0,16,analysis/reagent/candidates/0x003EDC90/attempt-1.cpp,YELLOW,ABI_UNCERTAIN,PASS,Reversed code matches the Ghidra decompilation exactly.
0x003F427C,GameSys::AlolaTime::ClearAlolaOnlyFakeTime,0,16,analysis/reagent/candidates/0x003F427C/attempt-1.cpp,YELLOW,ABI_UNCERTAIN,PASS,Reversed code matches the Ghidra decompilation exactly.
0x003F7530,gflnet2::nex::NexManager::GetCredentials,0,16,analysis/reagent/candidates/0x003F7530/attempt-1.cpp,YELLOW,ABI_UNCERTAIN,PASS,Reversed code matches the Ghidra decompilation exactly.
0x004020D4,gflnet2::p2p::NetGameBase::UnregistMigrationListener,0,16,analysis/reagent/candidates/0x004020D4/attempt-1.cpp,YELLOW,ABI_UNCERTAIN,PASS,The reversed function matches the Ghidra decompilation exactly.
0x0040D2C4,poke_3d::model::BaseCamera::SetAnimationLoop,0,16,analysis/reagent/candidates/0x0040D2C4/attempt-1.cpp,YELLOW,PROTOTYPE_UNCERTAIN,PASS,The reversed function matches the Ghidra logic exactly: it writes a booleanized `param_1` into the camera's loop-enabled field.
0x004149A4,app::tool::CharaSimpleModel::GetDressUpModelResourceManagerCore,0,16,analysis/reagent/candidates/0x004149A4/attempt-1.cpp,YELLOW,PROTOTYPE_UNCERTAIN,PASS,Reversed code matches the Ghidra decompilation exactly.
0x004349A4,PokeTool::PokeModel::GetAnimationType,0,16,analysis/reagent/candidates/0x004349A4/attempt-1.cpp,YELLOW,PROTOTYPE_UNCERTAIN,PASS,The reversed function matches the decompiled logic: it reads the low byte of the 4-byte field at offset 0x12b8 and returns it as int.
0x00459580,NetAppLib::UI::NetAppCursorView::SetCursorController,0,16,analysis/reagent/candidates/0x00459580/attempt-1.cpp,YELLOW,PROTOTYPE_UNCERTAIN,PASS,"The reversed function matches the Ghidra decompilation exactly, including the null check, fallback assignment, and final store."
0x00464C34,NetAppLib::P2PTrade::P2PTradeRequestClient::GetLastRecvMessageID,0,16,analysis/reagent/candidates/0x00464C34/attempt-1.cpp,YELLOW,PROTOTYPE_UNCERTAIN,PASS,The reversed code matches the Ghidra logic: it reads the first byte of the 4-byte field at offset 0x2074 and returns it as int.
0x00467DEC,NetAppLib::JoinFesta::JoinFestaPersonalData::ResetPersonalEvent,0,16,analysis/reagent/candidates/0x00467DEC/attempt-1.cpp,YELLOW,PROTOTYPE_UNCERTAIN,PASS,The reversed function matches the Ghidra logic exactly.
0x00470900,NetAppLib::JoinFesta::JoinFestaAttractionManager::GetMemberNum,0,16,analysis/reagent/candidates/0x00470900/attempt-1.cpp,YELLOW,PROTOTYPE_UNCERTAIN,PASS,"The reversed function matches the Ghidra decompilation exactly, including offset and expression order."
0x00497FA0,gfl2::ui::TouchPanel::IsTouchRelease,0,16,analysis/reagent/candidates/0x00497FA0/attempt-1.cpp,YELLOW,ABI_UNCERTAIN,PASS,The reversed function matches the Ghidra decompilation exactly.
0x00497FB0,gfl2::ui::TouchPanel::IsTouchTrigger,0,16,analysis/reagent/candidates/0x00497FB0/attempt-1.cpp,YELLOW,ABI_UNCERTAIN,PASS,The reversed function matches the Ghidra decompilation exactly.
0x0049814C,gfl2::ui::TouchPanel::GetX,0,16,analysis/reagent/candidates/0x0049814C/attempt-1.cpp,YELLOW,ABI_UNCERTAIN,PASS,The reversed function matches the Ghidra decompilation exactly.
0x0049815C,gfl2::ui::TouchPanel::GetY,0,16,analysis/reagent/candidates/0x0049815C/attempt-1.cpp,YELLOW,ABI_UNCERTAIN,PASS,Reversed code matches the Ghidra decompilation exactly.
0x004981E0,gfl2::ui::TouchPanel::IsTouch,0,16,analysis/reagent/candidates/0x004981E0/attempt-1.cpp,YELLOW,ABI_UNCERTAIN,PASS,The reversed function matches the Ghidra decompilation exactly.
0x00498220,gfl2::ui::TouchPanel::GetPrevX,0,16,analysis/reagent/candidates/0x00498220/attempt-1.cpp,YELLOW,ABI_UNCERTAIN,PASS,"The reversed function matches the Ghidra decompilation exactly, including the call, offset access, and return type."
0x00498230,gfl2::ui::TouchPanel::GetPrevY,0,16,analysis/reagent/candidates/0x00498230/attempt-1.cpp,YELLOW,ABI_UNCERTAIN,PASS,"The reversed function matches the Ghidra decompilation exactly in body, call, and offset usage."
0x004983E8,gfl2::ui::VectorDevice::GetTrigger,0,16,analysis/reagent/candidates/0x004983E8/attempt-1.cpp,YELLOW,ABI_UNCERTAIN,PASS,"The reversed function matches the Ghidra decompilation exactly in call sequence, offset access, and return behavior."
0x0049868C,gfl2::ui::VectorDevice::GetX,0,16,analysis/reagent/candidates/0x0049868C/attempt-1.cpp,YELLOW,ABI_UNCERTAIN,PASS,Reversed code matches the Ghidra decompilation exactly.
0x0049869C,gfl2::ui::VectorDevice::GetY,0,16,analysis/reagent/candidates/0x0049869C/attempt-1.cpp,YELLOW,ABI_UNCERTAIN,PASS,"The reversed function matches the Ghidra logic exactly, including the call and offset access."
0x00499130,gfl2::ui::Gyroscope::IsValid,0,16,analysis/reagent/candidates/0x00499130/attempt-1.cpp,YELLOW,ABI_UNCERTAIN,PASS,The reversed function matches the Ghidra decompilation exactly.
0x00499140,gfl2::ui::Gyroscope::GetAngle,0,16,analysis/reagent/candidates/0x00499140/attempt-1.cpp,YELLOW,ABI_UNCERTAIN,PASS,The reversed function matches the Ghidra decompilation exactly.
0x00499150,gfl2::ui::Gyroscope::GetSpeed,0,16,analysis/reagent/candidates/0x00499150/attempt-1.cpp,YELLOW,ABI_UNCERTAIN,PASS,Reversed code matches the Ghidra decompilation exactly.
0x004A1B4C,print::HangulComposer::HasCompositionChar,0,16,analysis/reagent/candidates/0x004A1B4C/attempt-1.cpp,YELLOW,PROTOTYPE_UNCERTAIN,PASS,"The reversed function matches the Ghidra decompilation exactly, including the `this + 0x1c` short read and nonzero check."
0x004A2A64,NetApp::Live::LiveNet::GetClientID_Mine,0,16,analysis/reagent/candidates/0x004A2A64/attempt-1.cpp,YELLOW,PROTOTYPE_UNCERTAIN,PASS,The reversed code matches the Ghidra decompilation exactly.
0x004A2C40,NetApp::NBR::NBRNet::IsWifi,0,16,analysis/reagent/candidates/0x004A2C40/attempt-1.cpp,YELLOW,ABI_UNCERTAIN,PASS,"Reversed code matches the Ghidra logic exactly, including call sequence and pointer arithmetic."
0x004A30F0,System::Skybox::Skybox::IsCreateResource,0,16,analysis/reagent/candidates/0x004A30F0/attempt-1.cpp,YELLOW,PROTOTYPE_UNCERTAIN,PASS,The reversed function matches the Ghidra logic: it returns whether the value at index 0x20 is nonzero.
0x004A3108,System::Skybox::Skybox::GetSunPosition,0,16,analysis/reagent/candidates/0x004A3108/attempt-1.cpp,YELLOW,PROTOTYPE_UNCERTAIN,PASS,The reversed function matches the Ghidra decompilation exactly.
0x004A3800,poke_3d::model::BaseCamera::IsAnimation,0,16,analysis/reagent/candidates/0x004A3800/attempt-1.cpp,YELLOW,PROTOTYPE_UNCERTAIN,PASS,The reversed code matches the Ghidra logic exactly for the single null-check at offset 0x68.
0x004A3F04,poke_3d::model::BaseCamera::IsAnimationLoop,0,16,analysis/reagent/candidates/0x004A3F04/attempt-1.cpp,YELLOW,PROTOTYPE_UNCERTAIN,PASS,The reversed implementation matches the single offset check in Ghidra and preserves the same boolean comparison.
0x004A59A0,poke_3d::model::BaseModel::HasAnimationController,0,16,analysis/reagent/candidates/0x004A59A0/attempt-1.cpp,YELLOW,PROTOTYPE_UNCERTAIN,PASS,"The reversed function matches the Ghidra decompilation exactly, including the offset and return expression."
0x004A5D00,poke_3d::model::BaseModel::IsCreated,0,16,analysis/reagent/candidates/0x004A5D00/attempt-1.cpp,YELLOW,PROTOTYPE_UNCERTAIN,PASS,The reversed function matches the Ghidra decompilation exactly.
0x004AAA40,NetAppLib::JoinFesta::JoinFestaPersonalData::GetTransferedID,0,16,analysis/reagent/candidates/0x004AAA40/attempt-1.cpp,YELLOW,ABI_UNCERTAIN,PASS,The reversed function matches the Ghidra decompilation exactly.
0x004AAA50,NetAppLib::JoinFesta::JoinFestaPersonalData::IsPresetNpcData,0,16,analysis/reagent/candidates/0x004AAA50/attempt-1.cpp,YELLOW,PROTOTYPE_UNCERTAIN,PASS,The reversed function matches the ground truth null check on the field at offset 0x244.
0x004AAEA8,NetAppLib::JoinFesta::JoinFestaPersonalData::IsAttractionAddPoint,0,16,analysis/reagent/candidates/0x004AAEA8/attempt-1.cpp,YELLOW,PROTOTYPE_UNCERTAIN,PASS,"The reversed function matches the Ghidra logic exactly, with the offset represented by the named member."
0x004AAF08,NetAppLib::JoinFesta::JoinFestaPersonalData::IsAttractionDummyData,0,16,analysis/reagent/candidates/0x004AAF08/attempt-1.cpp,YELLOW,PROTOTYPE_UNCERTAIN,PASS,The reversed function matches the ground truth boolean check on the same field with no extra logic.
0x004AB338,NetAppLib::JoinFesta::JoinFestaPersonalData::GetRecommendFacilitiesColor,0,16,analysis/reagent/candidates/0x004AB338/attempt-1.cpp,YELLOW,PROTOTYPE_UNCERTAIN,PASS,Reversed code matches the Ghidra decompilation exactly.
0x004AB3EC,NetAppLib::JoinFesta::JoinFestaPersonalData::GetRecommendFacilitiesCharacterId,0,16,analysis/reagent/candidates/0x004AB3EC/attempt-1.cpp,YELLOW,PROTOTYPE_UNCERTAIN,PASS,The reversed code matches the Ghidra decompilation exactly.
0x004AB458,NetAppLib::JoinFesta::JoinFestaPersonalData::IsOnline,0,16,analysis/reagent/candidates/0x004AB458/attempt-1.cpp,YELLOW,PROTOTYPE_UNCERTAIN,PASS,"The reversed function matches the Ghidra logic exactly, including the same offset check and boolean return."
0x004AB468,NetAppLib::JoinFesta::JoinFestaInformationMessage::IsMessageExist,0,16,analysis/reagent/candidates/0x004AB468/attempt-1.cpp,YELLOW,PROTOTYPE_UNCERTAIN,PASS,The reversed function matches the Ghidra decompilation exactly.
0x004AB4B8,NetAppLib::JoinFesta::JoinFestaPersonalDataManager::GetCount,0,16,analysis/reagent/candidates/0x004AB4B8/attempt-1.cpp,YELLOW,ABI_UNCERTAIN,PASS,"The reversed code matches the Ghidra decompilation exactly, including the indexed offset expression and return type."
0x002F9020,app::tool::InfoWindowSheetType::SyncCreate,0,4,analysis/reagent/candidates/0x002F9020/attempt-1.cpp,YELLOW,ABI_UNCERTAIN,PASS,"The reversed function matches the Ghidra control flow, calls, and field writes."
0x0030181C,operator.delete,0,4,analysis/reagent/candidates/0x0030181C/attempt-1.cpp,YELLOW,UNKNOWN_TYPE,PASS,"Reversed code matches the Ghidra control flow, calls, offsets, and operand order."
0x00455220,NetAppLib::JoinFestaUI::JoinFestaPlayerListSelectLowerViewBase::Draw,0,4,analysis/reagent/candidates/0x00455220/attempt-1.cpp,YELLOW,PROTOTYPE_UNCERTAIN,PASS,Reversed code matches the Ghidra decompilation exactly.
0x002C7A7C,App::TrainerPass::PlayData::SetStampPage,0,8,analysis/reagent/candidates/0x002C7A7C/attempt-1.cpp,YELLOW,PROTOTYPE_UNCERTAIN,PASS,The reversed function matches the Ghidra logic exactly.
0x002C7E18,App::Box::BoxAppSetup::SetOtherMessage,0,8,analysis/reagent/candidates/0x002C7E18/attempt-1.cpp,YELLOW,PROTOTYPE_UNCERTAIN,PASS,The reversed function matches the Ghidra logic exactly: it stores the input value at this+0x94 and returns.
0x002C9B40,App::Tool::MapManager::SetupPlayerSex,0,8,analysis/reagent/candidates/0x002C9B40/attempt-1.cpp,YELLOW,PROTOTYPE_UNCERTAIN,PASS,The reversed function matches the single Ghidra store exactly in behavior.
0x002CB73C,App::Tool::TalkWindow::SetTimer,0,8,analysis/reagent/candidates/0x002CB73C/attempt-1.cpp,YELLOW,PROTOTYPE_UNCERTAIN,PASS,The reversed function matches the Ghidra logic: it performs the same single 4-byte store to the TalkWindow timer field and returns.
0x002CC53C,App::Tool::NewPaneList::SetupInsertPane,0,8,analysis/reagent/candidates/0x002CC53C/attempt-1.cpp,YELLOW,PROTOTYPE_UNCERTAIN,PASS,Matches the Ghidra logic: a single 4-byte store to `this+0xbc`.
0x002D4AE8,App::Event::ShopBuyEvent::SetupHeap,0,8,analysis/reagent/candidates/0x002D4AE8/attempt-1.cpp,YELLOW,PROTOTYPE_UNCERTAIN,PASS,The reversed code matches the Ghidra logic exactly: it stores `param_1` at offset `0x48` and returns.
0x002E0F40,App::PokeList::IntermediateData::SetParameter,0,8,analysis/reagent/candidates/0x002E0F40/attempt-1.cpp,YELLOW,PROTOTYPE_UNCERTAIN,PASS,The reversed implementation matches the Ghidra logic exactly: it writes the 4-byte parameter value to `this` and returns.
0x002E71F4,app::ui::UIViewManager::SetTopPriorityUIView,0,8,analysis/reagent/candidates/0x002E71F4/attempt-1.cpp,YELLOW,PROTOTYPE_UNCERTAIN,PASS,The reversed code matches the Ghidra logic: a single 4-byte store to `this + 0x80` with no extra control flow.
0x002E78EC,app::ui::UIView::SetLayoutTransferArea,0,8,analysis/reagent/candidates/0x002E78EC/attempt-1.cpp,YELLOW,PROTOTYPE_UNCERTAIN,PASS,The reversed function matches the Ghidra logic exactly.
0x002E81A4,app::bag::PlayData::SetPocketPos,0,8,analysis/reagent/candidates/0x002E81A4/attempt-1.cpp,YELLOW,PROTOTYPE_UNCERTAIN,PASS,The reversed implementation matches the Ghidra logic: it writes the 4-byte pocket position value to this+0x20 with no extra control flow.
0x002EA004,app::tool::MenuWindow::SetListener,0,8,analysis/reagent/candidates/0x002EA004/attempt-1.cpp,YELLOW,PROTOTYPE_UNCERTAIN,PASS,The reversed code matches the Ghidra logic exactly: same write to offset 0x154 with the same 4-byte value and no missing control flow.
0x002EBBDC,app::tool::PaneListView::SetListener,0,8,analysis/reagent/candidates/0x002EBBDC/attempt-1.cpp,YELLOW,PROTOTYPE_UNCERTAIN,PASS,The reversed code matches the Ghidra logic: it stores the listener value at `this + 0x90` with no extra control flow.
0x00337750,gfl2::renderingengine::renderer::util::DofRenderPath::SetBlurScale,0,8,analysis/reagent/candidates/0x00337750/attempt-1.cpp,YELLOW,PROTOTYPE_UNCERTAIN,PASS,The reversed function matches the Ghidra logic: it writes the 4-byte parameter to `this + 8`.
0x00340F08,gfl2::fs::BinLinkerAccessor::Initialize,0,8,analysis/reagent/candidates/0x00340F08/attempt-1.cpp,YELLOW,PROTOTYPE_UNCERTAIN,PASS,The reversed function matches the Ghidra logic exactly.
0x00340F10,gfl2::fs::BinLinkerAccessor::BinLinkerAccessor,0,8,analysis/reagent/candidates/0x00340F10/attempt-1.cpp,YELLOW,PROTOTYPE_UNCERTAIN,PASS,The reversed constructor matches the Ghidra logic exactly: it stores the 4-byte parameter into `this` and returns.
0x00350C84,gfl2::lyt::LytWk::SetAnimeFrame,0,8,analysis/reagent/candidates/0x00350C84/attempt-1.cpp,YELLOW,ABI_UNCERTAIN,PASS,Reversed code matches the Ghidra decompilation exactly.
0x003BFB94,print::HangulComposer::HangulComposer,0,8,analysis/reagent/candidates/0x003BFB94/attempt-1.cpp,YELLOW,PROTOTYPE_UNCERTAIN,PASS,The reversed constructor matches the Ghidra logic exactly.
0x003C15D4,print::WordSet::SetWordSetLoader,0,8,analysis/reagent/candidates/0x003C15D4/attempt-1.cpp,YELLOW,PROTOTYPE_UNCERTAIN,PASS,The reversed function matches the Ghidra logic exactly.
0x003CF198,NetApp::NBR::NBRNet::RegistRecvListener,0,8,analysis/reagent/candidates/0x003CF198/attempt-1.cpp,YELLOW,PROTOTYPE_UNCERTAIN,PASS,The reversed function matches the Ghidra logic exactly.
0x003D6E6C,NetLib::P2P::P2pConnectionManager::RegistMigrationListener,0,8,analysis/reagent/candidates/0x003D6E6C/attempt-1.cpp,YELLOW,PROTOTYPE_UNCERTAIN,PASS,The reversed function matches the Ghidra logic: it performs a single 4-byte assignment to the migration listener field and returns.
0x003D8C7C,NetLib::Pgl::PGLConnector::SetPGLConnectorListener,0,8,analysis/reagent/candidates/0x003D8C7C/attempt-1.cpp,YELLOW,PROTOTYPE_UNCERTAIN,PASS,The reversed function matches the Ghidra logic exactly: it stores the parameter into the listener field with no extra behavior.
0x003E058C,NetLib::Delivery::DeliveryManager::SetSerialCode,0,8,analysis/reagent/candidates/0x003E058C/attempt-1.cpp,YELLOW,PROTOTYPE_UNCERTAIN,PASS,Directly matches the Ghidra write to `this + 0x88` with a single field assignment.
0x003E0660,NetLib::Delivery::DeliveryManager::SetRecvListener,0,8,analysis/reagent/candidates/0x003E0660/attempt-1.cpp,YELLOW,PROTOTYPE_UNCERTAIN,PASS,The reversed function matches the Ghidra logic exactly: same write to `this + 0x1c` and no additional behavior.
0x003E0668,NetLib::Delivery::DeliveryManager::SetSendListener,0,8,analysis/reagent/candidates/0x003E0668/attempt-1.cpp,YELLOW,PROTOTYPE_UNCERTAIN,PASS,Matches the Ghidra logic exactly: same this-relative write at offset 0x18 and no missing control flow.
0x003FD8BC,gflnet2::nex::NexMatchMakingClient::SetCommunityListener,0,8,analysis/reagent/candidates/0x003FD8BC/attempt-1.cpp,YELLOW,PROTOTYPE_UNCERTAIN,PASS,"The reversed code matches the Ghidra logic: it stores the input value at this->community_listener, corresponding to offset 0x1c."
0x0040D104,poke_3d::model::BaseCamera::SetAspectRatio,0,8,analysis/reagent/candidates/0x0040D104/attempt-1.cpp,YELLOW,PROTOTYPE_UNCERTAIN,PASS,The reversed function matches the Ghidra logic exactly for this simple field assignment.
0x0040D2D4,poke_3d::model::BaseCamera::SetAnimationFrame,0,8,analysis/reagent/candidates/0x0040D2D4/attempt-1.cpp,YELLOW,PROTOTYPE_UNCERTAIN,PASS,The reversed function matches the Ghidra logic: a single 4-byte write to the camera object at the animationFrame field.
0x0040D490,poke_3d::model::BaseCamera::SetAnimationStepFrame,0,8,analysis/reagent/candidates/0x0040D490/attempt-1.cpp,YELLOW,PROTOTYPE_UNCERTAIN,PASS,The reversed function matches the single Ghidra store at offset 0x24 with no missing logic.
0x0040D498,poke_3d::model::BaseCamera::SetLocalAnimationScale,0,8,analysis/reagent/candidates/0x0040D498/attempt-1.cpp,YELLOW,PROTOTYPE_UNCERTAIN,PASS,"The reversed function matches the Ghidra logic exactly, including the single store to offset 0x6c."
0x0040D5CC,poke_3d::model::BaseCamera::SetNear,0,8,analysis/reagent/candidates/0x0040D5CC/attempt-1.cpp,YELLOW,PROTOTYPE_UNCERTAIN,PASS,The reversed function matches the decompiled logic: it stores the 4-byte argument into the `near` field at the expected offset.
0x0040DD54,poke_3d::model::CharaModel::SetupRandomFuc,0,8,analysis/reagent/candidates/0x0040DD54/attempt-1.cpp,YELLOW,PROTOTYPE_UNCERTAIN,PASS,"The reversed function matches the Ghidra logic exactly, including the single write to offset `0x110` and no extra control flow."
0x004100F4,poke_3d::model::PokemonModel::SetEnabledAmbientColor,0,8,analysis/reagent/candidates/0x004100F4/attempt-1.cpp,YELLOW,PROTOTYPE_UNCERTAIN,PASS,The reversed function matches the Ghidra logic: a single 4-byte write to this+0x2cc with no extra control flow.
0x0041178C,poke_3d::model::CharaModelFactory::SetupRandomFunc,0,8,analysis/reagent/candidates/0x0041178C/attempt-1.cpp,YELLOW,PROTOTYPE_UNCERTAIN,PASS,The reverse matches the Ghidra logic exactly: it stores the parameter at this+0x18 with no extra behavior.
0x00417920,poke_3d::model::BaseModel::SetAnimationPackList,0,8,analysis/reagent/candidates/0x00417920/attempt-1.cpp,YELLOW,PROTOTYPE_UNCERTAIN,PASS,The reversed function matches the Ghidra logic exactly: it writes the input value to `this + 0x24` and returns.
0x00464D8C,NetAppLib::P2PTrade::P2PTradeRequestClient::SetP2PTradeResponseListener,0,8,analysis/reagent/candidates/0x00464D8C/attempt-1.cpp,YELLOW,PROTOTYPE_UNCERTAIN,PASS,The assignment to `this + 8` matches the Ghidra logic exactly.
0x00310A58,app::util::G2DUtil::SetMessageCallback,0,12,analysis/reagent/candidates/0x00310A58/attempt-1.cpp,YELLOW,PROTOTYPE_UNCERTAIN,PASS,"The reversed function matches the Ghidra logic exactly, including the nested pointer write and offset usage."
0x003577C8,gfl2::base::SingletonAccessor<gfl2::Fade::FadeManager>::GetInstance,0,12,analysis/reagent/candidates/0x003577C8/attempt-1.cpp,YELLOW,ABI_UNCERTAIN,PASS,The reversed function matches the Ghidra logic exactly.
0x0035F1A8,gfl2::thread::Event::Event,0,12,analysis/reagent/candidates/0x0035F1A8/attempt-1.cpp,YELLOW,PROTOTYPE_UNCERTAIN,PASS,The reversed constructor matches the Ghidra logic exactly: it stores the input at offset 0 and zeroes the 4-byte field at offset 4.
0x003BECBC,print::MessageWindow::SetDefaultMessageSpeed,0,12,analysis/reagent/candidates/0x003BECBC/attempt-1.cpp,YELLOW,ABI_UNCERTAIN,PASS,The reversed function matches the Ghidra decompilation exactly.
0x00401CD8,gflnet2::p2p::NetGameBase::RegistMigrationListener,0,12,analysis/reagent/candidates/0x00401CD8/attempt-1.cpp,YELLOW,ABI_UNCERTAIN,PASS,"The reversed code matches the Ghidra logic exactly, including the single store to DAT_00401ce4 + 0xc."
0x004178CC,poke_3d::model::BaseModel::SetInterestPosition,0,12,analysis/reagent/candidates/0x004178CC/attempt-1.cpp,YELLOW,PROTOTYPE_UNCERTAIN,PASS,"The reversed function matches the Ghidra logic exactly, including the pointer chain and store offset."
0x0041B744,poke_3d::renderer::OutLinePostRenderPath::SetEdgeMapTexture,0,12,analysis/reagent/candidates/0x0041B744/attempt-1.cpp,YELLOW,PROTOTYPE_UNCERTAIN,PASS,"The reversed function matches the Ghidra logic exactly: same pointer arithmetic, same store width, and no missing control flow."
0x0035E0D8,gfl2::Effect::System::Calc,0,16,analysis/reagent/candidates/0x0035E0D8/attempt-1.cpp,YELLOW,PROTOTYPE_UNCERTAIN,PASS,"Reversed code matches the Ghidra logic exactly, including both conditional checks and the address calculation."
0x0036D15C,item::ITEM_GetBeadsTable,0,16,analysis/reagent/candidates/0x0036D15C/attempt-1.cpp,YELLOW,ABI_UNCERTAIN,PASS,The reversed function matches the Ghidra decompilation exactly.
0x0036D170,item::ITEM_GetPieceTable,0,16,analysis/reagent/candidates/0x0036D170/attempt-1.cpp,YELLOW,ABI_UNCERTAIN,PASS,Reversed code matches the Ghidra decompilation exactly.
0x0040D10C,poke_3d::model::BaseCamera::SetRotationQuat,0,16,analysis/reagent/candidates/0x0040D10C/attempt-1.cpp,YELLOW,PROTOTYPE_UNCERTAIN,PASS,The reversed code matches the decompiled logic: it copies four 4-byte values into this->rotationQuat at offsets 0x94-0xA0.
0x0041BD70,poke_3d::renderer::OutLinePostRenderPath::SetEnable,0,16,analysis/reagent/candidates/0x0041BD70/attempt-1.cpp,YELLOW,PROTOTYPE_UNCERTAIN,PASS,"The reversed function matches the Ghidra logic exactly, including the bounds check, offset calculation, and write location."
0x0041CC5C,poke_3d::renderer::EdgeMapSceneRenderPath::SetEnable,0,16,analysis/reagent/candidates/0x0041CC5C/attempt-1.cpp,YELLOW,PROTOTYPE_UNCERTAIN,PASS,"The reversed code matches the Ghidra logic exactly: same bounds check, same offset calculation, same write, and no missing branches or calls."
0x004A37F0,poke_3d::model::BaseCamera::GetRotation,0,16,analysis/reagent/candidates/0x004A37F0/attempt-1.cpp,YELLOW,PROTOTYPE_UNCERTAIN,PASS,"The reversed function matches the Ghidra decompilation exactly, including offsets, assignment order, and lack of branches or calls."
0x004A54C0,poke_3d::model::BaseModel::GetRotation,0,16,analysis/reagent/candidates/0x004A54C0/attempt-1.cpp,YELLOW,PROTOTYPE_UNCERTAIN,PASS,"The reversed function matches the Ghidra decompilation exactly, including offsets and assignment order."
0x002A5DD4,nw::lyt::Layout::SetAllocator,0,12,analysis/reagent/candidates/0x002A5DD4/attempt-1.cpp,YELLOW,ABI_UNCERTAIN,PASS,The reversed function matches the Ghidra decompilation exactly.
0x00357708,gfl2::base::SingletonAccessor<gflnet2::nex::NexManager>::GetInstance,0,12,analysis/reagent/candidates/0x00357708/attempt-1.cpp,YELLOW,ABI_UNCERTAIN,PASS,The reversed function matches the Ghidra logic exactly: it returns the value at `DAT_00357714` with no extra control flow.
0x00357788,gfl2::base::SingletonAccessor<NetAppLib::JoinFesta::JoinFestaPersonalDataManager>::GetInstance,0,12,analysis/reagent/candidates/0x00357788/attempt-1.cpp,YELLOW,ABI_UNCERTAIN,PASS,The reversed function matches the Ghidra body exactly: it returns `*DAT_00357794` with no missing logic.
0x0035B2B4,gfl2::util::GLHeapAllocator::GLHeapAllocator,0,16,analysis/reagent/candidates/0x0035B2B4/attempt-1.cpp,YELLOW,ABI_UNCERTAIN,PASS,"The reversed constructor matches the Ghidra logic exactly, including load/store order and offsets."
0x0035EB28,gfl2::system::Date::Date,0,16,analysis/reagent/candidates/0x0035EB28/attempt-1.cpp,YELLOW,ABI_UNCERTAIN,PASS,Reversed constructor matches Ghidra exactly.
0x0041CE54,poke_3d::renderer::DistortionPostRenderPath::AddDrawEnv,0,8,analysis/reagent/candidates/0x0041CE54/attempt-1.cpp,YELLOW,PROTOTYPE_UNCERTAIN,PASS,The reversed function matches the Ghidra logic exactly.
0x00493BCC,pml::PokeParty::GetMemberCountEx,0,8,analysis/reagent/candidates/0x00493BCC/attempt-1.cpp,YELLOW,ABI_UNCERTAIN,PASS,The reversed function matches the Ghidra decompilation exactly.
0x004996F0,gfl2::lyt::LytWk::GetPane,0,8,analysis/reagent/candidates/0x004996F0/attempt-1.cpp,YELLOW,ABI_UNCERTAIN,PASS,The reversed function matches the Ghidra decompilation exactly.
0x0031587C,pml::personal::GetPersonalParam,0,16,analysis/reagent/candidates/0x0031587C/attempt-1.cpp,YELLOW,ABI_UNCERTAIN,PASS,"The reversed function matches the Ghidra decompilation exactly in call, offset access, return type, and expression order."
0x0048EE3C,app::util::G2DUtil::GetLayoutWork,0,12,analysis/reagent/candidates/0x0048EE3C/attempt-1.cpp,YELLOW,ABI_UNCERTAIN,PASS,The reversed function matches the Ghidra decompilation exactly.
0x0035BE88,gfl2::debug::GFLassert,0,4,analysis/reagent/candidates/0x0035BE88/attempt-1.cpp,YELLOW,PROTOTYPE_UNCERTAIN,PASS,The reversed function matches the Ghidra decompilation exactly and contains the same no-op body.
0x00358160,gfl2::heap::GflHeapAllocMemoryBlockAlign,0,8,analysis/reagent/candidates/0x00358160/attempt-1.cpp,YELLOW,ABI_UNCERTAIN,PASS,Reversed function matches the Ghidra decompilation exactly.
0x002CD9DC,App::Tool::NewPaneList::SetupSE,0,12,analysis/reagent/candidates/0x002CD9DC/attempt-1.cpp,YELLOW,PROTOTYPE_UNCERTAIN,PASS,The reversed code matches the Ghidra logic exactly for both stores at offsets 0xd0 and 0xd4.
0x0030C2FC,app::util::KeyRepeatController::SetMaxPos,0,12,analysis/reagent/candidates/0x0030C2FC/attempt-1.cpp,YELLOW,PROTOTYPE_UNCERTAIN,PASS,The reversed code matches the Ghidra logic exactly: param_2 is written to offset 0x14 and param_1 to offset 0x18.
0x00322F58,gfl2::renderingengine::scenegraph::Inheritance::Generate,0,12,analysis/reagent/candidates/0x00322F58/attempt-1.cpp,YELLOW,PROTOTYPE_UNCERTAIN,PASS,The reversed code matches the Ghidra logic exactly: it writes param_1 to offset 4 and param_2 to offset 0 with no missing control flow.
0x00357688,gfl2::base::SingletonAccessor<NetLib::Error::NijiNetworkErrorManager>::GetInstance,0,12,analysis/reagent/candidates/0x00357688/attempt-1.cpp,YELLOW,PROTOTYPE_UNCERTAIN,PASS,The reversed function matches the decompiled logic exactly: it returns the 32-bit value stored at DAT_00357694 with no extra control flow.
0x002EE994,app::tool::InfoWindowBookType::SyncCreate,0,16,analysis/reagent/candidates/0x002EE994/attempt-1.cpp,YELLOW,ABI_UNCERTAIN,PASS,"The reversed function matches the Ghidra decompilation line-for-line in control flow, calls, offsets, and expression order."
0x002EEAF8,app::tool::InfoWindowBookType::StartAsyncCreate,0,16,analysis/reagent/candidates/0x002EEAF8/attempt-1.cpp,YELLOW,ABI_UNCERTAIN,PASS,The reversed function matches the Ghidra logic and control flow.
0x00311070,app::util::G2DUtil::SetTextBoxPaneString,0,16,analysis/reagent/candidates/0x00311070/attempt-1.cpp,YELLOW,ABI_UNCERTAIN,PASS,The reversed function matches the Ghidra decompilation exactly.
0x00341CD4,gfl2::fs::Result::Result,0,16,analysis/reagent/candidates/0x00341CD4/attempt-1.cpp,YELLOW,ABI_UNCERTAIN,PASS,"The reversed constructor matches the Ghidra decompilation exactly, including both zero-initializations and no extra logic."
0x003F0C08,GameSys::GameEventManager::CallEvent,0,16,analysis/reagent/candidates/0x003F0C08/attempt-1.cpp,YELLOW,PROTOTYPE_UNCERTAIN,PASS,"The reversed code matches the Ghidra logic exactly, including both memory writes and their order."
0x00417928,poke_3d::model::BaseModel::SetInterestSpringVal,0,16,analysis/reagent/candidates/0x00417928/attempt-1.cpp,YELLOW,ABI_UNCERTAIN,PASS,The reversed function matches the Ghidra decompilation exactly.
0x00468F00,NetAppLib::JoinFesta::JoinFestaPersonalData::Copy,0,12,analysis/reagent/candidates/0x00468F00/attempt-1.cpp,YELLOW,ABI_UNCERTAIN,PASS,"The reversed function matches the Ghidra logic exactly, including the memcpy call, destination offset, and return value."
0x0040D058,poke_3d::model::BaseCamera::SetPosition,0,12,analysis/reagent/candidates/0x0040D058/attempt-1.cpp,YELLOW,PROTOTYPE_UNCERTAIN,PASS,The reversed function matches the Ghidra logic exactly: three 4-byte writes to consecutive fields with no extra control flow.
0x003F0BB8,GameSys::GameEventManager::GetHeap,0,8,analysis/reagent/candidates/0x003F0BB8/attempt-1.cpp,YELLOW,PROTOTYPE_UNCERTAIN,PASS,"The reversed function matches the Ghidra logic exactly, including the constant heap ID call and unused first parameter."
0x00318050,pml::pokepara::CoreParam::GetBoxMark,1,28,analysis/reagent/candidates/0x00318050/attempt-1.cpp,YELLOW,SHARED_LAYOUT_CHANGE,PASS,Reversed code matches the Ghidra decompilation exactly.
0x004A2AE0,NetApp::Evolution::APP_PARAM::IsAbandonedForget,1,36,analysis/reagent/candidates/0x004A2AE0/attempt-1.cpp,YELLOW,PROTOTYPE_UNCERTAIN,PASS,"The reversed function matches the Ghidra logic, including the call, member offsets, and comparison semantics."
0x0043D140,Savedata::MysteryGiftSave::CreatePokemonParamFromGiftData,1,24,analysis/reagent/candidates/0x0043D140/attempt-1.cpp,YELLOW,PROTOTYPE_UNCERTAIN,PASS,The reversed function matches the Ghidra decompilation exactly.
0x00317D8C,pml::pokepara::PokemonParam::CopyFrom,1,40,analysis/reagent/candidates/0x00317D8C/attempt-1.cpp,YELLOW,SHARED_LAYOUT_CHANGE,PASS,"The reversed function matches the Ghidra body exactly, including both calls and all offset accesses."
0x0031D984,pml::pokepara::CoreParam::SetFeed,1,28,analysis/reagent/candidates/0x0031D984/attempt-1.cpp,YELLOW,SHARED_LAYOUT_CHANGE,PASS,"Reversed code matches the Ghidra logic for control flow, offsets, casts, and calls."
0x0045A6B8,NetAppLib::UI::NetAppPokeparaUtility::OnUpdate,1,20,analysis/reagent/candidates/0x0045A6B8/attempt-1.cpp,YELLOW,PROTOTYPE_UNCERTAIN,PASS,"The reversed function matches the Ghidra logic exactly in control flow, offset access, and call behavior."
0x00319CFC,pml::pokepara::CoreParam::SetWazaPPUpCount,1,28,analysis/reagent/candidates/0x00319CFC/attempt-1.cpp,YELLOW,SHARED_LAYOUT_CHANGE,PASS,"The reversed function matches the Ghidra decompilation in control flow, calls, offsets, and expression order."
0x004920C4,pml::pokepara::CoreParam::EndFastMode,1,44,analysis/reagent/candidates/0x004920C4/attempt-1.cpp,YELLOW,SHARED_LAYOUT_CHANGE,PASS,Reversed code matches the Ghidra decompilation exactly.
0x00464D58,NetAppLib::P2PTrade::P2PTradeRequestClient::AddSendPokemonParamRequest,1,52,analysis/reagent/candidates/0x00464D58/attempt-1.cpp,YELLOW,ABI_UNCERTAIN,PASS,Reversed code matches the Ghidra decompilation exactly.
0x0031B0BC,pml::pokepara::CoreParam::JudgeTaste,1,52,analysis/reagent/candidates/0x0031B0BC/attempt-1.cpp,YELLOW,SHARED_LAYOUT_CHANGE,PASS,Reversed function matches the Ghidra decompilation exactly.
0x0031F160,pml::PokeParty::Clear,1,48,analysis/reagent/candidates/0x0031F160/attempt-1.cpp,YELLOW,PROTOTYPE_UNCERTAIN,PASS,"The reversed function matches the Ghidra logic exactly, including loop count, call order, and tail field clears."
0x003D00E0,NetApp::Evolution::APP_PARAM::IsAlolaSpecies,1,52,analysis/reagent/candidates/0x003D00E0/attempt-1.cpp,YELLOW,ABI_UNCERTAIN,PASS,Reversed code matches the Ghidra decompilation line-for-line and preserves call order and return expression.
0x00492730,pml::pokepara::CoreParam::CanEvolveByItem,1,76,analysis/reagent/candidates/0x00492730/attempt-1.cpp,YELLOW,SHARED_LAYOUT_CHANGE,PASS,The reversed function matches the Ghidra decompilation exactly.
0x004934A0,pml::pokepara::CoreParam::CanEvolve,1,100,analysis/reagent/candidates/0x004934A0/attempt-1.cpp,YELLOW,SHARED_LAYOUT_CHANGE,PASS,"The reversed function matches the Ghidra logic, call order, and return condition."
0x0031AD14,pml::pokepara::CoreParam::Clear,1,72,analysis/reagent/candidates/0x0031AD14/attempt-1.cpp,YELLOW,SHARED_LAYOUT_CHANGE,PASS,The reversed function matches the Ghidra decompilation exactly.
0x004434A4,Savedata::GtsData::GetBackupPokemonCoreParam,1,24,analysis/reagent/candidates/0x004434A4/attempt-1.cpp,YELLOW,PROTOTYPE_UNCERTAIN,PASS,The reversed function matches the Ghidra logic exactly.
0x004918FC,pml::pokepara::CoreParam::GetResortEventStatus,1,52,analysis/reagent/candidates/0x004918FC/attempt-1.cpp,YELLOW,SHARED_LAYOUT_CHANGE,PASS,Reversed code matches the Ghidra decompilation exactly.
0x00492BC4,pml::pokepara::CoreParam::GetNextFormNoFromHoldItem,1,52,analysis/reagent/candidates/0x00492BC4/attempt-1.cpp,YELLOW,SHARED_LAYOUT_CHANGE,PASS,"The function body, calls, branches, and expression order match the Ghidra decompilation exactly."
0x00307408,app::util::GetPokeNowLvExpNum,1,60,analysis/reagent/candidates/0x00307408/attempt-1.cpp,YELLOW,PROTOTYPE_UNCERTAIN,PASS,The reversed function matches the Ghidra logic exactly.
0x0030C154,app::util::GetPokeNextLvExpNum,1,60,analysis/reagent/candidates/0x0030C154/attempt-1.cpp,YELLOW,PROTOTYPE_UNCERTAIN,PASS,The reversed function matches Ghidra logic exactly.
0x0031AF30,pml::pokepara::CoreParam::SetParentSex,1,72,analysis/reagent/candidates/0x0031AF30/attempt-1.cpp,YELLOW,SHARED_LAYOUT_CHANGE,PASS,Reversed code matches the Ghidra logic and expression order exactly.
0x003C1A74,print::WordSet::RegisterPokeMonsName,1,92,analysis/reagent/candidates/0x003C1A74/attempt-1.cpp,YELLOW,ABI_UNCERTAIN,PASS,The reversed function matches the Ghidra decompilation line-for-line and preserves call order and expression order.
0x003C181C,print::WordSet::RegisterPokeOyaName,1,108,analysis/reagent/candidates/0x003C181C/attempt-1.cpp,YELLOW,ABI_UNCERTAIN,PASS,Reversed code matches the Ghidra decompilation exactly.
0x0031DA7C,pml::pokepara::CoreParam::CopyFrom,1,48,analysis/reagent/candidates/0x0031DA7C/attempt-1.cpp,YELLOW,SHARED_LAYOUT_CHANGE,PASS,"The reversed function matches the Ghidra logic line-for-line, including call order and indirect dispatch."
0x00399380,Field::Encount::PokeSet::SetupLotteryIntruderPokeParam,1,52,analysis/reagent/candidates/0x00399380/attempt-1.cpp,YELLOW,PROTOTYPE_UNCERTAIN,PASS,Reversed code matches the Ghidra decompilation exactly.
0x0031CE0C,pml::pokepara::CoreParam::SetDefaultNickName,1,64,analysis/reagent/candidates/0x0031CE0C/attempt-1.cpp,YELLOW,SHARED_LAYOUT_CHANGE,PASS,Reversed code matches the Ghidra decompilation exactly.
0x0031DDC0,pml::pokepara::CoreParam::SetWazaPP,1,80,analysis/reagent/candidates/0x0031DDC0/attempt-1.cpp,YELLOW,SHARED_LAYOUT_CHANGE,PASS,"The reversed function matches the Ghidra decompilation exactly in calls, control flow, casts, and field access."
0x00438F6C,Savedata::ResortSave::SetFriendShipPokemon,1,104,analysis/reagent/candidates/0x00438F6C/attempt-1.cpp,YELLOW,ABI_UNCERTAIN,PASS,Matches the Ghidra decompilation.
0x004371CC,Savedata::BoxPokemon::GetSpaceCount,1,80,analysis/reagent/candidates/0x004371CC/attempt-1.cpp,YELLOW,PROTOTYPE_UNCERTAIN,PASS,Reversed code matches the Ghidra decompilation exactly.
0x00437338,Savedata::BoxPokemon::GetPokemonCount,1,80,analysis/reagent/candidates/0x00437338/attempt-1.cpp,YELLOW,PROTOTYPE_UNCERTAIN,PASS,"Matches the Ghidra logic: same loop bounds, same call, and same increment-on-nonzero behavior."
0x0031A1B8,pml::pokepara::CoreParam::SetResortEventStatus,1,52,analysis/reagent/candidates/0x0031A1B8/attempt-1.cpp,YELLOW,SHARED_LAYOUT_CHANGE,PASS,"The reversed function matches the Ghidra decompilation exactly in control flow, calls, offset usage, and expression order."
0x004434BC,Savedata::GtsData::SetBackupPokemonCoreParam,1,64,analysis/reagent/candidates/0x004434BC/attempt-1.cpp,YELLOW,ABI_UNCERTAIN,PASS,The reversed function matches the Ghidra body and data flow exactly.
0x004375F0,Savedata::BoxPokemon::UpdatePokemonConst,1,112,analysis/reagent/candidates/0x004375F0/attempt-1.cpp,YELLOW,ABI_UNCERTAIN,PASS,"The reversed function matches the Ghidra decompilation exactly in control flow, offsets, call target, and expression order."
0x00438568,Savedata::ResortSave::GetPokeBeansNum,1,20,analysis/reagent/candidates/0x00438568/attempt-1.cpp,YELLOW,PROTOTYPE_UNCERTAIN,PASS,The reversed code matches the Ghidra decompilation exactly.
0x0043892C,Savedata::ResortSave::GetGimStartValue,1,20,analysis/reagent/candidates/0x0043892C/attempt-1.cpp,YELLOW,PROTOTYPE_UNCERTAIN,PASS,The reversed function matches the Ghidra decompilation exactly.
0x00444A78,Savedata::Sodateya::PokeNumGet,1,20,analysis/reagent/candidates/0x00444A78/attempt-1.cpp,YELLOW,SHARED_LAYOUT_CHANGE,PASS,The reversed function matches the decompiled logic: two signed byte reads from the same record are added in the same order.
0x00444FB4,Savedata::FieldMenu::IsRideNewFlag,1,20,analysis/reagent/candidates/0x00444FB4/attempt-1.cpp,YELLOW,PROTOTYPE_UNCERTAIN,PASS,The reversed function matches the Ghidra logic and expression order exactly.
0x004A6C38,Savedata::FishingSpot::NeedLottery,1,20,analysis/reagent/candidates/0x004A6C38/attempt-1.cpp,YELLOW,PROTOTYPE_UNCERTAIN,PASS,Reversed code matches the Ghidra decompilation exactly.
0x004A769C,Savedata::JoinFestaDataSave::GetIsSkipMessageAirToy,1,20,analysis/reagent/candidates/0x004A769C/attempt-1.cpp,YELLOW,PROTOTYPE_UNCERTAIN,PASS,The reversed function matches the Ghidra logic: it returns whether the `isSkipMessageAirToy` field is nonzero.
0x004A775C,Savedata::JoinFestaDataSave::GetSelectWordAppTutorial,1,20,analysis/reagent/candidates/0x004A775C/attempt-1.cpp,YELLOW,PROTOTYPE_UNCERTAIN,PASS,The reversed function matches the Ghidra logic: it returns true exactly when the underlying flag is nonzero.
0x004A7770,Savedata::JoinFestaDataSave::GetProfileAppTutorialFlag,1,20,analysis/reagent/candidates/0x004A7770/attempt-1.cpp,YELLOW,PROTOTYPE_UNCERTAIN,PASS,The reversed getter matches the Ghidra logic and the field mapping is supported by the paired setter at offset `0x3089`.
0x004A77C8,Savedata::JoinFestaDataSave::GetIsSkipMessageHorrorHouse,1,20,analysis/reagent/candidates/0x004A77C8/attempt-1.cpp,YELLOW,PROTOTYPE_UNCERTAIN,PASS,Matches the decompiled logic.
0x004A77DC,Savedata::JoinFestaDataSave::IsFinishLastP2pPersonalEvent,1,20,analysis/reagent/candidates/0x004A77DC/attempt-1.cpp,YELLOW,PROTOTYPE_UNCERTAIN,PASS,The reversed function matches the Ghidra logic: it returns whether the underlying field at offset 0x3088 is nonzero.
0x004A77F0,Savedata::JoinFestaDataSave::GetPlayerListShowAppTutorialFlag,1,20,analysis/reagent/candidates/0x004A77F0/attempt-1.cpp,YELLOW,PROTOTYPE_UNCERTAIN,PASS,The reversed function matches the decompiled logic: it returns the boolean nonzero check on the same underlying field.
0x004A7BE4,Savedata::Misc::IsEventFirstCheck,1,20,analysis/reagent/candidates/0x004A7BE4/attempt-1.cpp,YELLOW,PROTOTYPE_UNCERTAIN,PASS,"The reversed code matches the Ghidra logic exactly, including the array-style offset access and null comparison."
0x00438AA8,Savedata::ResortSave::GetResortProgress,1,24,analysis/reagent/candidates/0x00438AA8/attempt-1.cpp,YELLOW,PROTOTYPE_UNCERTAIN,PASS,"The reversed function exactly matches the Ghidra decompilation, including signature, offset access, and expression order."
0x00438AC0,Savedata::ResortSave::GetUseBeansBottle,1,24,analysis/reagent/candidates/0x00438AC0/attempt-1.cpp,YELLOW,PROTOTYPE_UNCERTAIN,PASS,The reversed code matches the Ghidra logic for a nonzero check of the same save-field.
0x00441988,Savedata::Misc::SetGold,1,24,analysis/reagent/candidates/0x00441988/attempt-1.cpp,YELLOW,ABI_UNCERTAIN,PASS,"The reversed function matches the Ghidra decompilation exactly in control flow, store offset, and return value."
0x00443D40,Savedata::MyStatus::~MyStatus,1,24,analysis/reagent/candidates/0x00443D40/attempt-1.cpp,YELLOW,ABI_UNCERTAIN,PASS,The reversed function matches the Ghidra logic exactly.
0x004A6F14,Savedata::MysteryGiftSave::GetGiftData,1,24,analysis/reagent/candidates/0x004A6F14/attempt-1.cpp,YELLOW,PROTOTYPE_UNCERTAIN,PASS,The reversed function matches the Ghidra decompilation exactly.
0x004A861C,Savedata::MyStatus::IsValidNexUniqueID,1,24,analysis/reagent/candidates/0x004A861C/attempt-1.cpp,YELLOW,PROTOTYPE_UNCERTAIN,PASS,"The reversed function matches the Ghidra decompilation exactly, including both offsets and the `||` expression order."
0x004381D4,Savedata::ResortSave::CheckUpdateFlg,1,28,analysis/reagent/candidates/0x004381D4/attempt-1.cpp,YELLOW,ABI_UNCERTAIN,PASS,"The reversed function matches the Ghidra decompilation exactly, including offset access, zeroing behavior, and return expression."
0x004419A4,Savedata::Misc::SubGold,1,28,analysis/reagent/candidates/0x004419A4/attempt-1.cpp,YELLOW,PROTOTYPE_UNCERTAIN,PASS,The reversed function matches the Ghidra logic and preserves the same gold clamp/subtract behavior.
0x004A8220,Savedata::GameTime::IsAlolaOffsetExists,1,32,analysis/reagent/candidates/0x004A8220/attempt-1.cpp,YELLOW,ABI_UNCERTAIN,PASS,"The reversed function matches the Ghidra decompilation exactly, including offsets, comparison order, and boolean logic."
0x00438C24,Savedata::ResortSave::IsNewHotSpaPokemon,1,36,analysis/reagent/candidates/0x00438C24/attempt-1.cpp,YELLOW,PROTOTYPE_UNCERTAIN,PASS,"The reversed function matches the Ghidra logic exactly, including the indexed offset and null comparison."
0x0043F170,Savedata::JoinFestaDataSave::GetQuestionnaireIdForPersonalEvent,1,36,analysis/reagent/candidates/0x0043F170/attempt-1.cpp,YELLOW,PROTOTYPE_UNCERTAIN,PASS,Reversed code matches the Ghidra decompilation exactly.
0x00438298,Savedata::ResortSave::IsGimBonusTime,1,40,analysis/reagent/candidates/0x00438298/attempt-1.cpp,YELLOW,ABI_UNCERTAIN,PASS,Reversed code matches the Ghidra decompilation logic and control flow.
0x00438AD8,Savedata::ResortSave::IsHotSpaBonusTime,1,40,analysis/reagent/candidates/0x00438AD8/attempt-1.cpp,YELLOW,ABI_UNCERTAIN,PASS,"The reversed function matches the Ghidra logic, branching, offsets, and return behavior exactly."
0x00438EF8,Savedata::ResortSave::IsAdventureBonusTime,1,40,analysis/reagent/candidates/0x00438EF8/attempt-1.cpp,YELLOW,ABI_UNCERTAIN,PASS,"The reversed code matches the Ghidra logic line-for-line, including all branches, assignments, and return behavior."
0x00438F20,Savedata::ResortSave::IsFarmFertilizerTime,1,40,analysis/reagent/candidates/0x00438F20/attempt-1.cpp,YELLOW,ABI_UNCERTAIN,PASS,The reversed function matches the Ghidra decompilation line-for-line in control flow and expression order.
0x0043921C,Savedata::ResortSave::IsWildPokemonServiceTime,1,40,analysis/reagent/candidates/0x0043921C/attempt-1.cpp,YELLOW,ABI_UNCERTAIN,PASS,"The reversed function matches the Ghidra logic line-for-line, including branches, offsets, and return behavior."
0x00437A54,Savedata::ConfigSave::IsJapanese,1,20,analysis/reagent/candidates/0x00437A54/attempt-1.cpp,YELLOW,PROTOTYPE_UNCERTAIN,PASS,The reversed function matches the Ghidra decompilation exactly.
0x00443958,Savedata::MyStatus::SetNameString,1,20,analysis/reagent/candidates/0x00443958/attempt-1.cpp,YELLOW,PROTOTYPE_UNCERTAIN,PASS,"The reversed function matches the Ghidra logic exactly, including the single call, offset `0x40`, and length `0xd`."
0x00443480,Savedata::GtsData::SetWantPokeName,1,24,analysis/reagent/candidates/0x00443480/attempt-1.cpp,YELLOW,PROTOTYPE_UNCERTAIN,PASS,The reversed function matches the Ghidra decompilation exactly.
0x004438F4,Savedata::GameTime::GameTime,1,32,analysis/reagent/candidates/0x004438F4/attempt-1.cpp,YELLOW,ABI_UNCERTAIN,PASS,Reversed code matches the Ghidra decompilation exactly.
0x004A6BD0,Savedata::ConfigSave::IsKanjiMode,1,28,analysis/reagent/candidates/0x004A6BD0/attempt-1.cpp,YELLOW,PROTOTYPE_UNCERTAIN,PASS,Reversed code matches the Ghidra decompilation exactly.
0x003543EC,Savedata::GtsData::GetWantPokeName,1,20,analysis/reagent/candidates/0x003543EC/attempt-1.cpp,YELLOW,ABI_UNCERTAIN,PASS,"Reversed code matches the Ghidra decompilation exactly, including offsets, call, branch, and redundant condition."
0x003566F0,Savedata::MyStatus::GetNameString,1,20,analysis/reagent/candidates/0x003566F0/attempt-1.cpp,YELLOW,ABI_UNCERTAIN,PASS,"The reversed function matches the Ghidra decompilation line-for-line, including control flow and pointer arithmetic."
0x004389E8,Savedata::ResortSave::SetGimStartValue,1,20,analysis/reagent/candidates/0x004389E8/attempt-1.cpp,YELLOW,PROTOTYPE_UNCERTAIN,PASS,Reversed code matches the Ghidra decompilation exactly.
0x00438D7C,Savedata::ResortSave::GimEndTimeDownCount,1,20,analysis/reagent/candidates/0x00438D7C/attempt-1.cpp,YELLOW,PROTOTYPE_UNCERTAIN,PASS,"The reversed function matches the Ghidra decompilation in control flow, offsets, casts, and return behavior."
0x0043933C,Savedata::ResortSave::ResetBeansIvyHiddenCount,1,20,analysis/reagent/candidates/0x0043933C/attempt-1.cpp,YELLOW,PROTOTYPE_UNCERTAIN,PASS,The reversed function matches the decompiled logic: it zeroes the same `this` field and has no additional control flow.
0x00439EEC,Savedata::FishingSpot::EscapeRare,1,20,analysis/reagent/candidates/0x00439EEC/attempt-1.cpp,YELLOW,PROTOTYPE_UNCERTAIN,PASS,"The reversed function matches the Ghidra decompilation exactly, including the single bit-clear assignment and offset 4 access."
0x0043B234,Savedata::BattleInstSave::ReleaseNextRankRoyal,1,20,analysis/reagent/candidates/0x0043B234/attempt-1.cpp,YELLOW,PROTOTYPE_UNCERTAIN,PASS,"The reversed function matches the Ghidra logic exactly, including the `this+0x24` access, branch condition, increment, and implicit return."
0x0043B280,Savedata::BattleInstSave::ResetBattleTypeAndRank,1,20,analysis/reagent/candidates/0x0043B280/attempt-1.cpp,YELLOW,PROTOTYPE_UNCERTAIN,PASS,The reversed function matches the decompiled logic exactly: it sets the two fields at offsets 0x20 and 0x21 to 4 and 0.
0x0043E6A8,Savedata::JoinFestaDataSave::SetAlwaysTradeOk,1,20,analysis/reagent/candidates/0x0043E6A8/attempt-1.cpp,YELLOW,PROTOTYPE_UNCERTAIN,PASS,The reversed implementation matches the Ghidra bitmask/or update at offset 0x1e with the same expression order.
0x0043E87C,Savedata::JoinFestaDataSave::SetAlwaysBattleOk,1,20,analysis/reagent/candidates/0x0043E87C/attempt-1.cpp,YELLOW,PROTOTYPE_UNCERTAIN,PASS,"The reversed implementation matches the Ghidra logic: same bitmasking, shift, and no control-flow differences."
0x0043EA44,Savedata::JoinFestaDataSave::SetAlwaysAttractionOk,1,20,analysis/reagent/candidates/0x0043EA44/attempt-1.cpp,YELLOW,PROTOTYPE_UNCERTAIN,PASS,"The reversed code matches the Ghidra logic, including the byte mask/update at offset 0x1e."
0x004417A4,Savedata::Misc::SetGakusyuusoutiFlag,1,20,analysis/reagent/candidates/0x004417A4/attempt-1.cpp,YELLOW,PROTOTYPE_UNCERTAIN,PASS,"The reversed function matches the Ghidra logic exactly, including the bitmask write at offset 0xc."
0x004A7B88,Savedata::Misc::GetStrInputParam,1,20,analysis/reagent/candidates/0x004A7B88/attempt-1.cpp,YELLOW,PROTOTYPE_UNCERTAIN,PASS,The reversed code matches the Ghidra decompilation exactly.
0x00437AE8,Savedata::ConfigSave::SetTalkingSpeed,1,24,analysis/reagent/candidates/0x00437AE8/attempt-1.cpp,YELLOW,PROTOTYPE_UNCERTAIN,PASS,Reversed code matches the Ghidra logic exactly.
0x00438B34,Savedata::ResortSave::SetResortProgress,1,24,analysis/reagent/candidates/0x00438B34/attempt-1.cpp,YELLOW,PROTOTYPE_UNCERTAIN,PASS,Reversed code matches the Ghidra logic exactly.
0x0043A2E8,Savedata::GameSyncSave::SetDispedFirstGuideFlag,1,24,analysis/reagent/candidates/0x0043A2E8/attempt-1.cpp,YELLOW,PROTOTYPE_UNCERTAIN,PASS,Reversed code matches the Ghidra logic exactly.
0x0043B0B4,Savedata::BattleInstSave::AddWinCountRoyal,1,24,analysis/reagent/candidates/0x0043B0B4/attempt-1.cpp,YELLOW,PROTOTYPE_UNCERTAIN,PASS,"The reversed function matches the Ghidra logic exactly, including the offset, branch, and increment behavior."
0x0043B6EC,Savedata::PokeFinderSave::SetTutorialFlags,1,24,analysis/reagent/candidates/0x0043B6EC/attempt-1.cpp,YELLOW,PROTOTYPE_UNCERTAIN,PASS,"Matches the Ghidra logic, including the conditional bit update of the ushort at offset 0x18."
0x0043DD88,Savedata::QRReaderSaveData::InactivateFieldScan,1,24,analysis/reagent/candidates/0x0043DD88/attempt-1.cpp,YELLOW,PROTOTYPE_UNCERTAIN,PASS,The reversed function matches the Ghidra logic: three zero writes at the same offsets with no missing control flow.
0x0043F3D0,Savedata::JoinFestaDataSave::SetRank,1,24,analysis/reagent/candidates/0x0043F3D0/attempt-1.cpp,YELLOW,ABI_UNCERTAIN,PASS,The reversed function matches the Ghidra decompilation exactly.
0x0044548C,Savedata::FieldMenu::SetVisibleRotom,1,24,analysis/reagent/candidates/0x0044548C/attempt-1.cpp,YELLOW,PROTOTYPE_UNCERTAIN,PASS,"The reversed function matches the Ghidra logic exactly, including branch behavior and bitwise operations."
0x00437A70,Savedata::ConfigSave::SetBoxStatus,1,28,analysis/reagent/candidates/0x00437A70/attempt-1.cpp,YELLOW,PROTOTYPE_UNCERTAIN,PASS,"The reversed function matches the Ghidra logic exactly, including offset 4 and the bitmask/update expression."
0x00437ACC,Savedata::ConfigSave::SetBattleRule,1,28,analysis/reagent/candidates/0x00437ACC/attempt-1.cpp,YELLOW,PROTOTYPE_UNCERTAIN,PASS,"The reversed function matches the Ghidra decompilation exactly, including the bitwise expression and field offset."
0x00437B00,Savedata::ConfigSave::SetBattleAnimation,1,28,analysis/reagent/candidates/0x00437B00/attempt-1.cpp,YELLOW,PROTOTYPE_UNCERTAIN,PASS,"The reversed function matches the Ghidra decompilation exactly, including the bitmask expression and offset access."
0x0043A2CC,Savedata::GameSyncSave::SetIsNoRegistPGL,1,28,analysis/reagent/candidates/0x0043A2CC/attempt-1.cpp,YELLOW,PROTOTYPE_UNCERTAIN,PASS,The reversed code matches the Ghidra control flow and bitwise update at offset 0x1a8.
0x0043A300,Savedata::GameSyncSave::SetGameSyncFirstConnected,1,28,analysis/reagent/candidates/0x0043A300/attempt-1.cpp,YELLOW,PROTOTYPE_UNCERTAIN,PASS,"The reversed function matches the Ghidra logic: same branch condition, same bitmask operations, and the same net write to the 0x1a8 field."
0x004415BC,Savedata::Misc::SetStrInputParam,1,28,analysis/reagent/candidates/0x004415BC/attempt-1.cpp,YELLOW,PROTOTYPE_UNCERTAIN,PASS,"The reversed function matches the Ghidra logic exactly, including offset, bit operations, and expression order."
0x00438F48,Savedata::ResortSave::SetBeansBottleGround,1,32,analysis/reagent/candidates/0x00438F48/attempt-1.cpp,YELLOW,ABI_UNCERTAIN,PASS,Reversed code matches the Ghidra decompilation exactly.
0x00443A88,Savedata::MyStatus::SetQuickMatchInfo,1,36,analysis/reagent/candidates/0x00443A88/attempt-1.cpp,YELLOW,PROTOTYPE_UNCERTAIN,PASS,Reversed code matches the Ghidra decompilation exactly.
0x00444C90,Savedata::JoinFestaDataSave::SubCoin,1,36,analysis/reagent/candidates/0x00444C90/attempt-1.cpp,YELLOW,ABI_UNCERTAIN,PASS,"The reversed function matches the Ghidra logic, branch structure, offset 0x510, and call order exactly."
0x0043EDB0,Savedata::JoinFestaDataSave::AddPersonalTalkCameraCount,1,40,analysis/reagent/candidates/0x0043EDB0/attempt-1.cpp,YELLOW,PROTOTYPE_UNCERTAIN,PASS,"The reversed function matches the Ghidra logic, including the increment, wraparound check, and expression order."
0x0043B694,Savedata::PokeFinderSave::AddTotalValue,1,44,analysis/reagent/candidates/0x0043B694/attempt-1.cpp,YELLOW,ABI_UNCERTAIN,PASS,"The reversed function matches the Ghidra logic line-for-line, including both branches and the max-update behavior."
0x00443CF4,Savedata::MyStatus::MyStatus,1,40,analysis/reagent/candidates/0x00443CF4/attempt-1.cpp,YELLOW,ABI_UNCERTAIN,PASS,Reversed code matches the Ghidra logic exactly.
0x0015BF60,ExtSavedata::RegulationExtSaveData::LoadRegulationData,1,20,analysis/reagent/candidates/0x0015BF60/attempt-1.cpp,YELLOW,PROTOTYPE_UNCERTAIN,PASS,The reversed function matches the Ghidra decompilation exactly.
0x0015C028,ExtSavedata::RegulationExtSaveData::SaveRegulationData,1,20,analysis/reagent/candidates/0x0015C028/attempt-1.cpp,YELLOW,PROTOTYPE_UNCERTAIN,PASS,Matches the Ghidra decompilation exactly.
0x0015C220,ExtSavedata::RegulationExtSaveData::StartLoadRegulationData,1,20,analysis/reagent/candidates/0x0015C220/attempt-1.cpp,YELLOW,PROTOTYPE_UNCERTAIN,PASS,The reversed function matches the Ghidra decompilation exactly.
0x0015C268,ExtSavedata::RegulationExtSaveData::StartCreateRegulationData,1,20,analysis/reagent/candidates/0x0015C268/attempt-1.cpp,YELLOW,PROTOTYPE_UNCERTAIN,PASS,The reversed function matches the Ghidra decompilation exactly.
0x004A76B0,Savedata::JoinFestaDataSave::GetJoinFestaNameString,1,20,analysis/reagent/candidates/0x004A76B0/attempt-1.cpp,YELLOW,PROTOTYPE_UNCERTAIN,PASS,The reversed code matches the Ghidra decompilation exactly.
0x0045D5C0,NetAppLib::Util::NetAppCommonTradeUtility::UpdateSaveData,1,28,analysis/reagent/candidates/0x0045D5C0/attempt-1.cpp,YELLOW,PROTOTYPE_UNCERTAIN,PASS,The reversed function matches the Ghidra decompilation exactly.
0x004A6F68,Savedata::MysteryGiftSave::GetGiftDataType,1,36,analysis/reagent/candidates/0x004A6F68/attempt-1.cpp,YELLOW,PROTOTYPE_UNCERTAIN,PASS,"The reversed function matches the Ghidra decompilation exactly in control flow, indexing, and return behavior."
0x004A9230,Savedata::ZukanData::GetLocalCompNum,1,40,analysis/reagent/candidates/0x004A9230/attempt-1.cpp,YELLOW,PROTOTYPE_UNCERTAIN,PASS,"Reversed code matches the Ghidra decompilation exactly in control flow, call, and expression order."
0x00441920,Savedata::Misc::SetBP,1,28,analysis/reagent/candidates/0x00441920/attempt-1.cpp,YELLOW,ABI_UNCERTAIN,PASS,"The reversed code matches the Ghidra logic exactly, including the clamp condition and store to offset 0x120."
0x004433C0,Savedata::Fashion::IsNew,1,32,analysis/reagent/candidates/0x004433C0/attempt-1.cpp,YELLOW,ABI_UNCERTAIN,PASS,Reversed code matches the Ghidra decompilation exactly.
0x004A7FA8,Savedata::MyItem::GetItem,1,44,analysis/reagent/candidates/0x004A7FA8/attempt-1.cpp,YELLOW,PROTOTYPE_UNCERTAIN,PASS,"The reversed function matches the Ghidra decompilation line-for-line, including calls, branches, and expression order."
0x0043B97C,Savedata::MysteryGiftSave::GetRecvFlag,1,48,analysis/reagent/candidates/0x0043B97C/attempt-1.cpp,YELLOW,PROTOTYPE_UNCERTAIN,PASS,Reversed code matches the Ghidra decompilation exactly.
0x0043B958,Savedata::MysteryGiftSave::SetupClone,1,20,analysis/reagent/candidates/0x0043B958/attempt-1.cpp,YELLOW,ABI_UNCERTAIN,PASS,"The reversed function matches the Ghidra logic exactly, including call arguments and offset usage."
0x0043EE18,Savedata::JoinFestaDataSave::ResetFacilitiesLotterySeed,1,20,analysis/reagent/candidates/0x0043EE18/attempt-1.cpp,YELLOW,PROTOTYPE_UNCERTAIN,PASS,"The reversed function matches the Ghidra logic exactly: same call, same cast, and same write to the seed field."
0x0043E71C,Savedata::JoinFestaDataSave::SetFortuneResult,1,28,analysis/reagent/candidates/0x0043E71C/attempt-1.cpp,YELLOW,PROTOTYPE_UNCERTAIN,PASS,"The reversed function matches the Ghidra logic exactly, including the bounds check and both indexed assignments."
0x00444F88,Savedata::FieldMenu::ResetIconNew,1,44,analysis/reagent/candidates/0x00444F88/attempt-1.cpp,YELLOW,PROTOTYPE_UNCERTAIN,PASS,"The reversed function matches the Ghidra logic exactly, including bit operations, offset access, and branch behavior."
0x0015D5AC,ExtSavedata::BattleRecorderSaveData::LiveCupDeleteData,1,48,analysis/reagent/candidates/0x0015D5AC/attempt-1.cpp,YELLOW,ABI_UNCERTAIN,PASS,Reversed code matches the Ghidra decompilation exactly.
0x00441940,Savedata::Misc::AddGold,1,48,analysis/reagent/candidates/0x00441940/attempt-1.cpp,YELLOW,ABI_UNCERTAIN,PASS,"Matches the Ghidra logic exactly, including branch behavior, stores, and expression order."
0x00438BFC,Savedata::ResortSave::GetTreasureItemNum,1,40,analysis/reagent/candidates/0x00438BFC/attempt-1.cpp,YELLOW,PROTOTYPE_UNCERTAIN,PASS,The reversed function matches the Ghidra logic and control flow.
0x003CD038,NetApp::QR::QRDiaryFunc,1,44,analysis/reagent/candidates/0x003CD038/attempt-1.cpp,YELLOW,PROTOTYPE_UNCERTAIN,PASS,Reversed code matches the Ghidra control flow and calls exactly.
0x00442CC4,Savedata::Fashion::ClearNewFlag,1,32,analysis/reagent/candidates/0x00442CC4/attempt-1.cpp,YELLOW,ABI_UNCERTAIN,PASS,The reversed function matches the Ghidra decompilation exactly.
0x004A7D48,Savedata::MyItem::GetItemNum,1,36,analysis/reagent/candidates/0x004A7D48/attempt-1.cpp,YELLOW,ABI_UNCERTAIN,PASS,"The reversed function matches the Ghidra decompilation exactly, including call flow, null check, and bit extraction."
0x0043E414,Savedata::JoinFestaDataSave::SetRewardState,1,40,analysis/reagent/candidates/0x0043E414/attempt-1.cpp,YELLOW,PROTOTYPE_UNCERTAIN,PASS,"The reversed function matches the Ghidra logic: same bounds check, same assert path, and the indexed assignment corresponds to the 0x544 offset."
0x0043CF9C,Savedata::MysteryGiftSave::MYSTERY_GIFT_RECV_DATA::CRCCheck,1,64,analysis/reagent/candidates/0x0043CF9C/attempt-1.cpp,YELLOW,ABI_UNCERTAIN,PASS,"The reversed function matches the Ghidra logic, including offset 0x202, CRC zeroing/restoration, call order, null check, and return comparison."
0x0043B018,Savedata::BattleInstSave::ClearWinCount,1,44,analysis/reagent/candidates/0x0043B018/attempt-1.cpp,YELLOW,ABI_UNCERTAIN,PASS,"The reversed code matches the Ghidra logic, branches, and offsets exactly."
0x004421CC,Savedata::MyItem::IsRegisterFreeSpace,1,32,analysis/reagent/candidates/0x004421CC/attempt-1.cpp,YELLOW,PROTOTYPE_UNCERTAIN,PASS,"The reversed function matches the Ghidra logic: same null check, same bitmask/shift expression, and equivalent 0/1 return behavior."
0x004384FC,Savedata::ResortSave::GetGimBonusTime,1,56,analysis/reagent/candidates/0x004384FC/attempt-1.cpp,YELLOW,ABI_UNCERTAIN,PASS,"The reversed function matches the Ghidra logic exactly, including all assignments and offsets."
0x004388F0,Savedata::ResortSave::GetAdventureTime,1,56,analysis/reagent/candidates/0x004388F0/attempt-1.cpp,YELLOW,ABI_UNCERTAIN,PASS,"Body, access pattern, and parameter mapping all match the Ghidra decompilation exactly."
0x00438BC0,Savedata::ResortSave::GetHotSpaBonusTime,1,56,analysis/reagent/candidates/0x00438BC0/attempt-1.cpp,YELLOW,ABI_UNCERTAIN,PASS,"Matches the Ghidra decompilation exactly, including all assignments and offsets."
0x00438D40,Savedata::ResortSave::GetPokemonEventTime,1,56,analysis/reagent/candidates/0x00438D40/attempt-1.cpp,YELLOW,ABI_UNCERTAIN,PASS,The reversed function matches the Ghidra logic exactly in assignments and order.
0x00439050,Savedata::ResortSave::GetFarmFertilizerTime,1,56,analysis/reagent/candidates/0x00439050/attempt-1.cpp,YELLOW,ABI_UNCERTAIN,PASS,"The reversed function matches the Ghidra logic line-for-line, including the three assignments and no extra control flow."
0x00439524,Savedata::ResortSave::GetWildPokemonServiceTime,1,56,analysis/reagent/candidates/0x00439524/attempt-1.cpp,YELLOW,ABI_UNCERTAIN,PASS,"The reversed function matches the Ghidra logic exactly, including all assignments and offset accesses."
0x00437D7C,Savedata::ResortSave::GetFarmTime,1,68,analysis/reagent/candidates/0x00437D7C/attempt-1.cpp,YELLOW,ABI_UNCERTAIN,PASS,"The reversed function matches the Ghidra decompilation exactly in body, offsets, and expression order."
0x00438040,Savedata::ResortSave::GetGimEndTime,1,68,analysis/reagent/candidates/0x00438040/attempt-1.cpp,YELLOW,ABI_UNCERTAIN,PASS,"The reversed code matches the Ghidra decompilation exactly, including all assignments and index expressions."
0x00446E7C,Savedata::ZukanData::ZukanData,1,104,analysis/reagent/candidates/0x00446E7C/attempt-1.cpp,YELLOW,ABI_UNCERTAIN,PASS,"The reversed constructor matches the Ghidra decompilation in calls, offsets, assignments, and control flow."
0x00444CB4,Savedata::AddRecord,1,24,analysis/reagent/candidates/0x00444CB4/attempt-1.cpp,YELLOW,ABI_UNCERTAIN,PASS,The reversed function matches the Ghidra decompilation exactly.
0x0044273C,Savedata::MyItem::Change,1,20,analysis/reagent/candidates/0x0044273C/attempt-1.cpp,YELLOW,PROTOTYPE_UNCERTAIN,PASS,The reversed function matches the Ghidra logic exactly: it swaps the two 32-bit values via the pointers and leaves the unused first parameter intact.
0x0015C5D8,ExtSavedata::RegulationExtSaveData::RegulationExtSaveData,1,92,analysis/reagent/candidates/0x0015C5D8/attempt-1.cpp,YELLOW,ABI_UNCERTAIN,PASS,"The reversed code matches the Ghidra decompilation line-for-line, including all offsets, calls, and assignment order."
0x00445928,Savedata::IncRecord,1,20,analysis/reagent/candidates/0x00445928/attempt-1.cpp,YELLOW,ABI_UNCERTAIN,PASS,"The reversed function matches the Ghidra logic exactly: same signature, same call order, and no missing branches or expressions."
0x003E6A1C,System::DressUpParamSaveData::DressUpParamSaveData,1,124,analysis/reagent/candidates/0x003E6A1C/attempt-1.cpp,YELLOW,PROTOTYPE_UNCERTAIN,PASS,The reversed code matches all four Ghidra masking operations and offsets exactly.
0x00443920,Savedata::MyStatus::SetDressup,1,28,analysis/reagent/candidates/0x00443920/attempt-1.cpp,YELLOW,ABI_UNCERTAIN,PASS,"The reversed function matches the Ghidra decompilation exactly in locals, call, offset, and expression order."
0x004A9C98,Savedata::ZukanData::GetZenkokuZukanFlag,1,52,analysis/reagent/candidates/0x004A9C98/attempt-1.cpp,YELLOW,ABI_UNCERTAIN,PASS,"Body logic, offsets, branch, and return expression all match the Ghidra decompilation."
0x004A8F78,Savedata::ZukanData::GetZukanMode,1,56,analysis/reagent/candidates/0x004A8F78/attempt-1.cpp,YELLOW,ABI_UNCERTAIN,PASS,"The reversed code matches the Ghidra decompilation exactly, including offsets, branch, call, and return expression."
0x004A8FB4,Savedata::ZukanData::GetDefaultMons,1,56,analysis/reagent/candidates/0x004A8FB4/attempt-1.cpp,YELLOW,ABI_UNCERTAIN,PASS,"The reversed function matches the Ghidra logic, including the assertion branch, offsets, and return expression."
0x004A9A24,Savedata::ZukanData::GetZukanOSVersion,1,56,analysis/reagent/candidates/0x004A9A24/attempt-1.cpp,YELLOW,ABI_UNCERTAIN,PASS,Reversed code matches the Ghidra decompilation exactly.
0x001585FC,BattleInst::BattleInst::GetSendCommData,1,72,analysis/reagent/candidates/0x001585FC/attempt-1.cpp,YELLOW,ABI_UNCERTAIN,PASS,The reversed function matches the Ghidra decompilation exactly.
0x00438348,Savedata::ResortSave::SetGroundBeans,1,64,analysis/reagent/candidates/0x00438348/attempt-1.cpp,YELLOW,PROTOTYPE_UNCERTAIN,PASS,"The reversed code matches the Ghidra decompilation exactly, including the single assignment and return behavior."
0x00438388,Savedata::ResortSave::SetResortLevel,1,64,analysis/reagent/candidates/0x00438388/attempt-1.cpp,YELLOW,PROTOTYPE_UNCERTAIN,PASS,The reversed code matches the Ghidra decompilation exactly.
0x00439694,Savedata::ResortSave::HotSpaPokemonTimeDownCount,1,68,analysis/reagent/candidates/0x00439694/attempt-1.cpp,YELLOW,PROTOTYPE_UNCERTAIN,PASS,The reversed function matches the Ghidra logic and control flow exactly.
0x001577C0,BattleInst::BattleInst::SetCommData,1,52,analysis/reagent/candidates/0x001577C0/attempt-1.cpp,YELLOW,ABI_UNCERTAIN,PASS,"Reversed code matches the Ghidra logic, offsets, calls, and expression order."
0x004386D0,Savedata::ResortSave::SetGimBonusTime,1,52,analysis/reagent/candidates/0x004386D0/attempt-1.cpp,YELLOW,ABI_UNCERTAIN,PASS,Reversed code matches the Ghidra logic exactly.
0x004389B4,Savedata::ResortSave::SetAdventureTime,1,52,analysis/reagent/candidates/0x004389B4/attempt-1.cpp,YELLOW,ABI_UNCERTAIN,PASS,"The reversed function matches the Ghidra logic exactly, including all three assignments and return behavior."
0x00438B00,Savedata::ResortSave::SetFriendShipTime,1,52,analysis/reagent/candidates/0x00438B00/attempt-1.cpp,YELLOW,ABI_UNCERTAIN,PASS,Reversed code matches the Ghidra logic exactly.
0x00438CA0,Savedata::ResortSave::SetHotSpaBonusTime,1,52,analysis/reagent/candidates/0x00438CA0/attempt-1.cpp,YELLOW,ABI_UNCERTAIN,PASS,The reversed code matches the Ghidra decompilation exactly.
0x00438CD4,Savedata::ResortSave::SetWildPokemonTime,1,52,analysis/reagent/candidates/0x00438CD4/attempt-1.cpp,YELLOW,ABI_UNCERTAIN,PASS,"The reversed function matches the Ghidra logic, including argument types, assignments, and write order."
0x00438E4C,Savedata::ResortSave::SetPokemonEventTime,1,52,analysis/reagent/candidates/0x00438E4C/attempt-1.cpp,YELLOW,ABI_UNCERTAIN,PASS,"The reversed function matches the Ghidra logic exactly, including write order and constant zeroing."
0x004390F4,Savedata::ResortSave::SetAdventureBonusTime,1,52,analysis/reagent/candidates/0x004390F4/attempt-1.cpp,YELLOW,ABI_UNCERTAIN,PASS,Reversed code matches the Ghidra decompilation exactly.
0x00439128,Savedata::ResortSave::SetBeansIvyHiddenTime,1,52,analysis/reagent/candidates/0x00439128/attempt-1.cpp,YELLOW,ABI_UNCERTAIN,PASS,"The reversed function matches the Ghidra logic exactly, including all three indexed assignments and their order."
0x0043915C,Savedata::ResortSave::SetFarmFertilizerTime,1,52,analysis/reagent/candidates/0x0043915C/attempt-1.cpp,YELLOW,ABI_UNCERTAIN,PASS,"The reversed function matches the Ghidra logic exactly, including assignments and expression order."
0x004395E8,Savedata::ResortSave::SetBeansBottleServiceTime,1,52,analysis/reagent/candidates/0x004395E8/attempt-1.cpp,YELLOW,ABI_UNCERTAIN,PASS,"The reversed code matches the Ghidra logic exactly, including assignment order and lack of branches."
0x0043961C,Savedata::ResortSave::SetWildPokemonServiceTime,1,52,analysis/reagent/candidates/0x0043961C/attempt-1.cpp,YELLOW,ABI_UNCERTAIN,PASS,The reversed function matches the Ghidra decompilation exactly in statement order and memory writes.
0x004A8AE0,Savedata::FieldMenu::GetMoveMenuPage,1,56,analysis/reagent/candidates/0x004A8AE0/attempt-1.cpp,YELLOW,PROTOTYPE_UNCERTAIN,PASS,"Reversed code matches the Ghidra decompilation exactly, including offsets, branch logic, and expression order."
0x00437DC4,Savedata::ResortSave::SetFarmTime,1,60,analysis/reagent/candidates/0x00437DC4/attempt-1.cpp,YELLOW,ABI_UNCERTAIN,PASS,The reversed function matches the Ghidra logic and expression order exactly.
0x004380D0,Savedata::ResortSave::SetGimEndTime,1,60,analysis/reagent/candidates/0x004380D0/attempt-1.cpp,YELLOW,ABI_UNCERTAIN,PASS,The reversed function matches the Ghidra logic and control flow exactly.
0x00438FD8,Savedata::ResortSave::SetHotSpaPokemonTime,1,60,analysis/reagent/candidates/0x00438FD8/attempt-1.cpp,YELLOW,ABI_UNCERTAIN,PASS,Reversed code matches the Ghidra decompilation exactly.
0x0015C684,ExtSavedata::RegulationExtSaveData::~RegulationExtSaveData,1,68,analysis/reagent/candidates/0x0015C684/attempt-1.cpp,YELLOW,ABI_UNCERTAIN,PASS,"Matches the Ghidra decompilation line-for-line, including offset use, call order, and branch behavior."
0x0043EAB8,Savedata::JoinFestaDataSave::FacilitiesFakeChangeEnd,1,76,analysis/reagent/candidates/0x0043EAB8/attempt-1.cpp,YELLOW,ABI_UNCERTAIN,PASS,"The reversed function matches the Ghidra logic line for line, including the clear and status write."
0x00446724,Savedata::ZukanData::SetDefaultMons,1,76,analysis/reagent/candidates/0x00446724/attempt-1.cpp,YELLOW,ABI_UNCERTAIN,PASS,"The reversed function matches the Ghidra logic, offsets, branch, call, and bitwise expression order exactly."
0x0043E9E0,Savedata::JoinFestaDataSave::FacilitiesChangeIndex,1,100,analysis/reagent/candidates/0x0043E9E0/attempt-1.cpp,YELLOW,ABI_UNCERTAIN,PASS,"The reversed function matches the Ghidra logic, including the bounds check, swap sequence, offsets, and return behavior."
0x00438978,Savedata::ResortSave::SetAdventureItem,1,60,analysis/reagent/candidates/0x00438978/attempt-1.cpp,YELLOW,PROTOTYPE_UNCERTAIN,PASS,"The reversed code matches the Ghidra logic: same store, same offset, same index scaling, and no missing control flow."
0x00437A8C,Savedata::ConfigSave::SetKanjiMode,1,64,analysis/reagent/candidates/0x00437A8C/attempt-1.cpp,YELLOW,ABI_UNCERTAIN,PASS,"Matches the Ghidra logic, offsets, calls, and branch structure."
0x004A80D8,Savedata::MyItem::AddCheck,1,80,analysis/reagent/candidates/0x004A80D8/attempt-1.cpp,YELLOW,ABI_UNCERTAIN,PASS,Reversed code matches the Ghidra decompilation exactly.
0x003C1664,print::WordSet::RegisterPlayerName,1,128,analysis/reagent/candidates/0x003C1664/attempt-1.cpp,YELLOW,ABI_UNCERTAIN,PASS,Reversed code matches the Ghidra decompilation exactly.
0x003E5BE8,System::SetupLangResource,1,12,analysis/reagent/candidates/0x003E5BE8/attempt-1.cpp,YELLOW,ABI_UNCERTAIN,PASS,Reversed code matches the Ghidra decompilation exactly.
0x004A3298,GameSys::GameManager::GetDrawingLytWkManager,1,20,analysis/reagent/candidates/0x004A3298/attempt-1.cpp,YELLOW,ABI_UNCERTAIN,PASS,"The reversed function matches the Ghidra control flow, offsets, and return behavior."
0x003989A4,Field::Encount::PokeSet::SetNormalEncountData,1,20,analysis/reagent/candidates/0x003989A4/attempt-1.cpp,YELLOW,PROTOTYPE_UNCERTAIN,PASS,The reversed function matches the Ghidra decompilation exactly.
0x0044C5B8,NetAppLib::JoinFestaUI::JoinFestaRecordListManager::SetupRecordDataList,1,20,analysis/reagent/candidates/0x0044C5B8/attempt-1.cpp,YELLOW,PROTOTYPE_UNCERTAIN,PASS,The reversed function matches the Ghidra logic exactly.
0x00466618,NetAppLib::JoinFesta::JoinFestaPacketManager::SetPacketGameStatusWithMe,1,20,analysis/reagent/candidates/0x00466618/attempt-1.cpp,YELLOW,PROTOTYPE_UNCERTAIN,PASS,The reversed function matches the Ghidra decompilation exactly.
0x0049E864,Field::Encount::PokeSet::GetFirstMonsInfo,1,20,analysis/reagent/candidates/0x0049E864/attempt-1.cpp,YELLOW,PROTOTYPE_UNCERTAIN,PASS,The reversed function matches the Ghidra decompilation exactly.
0x004AA760,NetAppLib::JoinFesta::JoinFestaPersonalData::GetRecordData,1,20,analysis/reagent/candidates/0x004AA760/attempt-1.cpp,YELLOW,PROTOTYPE_UNCERTAIN,PASS,The reversed function matches the Ghidra decompilation exactly.
0x003A5210,Field::MoveModel::FieldMoveModelManager::ConvertPlayerMotionIdToRideMotionId,1,24,analysis/reagent/candidates/0x003A5210/attempt-1.cpp,YELLOW,PROTOTYPE_UNCERTAIN,PASS,The reversed function matches the Ghidra decompilation exactly.
0x0045B6DC,NetAppLib::Util::NetAppEffectBG::PushClearColor,1,24,analysis/reagent/candidates/0x0045B6DC/attempt-1.cpp,YELLOW,PROTOTYPE_UNCERTAIN,PASS,The reversed function matches the Ghidra decompilation exactly.
0x0046F728,NetAppLib::JoinFesta::JoinFestaFacilitiesUtil::LotteryFacilitiesId,1,36,analysis/reagent/candidates/0x0046F728/attempt-1.cpp,YELLOW,PROTOTYPE_UNCERTAIN,PASS,The reversed function matches the Ghidra decompilation exactly.
0x002FF798,app::tool::ItemIcon::ReplacePaneTexture,1,40,analysis/reagent/candidates/0x002FF798/attempt-1.cpp,YELLOW,PROTOTYPE_UNCERTAIN,PASS,The reversed function matches the Ghidra decompilation exactly.
0x0047431C,PokeDiary::Set,1,28,analysis/reagent/candidates/0x0047431C/attempt-1.cpp,YELLOW,PROTOTYPE_UNCERTAIN,PASS,Reversed code matches the Ghidra decompilation exactly.
0x00396ECC,Field::Encount::EncountWork::LoadEncountEffectDll,1,28,analysis/reagent/candidates/0x00396ECC/attempt-1.cpp,YELLOW,PROTOTYPE_UNCERTAIN,PASS,"The reversed function matches the Ghidra body exactly, including both calls and their order."
0x0046940C,NetAppLib::JoinFesta::JoinFestaPacketManager::SendMyData,1,44,analysis/reagent/candidates/0x0046940C/attempt-1.cpp,YELLOW,ABI_UNCERTAIN,PASS,"The reversed function matches the Ghidra decompilation exactly, including both calls and the pointer offset expression."
0x0049DCDC,Field::FieldBerryManager::ExistBerry,1,48,analysis/reagent/candidates/0x0049DCDC/attempt-1.cpp,YELLOW,PROTOTYPE_UNCERTAIN,PASS,The reversed code matches the Ghidra decompilation exactly.
0x0048EF28,app::util::G2DUtil::IsPaneTouchHold,1,44,analysis/reagent/candidates/0x0048EF28/attempt-1.cpp,YELLOW,ABI_UNCERTAIN,PASS,The reversed function matches the Ghidra decompilation exactly.
0x0049DE98,Field::FieldBerryManager::GetVisualDesc,1,84,analysis/reagent/candidates/0x0049DE98/attempt-1.cpp,YELLOW,ABI_UNCERTAIN,PASS,Reversed code matches the Ghidra decompilation exactly.
0x00470830,NetAppLib::JoinFesta::JoinFestaAttractionManager::OpenRequest,1,36,analysis/reagent/candidates/0x00470830/attempt-1.cpp,YELLOW,ABI_UNCERTAIN,PASS,"The reversed function matches the Ghidra decompilation line-for-line, including call order and expression order."
0x00306B74,app::util::FileAccessor::FileCloseSync,1,52,analysis/reagent/candidates/0x00306B74/attempt-1.cpp,YELLOW,PROTOTYPE_UNCERTAIN,PASS,The reversed function matches the Ghidra decompilation exactly.
0x0049DD50,Field::FieldBerryManager::GetLottedData,1,52,analysis/reagent/candidates/0x0049DD50/attempt-1.cpp,YELLOW,PROTOTYPE_UNCERTAIN,PASS,The reversed function matches the Ghidra decompilation exactly.
0x0030DA90,app::util::AppQRTextureCreateUtility::GetLytResTextureInfo,1,20,analysis/reagent/candidates/0x0030DA90/attempt-1.cpp,YELLOW,PROTOTYPE_UNCERTAIN,PASS,"The reversed code matches the Ghidra control flow, offsets, and return values exactly."
0x00163BA0,mw::qre::QREncoder::~QREncoder,1,32,analysis/reagent/candidates/0x00163BA0/attempt-1.cpp,YELLOW,ABI_UNCERTAIN,PASS,Reversed code matches the Ghidra decompilation exactly.
0x00458F9C,NetAppLib::UI::NetAppQRTexture::~NetAppQRTexture,1,32,analysis/reagent/candidates/0x00458F9C/attempt-1.cpp,YELLOW,ABI_UNCERTAIN,PASS,The reversed code matches the Ghidra decompilation exactly.
0x00163B48,mw::qre::QREncoder::QREncoder,1,36,analysis/reagent/candidates/0x00163B48/attempt-1.cpp,YELLOW,ABI_UNCERTAIN,PASS,The reversed constructor matches the Ghidra decompilation exactly.
0x00163A24,mw::qrd::QRDecoder::Finalize,1,36,analysis/reagent/candidates/0x00163A24/attempt-1.cpp,YELLOW,ABI_UNCERTAIN,PASS,Reversed code matches the Ghidra decompilation exactly.
0x00163AA8,mw::qre::QREncoder::GetDivCount,1,28,analysis/reagent/candidates/0x00163AA8/attempt-1.cpp,YELLOW,ABI_UNCERTAIN,PASS,"The reversed function matches the Ghidra logic, including the single branch, offsets, and return values."
0x0030DAA4,app::util::AppQRTextureCreateUtility::IsBusy,1,16,analysis/reagent/candidates/0x0030DAA4/attempt-1.cpp,YELLOW,PROTOTYPE_UNCERTAIN,PASS,"The reversed code matches the Ghidra logic exactly, including the indirect virtual call and offset usage."
0x0030DAB4,app::util::AppQRTextureCreateUtility::Update,1,16,analysis/reagent/candidates/0x0030DAB4/attempt-1.cpp,YELLOW,PROTOTYPE_UNCERTAIN,PASS,"The reversed function matches the Ghidra decompilation exactly, including the indirect call and offset usage."
0x00458F40,NetAppLib::UI::NetAppQRTexture::NetAppQRTexture,1,48,analysis/reagent/candidates/0x00458F40/attempt-1.cpp,YELLOW,ABI_UNCERTAIN,PASS,The reversed constructor matches the Ghidra logic and offset initialization order.
0x003CCFF4,NetApp::QR::QRDiaryFunc,1,32,analysis/reagent/candidates/0x003CCFF4/attempt-1.cpp,YELLOW,PROTOTYPE_UNCERTAIN,PASS,The reversed function matches the Ghidra logic exactly.
0x00343370,gfl2::qr::QREncodeData::QREncodeData,1,76,analysis/reagent/candidates/0x00343370/attempt-1.cpp,YELLOW,ABI_UNCERTAIN,PASS,"The reversed function matches the Ghidra decompilation line-for-line, including offsets, call order, and return behavior."
0x0030DAC4,app::util::AppQRTextureCreateUtility::AppQRTextureCreateUtility,1,96,analysis/reagent/candidates/0x0030DAC4/attempt-1.cpp,YELLOW,ABI_UNCERTAIN,PASS,"The reversed function matches the Ghidra decompilation line-for-line, including constructor call order, field initialization, and encoder creation."
0x001639F0,mw::qrd::QRDecoder::GetDecodeBufferSize,1,52,analysis/reagent/candidates/0x001639F0/attempt-1.cpp,YELLOW,PROTOTYPE_UNCERTAIN,PASS,Reversed code matches the Ghidra decompilation exactly in control flow and expression order.
0x00163AB4,mw::qre::QREncoder::GetQRBMPData,1,24,analysis/reagent/candidates/0x00163AB4/attempt-1.cpp,YELLOW,ABI_UNCERTAIN,PASS,"The reversed function matches the Ghidra decompilation exactly, including the single call and unused first parameter."
0x00343400,gfl2::qr::QREncodeData::~QREncodeData,1,56,analysis/reagent/candidates/0x00343400/attempt-1.cpp,YELLOW,ABI_UNCERTAIN,PASS,Reversed code matches the Ghidra decompilation exactly.
0x00163ADC,mw::qre::QREncoder::GetEncodeBufferSize,1,64,analysis/reagent/candidates/0x00163ADC/attempt-1.cpp,YELLOW,ABI_UNCERTAIN,PASS,The reversed function matches the Ghidra decompilation exactly.
0x00163374,mw::qrd::QRDecoder::Initialize,1,80,analysis/reagent/candidates/0x00163374/attempt-1.cpp,YELLOW,ABI_UNCERTAIN,PASS,The reversed function matches the Ghidra decompilation exactly.
0x002E66B0,App::FieldMenu::PlayData::GetRotomMessageIsUpdate,1,20,analysis/reagent/candidates/0x002E66B0/attempt-1.cpp,YELLOW,PROTOTYPE_UNCERTAIN,PASS,The reversed function matches the Ghidra decompilation exactly.
0x00393220,Field::EventPokemonRideTool::IsNaminori,1,20,analysis/reagent/candidates/0x00393220/attempt-1.cpp,YELLOW,PROTOTYPE_UNCERTAIN,PASS,Reversed code matches the Ghidra decompilation exactly.
0x0049CEDC,Field::FieldScript::SystemWork::CheckBit,1,20,analysis/reagent/candidates/0x0049CEDC/attempt-1.cpp,YELLOW,PROTOTYPE_UNCERTAIN,PASS,The reversed code matches the Ghidra decompilation exactly.
0x0049CF20,Field::FieldScript::FieldScriptSystem::IsMsgUpdateFuncEnd,1,20,analysis/reagent/candidates/0x0049CF20/attempt-1.cpp,YELLOW,PROTOTYPE_UNCERTAIN,PASS,The reversed function matches the Ghidra decompilation exactly.
0x0049CF74,Field::FieldScript::FieldScriptSystem::IsReserveScriptSetting,1,20,analysis/reagent/candidates/0x0049CF74/attempt-1.cpp,YELLOW,PROTOTYPE_UNCERTAIN,PASS,"The reversed function matches the Ghidra logic exactly, including the offset and comparison constant."
0x0049F17C,Field::MoveModel::FieldMoveModel::CheckStateBit,1,20,analysis/reagent/candidates/0x0049F17C/attempt-1.cpp,YELLOW,PROTOTYPE_UNCERTAIN,PASS,The reversed function matches the Ghidra decompilation exactly.
0x00383428,Field::FieldScript::Work::IsTargetObjidNone,1,24,analysis/reagent/candidates/0x00383428/attempt-1.cpp,YELLOW,PROTOTYPE_UNCERTAIN,PASS,"The reversed function matches the Ghidra decompilation exactly in control flow, comparison, and return logic."
0x0039A1A0,Field::EventWork::CanUseMushiyoke,1,24,analysis/reagent/candidates/0x0039A1A0/attempt-1.cpp,YELLOW,PROTOTYPE_UNCERTAIN,PASS,The reversed function matches the Ghidra decompilation exactly.
0x0039FB24,Field::MoveModel::FieldMoveCodeManager::GetMoveCode,1,20,analysis/reagent/candidates/0x0039FB24/attempt-1.cpp,YELLOW,ABI_UNCERTAIN,PASS,The reversed function matches the Ghidra decompilation exactly.
0x0049EF4C,Field::EventList::EventListData::GetDetailInfoCurrent,1,24,analysis/reagent/candidates/0x0049EF4C/attempt-1.cpp,YELLOW,PROTOTYPE_UNCERTAIN,PASS,"The reversed function matches the Ghidra decompilation exactly, including call sequence, offset usage, and arithmetic order."
0x0049EF64,Field::EventList::EventListData::GetDetailFieldCurrent,1,28,analysis/reagent/candidates/0x0049EF64/attempt-1.cpp,YELLOW,PROTOTYPE_UNCERTAIN,PASS,"The reversed function matches the Ghidra decompilation exactly, including call, offset, and expression order."
0x0037FB78,Field::FieldScript::FieldScriptSystem::UpdateCreate,1,36,analysis/reagent/candidates/0x0037FB78/attempt-1.cpp,YELLOW,ABI_UNCERTAIN,PASS,"The reversed function matches the Ghidra decompilation exactly in call, branch, offset usage, and return expression."
0x00374650,Field::FieldSound::IsLoadedFootSoundData,1,40,analysis/reagent/candidates/0x00374650/attempt-1.cpp,YELLOW,ABI_UNCERTAIN,PASS,Reversed code matches the Ghidra decompilation exactly.
0x002E66CC,App::FieldMenu::PlayData::ResetRotomMessageIsUpdate,1,20,analysis/reagent/candidates/0x002E66CC/attempt-1.cpp,YELLOW,PROTOTYPE_UNCERTAIN,PASS,"Reversed code matches the Ghidra logic exactly, including the single bit-clear assignment and no control flow."
0x003752BC,Field::FieldScript::SystemWork::OnCheckBit,1,20,analysis/reagent/candidates/0x003752BC/attempt-1.cpp,YELLOW,PROTOTYPE_UNCERTAIN,PASS,"The reversed function matches the Ghidra logic exactly, including the conditional and bitwise update at offset +4."
0x003752D0,Field::FieldScript::SystemWork::OffCheckBit,1,20,analysis/reagent/candidates/0x003752D0/attempt-1.cpp,YELLOW,PROTOTYPE_UNCERTAIN,PASS,"The reversed code matches the Ghidra logic exactly, including condition, bitwise order, and write-back to the same field."
0x003A6300,Field::MoveModel::FieldActionCommandManager::AddActionCommandWorkSequence,1,20,analysis/reagent/candidates/0x003A6300/attempt-1.cpp,YELLOW,PROTOTYPE_UNCERTAIN,PASS,Reversed code matches the Ghidra decompilation exactly.
0x0049F980,Field::MoveModel::FieldMoveModelShadowManager::GetEffectShadow,1,20,analysis/reagent/candidates/0x0049F980/attempt-1.cpp,YELLOW,PROTOTYPE_UNCERTAIN,PASS,"The reversed function matches the Ghidra logic exactly, including the bounds check, offset access, and zero return path."
0x00380620,Field::FieldScript::FieldScriptSystem::ClearBgPartsParam,1,28,analysis/reagent/candidates/0x00380620/attempt-1.cpp,YELLOW,PROTOTYPE_UNCERTAIN,PASS,The function matches the Ghidra logic: it zeros five consecutive 4-byte fields at offsets 0xb0 through 0xc0.
0x002E6624,App::FieldMenu::PlayData::InitRotomMessage,1,32,analysis/reagent/candidates/0x002E6624/attempt-1.cpp,YELLOW,PROTOTYPE_UNCERTAIN,PASS,"The reversed function matches the Ghidra logic exactly, including both stores and offsets."
0x003960D0,Field::World::~World,1,36,analysis/reagent/candidates/0x003960D0/attempt-1.cpp,YELLOW,ABI_UNCERTAIN,PASS,The reversed destructor matches the Ghidra ground truth exactly.
0x003A5348,Field::MoveModel::FieldMoveModelManager::GetFieldMoveEventModelIndexFromFreeSpace,1,36,analysis/reagent/candidates/0x003A5348/attempt-1.cpp,YELLOW,PROTOTYPE_UNCERTAIN,PASS,"The reversed function matches the Ghidra logic exactly, including offsets, branches, and expression order."
0x0037400C,Field::FieldSound::IsMEPlaying,1,28,analysis/reagent/candidates/0x0037400C/attempt-1.cpp,YELLOW,PROTOTYPE_UNCERTAIN,PASS,"Body, call, and return logic match the Ghidra decompilation exactly."
0x00374608,Field::FieldSound::SetTrainerFocusMode,1,28,analysis/reagent/candidates/0x00374608/attempt-1.cpp,YELLOW,PROTOTYPE_UNCERTAIN,PASS,The reversed function matches the Ghidra logic: it forwards the same arguments to BGM volume control and sets the trainer focus flag at offset 0x38.
0x00374678,Field::FieldSound::ResetTrainerFocusMode,1,32,analysis/reagent/candidates/0x00374678/attempt-1.cpp,YELLOW,ABI_UNCERTAIN,PASS,The reversed function matches the decompiled logic: one BGM volume call followed by clearing the focus-mode field.
0x00373E58,Field::FieldSound::GetFieldBGM,1,36,analysis/reagent/candidates/0x00373E58/attempt-1.cpp,YELLOW,ABI_UNCERTAIN,PASS,Reversed code matches the Ghidra decompilation with no observable logic differences.
0x0049CF90,Field::FieldScript::FieldScriptSystem::GetTerrainBlockControlPosition,1,28,analysis/reagent/candidates/0x0049CF90/attempt-1.cpp,YELLOW,PROTOTYPE_UNCERTAIN,PASS,"The reversed function matches the Ghidra logic exactly: it copies the three 32-bit components from offsets 0xa4, 0xa8, and 0xac into the output Vector3."
0x003746CC,Field::FieldSound::ChangeFieldBGMByPlayerWalk,1,44,analysis/reagent/candidates/0x003746CC/attempt-1.cpp,YELLOW,ABI_UNCERTAIN,PASS,Reversed code matches the Ghidra decompilation exactly.
0x00394BA8,Field::Area::GetAccessor,1,44,analysis/reagent/candidates/0x00394BA8/attempt-1.cpp,YELLOW,PROTOTYPE_UNCERTAIN,PASS,"The reversed function matches the Ghidra control flow, offset arithmetic, and assert/return behavior."
0x0038100C,Field::FieldScript::FieldScriptSystem::FinalizeFieldmapTerminateTop,1,12,analysis/reagent/candidates/0x0038100C/attempt-1.cpp,YELLOW,ABI_UNCERTAIN,PASS,"The reversed function matches the Ghidra decompilation exactly, including the field offset and call order."
0x00381038,Field::FieldScript::FieldScriptSystem::FinalizeFieldmapTerminateBottom,1,12,analysis/reagent/candidates/0x00381038/attempt-1.cpp,YELLOW,ABI_UNCERTAIN,PASS,"The reversed code matches the Ghidra logic exactly, including the function pointer call and field offset."
0x003983F0,Field::Encount::PokeSet::SetEncountData,1,32,analysis/reagent/candidates/0x003983F0/attempt-1.cpp,YELLOW,PROTOTYPE_UNCERTAIN,PASS,The reversed function matches the Ghidra logic and offsets exactly.
0x004457E0,Field::FieldSodateya::PokeLeave,1,36,analysis/reagent/candidates/0x004457E0/attempt-1.cpp,YELLOW,PROTOTYPE_UNCERTAIN,PASS,"The reversed function matches the Ghidra logic exactly, including the single call and offset expression."
0x0038109C,Field::FieldScript::FieldScriptSystem::Delete,1,48,analysis/reagent/candidates/0x0038109C/attempt-1.cpp,YELLOW,ABI_UNCERTAIN,PASS,"Reversed code matches the Ghidra logic, offsets, calls, branch, and return behavior."
0x0039FC14,Field::MoveModel::FieldMoveCodeManager::GetMoveCodeExtendWork,1,48,analysis/reagent/candidates/0x0039FC14/attempt-1.cpp,YELLOW,ABI_UNCERTAIN,PASS,"Reversed code matches the Ghidra decompilation exactly, including offsets, branch condition, and return expression order."
0x00380104,Field::FieldScript::FieldScriptSystem::GetBgPartsCount,1,72,analysis/reagent/candidates/0x00380104/attempt-1.cpp,YELLOW,PROTOTYPE_UNCERTAIN,PASS,"The reversed function matches the Ghidra logic exactly, including offsets, branch structure, and increment order."
0x00382FE0,Field::FieldScript::ScriptMoveModelManager::ResourceIsLoaded,1,48,analysis/reagent/candidates/0x00382FE0/attempt-1.cpp,YELLOW,PROTOTYPE_UNCERTAIN,PASS,"The reversed code matches the Ghidra logic, including branches, call, and return composition."
0x0038032C,Field::FieldScript::FieldScriptSystem::SetBgPartsUnLoad,1,32,analysis/reagent/candidates/0x0038032C/attempt-1.cpp,YELLOW,ABI_UNCERTAIN,PASS,"Matches the Ghidra logic exactly, including the null check and bitmask operation."
0x00374624,Field::FieldSound::ReleaseFootSoundData,1,36,analysis/reagent/candidates/0x00374624/attempt-1.cpp,YELLOW,ABI_UNCERTAIN,PASS,Reversed code matches the Ghidra logic exactly.
0x0038C4DC,Field::EventFieldReport::EventFieldReport,1,36,analysis/reagent/candidates/0x0038C4DC/attempt-1.cpp,YELLOW,ABI_UNCERTAIN,PASS,The reversed function matches the Ghidra logic exactly.
0x003931CC,Field::EventFieldQuickMatch::EventFieldQuickMatch,1,36,analysis/reagent/candidates/0x003931CC/attempt-1.cpp,YELLOW,ABI_UNCERTAIN,PASS,"The reversed constructor matches the Ghidra logic line for line, including calls, offset usage, and assignment order."
0x00374028,Field::FieldSound::ResetReverb,1,40,analysis/reagent/candidates/0x00374028/attempt-1.cpp,YELLOW,ABI_UNCERTAIN,PASS,"Matches the Ghidra logic: same null check, same call, same field clear, and no missing branches."
0x0039D0D0,Field::MoveModel::FieldMoveModel::RemoveParentNode,1,40,analysis/reagent/candidates/0x0039D0D0/attempt-1.cpp,YELLOW,ABI_UNCERTAIN,PASS,"Reversed code matches the Ghidra decompilation exactly, including offsets, branch, call order, and return expression."
0x00436A24,PokeTool::nakayoshi::UpdateFeedAndNadenadeOnField,1,40,analysis/reagent/candidates/0x00436A24/attempt-1.cpp,YELLOW,PROTOTYPE_UNCERTAIN,PASS,Reversed code matches the Ghidra logic exactly.
0x00399F04,Field::EventList::EventListDataManager::Terminate,1,48,analysis/reagent/candidates/0x00399F04/attempt-1.cpp,YELLOW,ABI_UNCERTAIN,PASS,"The reversed function matches the Ghidra logic exactly, including branch, calls, offsets, and reset behavior."
0x0039994C,Field::Attribute::IsRoba2Ground,1,28,analysis/reagent/candidates/0x0039994C/attempt-1.cpp,YELLOW,PROTOTYPE_UNCERTAIN,PASS,The reversed function matches the Ghidra control flow and condition exactly.
0x00399AD4,Field::Attribute::IsWater,1,32,analysis/reagent/candidates/0x00399AD4/attempt-1.cpp,YELLOW,PROTOTYPE_UNCERTAIN,PASS,The reversed function matches the Ghidra control flow and return behavior exactly.
0x00384314,Field::EventMapJump::CallMapJumpOtherWorldTime,1,36,analysis/reagent/candidates/0x00384314/attempt-1.cpp,YELLOW,PROTOTYPE_UNCERTAIN,PASS,"The reversed function matches the Ghidra decompilation exactly, including the call and constant arguments."
0x0049CEF0,Field::FieldScript::FieldScriptSystem::GetScriptObject,1,48,analysis/reagent/candidates/0x0049CEF0/attempt-1.cpp,YELLOW,ABI_UNCERTAIN,PASS,The reversed function matches the Ghidra decompilation exactly.
0x0038AF64,Field::EventBattleCall::CallWild,1,72,analysis/reagent/candidates/0x0038AF64/attempt-1.cpp,YELLOW,ABI_UNCERTAIN,PASS,The reversed function matches the Ghidra decompilation exactly.
0x00380A4C,Field::FieldScript::FieldScriptSystem::SetWeakReservedScript,1,24,analysis/reagent/candidates/0x00380A4C/attempt-1.cpp,YELLOW,PROTOTYPE_UNCERTAIN,PASS,The reversed function matches the decompiled logic: five 4-byte stores to the corresponding fields with no extra control flow.
0x0039DD88,Field::MoveModel::FieldMoveModel::EncountGrassCreaterUpdateBlockAndGridPos,1,24,analysis/reagent/candidates/0x0039DD88/attempt-1.cpp,YELLOW,ABI_UNCERTAIN,PASS,"The reversed function matches the Ghidra logic in control flow, offset usage, call target, and return expression."
0x0037FFB8,Field::FieldScript::FieldScriptSystem::EntryNextEvent,1,52,analysis/reagent/candidates/0x0037FFB8/attempt-1.cpp,YELLOW,PROTOTYPE_UNCERTAIN,PASS,The reversed function matches the Ghidra logic exactly.
0x0039A704,Field::EventWork::GetDendouiriPartyArrayPtr,1,60,analysis/reagent/candidates/0x0039A704/attempt-1.cpp,YELLOW,PROTOTYPE_UNCERTAIN,PASS,"The reversed function matches the Ghidra logic exactly, including the clamp branch and pointer arithmetic."
0x003A5318,Field::MoveModel::FieldMoveModelManager::GetFieldSubobjectIndexFromFreeSpace,1,48,analysis/reagent/candidates/0x003A5318/attempt-1.cpp,YELLOW,PROTOTYPE_UNCERTAIN,PASS,"The reversed function matches the Ghidra decompilation exactly, including loop bounds, offsets, dereference order, and return paths."
0x003998F4,Field::Location::Location,1,60,analysis/reagent/candidates/0x003998F4/attempt-1.cpp,YELLOW,ABI_UNCERTAIN,PASS,Reversed code matches the Ghidra logic and store order exactly.
0x0038A3E4,Field::EventBattleCall::CallWildEx,1,92,analysis/reagent/candidates/0x0038A3E4/attempt-1.cpp,YELLOW,ABI_UNCERTAIN,PASS,Reversed code matches the Ghidra decompilation exactly.
0x00383DC8,Field::EventMapJump::CallMapJumpPos,1,32,analysis/reagent/candidates/0x00383DC8/attempt-1.cpp,YELLOW,PROTOTYPE_UNCERTAIN,PASS,The reversed function matches the Ghidra decompilation exactly: it only forwards all arguments to CreateMapJumpPos with a final constant 1.
0x00399F5C,Field::EventList::EventListDataManager::~EventListDataManager,1,52,analysis/reagent/candidates/0x00399F5C/attempt-1.cpp,YELLOW,ABI_UNCERTAIN,PASS,"The reversed code matches the Ghidra decompilation exactly, including offsets, branch, call, and return value."
0x00380A04,Field::FieldScript::FieldScriptSystem::CheckRunReserveScript,1,72,analysis/reagent/candidates/0x00380A04/attempt-1.cpp,YELLOW,ABI_UNCERTAIN,PASS,Reversed code matches the Ghidra logic exactly.
0x00380E7C,Field::FieldScript::FieldScriptSystem::CheckRunWeakReserveScript,1,72,analysis/reagent/candidates/0x00380E7C/attempt-1.cpp,YELLOW,ABI_UNCERTAIN,PASS,"The reversed function matches the Ghidra logic, including the branch, call argument order, offsets, and return condition."
0x0049DAB8,Field::ZoneDataAccessor::IsPokeRideRunEnable,1,56,analysis/reagent/candidates/0x0049DAB8/attempt-1.cpp,YELLOW,PROTOTYPE_UNCERTAIN,PASS,"The reversed function matches the Ghidra logic, offsets, branch, and return expression exactly."
0x0038A440,Field::EventBattleCall::CallTrainer,1,72,analysis/reagent/candidates/0x0038A440/attempt-1.cpp,YELLOW,ABI_UNCERTAIN,PASS,Reversed code matches the Ghidra decompilation exactly.
0x0038C128,Field::EventScriptCall::CallScript,1,124,analysis/reagent/candidates/0x0038C128/attempt-1.cpp,YELLOW,ABI_UNCERTAIN,PASS,"The reversed function matches the Ghidra logic line-for-line, including offsets, calls, masking, and stores."
0x003A84A8,Field::SubScreen::FieldSubScreen::SetFieldMenuProc,1,28,analysis/reagent/candidates/0x003A84A8/attempt-1.cpp,YELLOW,PROTOTYPE_UNCERTAIN,PASS,"The reversed function matches the Ghidra logic, including the null check and 0x34 store."
0x0038D50C,Field::FieldItemManager::UnregistDropItemModelActor,1,32,analysis/reagent/candidates/0x0038D50C/attempt-1.cpp,YELLOW,PROTOTYPE_UNCERTAIN,PASS,"The reversed function matches the Ghidra logic, including the null check, 0x260 offset, and indirect call."
0x003A4F64,Field::MoveModel::FieldMoveModelManager::TerminateMoveModelResource,1,36,analysis/reagent/candidates/0x003A4F64/attempt-1.cpp,YELLOW,PROTOTYPE_UNCERTAIN,PASS,"The reversed function matches the Ghidra control flow, offsets, and indirect call exactly."
0x0049F478,Field::MoveModel::FieldMoveModelPlayer::IsMoveState,1,44,analysis/reagent/candidates/0x0049F478/attempt-1.cpp,YELLOW,ABI_UNCERTAIN,PASS,"The reversed code matches the Ghidra logic, call, branch, and offsets."
0x003A13AC,Field::MoveModel::FieldMoveModelPlayer::LockDirFromOutside,1,48,analysis/reagent/candidates/0x003A13AC/attempt-1.cpp,YELLOW,ABI_UNCERTAIN,PASS,"The reversed function matches the Ghidra logic, including the conditional call, offset use, and branch behavior."
0x00385F5C,Field::FieldSodateya::FieldSodateya,1,76,analysis/reagent/candidates/0x00385F5C/attempt-1.cpp,YELLOW,ABI_UNCERTAIN,PASS,"The reversed constructor matches the Ghidra decompilation line for line, including offsets, heap call, and expression order."
0x0049D7B0,Field::ZoneDataAccessor::GetWeatherTable,1,52,analysis/reagent/candidates/0x0049D7B0/attempt-1.cpp,YELLOW,ABI_UNCERTAIN,PASS,Reversed code matches the Ghidra decompilation exactly.
0x0049DC04,Field::ZoneDataAccessor::GetSubscreenBasisPositionX,1,52,analysis/reagent/candidates/0x0049DC04/attempt-1.cpp,YELLOW,ABI_UNCERTAIN,PASS,Reversed code matches the Ghidra decompilation exactly.
0x00383594,Field::FieldScript::Work::SetChildGlobalParam,1,56,analysis/reagent/candidates/0x00383594/attempt-1.cpp,YELLOW,PROTOTYPE_UNCERTAIN,PASS,"The reversed function matches the Ghidra logic exactly, including the offset, index scaling, and assignment."
0x00383600,Field::FieldScript::Work::SetParentGlobalParam,1,56,analysis/reagent/candidates/0x00383600/attempt-1.cpp,YELLOW,PROTOTYPE_UNCERTAIN,PASS,The reversed function matches the Ghidra logic exactly.
0x0037DC10,Field::FieldScript::FuncSetFieldInit::CheckPlayerFixedPointMove,1,60,analysis/reagent/candidates/0x0037DC10/attempt-1.cpp,YELLOW,ABI_UNCERTAIN,PASS,Reversed code matches the Ghidra decompilation exactly.
0x0039A058,Field::EventWork::SetEventWork,1,64,analysis/reagent/candidates/0x0039A058/attempt-1.cpp,YELLOW,PROTOTYPE_UNCERTAIN,PASS,"The reversed function matches the Ghidra logic, including the branch, pointer arithmetic, and 16-bit store."
0x002E65D0,App::FieldMenu::PlayData::SetRotomMessage,1,68,analysis/reagent/candidates/0x002E65D0/attempt-1.cpp,YELLOW,PROTOTYPE_UNCERTAIN,PASS,Matches the Ghidra decompilation exactly.
0x003967F4,Field::EvTime::GetAlolaTimeZone,1,68,analysis/reagent/candidates/0x003967F4/attempt-1.cpp,YELLOW,ABI_UNCERTAIN,PASS,"The reversed function preserves the constructor call, helper call, hour conversion, destructor call, and return flow exactly."
0x003A0370,Field::MoveModel::FieldMoveModelPlayer::IsEnableStepJump,1,76,analysis/reagent/candidates/0x003A0370/attempt-1.cpp,YELLOW,ABI_UNCERTAIN,PASS,"The reversed function matches Ghidra’s logic, call order, and offset usage exactly."
0x004AB348,NetAppLib::JoinFesta::JoinFestaPersonalData::IsEnablePacketBattleRecieve,1,24,analysis/reagent/candidates/0x004AB348/attempt-1.cpp,YELLOW,PROTOTYPE_UNCERTAIN,PASS,Reversed code matches the Ghidra logic exactly.
0x00159368,BattleInst::BattleInst::GetBattleStartMsgId,1,28,analysis/reagent/candidates/0x00159368/attempt-1.cpp,YELLOW,PROTOTYPE_UNCERTAIN,PASS,"The reversed function matches the Ghidra logic, including the conditional offset and final multiply."
0x003C0908,print::SystemFont_SetLytSystemBattleFont,1,24,analysis/reagent/candidates/0x003C0908/attempt-1.cpp,YELLOW,ABI_UNCERTAIN,PASS,Reversed code matches the Ghidra decompilation exactly.
0x00456400,NetAppLib::BattleVideoPlayer::VIDEO_DATA::IsPlayerTrainerIcon,1,24,analysis/reagent/candidates/0x00456400/attempt-1.cpp,YELLOW,ABI_UNCERTAIN,PASS,The reversed function matches the Ghidra decompilation exactly.
0x0036D0F8,item::GetBattlePocketID,1,28,analysis/reagent/candidates/0x0036D0F8/attempt-1.cpp,YELLOW,ABI_UNCERTAIN,PASS,The reversed code matches the Ghidra decompilation exactly.
0x00468774,NetAppLib::JoinFesta::JoinFestaPersonalData::SetRequestCancelingBattle,1,20,analysis/reagent/candidates/0x00468774/attempt-1.cpp,YELLOW,ABI_UNCERTAIN,PASS,The reversed function matches the Ghidra logic exactly: two field writes followed by the same call order and cast.
0x00159598,BattleInst::BattleInst::ScountCurrentTrainer,1,48,analysis/reagent/candidates/0x00159598/attempt-1.cpp,YELLOW,PROTOTYPE_UNCERTAIN,PASS,The reversed function matches the Ghidra logic exactly.
0x0049396C,NetApp::Live::LiveNet::SetupMyBattleInfo,1,48,analysis/reagent/candidates/0x0049396C/attempt-1.cpp,YELLOW,ABI_UNCERTAIN,PASS,"The reversed function matches the Ghidra decompilation line-for-line in calls, loop bounds, offsets, and return behavior."
0x00150C44,BATTLE_EFFECT_GetParam,1,24,analysis/reagent/candidates/0x00150C44/attempt-1.cpp,YELLOW,ABI_UNCERTAIN,PASS,"The reversed function matches the Ghidra logic line-for-line, including pointer arithmetic and copy order."
0x00314264,pml::battle::TypeAffinity::ConvAboutAffinity,1,32,analysis/reagent/candidates/0x00314264/attempt-1.cpp,YELLOW,PROTOTYPE_UNCERTAIN,PASS,The reversed function matches the Ghidra decompilation exactly.
0x00459C98,NetAppLib::UI::RegulationDrawInfo::GetBattleNameMessageID,1,32,analysis/reagent/candidates/0x00459C98/attempt-1.cpp,YELLOW,PROTOTYPE_UNCERTAIN,PASS,The reversed function matches the Ghidra decompilation exactly.
0x0031423C,pml::battle::TypeAffinity::CalcAffinityAbout,1,40,analysis/reagent/candidates/0x0031423C/attempt-1.cpp,YELLOW,ABI_UNCERTAIN,PASS,"Reversed code matches the Ghidra control flow, calls, and return logic exactly."
0x003AE1A8,Sound::WaitLoadAndPushBattleGlobalSEAsync,1,48,analysis/reagent/candidates/0x003AE1A8/attempt-1.cpp,YELLOW,ABI_UNCERTAIN,PASS,The reversed function matches the Ghidra decompilation exactly.
0x004AB2FC,NetAppLib::JoinFesta::JoinFestaPersonalData::IsEnablePacketBattleInvite,1,36,analysis/reagent/candidates/0x004AB2FC/attempt-1.cpp,YELLOW,PROTOTYPE_UNCERTAIN,PASS,"The reversed function matches the Ghidra logic: same field check, same branch structure, and same true/false outcomes."
0x00155224,INTRUDE_BATTLE_PARAM_IsEnable,1,48,analysis/reagent/candidates/0x00155224/attempt-1.cpp,YELLOW,ABI_UNCERTAIN,PASS,"The reversed function matches the Ghidra logic, control flow, and call sequence exactly."
0x00159E38,BattleInst::BattleInst::WordSetBinstTrainerNameFromTrainerNo,1,56,analysis/reagent/candidates/0x00159E38/attempt-1.cpp,YELLOW,ABI_UNCERTAIN,PASS,The reversed function matches the Ghidra decompilation exactly.
0x00158570,BattleInst::BattleInst::DeleteForRoyal,1,44,analysis/reagent/candidates/0x00158570/attempt-1.cpp,YELLOW,ABI_UNCERTAIN,PASS,Reversed code matches the Ghidra decompilation exactly.
0x00457CA8,NetAppLib::BattleVideoPlayer::VideoDataManager::GetDataDelFlgCount,1,80,analysis/reagent/candidates/0x00457CA8/attempt-1.cpp,YELLOW,ABI_UNCERTAIN,PASS,Reversed code matches the Ghidra decompilation exactly.
0x001587B0,BattleInst::BattleInst::SetCommWinCount,1,64,analysis/reagent/candidates/0x001587B0/attempt-1.cpp,YELLOW,PROTOTYPE_UNCERTAIN,PASS,"The reversed function matches the decompiled logic, including the write, null check at offset 0x5ac, and the `param_1 > 0x13` branch."
0x00457F38,NetAppLib::BattleVideoPlayer::VideoDataManager::StartSendPlayComplete,1,92,analysis/reagent/candidates/0x00457F38/attempt-1.cpp,YELLOW,ABI_UNCERTAIN,PASS,Matches the decompilation logic.
0x00458294,NetAppLib::BattleVideoPlayer::VideoDataManager::StartIncPlayCountVideoData,1,92,analysis/reagent/candidates/0x00458294/attempt-1.cpp,YELLOW,ABI_UNCERTAIN,PASS,"The reversed function matches the Ghidra logic: same guard, same write order, and same return value."
0x004568D4,NetAppLib::BattleVideoPlayer::VideoDataManager::StartUpload,1,96,analysis/reagent/candidates/0x004568D4/attempt-1.cpp,YELLOW,ABI_UNCERTAIN,PASS,"The reversed function matches the Ghidra logic, including offsets, stores, branching, and return construction."
0x004684D8,NetAppLib::JoinFesta::JoinFestaPersonalData::SetRequestRecieveBattle,1,76,analysis/reagent/candidates/0x004684D8/attempt-1.cpp,YELLOW,ABI_UNCERTAIN,PASS,"The reversed function matches the Ghidra logic, including branch behavior, offsets, field writes, and the call to FUN_004681ac."
0x00302DD0,std::max<unsigned_int>,1,12,analysis/reagent/candidates/0x00302DD0/attempt-1.cpp,YELLOW,PROTOTYPE_UNCERTAIN,PASS,Reversed code matches the Ghidra decompilation exactly.
0x00103A5C,std::ctype_byname<char>::~ctype_byname,1,12,analysis/reagent/candidates/0x00103A5C/attempt-1.cpp,YELLOW,ABI_UNCERTAIN,PASS,Reversed code matches the Ghidra decompilation exactly.
0x00103B3E,std::collate_byname<char>::~collate_byname,1,12,analysis/reagent/candidates/0x00103B3E/attempt-1.cpp,YELLOW,ABI_UNCERTAIN,PASS,The reversed function matches the Ghidra decompilation exactly.
0x00103D4A,std::messages<char>::~messages,1,12,analysis/reagent/candidates/0x00103D4A/attempt-1.cpp,YELLOW,ABI_UNCERTAIN,PASS,The reversed function matches the Ghidra decompilation exactly.
0x00103D64,std::numpunct<char>::~numpunct,1,12,analysis/reagent/candidates/0x00103D64/attempt-1.cpp,YELLOW,ABI_UNCERTAIN,PASS,The reversed function matches the Ghidra decompilation exactly.
0x002CC1A8,App::Tool::NewPaneList::IsModuleAction,1,20,analysis/reagent/candidates/0x002CC1A8/attempt-1.cpp,YELLOW,PROTOTYPE_UNCERTAIN,PASS,The reversed function matches the Ghidra decompilation exactly.
0x002EF738,app::tool::ItemIconToolEx::~ItemIconToolEx,1,20,analysis/reagent/candidates/0x002EF738/attempt-1.cpp,YELLOW,ABI_UNCERTAIN,PASS,The reversed destructor matches the Ghidra decompilation exactly.
0x002F024C,app::tool::PokeIconToolEx::~PokeIconToolEx,1,20,analysis/reagent/candidates/0x002F024C/attempt-1.cpp,YELLOW,ABI_UNCERTAIN,PASS,The reversed destructor matches the Ghidra decompilation exactly.
0x0032CA20,gfl2::renderingengine::scenegraph::resource::GfBinaryMotData::SetMotionData,1,20,analysis/reagent/candidates/0x0032CA20/attempt-1.cpp,YELLOW,PROTOTYPE_UNCERTAIN,PASS,"The reversed function matches the Ghidra logic exactly, including the conditional store, return value, and offset 4 mapping."
0x0032F5C4,gfl2::renderingengine::scenegraph::resource::GfBinaryMdlDataPack::SetModelData,1,20,analysis/reagent/candidates/0x0032F5C4/attempt-1.cpp,YELLOW,PROTOTYPE_UNCERTAIN,PASS,"The reversed function matches the Ghidra logic, including the conditional store at `this + 4` and the boolean return."
0x003CF6FC,NetApp::Live::LiveNet::IsConnected,1,20,analysis/reagent/candidates/0x003CF6FC/attempt-1.cpp,YELLOW,PROTOTYPE_UNCERTAIN,PASS,Reversed code matches Ghidra exactly.
0x003CF710,NetApp::Live::LiveNet::IsDisconnected,1,20,analysis/reagent/candidates/0x003CF710/attempt-1.cpp,YELLOW,PROTOTYPE_UNCERTAIN,PASS,The reversed function matches the Ghidra decompilation exactly.
0x003D6874,NetLib::P2P::P2pConnectionManager::IsConnectSuccess,1,20,analysis/reagent/candidates/0x003D6874/attempt-1.cpp,YELLOW,PROTOTYPE_UNCERTAIN,PASS,The reversed function matches the Ghidra logic exactly: it returns whether the status field equals 0xb.
0x0045DDF0,NetAppLib::Util::NetAppTrainerIconUtility::IsDelete,1,20,analysis/reagent/candidates/0x0045DDF0/attempt-1.cpp,YELLOW,PROTOTYPE_UNCERTAIN,PASS,The reversed function matches the Ghidra decompilation exactly.
0x00470910,NetAppLib::JoinFesta::JoinFestaAttractionManager::IsEndRequest,1,20,analysis/reagent/candidates/0x00470910/attempt-1.cpp,YELLOW,PROTOTYPE_UNCERTAIN,PASS,The reversed function matches the Ghidra decompilation exactly.
0x00471B00,NetAppLib::JoinFesta::JoinFestaAttractionManager::IsPlaying,1,20,analysis/reagent/candidates/0x00471B00/attempt-1.cpp,YELLOW,PROTOTYPE_UNCERTAIN,PASS,The reversed function matches the Ghidra logic exactly.
0x00486074,nw::lyt::TextBox::GetStringBufferLength,1,20,analysis/reagent/candidates/0x00486074/attempt-1.cpp,YELLOW,PROTOTYPE_UNCERTAIN,PASS,"The reversed function matches the Ghidra decompilation exactly, including the field offset, branch, and decrement logic."
0x0048E188,app::tool::ResourceLoader::IsLoadComplete,1,20,analysis/reagent/candidates/0x0048E188/attempt-1.cpp,YELLOW,PROTOTYPE_UNCERTAIN,PASS,The reversed function matches the Ghidra logic exactly.
0x0048E648,app::tool::AppToolHPGaugePartsLayout::IsAnime,1,20,analysis/reagent/candidates/0x0048E648/attempt-1.cpp,YELLOW,PROTOTYPE_UNCERTAIN,PASS,The reversed function matches the Ghidra decompilation exactly.
0x0048E91C,app::util::AppRenderingManager::IsCreated,1,20,analysis/reagent/candidates/0x0048E91C/attempt-1.cpp,YELLOW,PROTOTYPE_UNCERTAIN,PASS,The reversed function matches the Ghidra decompilation exactly.
0x00493F14,pml::PokeParty::IsFull,1,20,analysis/reagent/candidates/0x00493F14/attempt-1.cpp,YELLOW,PROTOTYPE_UNCERTAIN,PASS,The reversed function matches the Ghidra decompilation exactly.
0x004A32AC,GameSys::GameEventManager::IsExists,1,20,analysis/reagent/candidates/0x004A32AC/attempt-1.cpp,YELLOW,PROTOTYPE_UNCERTAIN,PASS,"The reversed code matches the Ghidra logic exactly, including the branch, offset access, and return values."
0x004A6BBC,PokeTool::PokeModel::GetPokeSize,1,20,analysis/reagent/candidates/0x004A6BBC/attempt-1.cpp,YELLOW,PROTOTYPE_UNCERTAIN,PASS,Reversed code matches the Ghidra decompilation exactly.
0x004AA728,NetAppLib::JoinFesta::JoinFestaPersonalData::IsRelatonMe,1,20,analysis/reagent/candidates/0x004AA728/attempt-1.cpp,YELLOW,PROTOTYPE_UNCERTAIN,PASS,"The reversed function matches the Ghidra logic exactly: same offset access, comparison, and return value."
0x004AA744,NetAppLib::JoinFesta::JoinFestaPersonalData::IsRelatonVip,1,20,analysis/reagent/candidates/0x004AA744/attempt-1.cpp,YELLOW,PROTOTYPE_UNCERTAIN,PASS,The reversed code matches the Ghidra logic exactly for this function.
0x004AB3A0,NetAppLib::JoinFesta::JoinFestaPersonalData::GetPersonalEventRecordCategory1,1,20,analysis/reagent/candidates/0x004AB3A0/attempt-1.cpp,YELLOW,PROTOTYPE_UNCERTAIN,PASS,"The reversed function matches the Ghidra logic exactly, including the branch and offsets."
0x004AB3B4,NetAppLib::JoinFesta::JoinFestaPersonalData::GetPersonalEventRecordCategory2,1,20,analysis/reagent/candidates/0x004AB3B4/attempt-1.cpp,YELLOW,PROTOTYPE_UNCERTAIN,PASS,The reversed function matches the Ghidra decompilation exactly.
0x004AB3C8,NetAppLib::JoinFesta::JoinFestaPersonalData::GetPersonalEventRecordCategory3,1,20,analysis/reagent/candidates/0x004AB3C8/attempt-1.cpp,YELLOW,PROTOTYPE_UNCERTAIN,PASS,"The reversed function matches the Ghidra logic exactly, including the condition, offsets, branch structure, and return value."
0x002CB7CC,App::Tool::NewPaneList::GetListPos,1,24,analysis/reagent/candidates/0x002CB7CC/attempt-1.cpp,YELLOW,PROTOTYPE_UNCERTAIN,PASS,"The reversed function matches Ghidra exactly, including the call, offsets, and return expression order."
0x002D30BC,App::Tool::ListMenu::IsInstanceDelete,1,24,analysis/reagent/candidates/0x002D30BC/attempt-1.cpp,YELLOW,PROTOTYPE_UNCERTAIN,PASS,The reversed function matches the Ghidra decompilation exactly.
0x002E89E4,app::tool::IconObject::IsReplaceTex,1,24,analysis/reagent/candidates/0x002E89E4/attempt-1.cpp,YELLOW,PROTOTYPE_UNCERTAIN,PASS,The reversed function matches the Ghidra decompilation exactly.
0x002F6864,app::tool::AppToolBaseGrpFont::~AppToolBaseGrpFont,1,24,analysis/reagent/candidates/0x002F6864/attempt-1.cpp,YELLOW,ABI_UNCERTAIN,PASS,The reversed function matches the Ghidra decompilation exactly.
0x002FA968,app::tool::ModelViewerSequence::~ModelViewerSequence,1,24,analysis/reagent/candidates/0x002FA968/attempt-1.cpp,YELLOW,ABI_UNCERTAIN,PASS,Reversed code matches the Ghidra decompilation exactly.
0x0030CCB0,app::util::AppUtilFileControlState::IsEnd,1,24,analysis/reagent/candidates/0x0030CCB0/attempt-1.cpp,YELLOW,PROTOTYPE_UNCERTAIN,PASS,The reversed function matches the Ghidra logic exactly: it checks the same state value against 0x5 and 0x0 with the same OR order.
0x0036D118,item::ITEM_CheckPokeAdd,1,24,analysis/reagent/candidates/0x0036D118/attempt-1.cpp,YELLOW,PROTOTYPE_UNCERTAIN,PASS,Reversed code matches the Ghidra logic exactly.
0x003EE4A0,hangul::IsKSJamo,1,24,analysis/reagent/candidates/0x003EE4A0/attempt-1.cpp,YELLOW,PROTOTYPE_UNCERTAIN,PASS,The reversed function matches the Ghidra decompilation exactly.
0x00469358,NetAppLib::JoinFesta::JoinFestaPersonalData::~JoinFestaPersonalData,1,24,analysis/reagent/candidates/0x00469358/attempt-1.cpp,YELLOW,ABI_UNCERTAIN,PASS,The reversed function matches the Ghidra decompilation exactly.
0x0048E65C,app::tool::PaneList::GetItemPos,1,24,analysis/reagent/candidates/0x0048E65C/attempt-1.cpp,YELLOW,PROTOTYPE_UNCERTAIN,PASS,"Reversed code matches the Ghidra logic exactly, including offsets, call, and addition order."
0x0048E904,app::util::AppRenderingManager::CanDestroy,1,24,analysis/reagent/candidates/0x0048E904/attempt-1.cpp,YELLOW,PROTOTYPE_UNCERTAIN,PASS,"The reversed code matches the Ghidra logic exactly, including the same indexed comparisons and OR expression."
0x0049A794,gfl2::lyt::LytWk::IsDrawing,1,24,analysis/reagent/candidates/0x0049A794/attempt-1.cpp,YELLOW,PROTOTYPE_UNCERTAIN,PASS,"Reversed code matches the Ghidra decompilation exactly, including the dereference chain and offset."
0x0049BED4,poke_3d::model::BaseModel::IsFinishInterest,1,24,analysis/reagent/candidates/0x0049BED4/attempt-1.cpp,YELLOW,PROTOTYPE_UNCERTAIN,PASS,The reversed code matches the Ghidra decompilation exactly.
0x004A2D88,NetLib::Error::NijiNetworkErrorManager::IsError,1,24,analysis/reagent/candidates/0x004A2D88/attempt-1.cpp,YELLOW,PROTOTYPE_UNCERTAIN,PASS,Matches Ghidra logic and branch structure exactly.
0x004A43B0,poke_3d::model::CharaModel::IsFinishNeck,1,24,analysis/reagent/candidates/0x004A43B0/attempt-1.cpp,YELLOW,PROTOTYPE_UNCERTAIN,PASS,The reversed function matches the Ghidra decompilation exactly.
0x002EE594,app::tool::CursorManager::SetPos,1,28,analysis/reagent/candidates/0x002EE594/attempt-1.cpp,YELLOW,PROTOTYPE_UNCERTAIN,PASS,The reversed function matches the Ghidra decompilation exactly.
0x003BFA1C,print::HangulComposer::BackSpace,1,28,analysis/reagent/candidates/0x003BFA1C/attempt-1.cpp,YELLOW,PROTOTYPE_UNCERTAIN,PASS,"The reversed function matches the Ghidra logic, including the 0x1c field access, decrement branch, and return value."
0x003D6BA4,NetLib::P2P::P2pConnectionManager::IsDisconnectSuccess,1,28,analysis/reagent/candidates/0x003D6BA4/attempt-1.cpp,YELLOW,ABI_UNCERTAIN,PASS,"The reversed function matches the Ghidra logic exactly, including the branch, offsets, and return expression order."
0x00464BD4,NetAppLib::P2PTrade::P2PTradeRequestClient::IsFinalTradeSuccess,1,28,analysis/reagent/candidates/0x00464BD4/attempt-1.cpp,YELLOW,ABI_UNCERTAIN,PASS,"The reversed function matches the Ghidra logic exactly, including offset access, branch, and return behavior."
0x00464C58,NetAppLib::P2PTrade::P2PTradeRequestClient::IsFinalTradeComplete,1,28,analysis/reagent/candidates/0x00464C58/attempt-1.cpp,YELLOW,ABI_UNCERTAIN,PASS,"The reversed function matches the Ghidra logic exactly, including control flow, offset access, and expression order."
0x004A2AA0,NetApp::Evolution::APP_PARAM::IsForgotWaza,1,28,analysis/reagent/candidates/0x004A2AA0/attempt-1.cpp,YELLOW,PROTOTYPE_UNCERTAIN,PASS,"The reversed function preserves the same offsets, branch, assignment, and short-circuit return logic as the Ghidra decompilation."
0x004AB49C,NetAppLib::JoinFesta::JoinFestaPersonalDataManager::IsFull,1,28,analysis/reagent/candidates/0x004AB49C/attempt-1.cpp,YELLOW,PROTOTYPE_UNCERTAIN,PASS,The reversed function matches the Ghidra decompilation exactly.
0x0034C2E0,gfl2::gfx::CommonGL::SetActiveDisplay_,1,32,analysis/reagent/candidates/0x0034C2E0/attempt-1.cpp,YELLOW,PROTOTYPE_UNCERTAIN,PASS,Reversed code matches the Ghidra decompilation exactly.
0x0045B5D4,NetAppLib::Util::NetAppTimeout::~NetAppTimeout,1,32,analysis/reagent/candidates/0x0045B5D4/attempt-1.cpp,YELLOW,ABI_UNCERTAIN,PASS,Reversed code matches the Ghidra decompilation exactly.
0x004AABAC,NetAppLib::JoinFesta::JoinFestaPersonalData::IsOpenAttraction,1,20,analysis/reagent/candidates/0x004AABAC/attempt-1.cpp,YELLOW,PROTOTYPE_UNCERTAIN,PASS,The reversed function matches the Ghidra decompilation exactly.
0x003F459C,GameSys::AlolaTime::~AlolaTime,1,24,analysis/reagent/candidates/0x003F459C/attempt-1.cpp,YELLOW,ABI_UNCERTAIN,PASS,The reversed code matches the Ghidra decompilation exactly.
0x0010383C,"std::codecvt<wchar_t,char,std::__mbstate_t>::do_length",1,12,analysis/reagent/candidates/0x0010383C/attempt-1.cpp,YELLOW,PROTOTYPE_UNCERTAIN,PASS,"The reversed function matches the Ghidra logic exactly, including the subtraction and conditional clamp."
0x003E4BC0,System::EnvAccessor::~EnvAccessor,1,24,analysis/reagent/candidates/0x003E4BC0/attempt-1.cpp,YELLOW,ABI_UNCERTAIN,PASS,"Reversed code matches the Ghidra decompilation exactly, including the base pointer write and destructor call/return adjustment."
0x004693B4,NetAppLib::JoinFesta::InformationMessageData::~InformationMessageData,1,24,analysis/reagent/candidates/0x004693B4/attempt-1.cpp,YELLOW,ABI_UNCERTAIN,PASS,"Matches the Ghidra decompilation, including the vtable write, destructor call, and final pointer adjustment."
0x002FAA24,app::tool::AppCommonGrpIconData::ReplacePaneTextureByPokerusIcon,1,28,analysis/reagent/candidates/0x002FAA24/attempt-1.cpp,YELLOW,PROTOTYPE_UNCERTAIN,PASS,The reversed function matches the Ghidra logic exactly.
0x002FAB54,app::tool::AppCommonGrpIconData::ReplacePaneTextureByPokeHinshiIcon,1,28,analysis/reagent/candidates/0x002FAB54/attempt-1.cpp,YELLOW,PROTOTYPE_UNCERTAIN,PASS,"The reversed function matches the Ghidra logic exactly, including the single call and arguments."
0x002FAB70,app::tool::AppCommonGrpIconData::ReplacePaneTextureByPokeDokudokuIcon,1,28,analysis/reagent/candidates/0x002FAB70/attempt-1.cpp,YELLOW,PROTOTYPE_UNCERTAIN,PASS,"The reversed function matches the Ghidra logic: same call target pattern, arguments, and return flow."
0x0045ED4C,NetAppLib::System::NetAppFrameBase::~NetAppFrameBase,1,28,analysis/reagent/candidates/0x0045ED4C/attempt-1.cpp,YELLOW,ABI_UNCERTAIN,PASS,The reversed function matches the Ghidra decompilation exactly.
0x00469374,NetAppLib::JoinFesta::InformationMessageData::InformationMessageData,1,28,analysis/reagent/candidates/0x00469374/attempt-1.cpp,YELLOW,PROTOTYPE_UNCERTAIN,PASS,"The reversed function matches the Ghidra logic, including the two field writes, constructor call, and return adjustment."
0x0048EFA4,app::util::G2DUtil::GetSize,1,28,analysis/reagent/candidates/0x0048EFA4/attempt-1.cpp,YELLOW,PROTOTYPE_UNCERTAIN,PASS,"Reversed code matches the Ghidra decompilation exactly, including offset, call, and return expression."
0x00498704,gfl2::ui::VectorDevice::IsHold,1,28,analysis/reagent/candidates/0x00498704/attempt-1.cpp,YELLOW,ABI_UNCERTAIN,PASS,The reversed function matches the Ghidra decompilation exactly.
0x002F0520,app::tool::ResourceLoader::~ResourceLoader,1,32,analysis/reagent/candidates/0x002F0520/attempt-1.cpp,YELLOW,ABI_UNCERTAIN,PASS,Reversed code matches the Ghidra decompilation exactly.
0x0030618C,app::util::EffectUtil::~EffectUtil,1,32,analysis/reagent/candidates/0x0030618C/attempt-1.cpp,YELLOW,ABI_UNCERTAIN,PASS,The reversed function matches the Ghidra decompilation exactly.
0x00497F80,gfl2::ui::TouchPanel::IsTouchRepeat,1,32,analysis/reagent/candidates/0x00497F80/attempt-1.cpp,YELLOW,ABI_UNCERTAIN,PASS,Reversed code matches the Ghidra decompilation exactly.
0x004490E8,NetAppLib::JoinFestaUI::JoinFestaAttractionData::operator=,1,40,analysis/reagent/candidates/0x004490E8/attempt-1.cpp,YELLOW,PROTOTYPE_UNCERTAIN,PASS,"The reversed function matches the Ghidra logic in call order, assignments, offsets, and return behavior."
0x002C87BC,App::Tool::ItemEffect::IsEnd,1,44,analysis/reagent/candidates/0x002C87BC/attempt-1.cpp,YELLOW,ABI_UNCERTAIN,PASS,Reversed code matches the Ghidra logic exactly.
0x003C23C8,print::WordSet::WordSet,1,44,analysis/reagent/candidates/0x003C23C8/attempt-1.cpp,YELLOW,ABI_UNCERTAIN,PASS,Reversed code matches the Ghidra decompilation exactly.
0x0048E168,app::tool::InfoWindowBookType::IsCreated,1,24,analysis/reagent/candidates/0x0048E168/attempt-1.cpp,YELLOW,PROTOTYPE_UNCERTAIN,PASS,The reversed function matches the Ghidra logic exactly.
0x00497AD4,gfl2::fs::Result::IsSuccess,1,28,analysis/reagent/candidates/0x00497AD4/attempt-1.cpp,YELLOW,PROTOTYPE_UNCERTAIN,PASS,"The reversed function matches the Ghidra logic exactly, including offsets, branch, and return expression order."
0x00498730,gfl2::ui::VectorDevice::IsRepeat,1,36,analysis/reagent/candidates/0x00498730/attempt-1.cpp,YELLOW,ABI_UNCERTAIN,PASS,The reversed function matches the Ghidra decompilation exactly.
0x0031D9B0,NetApp::Evolution::APP_PARAM::ForgetAndLearnWaza,1,20,analysis/reagent/candidates/0x0031D9B0/attempt-1.cpp,YELLOW,ABI_UNCERTAIN,PASS,"Reversed code matches the Ghidra decompilation line-for-line, including offsets, branch, and call order."
0x0032554C,gfl2::renderingengine::scenegraph::instance::DrawEnvNode::GetLightSet,1,20,analysis/reagent/candidates/0x0032554C/attempt-1.cpp,YELLOW,ABI_UNCERTAIN,PASS,"The reversed function matches the Ghidra logic exactly, including the bounds check, offset, and return behavior."
0x0035DE34,gfl2::Effect::EffectRenderPath::EffectRenderPath,1,20,analysis/reagent/candidates/0x0035DE34/attempt-1.cpp,YELLOW,ABI_UNCERTAIN,PASS,The reversed constructor matches the Ghidra logic exactly.
0x003D70D8,NetLib::P2P::P2pConnectionManager::SetupMigrationCallBackEnable,1,20,analysis/reagent/candidates/0x003D70D8/attempt-1.cpp,YELLOW,ABI_UNCERTAIN,PASS,Reversed code matches the Ghidra decompilation exactly.
0x00417F60,poke_3d::model::BaseModel::ResetInterestTagAdjustAngle,1,20,analysis/reagent/candidates/0x00417F60/attempt-1.cpp,YELLOW,ABI_UNCERTAIN,PASS,"The reversed function matches Ghidra exactly, including offsets, assignments, and expression order."
0x00454100,NetAppLib::JoinFestaUI::JoinFestaPlayerListPlayerInfoUpperView::ResetCurrentJoinFestaFriendKey,1,20,analysis/reagent/candidates/0x00454100/attempt-1.cpp,YELLOW,PROTOTYPE_UNCERTAIN,PASS,The reversed function matches the three zeroing writes and preserves the Ghidra expression order.
0x0045B0E4,NetAppLib::Util::BossUtility::GetSerialIdMax,1,20,analysis/reagent/candidates/0x0045B0E4/attempt-1.cpp,YELLOW,ABI_UNCERTAIN,PASS,The reversed function matches the Ghidra logic exactly.
0x0045B10C,NetAppLib::Util::BossUtility::GetSerialIdMin,1,20,analysis/reagent/candidates/0x0045B10C/attempt-1.cpp,YELLOW,ABI_UNCERTAIN,PASS,"The reversed function matches the Ghidra logic, including the bounds check, table access, and null return path."
0x00468524,NetAppLib::JoinFesta::JoinFestaPersonalData::SetupTutorialDummyEvent,1,20,analysis/reagent/candidates/0x00468524/attempt-1.cpp,YELLOW,PROTOTYPE_UNCERTAIN,PASS,"The reversed function matches the Ghidra logic exactly: same condition, same assignment, no missing branches or calls."
0x005205B4,mwmofastaudioDecoderFinalize,1,20,analysis/reagent/candidates/0x005205B4/attempt-1.cpp,YELLOW,ABI_UNCERTAIN,PASS,Reversed code matches the Ghidra body exactly.
0x00521298,mwmomoflexDemuxerFinalize,1,20,analysis/reagent/candidates/0x00521298/attempt-1.cpp,YELLOW,ABI_UNCERTAIN,PASS,"The reversed function matches the Ghidra decompilation exactly, including the two zero assignments and no additional control flow."
0x002C9B48,App::Tool::MapManager::MovePosition,1,24,analysis/reagent/candidates/0x002C9B48/attempt-1.cpp,YELLOW,ABI_UNCERTAIN,PASS,"Reversed code matches the Ghidra decompilation for calls, offsets, branches, and expression order."
0x002F399C,app::tool::GeneralLowerView::SetBGVisibility,1,24,analysis/reagent/candidates/0x002F399C/attempt-1.cpp,YELLOW,PROTOTYPE_UNCERTAIN,PASS,"The reversed function matches the Ghidra logic exactly, including offset access and bitwise expression order."
0x00305680,app::tool::ScrollBar::SetVisible,1,24,analysis/reagent/candidates/0x00305680/attempt-1.cpp,YELLOW,PROTOTYPE_UNCERTAIN,PASS,"The reversed code matches the Ghidra decompilation exactly, including offset access and bitwise expression order."
0x00306FAC,app::util::GetPaneHelper::Peek,1,24,analysis/reagent/candidates/0x00306FAC/attempt-1.cpp,YELLOW,ABI_UNCERTAIN,PASS,"The reversed function matches the Ghidra logic exactly, including the null check, offset usage, and return expression."
0x00333E10,gfl2::renderingengine::renderer::DrawManager::ViewSpaceRenderEnable,1,24,analysis/reagent/candidates/0x00333E10/attempt-1.cpp,YELLOW,PROTOTYPE_UNCERTAIN,PASS,"The reversed function matches the Ghidra logic, including branch behavior and offset 0x134 access."
0x00346A70,gfl2::ui::Button::AddButtonAssignment,1,24,analysis/reagent/candidates/0x00346A70/attempt-1.cpp,YELLOW,PROTOTYPE_UNCERTAIN,PASS,"The reversed function matches the Ghidra logic exactly, including offset, bitmask, and expression order."
0x00346C08,gfl2::ui::Button::RemoveButtonAssignment,1,24,analysis/reagent/candidates/0x00346C08/attempt-1.cpp,YELLOW,PROTOTYPE_UNCERTAIN,PASS,The reversed function matches the Ghidra logic exactly.
0x003BFED8,print::GetMessageArcId_Script,1,24,analysis/reagent/candidates/0x003BFED8/attempt-1.cpp,YELLOW,PROTOTYPE_UNCERTAIN,PASS,The reversed function matches the Ghidra logic exactly.
0x0040DD5C,poke_3d::model::CharaModel::SetAutoBlinkMode,1,24,analysis/reagent/candidates/0x0040DD5C/attempt-1.cpp,YELLOW,PROTOTYPE_UNCERTAIN,PASS,"The reversed function matches the Ghidra logic and field writes, including assignment order."
0x00474CEC,Regulation::GetParamMustPokeFormOR,1,24,analysis/reagent/candidates/0x00474CEC/attempt-1.cpp,YELLOW,ABI_UNCERTAIN,PASS,Reversed code matches the Ghidra logic exactly.
0x00474D74,Regulation::GetParamMustPokeFormAND,1,24,analysis/reagent/candidates/0x00474D74/attempt-1.cpp,YELLOW,ABI_UNCERTAIN,PASS,"Matches the Ghidra logic exactly, including the branch, offset access, and return behavior."
0x004A1B34,print::HangulComposer::GetCompositionChar,1,24,analysis/reagent/candidates/0x004A1B34/attempt-1.cpp,YELLOW,ABI_UNCERTAIN,PASS,"The reversed function matches the Ghidra logic exactly, including the offset access, branch structure, and expression order."
0x002F1B0C,app::tool::TimerIconUIView::EndAnime,1,28,analysis/reagent/candidates/0x002F1B0C/attempt-1.cpp,YELLOW,PROTOTYPE_UNCERTAIN,PASS,"The reversed function matches the Ghidra logic exactly: same field offsets, assignments, and no missing control flow."
0x0033097C,gfl2::renderingengine::scenegraph::resource::GfBinaryCollisionMdlData::GfBinaryCollisionMdlData,1,28,analysis/reagent/candidates/0x0033097C/attempt-1.cpp,YELLOW,ABI_UNCERTAIN,PASS,"The reversed constructor matches the Ghidra logic exactly, including all five field stores and offsets."
0x00401260,gflnet2::p2p::NetGameBase::SetDummySend,1,28,analysis/reagent/candidates/0x00401260/attempt-1.cpp,YELLOW,ABI_UNCERTAIN,PASS,"The reversed code matches the Ghidra decompilation exactly in offsets, operations, and return value."
0x0045E7B4,NetAppLib::Util::PackFile::PackFile,1,28,analysis/reagent/candidates/0x0045E7B4/attempt-1.cpp,YELLOW,ABI_UNCERTAIN,PASS,The reversed constructor matches the Ghidra logic exactly at all offsets and in assignment order.
0x00498754,gfl2::ui::VectorDevice::IsTrigger,1,28,analysis/reagent/candidates/0x00498754/attempt-1.cpp,YELLOW,ABI_UNCERTAIN,PASS,The reversed function matches the Ghidra decompilation exactly.
0x004A59F0,poke_3d::model::BaseModel::GetInterestLimitAngleLow,1,28,analysis/reagent/candidates/0x004A59F0/attempt-1.cpp,YELLOW,ABI_UNCERTAIN,PASS,Reversed code matches the Ghidra decompilation exactly.
0x004A5A50,poke_3d::model::BaseModel::GetInterestLimitAngleHigh,1,28,analysis/reagent/candidates/0x004A5A50/attempt-1.cpp,YELLOW,ABI_UNCERTAIN,PASS,"Reversed code matches the Ghidra decompilation exactly, including offsets, dereference order, and return expression."
0x002FCE64,app::tool::AppToolTrainerIconRendering::ICON_OBJECT_DATA::ConvFromMyStatus,1,32,analysis/reagent/candidates/0x002FCE64/attempt-1.cpp,YELLOW,ABI_UNCERTAIN,PASS,Matches the Ghidra logic line-for-line.
0x00354EB4,App::Tool::CommonMessageWindowManipulator::SetFinishMode_None,1,32,analysis/reagent/candidates/0x00354EB4/attempt-1.cpp,YELLOW,ABI_UNCERTAIN,PASS,Reversed code matches the Ghidra decompilation exactly.
0x003BF9FC,print::HangulComposer::FixComposition,1,32,analysis/reagent/candidates/0x003BF9FC/attempt-1.cpp,YELLOW,ABI_UNCERTAIN,PASS,The reversed function matches the Ghidra decompilation exactly.
0x002CA620,App::Tool::TalkWindow::CallMsgWin,1,36,analysis/reagent/candidates/0x002CA620/attempt-1.cpp,YELLOW,PROTOTYPE_UNCERTAIN,PASS,"The reversed function matches the Ghidra logic exactly: same two writes, same offsets, same values, and no branches or calls are missing."
0x00304C04,app::tool::PaneList::SetConfig,1,36,analysis/reagent/candidates/0x00304C04/attempt-1.cpp,YELLOW,PROTOTYPE_UNCERTAIN,PASS,Reversed code matches the Ghidra decompilation exactly.
0x00354704,gfl2::str::StrBuf::~StrBuf,1,36,analysis/reagent/candidates/0x00354704/attempt-1.cpp,YELLOW,ABI_UNCERTAIN,PASS,Reversed code matches the Ghidra decompilation exactly.
0x00358898,gfl2::math::SFMTRandom::Initialize,1,36,analysis/reagent/candidates/0x00358898/attempt-1.cpp,YELLOW,ABI_UNCERTAIN,PASS,"The reversed function matches the Ghidra decompilation exactly in calls, order, and return value."
0x004120E4,poke_3d::model::CharaModelFactory::CharaModelFactory,1,36,analysis/reagent/candidates/0x004120E4/attempt-1.cpp,YELLOW,PROTOTYPE_UNCERTAIN,PASS,"The reversed constructor matches the Ghidra logic exactly: seven 4-byte zero stores at offsets 0x0 through 0x18, with no extra calls or branches."
0x00469B1C,NetAppLib::JoinFesta::JoinFestaPacketManager::UnlockListener,1,36,analysis/reagent/candidates/0x00469B1C/attempt-1.cpp,YELLOW,PROTOTYPE_UNCERTAIN,PASS,"The reversed function matches the Ghidra logic exactly, including offsets, branch, assignment, and expression order."
0x0032C7B0,gfl2::renderingengine::scenegraph::resource::GfBinaryEnvData::GfBinaryEnvData,1,40,analysis/reagent/candidates/0x0032C7B0/attempt-1.cpp,YELLOW,ABI_UNCERTAIN,PASS,Reversed code matches the Ghidra decompilation exactly.
0x00453250,NetAppLib::JoinFestaUI::JoinFestaAttractionSelectLowerView::ResetPaneListCursorInfo,1,40,analysis/reagent/candidates/0x00453250/attempt-1.cpp,YELLOW,PROTOTYPE_UNCERTAIN,PASS,The reversed function matches the Ghidra logic: six 32-bit fields are cleared and the final flag byte is set to 1.
0x00307088,app::util::GetPaneHelper::Clear,1,44,analysis/reagent/candidates/0x00307088/attempt-1.cpp,YELLOW,PROTOTYPE_UNCERTAIN,PASS,Matches the Ghidra logic exactly: all nine 4-byte fields from offsets 0xc through 0x2c are zeroed with no extra behavior.
0x0045B6B0,NetAppLib::Util::NetAppDateTime::operator=,1,44,analysis/reagent/candidates/0x0045B6B0/attempt-1.cpp,YELLOW,PROTOTYPE_UNCERTAIN,PASS,The reversed code matches the Ghidra logic and offset writes exactly.
0x002F04C4,app::tool::ResourceLoader::ResourceLoader,1,48,analysis/reagent/candidates/0x002F04C4/attempt-1.cpp,YELLOW,ABI_UNCERTAIN,PASS,"The reversed constructor matches the Ghidra decompilation exactly in assignments, offsets, and order."
0x00358BF4,gfl2::math::SpringSimulation::Init,1,48,analysis/reagent/candidates/0x00358BF4/attempt-1.cpp,YELLOW,ABI_UNCERTAIN,PASS,"Reversed code matches the Ghidra logic, offsets, and assignment order exactly."
0x00358D14,gfl2::math::SpringSimulation::SpringSimulation,1,48,analysis/reagent/candidates/0x00358D14/attempt-1.cpp,YELLOW,ABI_UNCERTAIN,PASS,"The reversed constructor matches the Ghidra logic exactly, including write order and all offsets."
0x003EC27C,System::Skybox::Skybox::Terminate,1,48,analysis/reagent/candidates/0x003EC27C/attempt-1.cpp,YELLOW,ABI_UNCERTAIN,PASS,Reversed code matches the Ghidra termination logic and all offsets/assignments line up.
0x002E7818,app::ui::UIView::DeleteGraphicsSystem,1,20,analysis/reagent/candidates/0x002E7818/attempt-1.cpp,YELLOW,PROTOTYPE_UNCERTAIN,PASS,The reversed function matches the Ghidra logic: it checks the graphics system pointer at the corresponding field and clears it when non-null.
0x00497798,gfl2::fs::BinLinkerAccessor::GetDataMax,1,20,analysis/reagent/candidates/0x00497798/attempt-1.cpp,YELLOW,ABI_UNCERTAIN,PASS,Reversed code matches the Ghidra decompilation exactly.
0x0032C994,gfl2::renderingengine::scenegraph::resource::GfBinaryMdlData::GfBinaryMdlData,1,24,analysis/reagent/candidates/0x0032C994/attempt-1.cpp,YELLOW,ABI_UNCERTAIN,PASS,"Reversed code matches the Ghidra decompilation exactly, including all stores and offsets."
0x0032CC98,gfl2::renderingengine::scenegraph::resource::GfBinaryShdData::GfBinaryShdData,1,24,analysis/reagent/candidates/0x0032CC98/attempt-1.cpp,YELLOW,ABI_UNCERTAIN,PASS,"The reversed constructor matches the Ghidra logic exactly, including all four field writes and offsets."
0x0032CE6C,gfl2::renderingengine::scenegraph::resource::GfBinaryTexData::GfBinaryTexData,1,24,analysis/reagent/candidates/0x0032CE6C/attempt-1.cpp,YELLOW,ABI_UNCERTAIN,PASS,The reversed constructor matches the Ghidra decompilation exactly.
0x0030F44C,app::util::Heap::Heap,1,48,analysis/reagent/candidates/0x0030F44C/attempt-1.cpp,YELLOW,ABI_UNCERTAIN,PASS,Reversed code matches the Ghidra decompilation line-for-line and preserves the same write order.
0x002C6D9C,nw::font::ResFont::ResFont,1,20,analysis/reagent/candidates/0x002C6D9C/attempt-1.cpp,YELLOW,ABI_UNCERTAIN,PASS,"The reversed constructor matches the Ghidra body exactly, including the call and assignment order."
0x002E8274,app::sort::StringItem::StringItem,1,20,analysis/reagent/candidates/0x002E8274/attempt-1.cpp,YELLOW,ABI_UNCERTAIN,PASS,"The reversed code matches the Ghidra logic exactly, including the call and assignment order."
0x002E82DC,app::sort::StringWaza::StringWaza,1,20,analysis/reagent/candidates/0x002E82DC/attempt-1.cpp,YELLOW,ABI_UNCERTAIN,PASS,"The reversed function matches the Ghidra decompilation exactly in body, call sequence, and assignment."
0x002E877C,app::sort::StringTokusei::StringTokusei,1,20,analysis/reagent/candidates/0x002E877C/attempt-1.cpp,YELLOW,ABI_UNCERTAIN,PASS,Reversed code matches the Ghidra logic exactly for the constructor body.
0x00311828,app::util::G2DUtil::GetString,1,20,analysis/reagent/candidates/0x00311828/attempt-1.cpp,YELLOW,ABI_UNCERTAIN,PASS,Matches the Ghidra decompilation exactly.
0x0036DD5C,item::ITEM_DATA::ITEM_DATA,1,20,analysis/reagent/candidates/0x0036DD5C/attempt-1.cpp,YELLOW,ABI_UNCERTAIN,PASS,Reversed code matches the Ghidra constructor exactly.
0x003CEFF4,NetApp::NBR::NBRNet::GetConnectionNum,1,20,analysis/reagent/candidates/0x003CEFF4/attempt-1.cpp,YELLOW,ABI_UNCERTAIN,PASS,The reversed function matches the Ghidra logic exactly: a single call to NetGame::GetConnectionCount() and immediate return of that byte value.
0x003E81EC,System::Camera::CModelViewerInFrame::SetCameraYaw,1,20,analysis/reagent/candidates/0x003E81EC/attempt-1.cpp,YELLOW,ABI_UNCERTAIN,PASS,"The reversed function matches the Ghidra decompilation exactly, including the call and offset write."
0x00418390,poke_3d::model::BaseModel::Create,1,20,analysis/reagent/candidates/0x00418390/attempt-1.cpp,YELLOW,ABI_UNCERTAIN,PASS,"The reversed function matches the Ghidra decompilation exactly, including the single call and trailing zero argument."
0x00468538,NetAppLib::JoinFesta::JoinFestaPersonalData::SetRequestCancelingTrade,1,20,analysis/reagent/candidates/0x00468538/attempt-1.cpp,YELLOW,ABI_UNCERTAIN,PASS,Matches the Ghidra logic: two field writes in the same order and the same callee with the same casted this pointer.
0x00474F10,Regulation::Serialize,1,20,analysis/reagent/candidates/0x00474F10/attempt-1.cpp,YELLOW,ABI_UNCERTAIN,PASS,"The reversed function matches the Ghidra decompilation exactly, including call, offsets, and argument order."
0x004AB418,NetAppLib::JoinFesta::JoinFestaPersonalData::GetName,1,20,analysis/reagent/candidates/0x004AB418/attempt-1.cpp,YELLOW,ABI_UNCERTAIN,PASS,"The reversed function matches the Ghidra logic exactly, including the callee, argument order, and 0x10 offset."
0x002FB3CC,app::tool::PokeSimpleModelInFrame::SetInFrameFrame,1,24,analysis/reagent/candidates/0x002FB3CC/attempt-1.cpp,YELLOW,ABI_UNCERTAIN,PASS,Reversed code matches the Ghidra logic exactly.
0x00302F50,std::string::replace,1,24,analysis/reagent/candidates/0x00302F50/attempt-1.cpp,YELLOW,ABI_UNCERTAIN,PASS,"The reversed function matches the Ghidra decompilation exactly, including the call and return expression."
0x003102A4,app::util::G2DUtil::SetRegisterWord,1,24,analysis/reagent/candidates/0x003102A4/attempt-1.cpp,YELLOW,PROTOTYPE_UNCERTAIN,PASS,The reversed function matches the Ghidra decompilation exactly.
0x00434E30,PokeTool::PokeModel::SetAnimationIsLoop,1,24,analysis/reagent/candidates/0x00434E30/attempt-1.cpp,YELLOW,ABI_UNCERTAIN,PASS,Reversed code matches the Ghidra logic and call sequence exactly.
0x002E829C,app::sort::StringWaza::Load,1,28,analysis/reagent/candidates/0x002E829C/attempt-1.cpp,YELLOW,ABI_UNCERTAIN,PASS,The reversed function matches the Ghidra decompilation exactly.
0x002E8760,app::sort::StringTokusei::Load,1,28,analysis/reagent/candidates/0x002E8760/attempt-1.cpp,YELLOW,ABI_UNCERTAIN,PASS,The reversed function matches the Ghidra decompilation exactly.
0x003270E0,gfl2::renderingengine::scenegraph::instance::InstanceNode::InstanceNode,1,28,analysis/reagent/candidates/0x003270E0/attempt-1.cpp,YELLOW,ABI_UNCERTAIN,PASS,"The reversed function matches the Ghidra decompilation line-for-line, including call, assignments, and expression order."
0x003E4B64,System::EnvAccessor::Terminate,1,28,analysis/reagent/candidates/0x003E4B64/attempt-1.cpp,YELLOW,PROTOTYPE_UNCERTAIN,PASS,"The reversed function matches the Ghidra logic exactly, including the Finalize call and zeroing the 4-byte field at offset 4."
0x003E74E8,System::NijiEdgeMapSceneRenderPath::NijiEdgeMapSceneRenderPath,1,28,analysis/reagent/candidates/0x003E74E8/attempt-1.cpp,YELLOW,ABI_UNCERTAIN,PASS,"The reversed constructor matches the Ghidra decompilation exactly, including the call, stores, and expression order."
0x003E7FF8,System::Camera::CModelViewerInFrame::AddCameraYaw,1,28,analysis/reagent/candidates/0x003E7FF8/attempt-1.cpp,YELLOW,ABI_UNCERTAIN,PASS,"Reversed code matches the Ghidra decompilation exactly, including offset, call, and expression order."
0x004489EC,NetAppLib::JoinFestaUI::JoinFestaPlayerData::~JoinFestaPlayerData,1,28,analysis/reagent/candidates/0x004489EC/attempt-1.cpp,YELLOW,ABI_UNCERTAIN,PASS,The reversed destructor matches the Ghidra decompilation exactly.
0x0045C854,NetAppLib::Util::NetAppPokeModelUtility::SetFramePosition,1,28,analysis/reagent/candidates/0x0045C854/attempt-1.cpp,YELLOW,ABI_UNCERTAIN,PASS,"The reversed function matches the Ghidra decompilation exactly in control flow, call usage, offsets, and return composition."
0x004A2B04,NetLib::Validation::PokemonValidation::IsConnecting,1,28,analysis/reagent/candidates/0x004A2B04/attempt-1.cpp,YELLOW,PROTOTYPE_UNCERTAIN,PASS,Reversed code matches the Ghidra decompilation exactly.
0x004A54E8,poke_3d::model::BaseModel::GetJointCount,1,28,analysis/reagent/candidates/0x004A54E8/attempt-1.cpp,YELLOW,ABI_UNCERTAIN,PASS,Reversed code matches the Ghidra decompilation exactly.
0x003102BC,app::util::G2DUtil::SetRegisterWord,1,32,analysis/reagent/candidates/0x003102BC/attempt-1.cpp,YELLOW,PROTOTYPE_UNCERTAIN,PASS,The reversed function matches the Ghidra decompilation exactly.
0x00414B54,poke_3d::model::DressUpModelResourceManager::DressUpModelResourceManager,1,32,analysis/reagent/candidates/0x00414B54/attempt-1.cpp,YELLOW,ABI_UNCERTAIN,PASS,Reversed code matches the Ghidra decompilation exactly.
0x00473498,NetAppLib::JoinFesta::JoinFestaPersonalDataManager::ResetRecruiterPersonal,1,32,analysis/reagent/candidates/0x00473498/attempt-1.cpp,YELLOW,ABI_UNCERTAIN,PASS,The reversed function matches the Ghidra decompilation exactly.
0x00287F9C,nw::ut::internal::LinkListImpl::insert,1,36,analysis/reagent/candidates/0x00287F9C/attempt-1.cpp,YELLOW,ABI_UNCERTAIN,PASS,Reversed code matches the Ghidra decompilation exactly.
0x002D2384,App::Tool::CommonMessageWindowManipulator::SetFinishMode_Timer,1,36,analysis/reagent/candidates/0x002D2384/attempt-1.cpp,YELLOW,PROTOTYPE_UNCERTAIN,PASS,"Reversed code matches the Ghidra decompilation exactly, including the nested pointer dereference and SetFinishMode call arguments."
0x002D23C8,App::Tool::CommonMessageWindowManipulator::SetFinishMode_UserInputOrTimer,1,36,analysis/reagent/candidates/0x002D23C8/attempt-1.cpp,YELLOW,PROTOTYPE_UNCERTAIN,PASS,The reversed code matches the Ghidra decompilation exactly.
0x002FD28C,app::tool::AppToolTrainerIconRendering::GetUseSystemHeapSize,1,36,analysis/reagent/candidates/0x002FD28C/attempt-1.cpp,YELLOW,ABI_UNCERTAIN,PASS,The reversed function matches the Ghidra logic exactly in control flow and return expression.
0x002FF88C,app::tool::ItemIcon::FileOpen,1,36,analysis/reagent/candidates/0x002FF88C/attempt-1.cpp,YELLOW,PROTOTYPE_UNCERTAIN,PASS,The reversed code matches the Ghidra decompilation exactly.
0x00305024,app::tool::PokeIcon::FileOpenSync,1,36,analysis/reagent/candidates/0x00305024/attempt-1.cpp,YELLOW,PROTOTYPE_UNCERTAIN,PASS,"The reversed code matches the Ghidra logic exactly, including the call and member write at offset 0x10."
0x003054E8,app::tool::PokeIcon::FileOpen,1,36,analysis/reagent/candidates/0x003054E8/attempt-1.cpp,YELLOW,PROTOTYPE_UNCERTAIN,PASS,The reversed function matches the Ghidra decompilation exactly.
0x003601CC,gfl2::animation::JointController::~JointController,1,36,analysis/reagent/candidates/0x003601CC/attempt-1.cpp,YELLOW,ABI_UNCERTAIN,PASS,"The reversed destructor matches the Ghidra logic exactly, including call order and offsets."
0x0042BDE8,PokeTool::PokemonSort::OrderByMonsName,1,36,analysis/reagent/candidates/0x0042BDE8/attempt-1.cpp,YELLOW,ABI_UNCERTAIN,PASS,"The reversed function matches the Ghidra decompilation line-for-line, including control flow, offsets, and call order."
0x0048DA4C,app::tool::ButtonManager::GetButtonPosByGfVec3,1,36,analysis/reagent/candidates/0x0048DA4C/attempt-1.cpp,YELLOW,ABI_UNCERTAIN,PASS,Reversed code matches the Ghidra decompilation exactly.
0x002C9E20,App::Tool::MapManager::SetVisibleHeroIcon,1,40,analysis/reagent/candidates/0x002C9E20/attempt-1.cpp,YELLOW,PROTOTYPE_UNCERTAIN,PASS,"The reversed function matches the Ghidra logic exactly, including call, offset access, and bitwise expression order."
0x00346EC8,gfl2::ui::Device::SetDefaultRepeatParam,1,40,analysis/reagent/candidates/0x00346EC8/attempt-1.cpp,YELLOW,ABI_UNCERTAIN,PASS,"Reversed code matches the Ghidra logic exactly, including locals, data loads, call target, and `this+8` offset."
0x0045D368,NetAppLib::Util::NetAppCommonSaveUtility::NetAppCommonSaveUtility,1,40,analysis/reagent/candidates/0x0045D368/attempt-1.cpp,YELLOW,ABI_UNCERTAIN,PASS,The reversed function matches the Ghidra logic and instruction order exactly.
0x002E47A0,App::PokeList::PokeListSimpleFrame::PokeListSimpleFrame,1,44,analysis/reagent/candidates/0x002E47A0/attempt-1.cpp,YELLOW,ABI_UNCERTAIN,PASS,"The reversed function matches the Ghidra decompilation line-for-line, including calls, offsets, and expression order."
0x002F6830,app::tool::AppToolBaseGrpFont::AppToolBaseGrpFont,1,44,analysis/reagent/candidates/0x002F6830/attempt-1.cpp,YELLOW,ABI_UNCERTAIN,PASS,Reversed code matches the Ghidra decompilation exactly.
0x0035E92C,gfl2::system::Date::SetDay,1,44,analysis/reagent/candidates/0x0035E92C/attempt-1.cpp,YELLOW,ABI_UNCERTAIN,PASS,"The reversed function matches the Ghidra decompilation exactly, including the call, assignments, and field offsets."
0x0035E9F8,gfl2::system::Date::SetYear,1,44,analysis/reagent/candidates/0x0035E9F8/attempt-1.cpp,YELLOW,ABI_UNCERTAIN,PASS,The reversed function matches the Ghidra decompilation exactly.
0x0035EA24,gfl2::system::Date::SetMonth,1,44,analysis/reagent/candidates/0x0035EA24/attempt-1.cpp,YELLOW,ABI_UNCERTAIN,PASS,Reversed code matches the Ghidra decompilation exactly.
0x00411868,poke_3d::model::CharaModelFactory::CreateDressUpModel,1,44,analysis/reagent/candidates/0x00411868/attempt-1.cpp,YELLOW,ABI_UNCERTAIN,PASS,"The reversed function matches the Ghidra decompilation exactly, including the single call and pointer arithmetic."
0x004598C8,NetAppLib::UI::NetAppMenuCursor::Create,1,44,analysis/reagent/candidates/0x004598C8/attempt-1.cpp,YELLOW,ABI_UNCERTAIN,PASS,The reversed function matches the Ghidra decompilation exactly.
0x0036019C,gfl2::animation::JointController::JointController,1,48,analysis/reagent/candidates/0x0036019C/attempt-1.cpp,YELLOW,ABI_UNCERTAIN,PASS,"The reversed function matches the Ghidra logic, including stores, call sequence, offsets, and return expression."
0x003C231C,app::util::G2DUtil::GetStringExpand,1,48,analysis/reagent/candidates/0x003C231C/attempt-1.cpp,YELLOW,ABI_UNCERTAIN,PASS,"Reversed code matches the Ghidra logic, offsets, call order, and side effects."
0x003CEB90,NetApp::NBR::NBRNet::SendContinue,1,48,analysis/reagent/candidates/0x003CEB90/attempt-1.cpp,YELLOW,ABI_UNCERTAIN,PASS,"Reversed code matches the Ghidra decompilation exactly, including the call, offset access, and return condition."
0x003CF138,NetApp::NBR::NBRNet::SendRuleSelector,1,48,analysis/reagent/candidates/0x003CF138/attempt-1.cpp,YELLOW,ABI_UNCERTAIN,PASS,"The reversed function matches the Ghidra decompilation exactly, including local storage, offset access, call, and return expression."
0x003CF168,NetApp::NBR::NBRNet::SendRegulationRet,1,48,analysis/reagent/candidates/0x003CF168/attempt-1.cpp,YELLOW,ABI_UNCERTAIN,PASS,Reversed code matches the Ghidra decompilation exactly.
0x00315410,pml::personal::GetWazaOboeNum,1,20,analysis/reagent/candidates/0x00315410/attempt-1.cpp,YELLOW,ABI_UNCERTAIN,PASS,The reversed function matches the Ghidra decompilation exactly.
0x003541A4,gfl2::str::SkipTagCode,1,28,analysis/reagent/candidates/0x003541A4/attempt-1.cpp,YELLOW,PROTOTYPE_UNCERTAIN,PASS,Reversed code matches the Ghidra decompilation exactly.
0x002A0AA0,nw::lyt::Pane::RemoveChild,1,32,analysis/reagent/candidates/0x002A0AA0/attempt-1.cpp,YELLOW,ABI_UNCERTAIN,PASS,"The reversed function matches the Ghidra decompilation exactly, including the call sequence and field offsets."
0x002E95FC,app::tool::MenuCursor::Put,1,32,analysis/reagent/candidates/0x002E95FC/attempt-1.cpp,YELLOW,PROTOTYPE_UNCERTAIN,PASS,"Reversed code matches the Ghidra logic line-for-line, including offsets, calls, branch, and expression order."
0x00310988,app::util::G2DUtil::SetRegisterNumber,1,36,analysis/reagent/candidates/0x00310988/attempt-1.cpp,YELLOW,PROTOTYPE_UNCERTAIN,PASS,"The reversed function matches the Ghidra decompilation exactly, including the member offset, call target, and argument order."
0x003F454C,GameSys::AlolaTime::AlolaTime,1,40,analysis/reagent/candidates/0x003F454C/attempt-1.cpp,YELLOW,ABI_UNCERTAIN,PASS,Reversed code matches the Ghidra decompilation exactly.
0x0035E9CC,gfl2::system::Date::SetHour,1,44,analysis/reagent/candidates/0x0035E9CC/attempt-1.cpp,YELLOW,ABI_UNCERTAIN,PASS,The reversed function matches the Ghidra decompilation exactly.
0x0035EA50,gfl2::system::Date::SetMinute,1,44,analysis/reagent/candidates/0x0035EA50/attempt-1.cpp,YELLOW,ABI_UNCERTAIN,PASS,"The reversed function matches the Ghidra logic exactly, including the call, writes, and offsets."
0x003BFF08,print::SetStringForLytTextBox,1,44,analysis/reagent/candidates/0x003BFF08/attempt-1.cpp,YELLOW,ABI_UNCERTAIN,PASS,"The reversed function matches the Ghidra control flow, calls, offsets, and expression order."
0x00436114,PokeTool::PokeModel::CanDelete,1,12,analysis/reagent/candidates/0x00436114/attempt-1.cpp,YELLOW,PROTOTYPE_UNCERTAIN,PASS,"The reversed function matches the Ghidra logic exactly, including the indirect virtual call through offset 0xc."
0x002EC050,app::tool::ButtonManager::ResetHoldState,1,16,analysis/reagent/candidates/0x002EC050/attempt-1.cpp,YELLOW,PROTOTYPE_UNCERTAIN,PASS,"The reversed function matches the Ghidra body exactly, including the indirect call and offset usage."
0x0030F5A4,app::util::G2DUtil::SetMessage,1,16,analysis/reagent/candidates/0x0030F5A4/attempt-1.cpp,YELLOW,PROTOTYPE_UNCERTAIN,PASS,"The reversed function matches the Ghidra logic exactly, including the indirect call and offset usage."
0x0034736C,gfl2::ui::Gyroscope::EnableZeroDrift,1,16,analysis/reagent/candidates/0x0034736C/attempt-1.cpp,YELLOW,PROTOTYPE_UNCERTAIN,PASS,"Matches the Ghidra logic exactly, including the indirect call via offset 0x48."
0x0034737C,gfl2::ui::Gyroscope::EnableZeroPlayParam,1,16,analysis/reagent/candidates/0x0034737C/attempt-1.cpp,YELLOW,PROTOTYPE_UNCERTAIN,PASS,"The reversed function matches the Ghidra decompilation exactly, including the indirect call and offset usage."
0x0034738C,gfl2::ui::Gyroscope::EnableRevisionByAcceleration,1,16,analysis/reagent/candidates/0x0034738C/attempt-1.cpp,YELLOW,PROTOTYPE_UNCERTAIN,PASS,"The reversed code matches the Ghidra decompilation exactly, including the indirect call expression and offset usage."
0x0034739C,gfl2::ui::Gyroscope::SetAxisRotationMatrixFromCurrentDirection,1,16,analysis/reagent/candidates/0x0034739C/attempt-1.cpp,YELLOW,PROTOTYPE_UNCERTAIN,PASS,"The reversed function matches the Ghidra logic exactly: same indirect call through `this + 0x48` and `+ 0x74`, with no missing branches or expressions."
0x0035F16C,gfl2::thread::Event::TryWait,1,16,analysis/reagent/candidates/0x0035F16C/attempt-1.cpp,YELLOW,PROTOTYPE_UNCERTAIN,PASS,"The reversed function matches the Ghidra decompilation exactly, including the indirect call and offset usage."
0x0035F21C,gfl2::thread::Thread::Wait,1,16,analysis/reagent/candidates/0x0035F21C/attempt-1.cpp,YELLOW,PROTOTYPE_UNCERTAIN,PASS,"The reversed function matches the Ghidra logic exactly, including the indirect call and offset usage."
0x0048D9E8,app::tool::ButtonManager::GetHoldingButtonId,1,16,analysis/reagent/candidates/0x0048D9E8/attempt-1.cpp,YELLOW,PROTOTYPE_UNCERTAIN,PASS,"The reversed function matches the Ghidra logic exactly, including the indirect call and lack of additional control flow."
0x0048D9F8,app::tool::ButtonManager::GetSelectedButtonId,1,16,analysis/reagent/candidates/0x0048D9F8/attempt-1.cpp,YELLOW,PROTOTYPE_UNCERTAIN,PASS,"The reversed function matches the Ghidra logic exactly, including the indirect call and offset usage."
0x00310DB4,app::util::G2DUtil::SetLayoutDrawEnable,1,20,analysis/reagent/candidates/0x00310DB4/attempt-1.cpp,YELLOW,PROTOTYPE_UNCERTAIN,PASS,"The reversed code matches the Ghidra logic exactly, including the base pointer, offset, index scaling, and byte write at +5."
0x003D184C,NetLib::NijiNetworkSystem::SetRegulation,1,20,analysis/reagent/candidates/0x003D184C/attempt-1.cpp,YELLOW,ABI_UNCERTAIN,PASS,The reversed function matches the Ghidra logic exactly.
0x0041AEB0,poke_3d::renderer::BloomRenderPath::SetAlphaMaskTexture,1,20,analysis/reagent/candidates/0x0041AEB0/attempt-1.cpp,YELLOW,PROTOTYPE_UNCERTAIN,PASS,Reversed code matches the Ghidra logic exactly.
0x001601E4,PokeRegulation::PokeRegulation,1,24,analysis/reagent/candidates/0x001601E4/attempt-1.cpp,YELLOW,PROTOTYPE_UNCERTAIN,PASS,The reversed constructor matches the Ghidra logic exactly at the assignment and offset level.
0x002EC000,app::tool::MenuWindow::SetInputMode,1,24,analysis/reagent/candidates/0x002EC000/attempt-1.cpp,YELLOW,PROTOTYPE_UNCERTAIN,PASS,"The reversed code matches the Ghidra logic exactly, including the dereference chain, offset 0x2c write, and lack of branches."
0x00357F54,gfl2::heap::NwAllocator::NwAllocator,1,24,analysis/reagent/candidates/0x00357F54/attempt-1.cpp,YELLOW,ABI_UNCERTAIN,PASS,"The reversed function matches the Ghidra logic exactly, including store order and offsets."
0x00417F08,poke_3d::model::BaseModel::SetInterestResetFrameCount,1,24,analysis/reagent/candidates/0x00417F08/attempt-1.cpp,YELLOW,PROTOTYPE_UNCERTAIN,PASS,"The reversed function matches the Ghidra logic exactly, including offset math, cast behavior, and assignment target."
0x0010328C,__rw::__rw_numpunct_impl_data<char>::~__rw_numpunct_impl_data,1,28,analysis/reagent/candidates/0x0010328C/attempt-1.cpp,YELLOW,ABI_UNCERTAIN,PASS,The reversed destructor matches Ghidra’s call order and member offsets exactly.
0x003C0308,print::SystemFont_IsLoadNumFont,1,28,analysis/reagent/candidates/0x003C0308/attempt-1.cpp,YELLOW,ABI_UNCERTAIN,PASS,Reversed code matches the Ghidra decompilation exactly.
0x0040D03C,poke_3d::model::BaseCamera::SetPosition,1,28,analysis/reagent/candidates/0x0040D03C/attempt-1.cpp,YELLOW,PROTOTYPE_UNCERTAIN,PASS,"The reversed function matches the Ghidra logic exactly, including all three stores and their order."
0x0040D2DC,poke_3d::model::BaseCamera::SetTargetPosition,1,28,analysis/reagent/candidates/0x0040D2DC/attempt-1.cpp,YELLOW,PROTOTYPE_UNCERTAIN,PASS,The reversed implementation matches the three field stores in the Ghidra output and preserves ordering exactly.
0x0041780C,poke_3d::model::BaseModel::SetInterestSpeed,1,28,analysis/reagent/candidates/0x0041780C/attempt-1.cpp,YELLOW,PROTOTYPE_UNCERTAIN,PASS,"The reversed function matches the Ghidra logic exactly, including offsets and expression order."
0x004A3F1C,poke_3d::model::BaseCamera::GetTargetPosition,1,28,analysis/reagent/candidates/0x004A3F1C/attempt-1.cpp,YELLOW,PROTOTYPE_UNCERTAIN,PASS,"The reversed function matches the Ghidra logic exactly, including offsets, assignment order, and return behavior."
0x0010366A,std::ctype<char>::do_tolower,1,32,analysis/reagent/candidates/0x0010366A/attempt-1.cpp,YELLOW,PROTOTYPE_UNCERTAIN,PASS,Reversed code matches the Ghidra decompilation exactly.
0x001036B8,std::ctype<char>::do_toupper,1,32,analysis/reagent/candidates/0x001036B8/attempt-1.cpp,YELLOW,PROTOTYPE_UNCERTAIN,PASS,"The reversed code matches the Ghidra decompilation exactly, including the call, offsets, branch, and expression order."
0x0015AF60,Regulation::Regulation,1,32,analysis/reagent/candidates/0x0015AF60/attempt-1.cpp,YELLOW,ABI_UNCERTAIN,PASS,"The reversed constructor matches the Ghidra logic exactly, including all stores and initialization order."
0x003111AC,App::Tool::TalkWindow::SetMsgCursorUserVisible,1,32,analysis/reagent/candidates/0x003111AC/attempt-1.cpp,YELLOW,ABI_UNCERTAIN,PASS,"The reversed code matches the Ghidra logic, including offsets, call order, and control flow."
0x00417668,poke_3d::model::BaseModel::SetRotationQuat,1,32,analysis/reagent/candidates/0x00417668/attempt-1.cpp,YELLOW,PROTOTYPE_UNCERTAIN,PASS,"The reversed function matches the Ghidra logic and preserves all offsets, assignments, and expression order."
0x0040F9B4,poke_3d::model::PokemonModel::SetAmbientColor,1,36,analysis/reagent/candidates/0x0040F9B4/attempt-1.cpp,YELLOW,PROTOTYPE_UNCERTAIN,PASS,The reversed function matches the Ghidra logic and offsets exactly.
0x003EE0C4,applib::frame::Manager::Manager,1,44,analysis/reagent/candidates/0x003EE0C4/attempt-1.cpp,YELLOW,ABI_UNCERTAIN,PASS,"The reversed function matches the Ghidra decompilation line-for-line, including all offsets, assignments, and expression order."
0x00414724,poke_3d::model::DressUpModelResourceManager::SetupDressUpPartsAsync,1,44,analysis/reagent/candidates/0x00414724/attempt-1.cpp,YELLOW,ABI_UNCERTAIN,PASS,"The reversed function matches the Ghidra decompilation line-for-line, including offsets, assignments, and expression order."
0x0048D308,App::PokeList::PokeListSimpleFrame::IsPause,1,44,analysis/reagent/candidates/0x0048D308/attempt-1.cpp,YELLOW,ABI_UNCERTAIN,PASS,Reversed code matches the Ghidra decompilation exactly.
0x0015AFBC,Regulation::~Regulation,1,48,analysis/reagent/candidates/0x0015AFBC/attempt-1.cpp,YELLOW,ABI_UNCERTAIN,PASS,Reversed code matches the Ghidra decompilation exactly.
0x00311080,app::util::G2DUtil::SetTextBoxPaneString,1,48,analysis/reagent/candidates/0x00311080/attempt-1.cpp,YELLOW,PROTOTYPE_UNCERTAIN,PASS,"Matches the Ghidra decompilation exactly, including calls, offsets, and expression order."
0x003A9828,Sound::HaveCommand,1,48,analysis/reagent/candidates/0x003A9828/attempt-1.cpp,YELLOW,ABI_UNCERTAIN,PASS,Reversed code matches the Ghidra decompilation exactly.
0x003AA76C,Sound::IsBGMPlaying,1,48,analysis/reagent/candidates/0x003AA76C/attempt-1.cpp,YELLOW,ABI_UNCERTAIN,PASS,"The reversed function matches the Ghidra decompilation exactly, including calls, ordering, and return value."
0x0045227C,NetAppLib::JoinFestaUI::JoinFestaPlayerListLowerViewBase::SetVisibleBackButton,1,48,analysis/reagent/candidates/0x0045227C/attempt-1.cpp,YELLOW,PROTOTYPE_UNCERTAIN,PASS,The reversed function matches the Ghidra decompilation exactly.
0x004522AC,NetAppLib::JoinFestaUI::JoinFestaPlayerListLowerViewBase::SetVisibleInfoButton,1,48,analysis/reagent/candidates/0x004522AC/attempt-1.cpp,YELLOW,PROTOTYPE_UNCERTAIN,PASS,Reversed code matches the Ghidra decompilation exactly.
0x0035F110,gfl2::thread::Event::Wait,1,16,analysis/reagent/candidates/0x0035F110/attempt-1.cpp,YELLOW,PROTOTYPE_UNCERTAIN,PASS,"The reversed function matches the Ghidra logic exactly, including the indirect call and object offset."
0x0035F120,gfl2::thread::Event::Clear,1,16,analysis/reagent/candidates/0x0035F120/attempt-1.cpp,YELLOW,PROTOTYPE_UNCERTAIN,PASS,The reversed function matches the Ghidra decompilation exactly.
0x0035F234,gfl2::thread::Thread::Start,1,16,analysis/reagent/candidates/0x0035F234/attempt-1.cpp,YELLOW,PROTOTYPE_UNCERTAIN,PASS,The reversed function matches the Ghidra decompilation exactly.
0x004A2C9C,NetLib::Pgl::PGLConnector::IsConnecting,1,28,analysis/reagent/candidates/0x004A2C9C/attempt-1.cpp,YELLOW,PROTOTYPE_UNCERTAIN,PASS,Reversed code matches the Ghidra decompilation exactly.
0x004A2CEC,NetLib::Wifi::SubscriptionManager::CanOpenAttraction,1,32,analysis/reagent/candidates/0x004A2CEC/attempt-1.cpp,YELLOW,PROTOTYPE_UNCERTAIN,PASS,"The reversed code matches the Ghidra decompilation exactly, including offsets, branch structure, and expression order."
0x0035DE7C,gfl2::Effect::Handle::GetEmitterSet,1,40,analysis/reagent/candidates/0x0035DE7C/attempt-1.cpp,YELLOW,PROTOTYPE_UNCERTAIN,PASS,"Reversed code matches the Ghidra decompilation exactly, including offsets, branch logic, and return behavior."
0x0035EB44,gfl2::thread::ThreadStatic::CurrentSleep,1,40,analysis/reagent/candidates/0x0035EB44/attempt-1.cpp,YELLOW,ABI_UNCERTAIN,PASS,The reversed function matches the Ghidra decompilation exactly.
0x00311314,app::util::G2DUtil::SetTextBoxPaneStringExpand,1,44,analysis/reagent/candidates/0x00311314/attempt-1.cpp,YELLOW,PROTOTYPE_UNCERTAIN,PASS,The reversed function matches the Ghidra decompilation exactly.
0x004170E4,poke_3d::model::BaseModel::SetPosition,1,44,analysis/reagent/candidates/0x004170E4/attempt-1.cpp,YELLOW,PROTOTYPE_UNCERTAIN,PASS,"Logic, offsets, and store order all match the Ghidra decompilation."
0x00434D84,PokeTool::PokeModel::GetDistortionModel,1,44,analysis/reagent/candidates/0x00434D84/attempt-1.cpp,YELLOW,PROTOTYPE_UNCERTAIN,PASS,"The reversed function matches the Ghidra logic: same two checks, same nulling branch, and same return path."
0x0035F15C,gfl2::thread::Event::Signal,1,16,analysis/reagent/candidates/0x0035F15C/attempt-1.cpp,YELLOW,PROTOTYPE_UNCERTAIN,PASS,"The reversed function matches the Ghidra logic exactly, including the indirect call expression and offset usage."
0x002FCFF8,app::tool::AppToolTrainerIconRendering::SetIconObjectData,1,20,analysis/reagent/candidates/0x002FCFF8/attempt-1.cpp,YELLOW,ABI_UNCERTAIN,PASS,"The reversed function matches the Ghidra logic exactly: same call, same arguments, and no missing control flow."
0x00313CDC,pml::waza::ZenryokuWazaSystem::GetZenryokuWazaNo,1,20,analysis/reagent/candidates/0x00313CDC/attempt-1.cpp,YELLOW,ABI_UNCERTAIN,PASS,"The reversed function matches the Ghidra decompilation exactly, including assignment, call order, and masked return value."
0x0031E168,pml::wazadata::GetCategory,1,20,analysis/reagent/candidates/0x0031E168/attempt-1.cpp,YELLOW,PROTOTYPE_UNCERTAIN,PASS,"The reversed code matches the Ghidra logic exactly, including the call and mask operation."
0x0031E200,pml::wazadata::GetDamageType,1,20,analysis/reagent/candidates/0x0031E200/attempt-1.cpp,YELLOW,PROTOTYPE_UNCERTAIN,PASS,The reversed function matches the Ghidra decompilation exactly.
0x0031E444,pml::wazadata::GetZenryokuWazaNo,1,20,analysis/reagent/candidates/0x0031E444/attempt-1.cpp,YELLOW,PROTOTYPE_UNCERTAIN,PASS,"The reversed function matches the Ghidra logic exactly, including the call and mask expression."
0x0031E494,pml::wazadata::GetZenryokuWazaEffect,1,20,analysis/reagent/candidates/0x0031E494/attempt-1.cpp,YELLOW,PROTOTYPE_UNCERTAIN,PASS,"Matches the Ghidra decompilation exactly, including the single call and mask expression."
0x0031E524,pml::wazadata::GetType,1,20,analysis/reagent/candidates/0x0031E524/attempt-1.cpp,YELLOW,PROTOTYPE_UNCERTAIN,PASS,The reversed function matches the Ghidra logic exactly.
0x0031E694,pml::wazadata::GetPower,1,20,analysis/reagent/candidates/0x0031E694/attempt-1.cpp,YELLOW,PROTOTYPE_UNCERTAIN,PASS,The reversed function matches the Ghidra logic exactly.
0x00426A3C,NetEvent::JoinFestaAttractionRetireEvent::JoinFestaAttractionRetireEvent,1,20,analysis/reagent/candidates/0x00426A3C/attempt-1.cpp,YELLOW,PROTOTYPE_UNCERTAIN,PASS,The reversed constructor matches the Ghidra logic: it calls the base constructor and writes DAT_00426a50 to the returned subobject slot.
0x0045E2F8,NetAppLib::Util::NetAppPokemonValidationUtility::Verify,1,20,analysis/reagent/candidates/0x0045E2F8/attempt-1.cpp,YELLOW,ABI_UNCERTAIN,PASS,"The reversed function matches the Ghidra decompilation exactly, including the single tail call and argument order."
0x002CED50,App::Tool::MessageMenuView::AddItem,1,24,analysis/reagent/candidates/0x002CED50/attempt-1.cpp,YELLOW,PROTOTYPE_UNCERTAIN,PASS,"The reversed function matches the Ghidra logic exactly, including the single call and object offset."
0x002CED68,App::Tool::MessageMenuView::AddItem,1,24,analysis/reagent/candidates/0x002CED68/attempt-1.cpp,YELLOW,PROTOTYPE_UNCERTAIN,PASS,"The reversed function matches the Ghidra logic exactly, including the member offset, call target, arguments, and return behavior."
0x00305388,app::tool::PokeIcon::ReplacePaneTexture,1,24,analysis/reagent/candidates/0x00305388/attempt-1.cpp,YELLOW,PROTOTYPE_UNCERTAIN,PASS,The reversed function matches the Ghidra decompilation exactly.
0x0031E1E8,pml::wazadata::IsAlwaysHit,1,24,analysis/reagent/candidates/0x0031E1E8/attempt-1.cpp,YELLOW,PROTOTYPE_UNCERTAIN,PASS,"The reversed function matches the Ghidra decompilation exactly in call, arguments, and return expression."
0x0031E6A8,pml::wazadata::IsDamage,1,24,analysis/reagent/candidates/0x0031E6A8/attempt-1.cpp,YELLOW,PROTOTYPE_UNCERTAIN,PASS,"The reversed function matches the Ghidra decompilation exactly in call, arguments, and return expression."
0x0035DF78,gfl2::Effect::System::EntryResource,1,24,analysis/reagent/candidates/0x0035DF78/attempt-1.cpp,YELLOW,ABI_UNCERTAIN,PASS,"The reversed function matches the Ghidra logic exactly, including the single call and parameter usage."
0x0045E2E0,NetAppLib::Util::NetAppPokemonValidationUtility::Verify,1,24,analysis/reagent/candidates/0x0045E2E0/attempt-1.cpp,YELLOW,ABI_UNCERTAIN,PASS,"The reversed function matches the Ghidra decompilation exactly, including the single call and argument order."
0x003E4540,System::EnvAccessor::SetStepFrame,1,28,analysis/reagent/candidates/0x003E4540/attempt-1.cpp,YELLOW,ABI_UNCERTAIN,PASS,The reversed function matches the Ghidra logic and call argument order exactly.
0x003E7600,System::NijiOutLinePostSceneRenderPath::NijiOutLinePostSceneRenderPath,1,28,analysis/reagent/candidates/0x003E7600/attempt-1.cpp,YELLOW,ABI_UNCERTAIN,PASS,"The reversed code matches the Ghidra logic, including the helper call, vtable write, and field assignment at offset 9."
0x0041FD00,NetEvent::FatalError::FatalErrorEvent::FatalErrorEvent,1,28,analysis/reagent/candidates/0x0041FD00/attempt-1.cpp,YELLOW,ABI_UNCERTAIN,PASS,"The reversed function matches the Ghidra logic, including the call, field write, and assignment order."
0x004A2B5C,NetLib::P2P::P2pConnectionManager::GetMyStatus,1,28,analysis/reagent/candidates/0x004A2B5C/attempt-1.cpp,YELLOW,PROTOTYPE_UNCERTAIN,PASS,"The reversed function matches the Ghidra logic, including the null check, offset access, index scaling, and return path."
0x004A2B78,NetLib::P2P::P2pConnectionManager::GetPokeParty,1,28,analysis/reagent/candidates/0x004A2B78/attempt-1.cpp,YELLOW,ABI_UNCERTAIN,PASS,The reversed code matches the Ghidra decompilation exactly.
0x003EBA98,System::Skybox::Skybox::IsChanging,1,32,analysis/reagent/candidates/0x003EBA98/attempt-1.cpp,YELLOW,PROTOTYPE_UNCERTAIN,PASS,The reversed function matches the Ghidra logic exactly in control flow and offset checks.
0x0042FE78,PokeTool::PokeModelSystem::CalcPokeModelHeapSize,1,32,analysis/reagent/candidates/0x0042FE78/attempt-1.cpp,YELLOW,ABI_UNCERTAIN,PASS,"Reversed code matches the Ghidra decompilation exactly, including offsets, branch structure, and expression order."
0x00474C40,Regulation::GetParamMustPokeOR,1,32,analysis/reagent/candidates/0x00474C40/attempt-1.cpp,YELLOW,ABI_UNCERTAIN,PASS,"The reversed function matches the Ghidra logic exactly, including the bounds check, offset calculation, and zero return path."
0x00474C9C,Regulation::GetParamMustPokeAND,1,32,analysis/reagent/candidates/0x00474C9C/attempt-1.cpp,YELLOW,ABI_UNCERTAIN,PASS,"The reversed function matches the Ghidra logic exactly, including branch condition, offset usage, and return values."
0x002EFF84,app::tool::PokeIconToolEx::StartAnim,1,36,analysis/reagent/candidates/0x002EFF84/attempt-1.cpp,YELLOW,ABI_UNCERTAIN,PASS,"The reversed function matches the Ghidra logic exactly: same call, offsets, parameters, and no missing control flow."
0x0030404C,app::tool::PaneList::SetButtonSEPaneIndex,1,36,analysis/reagent/candidates/0x0030404C/attempt-1.cpp,YELLOW,PROTOTYPE_UNCERTAIN,PASS,"The reversed code matches the Ghidra logic exactly, including both member offsets, the function call, and the store expression order."
0x003529B4,gfl2::lyt::LytSys::~LytSys,1,36,analysis/reagent/candidates/0x003529B4/attempt-1.cpp,YELLOW,ABI_UNCERTAIN,PASS,Reversed code matches the Ghidra decompilation exactly.
0x003E5BC4,System::DeviceTurnWatcher::~DeviceTurnWatcher,1,36,analysis/reagent/candidates/0x003E5BC4/attempt-1.cpp,YELLOW,PROTOTYPE_UNCERTAIN,PASS,Reversed code matches the Ghidra decompilation exactly.
0x0046AAC8,NetAppLib::JoinFesta::JoinFestaPacketManager::RemovePersonalListener,1,36,analysis/reagent/candidates/0x0046AAC8/attempt-1.cpp,YELLOW,ABI_UNCERTAIN,PASS,"The reversed function matches the Ghidra decompilation exactly, including both field offsets and branch structure."
0x0048EFC0,app::util::G2DUtil::GetScale,1,36,analysis/reagent/candidates/0x0048EFC0/attempt-1.cpp,YELLOW,ABI_UNCERTAIN,PASS,Reversed code matches the Ghidra decompilation exactly.
0x004A5D1C,poke_3d::renderer::BloomRenderPath::IsCreated,1,36,analysis/reagent/candidates/0x004A5D1C/attempt-1.cpp,YELLOW,PROTOTYPE_UNCERTAIN,PASS,"The reversed function matches the Ghidra logic, including the nested null check and byte comparison at offset 0x3c."
0x00150C60,BTL_SETUP_GetDebugFlag,1,40,analysis/reagent/candidates/0x00150C60/attempt-1.cpp,YELLOW,UNKNOWN_TYPE,PASS,"The reversed function matches the Ghidra logic, including the bounds check and 32-bit shift return."
0x002F2C4C,app::tool::CharaSimpleModel::Terminate,1,40,analysis/reagent/candidates/0x002F2C4C/attempt-1.cpp,YELLOW,PROTOTYPE_UNCERTAIN,PASS,"The reversed function matches the Ghidra logic, including the state check, field writes, and final active flag update."
0x0040D508,poke_3d::model::BaseCamera::ChangeAnimationGlobalSmoothByResourceNode,1,40,analysis/reagent/candidates/0x0040D508/attempt-1.cpp,YELLOW,PROTOTYPE_UNCERTAIN,PASS,"The reversed function matches the Ghidra logic: same assignments, same call, and no missing control flow."
0x0043577C,PokeTool::PokeModel::IsAvailableAnimationDirect,1,40,analysis/reagent/candidates/0x0043577C/attempt-1.cpp,YELLOW,PROTOTYPE_UNCERTAIN,PASS,Matches the Ghidra logic and offset usage for the availability check.
0x004A2A78,NetApp::Live::LiveNet::GetMyStatus_Opponent,1,40,analysis/reagent/candidates/0x004A2A78/attempt-1.cpp,YELLOW,PROTOTYPE_UNCERTAIN,PASS,"The reversed function matches the Ghidra decompilation exactly, including call order and argument expression."
0x0052136C,mwmomoflexDemuxerGetStreamCount,1,40,analysis/reagent/candidates/0x0052136C/attempt-1.cpp,YELLOW,ABI_UNCERTAIN,PASS,"The reversed function matches the Ghidra decompilation exactly, including branch, offset usage, and return value."
0x004611D8,NetAppLib::System::NetApplicationViewBase::~NetApplicationViewBase,1,44,analysis/reagent/candidates/0x004611D8/attempt-1.cpp,YELLOW,ABI_UNCERTAIN,PASS,"The reversed function matches the Ghidra decompilation exactly in assignments, calls, and order."
0x0048CB7C,App::Resort::ResortDataManager::GetArcFile,1,44,analysis/reagent/candidates/0x0048CB7C/attempt-1.cpp,YELLOW,ABI_UNCERTAIN,PASS,Matches the Ghidra control flow and return behavior.
0x00498960,gfl2::ui::DeviceManager::GetGyroscope,1,44,analysis/reagent/candidates/0x00498960/attempt-1.cpp,YELLOW,ABI_UNCERTAIN,PASS,"The reversed code matches the Ghidra logic exactly, including the single branch and field offset."
0x0049898C,gfl2::ui::DeviceManager::GetTouchPanel,1,44,analysis/reagent/candidates/0x0049898C/attempt-1.cpp,YELLOW,ABI_UNCERTAIN,PASS,Reversed code matches the Ghidra control flow and return value logic exactly.
0x004989B8,gfl2::ui::DeviceManager::GetAccelerometer,1,44,analysis/reagent/candidates/0x004989B8/attempt-1.cpp,YELLOW,ABI_UNCERTAIN,PASS,The reversed function matches the Ghidra decompilation exactly.
0x002CAEEC,App::Tool::TalkWindow::SetWindowPos,1,48,analysis/reagent/candidates/0x002CAEEC/attempt-1.cpp,YELLOW,ABI_UNCERTAIN,PASS,"The reversed function matches the Ghidra decompilation exactly in logic, call order, and offset usage."
0x0048D568,app::sort::StringBinary::GetInitialIndexToSortHeaderIndex,1,72,analysis/reagent/candidates/0x0048D568/attempt-1.cpp,YELLOW,ABI_UNCERTAIN,PASS,"Matches the Ghidra logic exactly, including loads, stores, and return condition."
0x0035F20C,gfl2::thread::Thread::Kill,1,16,analysis/reagent/candidates/0x0035F20C/attempt-1.cpp,YELLOW,ABI_UNCERTAIN,PASS,"The reversed function matches the Ghidra decompilation exactly, including the single indirect call and lack of branches or return logic."
0x002FD580,app::tool::AppToolTrainerIconRendering::ConvTrainerIdToModelResID,1,44,analysis/reagent/candidates/0x002FD580/attempt-1.cpp,YELLOW,ABI_UNCERTAIN,PASS,The reversed function matches the Ghidra logic exactly.
0x0032C884,gfl2::renderingengine::scenegraph::resource::GfBinaryMdlData::SetModelData,1,44,analysis/reagent/candidates/0x0032C884/attempt-1.cpp,YELLOW,ABI_UNCERTAIN,PASS,Reversed code matches the Ghidra decompilation exactly.
0x0032CB88,gfl2::renderingengine::scenegraph::resource::GfBinaryShdData::SetShaderData,1,44,analysis/reagent/candidates/0x0032CB88/attempt-1.cpp,YELLOW,ABI_UNCERTAIN,PASS,Matches the Ghidra decompilation exactly.
0x0032CD5C,gfl2::renderingengine::scenegraph::resource::GfBinaryTexData::SetTextureData,1,44,analysis/reagent/candidates/0x0032CD5C/attempt-1.cpp,YELLOW,ABI_UNCERTAIN,PASS,Reversed code matches the Ghidra decompilation exactly.
0x002FD954,app::tool::AppToolTrainerIconRendering::ConvTrainerIdToModelWaitMotionAnimeId,1,48,analysis/reagent/candidates/0x002FD954/attempt-1.cpp,YELLOW,ABI_UNCERTAIN,PASS,The reversed function matches the Ghidra decompilation exactly.
0x004AAA60,NetAppLib::JoinFesta::JoinFestaPersonalData::IsSameFriendKey,1,48,analysis/reagent/candidates/0x004AAA60/attempt-1.cpp,YELLOW,PROTOTYPE_UNCERTAIN,PASS,"The reversed function matches the Ghidra logic, including offsets, call, and statement order."
0x002EC3AC,app::tool::ButtonManager::StartSelectedAct,1,16,analysis/reagent/candidates/0x002EC3AC/attempt-1.cpp,YELLOW,PROTOTYPE_UNCERTAIN,PASS,"The reversed code matches the Ghidra logic exactly, including the indirect vtable call at param_1+0x28 and offset 0x30."
0x002C97AC,App::Tool::MapManager::GetCenterPos,1,20,analysis/reagent/candidates/0x002C97AC/attempt-1.cpp,YELLOW,PROTOTYPE_UNCERTAIN,PASS,"The reversed function matches the Ghidra logic exactly, including offsets and assignment order."
0x002E9CCC,app::tool::MenuCursor::Update,1,20,analysis/reagent/candidates/0x002E9CCC/attempt-1.cpp,YELLOW,ABI_UNCERTAIN,PASS,The reversed function matches the Ghidra decompilation exactly.
0x0030FD1C,app::util::G2DUtil::SetMessageData,1,20,analysis/reagent/candidates/0x0030FD1C/attempt-1.cpp,YELLOW,PROTOTYPE_UNCERTAIN,PASS,The reversed function matches the Ghidra logic exactly.
0x003C43E4,AppLib::Tool::PokeCapAccesser::PokeCapAccesser,1,20,analysis/reagent/candidates/0x003C43E4/attempt-1.cpp,YELLOW,ABI_UNCERTAIN,PASS,"The reversed code matches the Ghidra logic and preserves assignment order, offsets, and the final 4-byte write."
0x003D2604,NetLib::NijiNetworkSystem::SetupLiveRecSender,1,20,analysis/reagent/candidates/0x003D2604/attempt-1.cpp,YELLOW,ABI_UNCERTAIN,PASS,"Reversed code matches the Ghidra logic, offsets, branch, and assignment order exactly."
0x003D820C,NetLib::Pgl::PGLConnector::CancelConnecting,1,20,analysis/reagent/candidates/0x003D820C/attempt-1.cpp,YELLOW,ABI_UNCERTAIN,PASS,"The reversed function matches the Ghidra logic exactly, including offset, null check, call target, and branch structure."
0x0041AEC4,poke_3d::renderer::BloomRenderPath::Update,1,20,analysis/reagent/candidates/0x0041AEC4/attempt-1.cpp,YELLOW,ABI_UNCERTAIN,PASS,"The reversed function matches the Ghidra decompilation exactly in control flow, offset usage, call, and expression order."
0x0048D384,app::ui::UIView::GetLayoutWork,1,20,analysis/reagent/candidates/0x0048D384/attempt-1.cpp,YELLOW,PROTOTYPE_UNCERTAIN,PASS,The reversed function matches the Ghidra decompilation exactly.
0x0048D398,app::ui::UIView::GetLayoutSystem,1,20,analysis/reagent/candidates/0x0048D398/attempt-1.cpp,YELLOW,PROTOTYPE_UNCERTAIN,PASS,"The reversed function matches the decompiled control flow, null check, member offset, and call behavior."
0x004A2C88,NetLib::P2P::P2pConnectionManager::GetNetID,1,20,analysis/reagent/candidates/0x004A2C88/attempt-1.cpp,YELLOW,ABI_UNCERTAIN,PASS,Reversed code matches the Ghidra decompilation exactly.
0x0048EEC0,app::util::G2DUtil::GetPaneLocalPos,1,24,analysis/reagent/candidates/0x0048EEC0/attempt-1.cpp,YELLOW,PROTOTYPE_UNCERTAIN,PASS,"The reversed code matches the Ghidra decompilation exactly, including offsets, assignments, and unused parameter behavior."
0x00103368,"std::codecvt_byname<wchar_t,char,std::__mbstate_t>::do_encoding",1,28,analysis/reagent/candidates/0x00103368/attempt-1.cpp,YELLOW,ABI_UNCERTAIN,PASS,"The reversed function matches the Ghidra logic exactly, including the call, branch, and return behavior."
0x002F114C,app::tool::PokeSimpleModel::IsAvailableAnimation,1,28,analysis/reagent/candidates/0x002F114C/attempt-1.cpp,YELLOW,PROTOTYPE_UNCERTAIN,PASS,"The reversed function matches the Ghidra control flow, offsets, and call exactly."
0x002F33E8,app::tool::CursorController::OnUpdate,1,28,analysis/reagent/candidates/0x002F33E8/attempt-1.cpp,YELLOW,PROTOTYPE_UNCERTAIN,PASS,"The reversed function matches the Ghidra control flow, offsets, and call sequence."
0x003D060C,NetLib::Validation::PokemonValidation::CancelConnecting,1,28,analysis/reagent/candidates/0x003D060C/attempt-1.cpp,YELLOW,ABI_UNCERTAIN,PASS,"The reversed function matches the Ghidra logic, including the offset check, null branch behavior, and single call target."
0x00301B9C,app::tool::PaneList::MakeTouchArea,1,32,analysis/reagent/candidates/0x00301B9C/attempt-1.cpp,YELLOW,ABI_UNCERTAIN,PASS,"Matches the Ghidra logic, including offset writes and expression order."
0x002F5CAC,app::tool::ScrollPaneManager::SetVisibleMenuCursor,1,36,analysis/reagent/candidates/0x002F5CAC/attempt-1.cpp,YELLOW,PROTOTYPE_UNCERTAIN,PASS,The reversed function matches the Ghidra decompilation exactly.
0x003DED8C,NetLib::Error::NijiNetworkError::NijiNetworkError,1,36,analysis/reagent/candidates/0x003DED8C/attempt-1.cpp,YELLOW,ABI_UNCERTAIN,PASS,"The reversed constructor matches the Ghidra logic line-for-line, including all field writes and expression order."
0x003EB7D8,System::Skybox::Skybox::DeleteHeap,1,36,analysis/reagent/candidates/0x003EB7D8/attempt-1.cpp,YELLOW,ABI_UNCERTAIN,PASS,The reversed function matches the Ghidra decompilation exactly.
0x005205EC,mwmofastaudioDecoderInitialize,1,36,analysis/reagent/candidates/0x005205EC/attempt-1.cpp,YELLOW,ABI_UNCERTAIN,PASS,"The reversed function matches the Ghidra logic exactly, including the two assignments and no extra control flow."
0x005209C4,mwmofilterDeblockerInitialize,1,36,analysis/reagent/candidates/0x005209C4/attempt-1.cpp,YELLOW,ABI_UNCERTAIN,PASS,The reversed function matches the Ghidra decompilation line-for-line and preserves the same pointer writes and expression order.
0x005215D4,mwmomoflexDemuxerInitialize,1,36,analysis/reagent/candidates/0x005215D4/attempt-1.cpp,YELLOW,ABI_UNCERTAIN,PASS,The reversed function matches the Ghidra logic exactly.
0x0030C308,app::util::KeyRepeatController::KeyRepeatController,1,40,analysis/reagent/candidates/0x0030C308/attempt-1.cpp,YELLOW,ABI_UNCERTAIN,PASS,"The reversed constructor matches the Ghidra logic, offsets, assignments, and expression order exactly."
0x003234C0,gfl2::renderingengine::scenegraph::instance::DrawableNode::SetVisible,1,40,analysis/reagent/candidates/0x003234C0/attempt-1.cpp,YELLOW,ABI_UNCERTAIN,PASS,Reversed code matches the Ghidra decompilation exactly.
0x004AE7F8,gfl2::renderingengine::scenegraph::instance::ModelInstanceNode::PostDraw,1,40,analysis/reagent/candidates/0x004AE7F8/attempt-1.cpp,YELLOW,ABI_UNCERTAIN,PASS,"The reversed function matches the Ghidra logic, including control flow, calls, offsets, and write order."
0x0015A8D4,Regulation::DeleteData,1,44,analysis/reagent/candidates/0x0015A8D4/attempt-1.cpp,YELLOW,ABI_UNCERTAIN,PASS,"The reversed function matches the Ghidra logic exactly, including the null check, free call, field resets, and control flow."
0x002D1CD8,App::Tool::CommonMessageWindowView::HideMessage,1,44,analysis/reagent/candidates/0x002D1CD8/attempt-1.cpp,YELLOW,PROTOTYPE_UNCERTAIN,PASS,"The reversed function matches the decompiled logic, including the call, offset reads, and conditional bit clear."
0x003DE400,NetLib::Error::NijiNetworkError::SetNotError,1,44,analysis/reagent/candidates/0x003DE400/attempt-1.cpp,YELLOW,PROTOTYPE_UNCERTAIN,PASS,The reversed function matches the decompiled control flow and assignments exactly.
0x003AD370,Sound::GetPushedBGMCount,1,48,analysis/reagent/candidates/0x003AD370/attempt-1.cpp,YELLOW,ABI_UNCERTAIN,PASS,"The reversed function matches the Ghidra logic exactly, including lock/unlock order and the single call site."
0x003AD58C,Sound::SetListenerMatrix,1,48,analysis/reagent/candidates/0x003AD58C/attempt-1.cpp,YELLOW,ABI_UNCERTAIN,PASS,The reversed function matches the Ghidra decompilation exactly.
0x003F49D0,gflnet2::ServerClient::ServerClientRequestManager::CancelRequest,1,48,analysis/reagent/candidates/0x003F49D0/attempt-1.cpp,YELLOW,ABI_UNCERTAIN,PASS,"The reversed function matches the Ghidra logic exactly, including branch structure, call arguments, and write offset."
0x004702D4,NetAppLib::JoinFesta::JoinFestaSelectWordTable::JoinFestaSelectWordTable,1,52,analysis/reagent/candidates/0x004702D4/attempt-1.cpp,YELLOW,ABI_UNCERTAIN,PASS,Reversed code matches the Ghidra constructor logic exactly.
0x003C2390,print::WordSet::WordSet,1,56,analysis/reagent/candidates/0x003C2390/attempt-1.cpp,YELLOW,ABI_UNCERTAIN,PASS,The reversed function matches the Ghidra decompilation exactly.
0x003CEBF4,NetApp::NBR::NBRNet::SendRuleOther,1,56,analysis/reagent/candidates/0x003CEBF4/attempt-1.cpp,YELLOW,PROTOTYPE_UNCERTAIN,PASS,"Matches the Ghidra logic exactly, including locals, offset access, call, and return expression."
0x003CF214,NetApp::NBR::NBRNet::SendCantParticipate,1,56,analysis/reagent/candidates/0x003CF214/attempt-1.cpp,YELLOW,PROTOTYPE_UNCERTAIN,PASS,Reversed code matches the Ghidra logic and call sequence exactly.
0x003CF288,NetApp::NBR::NBRNet::SendRuleSelectorIsMe,1,56,analysis/reagent/candidates/0x003CF288/attempt-1.cpp,YELLOW,PROTOTYPE_UNCERTAIN,PASS,"Matches the Ghidra logic exactly, including local initialization, call arguments, and return condition."
0x003CF42C,NetApp::NBR::NBRNet::SendEnd,1,56,analysis/reagent/candidates/0x003CF42C/attempt-1.cpp,YELLOW,PROTOTYPE_UNCERTAIN,PASS,"Matches the Ghidra logic exactly, including locals, call, arguments, and return condition."
0x003CEE88,NetApp::NBR::NBRNet::SendRegulation,1,60,analysis/reagent/candidates/0x003CEE88/attempt-1.cpp,YELLOW,PROTOTYPE_UNCERTAIN,PASS,"Reversed code matches the Ghidra decompilation exactly in control flow, call arguments, offsets, and expression order."
0x003CF24C,NetApp::NBR::NBRNet::SendRegulationReady,1,60,analysis/reagent/candidates/0x003CF24C/attempt-1.cpp,YELLOW,PROTOTYPE_UNCERTAIN,PASS,"The reversed code matches the Ghidra decompilation exactly in signature, locals, call arguments, offset usage, and return logic."
0x00418008,poke_3d::model::BaseModel::SetMaterialDepthTestFunction,1,60,analysis/reagent/candidates/0x00418008/attempt-1.cpp,YELLOW,ABI_UNCERTAIN,PASS,"The reversed function matches the Ghidra decompilation exactly in body, call, and expression order."
0x00417D1C,poke_3d::model::BaseModel::SetMaterialColorConstant,1,68,analysis/reagent/candidates/0x00417D1C/attempt-1.cpp,YELLOW,ABI_UNCERTAIN,PASS,Reversed code matches the Ghidra decompilation exactly.
0x004A5A0C,poke_3d::model::BaseModel::GetMaterialColorConstant,1,68,analysis/reagent/candidates/0x004A5A0C/attempt-1.cpp,YELLOW,ABI_UNCERTAIN,PASS,The reversed function matches the Ghidra decompilation exactly.
0x003060E4,app::util::EffectUtil::EffectUtil,1,72,analysis/reagent/candidates/0x003060E4/attempt-1.cpp,YELLOW,ABI_UNCERTAIN,PASS,"The reversed constructor matches the Ghidra decompilation line-for-line, including initialization order and the Create call."
0x0035A5B0,gfl2::pawn::PawnBase::PawnBase,1,72,analysis/reagent/candidates/0x0035A5B0/attempt-1.cpp,YELLOW,ABI_UNCERTAIN,PASS,"Reversed code matches the Ghidra decompilation exactly, including offsets, call order, and return behavior."
0x003D098C,NetLib::Validation::PokemonValidation::CheckRsaValidation,1,84,analysis/reagent/candidates/0x003D098C/attempt-1.cpp,YELLOW,ABI_UNCERTAIN,PASS,Reversed code matches the Ghidra decompilation exactly.
0x0045F560,NetAppLib::System::ApplicationWorkBase::ApplicationWorkBase,1,96,analysis/reagent/candidates/0x0045F560/attempt-1.cpp,YELLOW,ABI_UNCERTAIN,PASS,"The reversed function matches the Ghidra decompilation line for line, including all field initializations and the single helper call."
0x0045F5C4,NetAppLib::System::ApplicationWorkBase::ApplicationWorkBase,1,108,analysis/reagent/candidates/0x0045F5C4/attempt-1.cpp,YELLOW,ABI_UNCERTAIN,PASS,"Reversed code matches the Ghidra decompilation exactly, including field initialization order and the constructor call."
0x00478B40,gfl2::system::Date::GetWeek,1,128,analysis/reagent/candidates/0x00478B40/attempt-1.cpp,YELLOW,ABI_UNCERTAIN,PASS,Reversed code matches the Ghidra logic and expression order exactly.
0x0048E6FC,app::tool::PaneList::GetCursorData,1,28,analysis/reagent/candidates/0x0048E6FC/attempt-1.cpp,YELLOW,ABI_UNCERTAIN,PASS,"The reversed function matches the Ghidra decompilation exactly, including null checks, offsets, and return behavior."
0x0041E73C,trainer::TrainerTypeData::IsBossGroup,1,32,analysis/reagent/candidates/0x0041E73C/attempt-1.cpp,YELLOW,PROTOTYPE_UNCERTAIN,PASS,The reversed implementation matches the Ghidra control flow and return logic exactly.
0x004A2ABC,NetApp::Evolution::APP_PARAM::IsForgetCancel,1,36,analysis/reagent/candidates/0x004A2ABC/attempt-1.cpp,YELLOW,PROTOTYPE_UNCERTAIN,PASS,"The reversed function matches the Ghidra logic exactly: same offsets, same condition, same true/false behavior."
0x004AB2C4,NetAppLib::JoinFesta::JoinFestaPersonalData::IsEnablePacketTradeInvite,1,36,analysis/reagent/candidates/0x004AB2C4/attempt-1.cpp,YELLOW,PROTOTYPE_UNCERTAIN,PASS,"The reversed function matches the Ghidra logic exactly: same field test, same three-value check, and same boolean result."
0x0036D130,item::ITEM_BallID2ItemID,1,40,analysis/reagent/candidates/0x0036D130/attempt-1.cpp,YELLOW,ABI_UNCERTAIN,PASS,"The reversed function matches the Ghidra logic exactly, including branch conditions and address expression."
0x0048CBFC,App::Resort::ResortDataManager::GetUncompWorkHeap,1,40,analysis/reagent/candidates/0x0048CBFC/attempt-1.cpp,YELLOW,ABI_UNCERTAIN,PASS,"The reversed function matches the Ghidra logic, offsets, and branch structure."
0x004A2D24,NetLib::Error::NijiNetworkErrorManager::IsFatalError,1,40,analysis/reagent/candidates/0x004A2D24/attempt-1.cpp,YELLOW,PROTOTYPE_UNCERTAIN,PASS,"Logic, branches, and field checks match the Ghidra decompilation."
0x004A2E50,System::MotionBlur::IsEndColorFilter,1,40,analysis/reagent/candidates/0x004A2E50/attempt-1.cpp,YELLOW,PROTOTYPE_UNCERTAIN,PASS,The reversed function matches the Ghidra control flow and offset checks exactly.
0x004A2E78,System::MotionBlur::IsEndBlendControl,1,40,analysis/reagent/candidates/0x004A2E78/attempt-1.cpp,YELLOW,PROTOTYPE_UNCERTAIN,PASS,The reversed function matches the Ghidra control flow and boolean condition exactly.
0x00521344,mwmomoflexDemuxerGetContentSize,1,40,analysis/reagent/candidates/0x00521344/attempt-1.cpp,YELLOW,ABI_UNCERTAIN,PASS,"The reversed function matches the Ghidra logic exactly: same null check, field offset, call, store, and return values."
0x003D2700,NetLib::NijiNetworkSystem::ReloadLiveRecSender,1,44,analysis/reagent/candidates/0x003D2700/attempt-1.cpp,YELLOW,ABI_UNCERTAIN,PASS,"The reversed function matches the Ghidra logic exactly, including the pointer load, conditional check, assignments, and control flow."
0x00434DB8,PokeTool::PokeModel::IsAvailableIdModel,1,44,analysis/reagent/candidates/0x00434DB8/attempt-1.cpp,YELLOW,ABI_UNCERTAIN,PASS,The reversed function matches the Ghidra logic and branch structure.
0x002EB9C8,app::tool::FingerCursor::DeleteLytBinData,1,32,analysis/reagent/candidates/0x002EB9C8/attempt-1.cpp,YELLOW,PROTOTYPE_UNCERTAIN,PASS,"The reversed code matches the Ghidra decompilation exactly, including the conditional branch, call, and assert path."
0x003E545C,System::ModelRenderPath::Update,1,32,analysis/reagent/candidates/0x003E545C/attempt-1.cpp,YELLOW,ABI_UNCERTAIN,PASS,"The reversed function matches the Ghidra control flow, calls, and offset usage exactly."
0x005205CC,mwmofastaudioDecoderGetFrame,1,32,analysis/reagent/candidates/0x005205CC/attempt-1.cpp,YELLOW,UNKNOWN_TYPE,PASS,"The reversed function matches the Ghidra decompilation exactly, including control flow and offsets."
0x00520AB4,mwmoimaadpcmDecoderGetFrame,1,32,analysis/reagent/candidates/0x00520AB4/attempt-1.cpp,YELLOW,UNKNOWN_TYPE,PASS,"Reversed code matches the Ghidra logic exactly, including branch, offsets, assignments, and return value."
0x002E8250,app::sort::StringItem::LoadSetup,1,36,analysis/reagent/candidates/0x002E8250/attempt-1.cpp,YELLOW,ABI_UNCERTAIN,PASS,The reversed function matches the Ghidra decompilation exactly.
0x002E82B8,app::sort::StringWaza::LoadSetup,1,36,analysis/reagent/candidates/0x002E82B8/attempt-1.cpp,YELLOW,ABI_UNCERTAIN,PASS,Reversed code matches the Ghidra decompilation exactly.
0x00407C30,gflnet2::p2p::NetGame::SendData,1,36,analysis/reagent/candidates/0x00407C30/attempt-1.cpp,YELLOW,ABI_UNCERTAIN,PASS,The reversed function matches the Ghidra decompilation exactly.
0x0042C00C,PokeTool::PokemonSort::SetConditionColor,1,36,analysis/reagent/candidates/0x0042C00C/attempt-1.cpp,YELLOW,ABI_UNCERTAIN,PASS,"The reversed function matches the Ghidra logic, call order, branch condition, and data flow."
0x0042C038,PokeTool::PokemonSort::SetConditionStyle,1,36,analysis/reagent/candidates/0x0042C038/attempt-1.cpp,YELLOW,ABI_UNCERTAIN,PASS,"Matches the Ghidra logic: same field write, same loads, same branch condition, and same callee selection."
0x0042C7A8,PokeTool::PokemonSort::SetConditionLocalArea,1,36,analysis/reagent/candidates/0x0042C7A8/attempt-1.cpp,YELLOW,ABI_UNCERTAIN,PASS,"Reversed code matches the Ghidra control flow, calls, and field write at offset 0x10c0."
0x0045DDB0,NetAppLib::Util::NetAppTrainerIconUtility::Update,1,36,analysis/reagent/candidates/0x0045DDB0/attempt-1.cpp,YELLOW,ABI_UNCERTAIN,PASS,Reversed code matches the Ghidra decompilation exactly.
0x002CC50C,App::Tool::NewPaneList::DeleteScrollBar,1,40,analysis/reagent/candidates/0x002CC50C/attempt-1.cpp,YELLOW,ABI_UNCERTAIN,PASS,"The reversed function matches the Ghidra decompilation exactly, including the null check, destructor call, delete call, store-to-zero, and expression order."
0x002EBCE0,app::tool::PaneListView::DeletePaneList,1,40,analysis/reagent/candidates/0x002EBCE0/attempt-1.cpp,YELLOW,ABI_UNCERTAIN,PASS,"Matches the Ghidra logic, call order, branch, and state update exactly."
0x002EBDA0,app::tool::PaneListView::DeleteScrollBar,1,40,analysis/reagent/candidates/0x002EBDA0/attempt-1.cpp,YELLOW,ABI_UNCERTAIN,PASS,"The reversed function matches the Ghidra logic exactly, including the null check, destructor call, delete call, and offset 0x8c reset."
0x00310A14,app::util::G2DUtil::DeleteLayoutSystem,1,40,analysis/reagent/candidates/0x00310A14/attempt-1.cpp,YELLOW,ABI_UNCERTAIN,PASS,Reversed code matches the Ghidra decompilation exactly.
0x0042C424,PokeTool::PokemonSort::SetConditionInitial,1,40,analysis/reagent/candidates/0x0042C424/attempt-1.cpp,YELLOW,ABI_UNCERTAIN,PASS,"The reversed function matches the Ghidra decompilation exactly, including assignments, branch condition, call targets, and return behavior."
0x002CA2B0,App::Tool::MapManager::Update,1,44,analysis/reagent/candidates/0x002CA2B0/attempt-1.cpp,YELLOW,ABI_UNCERTAIN,PASS,Reversed code matches the Ghidra decompilation exactly.
0x002CB3BC,App::Tool::TalkWindow::SetEnableMessageBoost,1,44,analysis/reagent/candidates/0x002CB3BC/attempt-1.cpp,YELLOW,PROTOTYPE_UNCERTAIN,PASS,"The reversed function matches the Ghidra logic exactly, including the null check, offset chain, and field write."
0x002E89FC,app::tool::IconObject::GetTexDataCtrl,1,44,analysis/reagent/candidates/0x002E89FC/attempt-1.cpp,YELLOW,ABI_UNCERTAIN,PASS,The reversed function matches the Ghidra decompilation exactly.
0x0049780C,gfl2::fs::BinLinkerAccessor::GetData,1,44,analysis/reagent/candidates/0x0049780C/attempt-1.cpp,YELLOW,ABI_UNCERTAIN,PASS,Reversed code matches the Ghidra decompilation exactly.
0x00520ED8,mwmomobiclipDecoderInitialize,1,44,analysis/reagent/candidates/0x00520ED8/attempt-1.cpp,YELLOW,ABI_UNCERTAIN,PASS,"The reversed function matches the Ghidra logic exactly, including assignments and the critical section initialization call."
0x002F5088,app::tool::ScrollPaneManager::SetInputEnabled,1,48,analysis/reagent/candidates/0x002F5088/attempt-1.cpp,YELLOW,PROTOTYPE_UNCERTAIN,PASS,"The reversed function matches the Ghidra logic, including the call order, null check, offset 0xc4 access, and visibility call."
0x00453524,NetAppLib::JoinFestaUI::JoinFestaPlayerListPlayerInfoUpperView::TimerIconDisable,1,48,analysis/reagent/candidates/0x00453524/attempt-1.cpp,YELLOW,ABI_UNCERTAIN,PASS,"The reversed function matches the Ghidra decompilation in calls, offset use, null check, and bitmask operation."
0x004981A8,gfl2::ui::TouchPanel::GetXY,1,48,analysis/reagent/candidates/0x004981A8/attempt-1.cpp,YELLOW,ABI_UNCERTAIN,PASS,The reversed function matches the Ghidra decompilation exactly.
0x0049A8E8,gfl2::str::StrBuf::GetLength,1,48,analysis/reagent/candidates/0x0049A8E8/attempt-1.cpp,YELLOW,ABI_UNCERTAIN,PASS,Reversed code matches the Ghidra decompilation exactly.
0x002D8A48,App::Resort::ResortDataManager::~ResortDataManager,1,52,analysis/reagent/candidates/0x002D8A48/attempt-1.cpp,YELLOW,ABI_UNCERTAIN,PASS,The reversed function matches the Ghidra decompilation exactly.
0x00306130,app::util::EffectUtil::EffectUtil,1,52,analysis/reagent/candidates/0x00306130/attempt-1.cpp,YELLOW,ABI_UNCERTAIN,PASS,The reversed constructor matches the Ghidra logic exactly in offset order and assignments.
0x00455124,NetAppLib::JoinFestaUI::JoinFestaPlayerListSelectLowerViewBase::ResetPaneListCursorInfo,1,52,analysis/reagent/candidates/0x00455124/attempt-1.cpp,YELLOW,PROTOTYPE_UNCERTAIN,PASS,The reversed function matches the Ghidra logic exactly: nine dword zeros and the visibility flag set to true.
0x0029A044,gfl2::Effect::System::BeginFrame,1,64,analysis/reagent/candidates/0x0029A044/attempt-1.cpp,YELLOW,ABI_UNCERTAIN,PASS,"Reversed code matches the Ghidra logic exactly, including all offsets and write order."
0x002EE554,app::tool::CursorManager::SetMoveEnable,1,64,analysis/reagent/candidates/0x002EE554/attempt-1.cpp,YELLOW,PROTOTYPE_UNCERTAIN,PASS,Reversed code matches the Ghidra decompilation exactly.
0x002CDEEC,App::Tool::SlideScroll::SetTouchArea,1,68,analysis/reagent/candidates/0x002CDEEC/attempt-1.cpp,YELLOW,PROTOTYPE_UNCERTAIN,PASS,"The reversed function matches the Ghidra decompilation exactly, including all offsets and expression order."
0x003BEACC,print::MessageWindow::CheckStringWidth,1,72,analysis/reagent/candidates/0x003BEACC/attempt-1.cpp,YELLOW,ABI_UNCERTAIN,PASS,"Reversed code matches the Ghidra logic, including calls, offsets, cast/order, and return condition."
0x0045B014,NetAppLib::UI::NetAppRegulationUpperView::NetAppRegulationUpperView,1,120,analysis/reagent/candidates/0x0045B014/attempt-1.cpp,YELLOW,ABI_UNCERTAIN,PASS,"The reversed constructor matches the Ghidra logic line-for-line, including the base call, member writes, and animation start."
0x003F49B8,gflnet2::ServerClient::ServerClientRequestManager::Initialize,1,24,analysis/reagent/candidates/0x003F49B8/attempt-1.cpp,YELLOW,ABI_UNCERTAIN,PASS,"Matches the Ghidra decompilation exactly, including the call and field write."
0x00414550,poke_3d::model::DressUpModelResourceManager::WaitInitializeAsync,1,24,analysis/reagent/candidates/0x00414550/attempt-1.cpp,YELLOW,ABI_UNCERTAIN,PASS,The reversed function matches the Ghidra logic exactly.
0x003DE8C8,NetLib::Error::NijiNetworkError::SetResultErrorCode,1,44,analysis/reagent/candidates/0x003DE8C8/attempt-1.cpp,YELLOW,ABI_UNCERTAIN,PASS,"The reversed code matches the Ghidra decompilation exactly in calls, offsets, order, and assignment behavior."
0x003F4A68,gflnet2::ServerClient::ServerClientRequestManager::GetHeapInternal,1,48,analysis/reagent/candidates/0x003F4A68/attempt-1.cpp,YELLOW,ABI_UNCERTAIN,PASS,Reversed code matches the Ghidra logic exactly.
0x004070B0,gflnet2::p2p::NetGame::IsInitialize,1,48,analysis/reagent/candidates/0x004070B0/attempt-1.cpp,YELLOW,ABI_UNCERTAIN,PASS,"The reversed function matches the Ghidra control flow, call order, and return semantics."
0x0030C190,app::util::KeyRepeatController::UpdateInfo,1,20,analysis/reagent/candidates/0x0030C190/attempt-1.cpp,YELLOW,PROTOTYPE_UNCERTAIN,PASS,"The reversed implementation matches the Ghidra logic exactly, including all four stores and their offsets."
0x002CC1CC,App::Tool::NewPaneList::SetupTouchArea,1,24,analysis/reagent/candidates/0x002CC1CC/attempt-1.cpp,YELLOW,ABI_UNCERTAIN,PASS,Reversed code matches the Ghidra decompilation exactly.
0x00417110,poke_3d::model::BaseModel::SetPosition,1,28,analysis/reagent/candidates/0x00417110/attempt-1.cpp,YELLOW,PROTOTYPE_UNCERTAIN,PASS,The reversed function matches the Ghidra decompilation exactly.
0x00418600,poke_3d::model::BaseModel::SetScale,1,28,analysis/reagent/candidates/0x00418600/attempt-1.cpp,YELLOW,PROTOTYPE_UNCERTAIN,PASS,"Matches the Ghidra decompilation exactly, including offsets, writes, and statement order."
0x003022A8,std::locale::~locale,1,36,analysis/reagent/candidates/0x003022A8/attempt-1.cpp,YELLOW,ABI_UNCERTAIN,PASS,"Reversed code matches the Ghidra decompilation exactly, including offsets, calls, branches, and expression order."
0x0036D1DC,item::UnloadBtlPocketData,1,36,analysis/reagent/candidates/0x0036D1DC/attempt-1.cpp,YELLOW,ABI_UNCERTAIN,PASS,"The reversed function matches the Ghidra logic exactly, including the null check, free call, and reset of the global pointer."
0x0031222C,app::util::ScrollBar::~ScrollBar,1,40,analysis/reagent/candidates/0x0031222C/attempt-1.cpp,YELLOW,ABI_UNCERTAIN,PASS,The reversed function matches the Ghidra decompilation exactly.
0x003FC4D4,gflnet2::nex::NexMatchMakingRule::NexMatchMakingRule,1,44,analysis/reagent/candidates/0x003FC4D4/attempt-1.cpp,YELLOW,PROTOTYPE_UNCERTAIN,PASS,The reversed constructor matches the Ghidra logic and all observed offsets and assignments.
0x003A9630,Sound::Set3DParam,1,48,analysis/reagent/candidates/0x003A9630/attempt-1.cpp,YELLOW,ABI_UNCERTAIN,PASS,"The reversed function matches the Ghidra logic exactly in call order, control flow, and critical-section handling."
0x003AD210,Sound::SetListenerParam,1,48,analysis/reagent/candidates/0x003AD210/attempt-1.cpp,YELLOW,ABI_UNCERTAIN,PASS,The reversed function matches the Ghidra logic and call order.
0x002E81AC,app::bag::PlayData::GetPocketData,1,52,analysis/reagent/candidates/0x002E81AC/attempt-1.cpp,YELLOW,PROTOTYPE_UNCERTAIN,PASS,"The reversed function matches the Ghidra logic, including the bounds check and return expression."
0x0032E5A4,gfl2::renderingengine::scenegraph::resource::ArrayResourceNode::ArrayResourceNode,1,52,analysis/reagent/candidates/0x0032E5A4/attempt-1.cpp,YELLOW,ABI_UNCERTAIN,PASS,"Matches the Ghidra logic exactly, including call order, writes, and zero-initialization sequence."
0x003CEBC0,NetApp::NBR::NBRNet::SendPriority,1,52,analysis/reagent/candidates/0x003CEBC0/attempt-1.cpp,YELLOW,ABI_UNCERTAIN,PASS,Reversed code matches the Ghidra decompilation exactly.
0x00459894,NetAppLib::UI::NetAppMenuCursor::Draw,1,52,analysis/reagent/candidates/0x00459894/attempt-1.cpp,YELLOW,PROTOTYPE_UNCERTAIN,PASS,"The reversed function matches the Ghidra decompilation exactly, including call arguments and expression order."
0x0030CA70,app::util::AppDemoUtilityHelper::~AppDemoUtilityHelper,1,56,analysis/reagent/candidates/0x0030CA70/attempt-1.cpp,YELLOW,ABI_UNCERTAIN,PASS,The reversed function matches the Ghidra decompilation exactly.
0x002C9E54,App::Tool::MapManager::SetVisibleEventIcon,1,60,analysis/reagent/candidates/0x002C9E54/attempt-1.cpp,YELLOW,ABI_UNCERTAIN,PASS,Reversed code matches the Ghidra decompilation exactly.
0x002FB390,app::tool::PokeSimpleModelInFrame::InitInFrame,1,60,analysis/reagent/candidates/0x002FB390/attempt-1.cpp,YELLOW,PROTOTYPE_UNCERTAIN,PASS,"The reversed function matches the Ghidra decompilation exactly in call, offsets, and assignment order."
0x0045B56C,NetAppLib::Util::NetAppTimeout::NetAppTimeout,1,60,analysis/reagent/candidates/0x0045B56C/attempt-1.cpp,YELLOW,ABI_UNCERTAIN,PASS,"The reversed function matches the Ghidra decompilation line-for-line, including offsets and call order."
0x002FBB40,app::tool::AppToolHPGaugePartsLayout::SetTextVisible,1,64,analysis/reagent/candidates/0x002FBB40/attempt-1.cpp,YELLOW,ABI_UNCERTAIN,PASS,Reversed code matches the Ghidra decompilation exactly.
0x003C1020,print::WordSet::RegisterWord,1,64,analysis/reagent/candidates/0x003C1020/attempt-1.cpp,YELLOW,ABI_UNCERTAIN,PASS,Reversed code matches the Ghidra decompilation exactly.
0x003CEF74,NetApp::NBR::NBRNet::SendMultiDecide,1,64,analysis/reagent/candidates/0x003CEF74/attempt-1.cpp,YELLOW,ABI_UNCERTAIN,PASS,"The reversed function matches the Ghidra decompilation exactly in control flow, calls, offsets, and return logic."
0x00417DC4,poke_3d::model::BaseModel::SetMaterialLightSetIndex,1,64,analysis/reagent/candidates/0x00417DC4/attempt-1.cpp,YELLOW,ABI_UNCERTAIN,PASS,"The reversed function matches the Ghidra logic exactly in body, offsets, calls, and expression order."
0x00461030,NetAppLib::System::NetApplicationViewBase::NetApplicationViewBase,1,64,analysis/reagent/candidates/0x00461030/attempt-1.cpp,YELLOW,ABI_UNCERTAIN,PASS,"The reversed function matches the Ghidra decompilation line for line, including the call, writes, and expression order."
0x004A5AEC,poke_3d::model::BaseModel::GetMaterialDepthTestFunction,1,64,analysis/reagent/candidates/0x004A5AEC/attempt-1.cpp,YELLOW,ABI_UNCERTAIN,PASS,"The reversed function matches the Ghidra logic line-for-line, including the offset arithmetic and call target."
0x003C1060,print::WordSet::RegisterWord,1,68,analysis/reagent/candidates/0x003C1060/attempt-1.cpp,YELLOW,ABI_UNCERTAIN,PASS,"The reversed function matches the Ghidra decompilation exactly, including the call and bitwise expression order."
0x00418308,poke_3d::model::BaseModel::SetMaterialTextureCoordinatorTranslateUV,1,68,analysis/reagent/candidates/0x00418308/attempt-1.cpp,YELLOW,ABI_UNCERTAIN,PASS,"Reversed code matches the Ghidra decompilation exactly, including offsets, call, and expression order."
0x0045ECE0,NetAppLib::System::NetAppFrameBase::NetAppFrameBase,1,68,analysis/reagent/candidates/0x0045ECE0/attempt-1.cpp,YELLOW,ABI_UNCERTAIN,PASS,"The reversed constructor matches the Ghidra decompilation line-for-line, including all offsets, calls, and assignments."
0x0049BC3C,gfl2::system::Date::GetParameters,1,68,analysis/reagent/candidates/0x0049BC3C/attempt-1.cpp,YELLOW,ABI_UNCERTAIN,PASS,"The reversed function matches the Ghidra logic exactly, including the helper call, local usage, and all field writes."
0x0048EDF4,app::util::G2DUtil::IsTouchPane,1,72,analysis/reagent/candidates/0x0048EDF4/attempt-1.cpp,YELLOW,ABI_UNCERTAIN,PASS,Reversed code matches the Ghidra logic and call order exactly.
0x003CF0EC,NetApp::NBR::NBRNet::SendPokePartyRet,1,76,analysis/reagent/candidates/0x003CF0EC/attempt-1.cpp,YELLOW,ABI_UNCERTAIN,PASS,"The reversed function matches the Ghidra logic, including the four byte copies, `this + 8` netgame pointer access, and `SendDataCommand` call with identical arguments."
0x0045E4E8,NetAppLib::Util::NetAppPokemonValidationUtility::NetAppPokemonValidationUtility,1,76,analysis/reagent/candidates/0x0045E4E8/attempt-1.cpp,YELLOW,ABI_UNCERTAIN,PASS,"Reversed code matches the Ghidra decompilation line-for-line, including offsets, memset call, and initialization order."
0x002C9AE4,App::Tool::MapManager::SetupEventArea,1,88,analysis/reagent/candidates/0x002C9AE4/attempt-1.cpp,YELLOW,ABI_UNCERTAIN,PASS,"Reversed code matches the Ghidra decompilation exactly in calls, offsets, and expression order."
0x0036D500,item::FinishLoadBtlPocketData,1,88,analysis/reagent/candidates/0x0036D500/attempt-1.cpp,YELLOW,ABI_UNCERTAIN,PASS,"Reversed code matches the Ghidra decompilation exactly in assignments, offset access, and call order."
0x0042FFC4,PokeTool::PokeModelSystem::PokeModelSystem,1,88,analysis/reagent/candidates/0x0042FFC4/attempt-1.cpp,YELLOW,ABI_UNCERTAIN,PASS,"Reversed code matches the Ghidra logic line-for-line, including calls, offsets, and write order."
0x00417D60,poke_3d::model::BaseModel::SetMaterialColorConstant,1,100,analysis/reagent/candidates/0x00417D60/attempt-1.cpp,YELLOW,ABI_UNCERTAIN,PASS,Reversed code matches the Ghidra decompilation exactly.
0x0043008C,PokeTool::ITEM_RCV_Recover,1,100,analysis/reagent/candidates/0x0043008C/attempt-1.cpp,YELLOW,ABI_UNCERTAIN,PASS,Reversed code matches the Ghidra decompilation exactly.
0x003C08E8,print::SystemFont_ResetDefaultFontInfo,1,32,analysis/reagent/candidates/0x003C08E8/attempt-1.cpp,YELLOW,ABI_UNCERTAIN,PASS,"The loop, call, bounds, and control flow match the Ghidra logic exactly."
0x003D18D4,NetLib::NijiNetworkSystem::SetTempBeaconID,1,44,analysis/reagent/candidates/0x003D18D4/attempt-1.cpp,YELLOW,ABI_UNCERTAIN,PASS,"Logic, branch structure, and memory writes match the Ghidra decompilation."
0x0049A7AC,gfl2::str::StrBuf::GetPtr,1,48,analysis/reagent/candidates/0x0049A7AC/attempt-1.cpp,YELLOW,ABI_UNCERTAIN,PASS,"The reversed function matches the Ghidra decompilation exactly, including the conditional, offsets, and return expression."
0x002A0A34,nw::lyt::Pane::AppendChild,1,56,analysis/reagent/candidates/0x002A0A34/attempt-1.cpp,YELLOW,PROTOTYPE_UNCERTAIN,PASS,Reversed code matches the Ghidra decompilation exactly.
0x00499578,gfl2::lyt::LytWk::GetHitPane,1,68,analysis/reagent/candidates/0x00499578/attempt-1.cpp,YELLOW,ABI_UNCERTAIN,PASS,"The reversed function matches the Ghidra logic line-for-line, including calls, assignments, and return behavior."
0x00313CF0,pml::waza::ZenryokuWazaSystem::GetZenryokuWazaKind,1,20,analysis/reagent/candidates/0x00313CF0/attempt-1.cpp,YELLOW,ABI_UNCERTAIN,PASS,The reversed function matches the Ghidra decompilation exactly.
0x003158A4,pml::personal::LoadPersonalData,1,20,analysis/reagent/candidates/0x003158A4/attempt-1.cpp,YELLOW,ABI_UNCERTAIN,PASS,"Matches Ghidra exactly, including call target, argument order, and unused param_3."
0x0035E910,gfl2::system::Date::GetNow,1,24,analysis/reagent/candidates/0x0035E910/attempt-1.cpp,YELLOW,ABI_UNCERTAIN,PASS,Reversed code matches the Ghidra decompilation exactly.
0x00417340,poke_3d::model::BaseModel::SetRotation,1,32,analysis/reagent/candidates/0x00417340/attempt-1.cpp,YELLOW,ABI_UNCERTAIN,PASS,The reversed function matches the Ghidra decompilation exactly.
0x00407440,gflnet2::p2p::NetGame::SendDataCommandSendBit,1,36,analysis/reagent/candidates/0x00407440/attempt-1.cpp,YELLOW,ABI_UNCERTAIN,PASS,The reversed function matches the Ghidra decompilation exactly.
0x0042CEF8,PokeTool::PersonalSort::GetSortedMonsNo,1,36,analysis/reagent/candidates/0x0042CEF8/attempt-1.cpp,YELLOW,ABI_UNCERTAIN,PASS,Reversed code matches the Ghidra decompilation exactly.
0x002E78C4,app::ui::UIView::SetTextboxPaneString,1,40,analysis/reagent/candidates/0x002E78C4/attempt-1.cpp,YELLOW,ABI_UNCERTAIN,PASS,The reversed function matches the Ghidra control flow and calls exactly.
0x003D1978,NetLib::NijiNetworkSystem::TerminateNetwork,1,40,analysis/reagent/candidates/0x003D1978/attempt-1.cpp,YELLOW,ABI_UNCERTAIN,PASS,The reversed function matches the Ghidra decompilation exactly.
0x0045ECB8,NetAppLib::System::NetAppFrameBase::exitFrame,1,40,analysis/reagent/candidates/0x0045ECB8/attempt-1.cpp,YELLOW,PROTOTYPE_UNCERTAIN,PASS,"The reversed function matches the Ghidra logic exactly, including call order and member offsets."
0x004A2D4C,NetLib::Error::NijiNetworkErrorManager::IsSessionLeft,1,44,analysis/reagent/candidates/0x004A2D4C/attempt-1.cpp,YELLOW,PROTOTYPE_UNCERTAIN,PASS,"The reversed function matches the Ghidra logic exactly, including offsets, conditions, and branch behavior."
0x003DE42C,NetLib::Error::NijiNetworkError::SetResultNex,1,52,analysis/reagent/candidates/0x003DE42C/attempt-1.cpp,YELLOW,ABI_UNCERTAIN,PASS,"The reversed function matches the Ghidra logic in assignment order, calls, and final writeback."
0x0049967C,app::util::GetPaneHelper::GetBoundingPane,1,52,analysis/reagent/candidates/0x0049967C/attempt-1.cpp,YELLOW,ABI_UNCERTAIN,PASS,"The reversed function matches the Ghidra logic, branches, calls, and pointer traversal exactly."
0x001541A4,DEFAULT_POWERUP_DESC_Clear,1,56,analysis/reagent/candidates/0x001541A4/attempt-1.cpp,YELLOW,ABI_UNCERTAIN,PASS,Reversed code matches the Ghidra logic line-for-line and preserves all offsets and assignments.
0x003AA730,Sound::IsBGMPlaying,1,56,analysis/reagent/candidates/0x003AA730/attempt-1.cpp,YELLOW,ABI_UNCERTAIN,PASS,Reversed code matches the Ghidra decompilation exactly.
0x004977AC,gfl2::fs::BinLinkerAccessor::GetDataSize,1,56,analysis/reagent/candidates/0x004977AC/attempt-1.cpp,YELLOW,PROTOTYPE_UNCERTAIN,PASS,The reversed function matches the Ghidra decompilation exactly.
0x00474E74,Regulation::GetCrc,1,60,analysis/reagent/candidates/0x00474E74/attempt-1.cpp,YELLOW,ABI_UNCERTAIN,PASS,Reversed code matches the Ghidra decompilation exactly.
0x002C9E94,App::Tool::MapManager::SetVisibleHeroArrow,1,68,analysis/reagent/candidates/0x002C9E94/attempt-1.cpp,YELLOW,PROTOTYPE_UNCERTAIN,PASS,Reversed code matches the Ghidra decompilation exactly.
0x002FA984,app::tool::AppCommonGrpIconData::ReplacePaneTextureByNewIcon,1,68,analysis/reagent/candidates/0x002FA984/attempt-1.cpp,YELLOW,PROTOTYPE_UNCERTAIN,PASS,"The reversed function matches the Ghidra logic exactly: same null check, same call arguments, and same return behavior."
0x001049F8,gfl2::ui::Button::IsHold,1,72,analysis/reagent/candidates/0x001049F8/attempt-1.cpp,YELLOW,ABI_UNCERTAIN,PASS,Reversed code matches the Ghidra decompilation exactly.
0x003A98D8,Sound::Play3DActor,1,72,analysis/reagent/candidates/0x003A98D8/attempt-1.cpp,YELLOW,ABI_UNCERTAIN,PASS,Reversed code matches the Ghidra decompilation exactly.
0x0048EE78,app::util::G2DUtil::GetPaneVisible,1,72,analysis/reagent/candidates/0x0048EE78/attempt-1.cpp,YELLOW,PROTOTYPE_UNCERTAIN,PASS,Reversed code matches the Ghidra decompilation exactly.
0x00498F90,gfl2::ui::Button::IsRelease,1,72,analysis/reagent/candidates/0x00498F90/attempt-1.cpp,YELLOW,ABI_UNCERTAIN,PASS,Reversed code matches the Ghidra decompilation exactly.
0x0030DD74,app::util::AppCountryRegionNameUtility::GetCountryName,1,76,analysis/reagent/candidates/0x0030DD74/attempt-1.cpp,YELLOW,ABI_UNCERTAIN,PASS,"Reversed code matches the Ghidra decompilation line-for-line, including offsets, calls, masking, and return value."
0x00338E9C,gfl2::renderingengine::renderer::util::MakeReductionImagePath::MakeReductionImagePath,1,76,analysis/reagent/candidates/0x00338E9C/attempt-1.cpp,YELLOW,ABI_UNCERTAIN,PASS,"Reversed code matches the Ghidra decompilation exactly, including all offsets, calls, and expression order."
0x00448978,NetAppLib::JoinFestaUI::JoinFestaPlayerData::JoinFestaPlayerData,1,76,analysis/reagent/candidates/0x00448978/attempt-1.cpp,YELLOW,ABI_UNCERTAIN,PASS,"The reversed function matches the Ghidra logic and preserves call sequence, offsets, and writes."
0x002F03C8,app::tool::ResourceLoader::ReleaseData,1,80,analysis/reagent/candidates/0x002F03C8/attempt-1.cpp,YELLOW,ABI_UNCERTAIN,PASS,Reversed code matches the Ghidra decompilation exactly.
0x00498F40,gfl2::ui::Button::IsRepeat,1,80,analysis/reagent/candidates/0x00498F40/attempt-1.cpp,YELLOW,ABI_UNCERTAIN,PASS,Reversed code matches the Ghidra decompilation exactly.
0x003C1B68,print::WordSet::RegisterPokeTypeName,1,88,analysis/reagent/candidates/0x003C1B68/attempt-1.cpp,YELLOW,ABI_UNCERTAIN,PASS,The reversed code matches the Ghidra decompilation exactly.
0x003C1F10,print::WordSet::RegisterPokeMonsNameMsgData,1,88,analysis/reagent/candidates/0x003C1F10/attempt-1.cpp,YELLOW,ABI_UNCERTAIN,PASS,Reversed code matches the Ghidra decompilation exactly.
0x004531F8,NetAppLib::JoinFestaUI::JoinFestaAttractionSelectLowerView::SetVisibleArrowIcon,1,88,analysis/reagent/candidates/0x004531F8/attempt-1.cpp,YELLOW,PROTOTYPE_UNCERTAIN,PASS,Reversed code matches the Ghidra logic exactly.
0x0045CE34,NetAppLib::Util::NetAppPokeModelUtility::NetAppPokeModelUtility,1,88,analysis/reagent/candidates/0x0045CE34/attempt-1.cpp,YELLOW,ABI_UNCERTAIN,PASS,The reversed constructor matches the Ghidra initialization sequence and values.
0x002D20C8,App::Tool::CommonMessageWindowManipulator::ShowMessage,1,96,analysis/reagent/candidates/0x002D20C8/attempt-1.cpp,YELLOW,ABI_UNCERTAIN,PASS,"The reversed function matches the Ghidra decompilation line-for-line, including offsets, calls, branches, and expression order."
0x00485D48,nw::lyt::TexMap::GetTextureInfo,1,96,analysis/reagent/candidates/0x00485D48/attempt-1.cpp,YELLOW,PROTOTYPE_UNCERTAIN,PASS,"Reversed code matches the Ghidra decompilation exactly, including offsets, stores, and expression order."
0x00356298,gfl2::str::MsgData::MsgData,1,100,analysis/reagent/candidates/0x00356298/attempt-1.cpp,YELLOW,ABI_UNCERTAIN,PASS,"Reversed code matches the Ghidra decompilation line-for-line, including offsets, branching, and expression order."
0x003ED79C,System::DressUp::GetDressUpParamDefaultHeroine,1,100,analysis/reagent/candidates/0x003ED79C/attempt-1.cpp,YELLOW,ABI_UNCERTAIN,PASS,"The reversed function matches the Ghidra decompilation exactly in assignments, offsets, and expression order."
0x003ED870,System::DressUp::GetDressUpParamDefaultIndispensableHeroine,1,100,analysis/reagent/candidates/0x003ED870/attempt-1.cpp,YELLOW,ABI_UNCERTAIN,PASS,Reversed code matches the Ghidra decompilation exactly.
0x003C0FB8,print::WordSet::RegisterWord,1,104,analysis/reagent/candidates/0x003C0FB8/attempt-1.cpp,YELLOW,ABI_UNCERTAIN,PASS,Reversed code matches the Ghidra decompilation exactly.
0x0044C3E0,NetAppLib::JoinFestaUI::JoinFestaPlayerListManager::JoinFestaPlayerListManager,1,104,analysis/reagent/candidates/0x0044C3E0/attempt-1.cpp,YELLOW,ABI_UNCERTAIN,PASS,"The reversed function matches the Ghidra decompilation line for line, including the vtable write, chained allocator calls, constructor call, and final byte store."
0x0045C058,NetAppLib::Util::NetAppEffectBG::NetAppEffectBG,1,104,analysis/reagent/candidates/0x0045C058/attempt-1.cpp,YELLOW,ABI_UNCERTAIN,PASS,The reversed function matches the Ghidra logic and call/offset sequence.
0x00455B30,NetAppLib::JoinFestaUI::JoinFestaPlayerListMessageMenuLowerView::SetStreamMessageYesNoBlackFilter,1,108,analysis/reagent/candidates/0x00455B30/attempt-1.cpp,YELLOW,PROTOTYPE_UNCERTAIN,PASS,"The reversed function matches the Ghidra decompilation line-for-line, including calls, offsets, constants, and write-back."
0x004A5420,poke_3d::model::DressUpModelResourceManagerCore::IsDressUpPartsColorEnabled,1,108,analysis/reagent/candidates/0x004A5420/attempt-1.cpp,YELLOW,PROTOTYPE_UNCERTAIN,PASS,"The reversed function matches the Ghidra body, offsets, call, and expression order exactly."
0x003ED72C,System::DressUp::GetDressUpParamDefaultHero,1,112,analysis/reagent/candidates/0x003ED72C/attempt-1.cpp,YELLOW,PROTOTYPE_UNCERTAIN,PASS,"The reversed function matches the Ghidra decompilation exactly, including all writes and their order."
0x003ED800,System::DressUp::GetDressUpParamDefaultIndispensableHero,1,112,analysis/reagent/candidates/0x003ED800/attempt-1.cpp,YELLOW,ABI_UNCERTAIN,PASS,"The reversed function matches the Ghidra decompilation line-for-line, including all array offsets and assignment order."
0x0031183C,app::util::G2DUtil::SetTexMap,1,120,analysis/reagent/candidates/0x0031183C/attempt-1.cpp,YELLOW,ABI_UNCERTAIN,PASS,"The reversed function matches the Ghidra decompilation line-for-line, including offsets, calls, bitmasking, and return expression."
0x00449CFC,NetAppLib::JoinFestaUI::JoinFestaSurveyLowerView::JoinFestaSurveyLowerView,1,120,analysis/reagent/candidates/0x00449CFC/attempt-1.cpp,YELLOW,ABI_UNCERTAIN,PASS,Matches the decompilation line-for-line with no missing logic.
0x004AAEDC,NetAppLib::JoinFesta::JoinFestaPersonalData::GetJoinFestaFriendKey,1,28,analysis/reagent/candidates/0x004AAEDC/attempt-1.cpp,YELLOW,ABI_UNCERTAIN,PASS,"Reversed code matches the Ghidra decompilation exactly, including offsets, assignment order, and lack of branches/calls."
0x002EC31C,app::tool::ButtonManager::SetNotifyTimming,1,48,analysis/reagent/candidates/0x002EC31C/attempt-1.cpp,YELLOW,PROTOTYPE_UNCERTAIN,PASS,"Reversed code matches the Ghidra logic, including offsets, loop behavior, and the per-element write at +0x4a."
0x00310CEC,app::util::G2DUtil::GetLayoutResourceID,1,64,analysis/reagent/candidates/0x00310CEC/attempt-1.cpp,YELLOW,PROTOTYPE_UNCERTAIN,PASS,Reversed code matches the Ghidra decompilation exactly.
0x001551DC,GetCornerColorFromBtlClientId,1,72,analysis/reagent/candidates/0x001551DC/attempt-1.cpp,YELLOW,UNKNOWN_TYPE,PASS,Reversed code matches the Ghidra logic exactly.
0x003308BC,gfl2::renderingengine::scenegraph::resource::GfBinaryCollisionMdlData::SetModelData,1,80,analysis/reagent/candidates/0x003308BC/attempt-1.cpp,YELLOW,PROTOTYPE_UNCERTAIN,PASS,"The reversed function matches the Ghidra control flow, constants, assignments, and return behavior exactly."
0x004072D4,gflnet2::p2p::NetGame::SendDataCommand,1,32,analysis/reagent/candidates/0x004072D4/attempt-1.cpp,YELLOW,ABI_UNCERTAIN,PASS,The reversed function matches the Ghidra decompilation exactly.
0x0030F850,app::util::G2DUtil::SetPaneAlpha,1,36,analysis/reagent/candidates/0x0030F850/attempt-1.cpp,YELLOW,PROTOTYPE_UNCERTAIN,PASS,"Logic, branch, offset, and call sequence match the Ghidra decompilation."
0x00310E2C,app::util::G2DUtil::DeleteAppLytAccessor,1,44,analysis/reagent/candidates/0x00310E2C/attempt-1.cpp,YELLOW,ABI_UNCERTAIN,PASS,The reversed function matches the Ghidra decompilation exactly.
0x0035F17C,gfl2::thread::Event::Finalize,1,44,analysis/reagent/candidates/0x0035F17C/attempt-1.cpp,YELLOW,ABI_UNCERTAIN,PASS,Reversed code matches the Ghidra decompilation exactly.
0x003100C0,app::util::G2DUtil::DeleteMsgCursor,1,48,analysis/reagent/candidates/0x003100C0/attempt-1.cpp,YELLOW,ABI_UNCERTAIN,PASS,Matches the Ghidra decompilation exactly.
0x003EA468,System::GflUse::GetPokemonCreateRand,1,48,analysis/reagent/candidates/0x003EA468/attempt-1.cpp,YELLOW,ABI_UNCERTAIN,PASS,"The reversed function matches the Ghidra logic, control flow, offsets, and call sequence."
0x0040F3D8,poke_3d::model::DressUpModel::DressUpModel,1,48,analysis/reagent/candidates/0x0040F3D8/attempt-1.cpp,YELLOW,ABI_UNCERTAIN,PASS,"The reversed constructor matches the Ghidra logic exactly, including call order, pointer arithmetic, and the final field zeroing."
0x002D8350,App::Resort::ResortDataManager::UnsetStaticInstance,1,52,analysis/reagent/candidates/0x002D8350/attempt-1.cpp,YELLOW,ABI_UNCERTAIN,PASS,Reversed code matches the Ghidra decompilation exactly.
0x002F23BC,app::tool::CharaSimpleModel::SetPos,1,56,analysis/reagent/candidates/0x002F23BC/attempt-1.cpp,YELLOW,PROTOTYPE_UNCERTAIN,PASS,"Matches the Ghidra logic, branch, call, and store order."
0x002FBBD4,app::tool::AppToolHPGaugePartsLayout::SetNumber,1,56,analysis/reagent/candidates/0x002FBBD4/attempt-1.cpp,YELLOW,ABI_UNCERTAIN,PASS,Reversed code matches the Ghidra decompilation line-for-line and preserves call/order semantics.
0x003116D0,app::util::G2DUtil::SetScale,1,56,analysis/reagent/candidates/0x003116D0/attempt-1.cpp,YELLOW,ABI_UNCERTAIN,PASS,"Reversed code matches the Ghidra decompilation line-for-line, including call, offsets, and bitmask update."
0x0036DD24,item::ITEM_DATA::ITEM_DATA,1,56,analysis/reagent/candidates/0x0036DD24/attempt-1.cpp,YELLOW,PROTOTYPE_UNCERTAIN,PASS,Reversed code matches the Ghidra logic and write order exactly.
0x00459944,NetAppLib::UI::NetAppMenuCursor::NetAppMenuCursor,1,56,analysis/reagent/candidates/0x00459944/attempt-1.cpp,YELLOW,ABI_UNCERTAIN,PASS,"The reversed constructor matches the Ghidra logic line-for-line, including offsets, call order, and zero-initialization."
0x00460EB8,NetAppLib::System::ApplicationSystemBase::~ApplicationSystemBase,1,56,analysis/reagent/candidates/0x00460EB8/attempt-1.cpp,YELLOW,ABI_UNCERTAIN,PASS,Reversed code matches the Ghidra decompilation exactly.
0x002CB3E8,App::Tool::TalkWindow::IsTimerIconOutAnimeEnd,1,60,analysis/reagent/candidates/0x002CB3E8/attempt-1.cpp,YELLOW,PROTOTYPE_UNCERTAIN,PASS,"Reversed code matches the Ghidra logic exactly, including offset, call order, branch, and return expression."
0x0049816C,gfl2::ui::TouchPanel::GetXY,1,60,analysis/reagent/candidates/0x0049816C/attempt-1.cpp,YELLOW,ABI_UNCERTAIN,PASS,"The reversed function matches the Ghidra logic line-for-line, including call order and writes to both output elements."
0x0030F7B4,app::util::G2DUtil::IsAnimePause,1,64,analysis/reagent/candidates/0x0030F7B4/attempt-1.cpp,YELLOW,ABI_UNCERTAIN,PASS,Reversed code matches the Ghidra decompilation exactly.
0x00311340,app::util::G2DUtil::SetTextBoxPaneStringExpand,1,64,analysis/reagent/candidates/0x00311340/attempt-1.cpp,YELLOW,PROTOTYPE_UNCERTAIN,PASS,"Reversed code matches the Ghidra decompilation exactly, including call order and member offsets."
0x00336340,gfl2::renderingengine::renderer::RenderingPipeLine::SceneRenderPath::ReuseCommand,1,64,analysis/reagent/candidates/0x00336340/attempt-1.cpp,YELLOW,ABI_UNCERTAIN,PASS,Reversed code matches the Ghidra decompilation line-for-line and preserves call/order/offset behavior.
0x003CEFB4,NetApp::NBR::NBRNet::SendMultiSelect,1,64,analysis/reagent/candidates/0x003CEFB4/attempt-1.cpp,YELLOW,ABI_UNCERTAIN,PASS,"The reversed function matches the Ghidra decompilation exactly in control flow, call, offsets, and expression order."
0x003DF504,NetLib::Error::NijiNetworkErrorManager::UnregistListener,1,64,analysis/reagent/candidates/0x003DF504/attempt-1.cpp,YELLOW,ABI_UNCERTAIN,PASS,"Reversed code matches the Ghidra logic and all offsets, branches, and assignments align."
0x002EBEB4,app::tool::PaneListView::PaneListView,1,68,analysis/reagent/candidates/0x002EBEB4/attempt-1.cpp,YELLOW,ABI_UNCERTAIN,PASS,"Reversed code matches the Ghidra logic, including call sequence, offsets, and assignments."
0x00305698,app::tool::ScrollBar::SetMarkSize,1,68,analysis/reagent/candidates/0x00305698/attempt-1.cpp,YELLOW,ABI_UNCERTAIN,PASS,"The reversed function matches the Ghidra decompilation in signature, control flow, calls, offsets, and expression order."
0x003C234C,print::WordSet::Expand,1,68,analysis/reagent/candidates/0x003C234C/attempt-1.cpp,YELLOW,ABI_UNCERTAIN,PASS,Reversed code matches the Ghidra decompilation exactly.
0x00161824,FullPowerEffectRenderPath0::FullPowerEffectRenderPath0,1,80,analysis/reagent/candidates/0x00161824/attempt-1.cpp,YELLOW,ABI_UNCERTAIN,PASS,The reversed function matches the Ghidra logic and call/offset sequence.
0x0035E088,gfl2::Effect::System::CreateEmitterSetID,1,80,analysis/reagent/candidates/0x0035E088/attempt-1.cpp,YELLOW,ABI_UNCERTAIN,PASS,"The reversed function matches the Ghidra logic line-for-line, including stack copies and the single call expression."
0x004357A4,PokeTool::PokeModel::GetFullPowerDisableMaterialData,1,80,analysis/reagent/candidates/0x004357A4/attempt-1.cpp,YELLOW,ABI_UNCERTAIN,PASS,"The reversed function matches the Ghidra decompilation in control flow, calls, offsets, and expression order."
0x004182B4,poke_3d::model::BaseModel::SetMaterialTextureCoordinatorRotateUV,1,84,analysis/reagent/candidates/0x004182B4/attempt-1.cpp,YELLOW,ABI_UNCERTAIN,PASS,Reversed code matches the Ghidra decompilation exactly.
0x0035E890,gfl2::system::Date::SetDateTimeToSecond,1,88,analysis/reagent/candidates/0x0035E890/attempt-1.cpp,YELLOW,ABI_UNCERTAIN,PASS,Reversed code matches the Ghidra logic and call sequence.
0x00430498,PokeTool::ITEM_RCV_RecoverCheck,1,92,analysis/reagent/candidates/0x00430498/attempt-1.cpp,YELLOW,ABI_UNCERTAIN,PASS,The reversed function matches the Ghidra decompilation line for line.
0x00460EF4,NetAppLib::System::NetApplicationViewBase::setupLayout,1,92,analysis/reagent/candidates/0x00460EF4/attempt-1.cpp,YELLOW,PROTOTYPE_UNCERTAIN,PASS,Reversed code matches the Ghidra decompilation exactly.
0x00354600,gfl2::str::StrBuf::StrBuf,1,96,analysis/reagent/candidates/0x00354600/attempt-1.cpp,YELLOW,ABI_UNCERTAIN,PASS,"The reversed constructor matches the Ghidra logic, including field initialization, allocation, copy call, and success flag handling."
0x00455A68,NetAppLib::JoinFestaUI::JoinFestaPlayerListMessageMenuLowerView::SetStreamMessageBlackFilter,1,96,analysis/reagent/candidates/0x00455A68/attempt-1.cpp,YELLOW,ABI_UNCERTAIN,PASS,"The reversed function matches the Ghidra decompilation line-for-line, including offsets, call order, and expression order."
0x002CBDC0,App::Tool::NewPaneList::SetExScroll,1,104,analysis/reagent/candidates/0x002CBDC0/attempt-1.cpp,YELLOW,ABI_UNCERTAIN,PASS,"The reversed function matches the Ghidra logic, including all branches, stores, and offset accesses."
0x00455AC8,NetAppLib::JoinFestaUI::JoinFestaPlayerListMessageMenuLowerView::SetStreamMessageBlackFilter,1,104,analysis/reagent/candidates/0x00455AC8/attempt-1.cpp,YELLOW,ABI_UNCERTAIN,PASS,"The reversed function matches the Ghidra logic, call order, and all observed offsets exactly."
0x004555F8,NetAppLib::JoinFestaUI::JoinFestaPlayerListMessageMenuLowerView::SetMessageBlackFilter,1,108,analysis/reagent/candidates/0x004555F8/attempt-1.cpp,YELLOW,ABI_UNCERTAIN,PASS,"The reversed function matches the Ghidra decompilation line-for-line, including offsets, call order, and arguments."
0x002E9B98,app::tool::MenuCursor::LoadResourceSync,1,112,analysis/reagent/candidates/0x002E9B98/attempt-1.cpp,YELLOW,PROTOTYPE_UNCERTAIN,PASS,"Reversed code matches the Ghidra logic exactly, including call order, offset access, and final assignment."
0x002FD218,app::tool::AppToolTrainerIconRendering::GetUseDeviceHeapSize,1,112,analysis/reagent/candidates/0x002FD218/attempt-1.cpp,YELLOW,ABI_UNCERTAIN,PASS,"Reversed function matches the Ghidra decompilation in control flow, calls, and expression order."
0x002CB744,App::Tool::TalkWindow::TalkWindow,1,116,analysis/reagent/candidates/0x002CB744/attempt-1.cpp,YELLOW,ABI_UNCERTAIN,PASS,"Reversed code matches the Ghidra logic and all field writes, offsets, and call ordering align."
0x004353CC,PokeTool::PokeModel::GetEffectNodePosition,1,128,analysis/reagent/candidates/0x004353CC/attempt-1.cpp,YELLOW,PROTOTYPE_UNCERTAIN,PASS,"Reversed code matches the Ghidra logic line-for-line, including offsets, branch behavior, and expression order."
0x00449010,NetAppLib::JoinFestaUI::JoinFestaAttractionData::GetAttractionID,1,52,analysis/reagent/candidates/0x00449010/attempt-1.cpp,YELLOW,PROTOTYPE_UNCERTAIN,PASS,The reversed code matches the Ghidra decompilation exactly.
0x004A5840,poke_3d::model::BaseModel::GetJointWorldMatrix,1,52,analysis/reagent/candidates/0x004A5840/attempt-1.cpp,YELLOW,ABI_UNCERTAIN,PASS,"The reversed function matches the Ghidra decompilation exactly in control flow, offsets, call usage, and return expression."
0x00472ED0,NetAppLib::JoinFesta::JoinFestaPersonalDataManager::GetPersonalDataList,1,56,analysis/reagent/candidates/0x00472ED0/attempt-1.cpp,YELLOW,ABI_UNCERTAIN,PASS,"The reversed function matches the Ghidra decompilation exactly, including the bounds check and return expression order."
0x0035A208,gfl2::pawn::PawnBase::GetGlobalParameterPointer,1,64,analysis/reagent/candidates/0x0035A208/attempt-1.cpp,YELLOW,ABI_UNCERTAIN,PASS,"The reversed function matches the Ghidra decompilation exactly, including control flow, calls, and return value."
0x0043072C,PokeTool::KawaigariParamCareCoreManager::TypeEnabled_Dirt,1,72,analysis/reagent/candidates/0x0043072C/attempt-1.cpp,YELLOW,ABI_UNCERTAIN,PASS,"Reversed code matches the Ghidra decompilation in control flow, offsets, call usage, and expression order."
0x004A4364,app::tool::CharaSimpleModel::GetEye,1,76,analysis/reagent/candidates/0x004A4364/attempt-1.cpp,YELLOW,PROTOTYPE_UNCERTAIN,PASS,Reversed code matches the Ghidra decompilation exactly.
0x00430774,PokeTool::KawaigariParamCareCoreManager::TypeEnabled_Dust,1,80,analysis/reagent/candidates/0x00430774/attempt-1.cpp,YELLOW,ABI_UNCERTAIN,PASS,"Reversed code matches the Ghidra decompilation line-for-line, including offsets, call order, and branch conditions."
0x004307C4,PokeTool::KawaigariParamCareCoreManager::TypeEnabled_Hair,1,80,analysis/reagent/candidates/0x004307C4/attempt-1.cpp,YELLOW,ABI_UNCERTAIN,PASS,"The reversed code matches the Ghidra decompilation exactly in calls, offsets, conditions, and return logic."
0x00430814,PokeTool::KawaigariParamCareCoreManager::TypeEnabled_Water,1,80,analysis/reagent/candidates/0x00430814/attempt-1.cpp,YELLOW,ABI_UNCERTAIN,PASS,"Reversed code matches the Ghidra decompilation line-for-line, including calls, offsets, branch conditions, and expression order."
0x00459624,NetAppLib::UI::NetAppCursorView::Draw,1,32,analysis/reagent/candidates/0x00459624/attempt-1.cpp,YELLOW,PROTOTYPE_UNCERTAIN,PASS,"The reversed code matches the Ghidra decompilation exactly, including the offset check, indirect call, and branch structure."
0x00464B80,NetAppLib::P2PTrade::P2PTradeRequestClient::AddFinalSyncRequest,1,32,analysis/reagent/candidates/0x00464B80/attempt-1.cpp,YELLOW,PROTOTYPE_UNCERTAIN,PASS,"The reversed function matches the Ghidra logic, including the null check, indirect call at offset 0x28, and control flow."
0x00464BA0,NetAppLib::P2PTrade::P2PTradeRequestClient::AddTradeExitRequest,1,32,analysis/reagent/candidates/0x00464BA0/attempt-1.cpp,YELLOW,PROTOTYPE_UNCERTAIN,PASS,"The reversed code matches the Ghidra logic, including the null check, indirect call, and control flow."
0x00464BF4,NetAppLib::P2PTrade::P2PTradeRequestClient::AddFinalTradeRequest,1,32,analysis/reagent/candidates/0x00464BF4/attempt-1.cpp,YELLOW,PROTOTYPE_UNCERTAIN,PASS,"The reversed code matches the Ghidra logic: same null check, same offset, same indirect call, and no missing branches."
0x00464C14,NetAppLib::P2PTrade::P2PTradeRequestClient::AddFirstTradeRequest,1,32,analysis/reagent/candidates/0x00464C14/attempt-1.cpp,YELLOW,ABI_UNCERTAIN,PASS,"The reversed code matches the Ghidra logic exactly, including the null check and indirect call."
0x00464CF0,NetAppLib::P2PTrade::P2PTradeRequestClient::CancelFirstTradeRequest,1,32,analysis/reagent/candidates/0x00464CF0/attempt-1.cpp,YELLOW,PROTOTYPE_UNCERTAIN,PASS,"The reversed function matches the Ghidra control flow, offset access, and indirect call semantics."
0x00464D18,NetAppLib::P2PTrade::P2PTradeRequestClient::AddFinalSyncCancelRequest,1,32,analysis/reagent/candidates/0x00464D18/attempt-1.cpp,YELLOW,PROTOTYPE_UNCERTAIN,PASS,"Reversed code matches the Ghidra logic, including the null check, offset, and indirect call."
0x00464D38,NetAppLib::P2PTrade::P2PTradeRequestClient::AddSendTradeCancelRequest,1,32,analysis/reagent/candidates/0x00464D38/attempt-1.cpp,YELLOW,PROTOTYPE_UNCERTAIN,PASS,"The reversed function matches the Ghidra logic: same null check, same indirect call through offset 0x20, and no missing branches or side effects."
0x002E6F94,app::ui::UIResponder::CallBackFuncOnButtonTouchTrigger,1,36,analysis/reagent/candidates/0x002E6F94/attempt-1.cpp,YELLOW,PROTOTYPE_UNCERTAIN,PASS,"The reversed function matches the Ghidra decompilation exactly in control flow, offsets, and indirect call behavior."
0x002E6FC0,app::ui::UIResponder::CallbackFuncOnButtonSelectedBeforeAnime,1,36,analysis/reagent/candidates/0x002E6FC0/attempt-1.cpp,YELLOW,PROTOTYPE_UNCERTAIN,PASS,"The reversed function matches the Ghidra decompilation line-for-line in control flow, offsets, and indirect call behavior."
0x002E6EA0,app::ui::UIResponder::ReleaseButtonManager,1,48,analysis/reagent/candidates/0x002E6EA0/attempt-1.cpp,YELLOW,ABI_UNCERTAIN,PASS,"The reversed function matches the Ghidra decompilation in calls, branch, offset usage, and expression order."
0x002D1D04,App::Tool::CommonMessageWindowView::ShowMessage,1,52,analysis/reagent/candidates/0x002D1D04/attempt-1.cpp,YELLOW,PROTOTYPE_UNCERTAIN,PASS,"The reversed function matches the Ghidra decompilation in calls, offsets, branch logic, and expression order."
0x002E0CB8,App::PokeList::IntermediateData::GetPokeConst,1,52,analysis/reagent/candidates/0x002E0CB8/attempt-1.cpp,YELLOW,ABI_UNCERTAIN,PASS,"The reversed function matches the Ghidra decompilation in control flow, offsets, and call behavior."
0x00459B1C,NetAppLib::UI::NetAppMessageMenu::ShowMessageWithListMenu,1,52,analysis/reagent/candidates/0x00459B1C/attempt-1.cpp,YELLOW,PROTOTYPE_UNCERTAIN,PASS,The reversed function matches the Ghidra logic exactly.
0x002CB150,App::Tool::TalkWindow::SetMessageSpeed,1,56,analysis/reagent/candidates/0x002CB150/attempt-1.cpp,YELLOW,PROTOTYPE_UNCERTAIN,PASS,"The reversed function matches the Ghidra logic exactly, including the null check, call target, arguments, and branch behavior."
0x003054B0,app::tool::PokeIcon::IsLoadDummyTextureFinished,1,56,analysis/reagent/candidates/0x003054B0/attempt-1.cpp,YELLOW,ABI_UNCERTAIN,PASS,"The reversed function matches the Ghidra logic, including the null check, member offsets, call arguments, and return behavior."
0x003A99AC,Sound::Stop3DActor,1,56,analysis/reagent/candidates/0x003A99AC/attempt-1.cpp,YELLOW,ABI_UNCERTAIN,PASS,Reversed code matches the Ghidra decompilation exactly.
0x003ABC6C,Sound::Set3DActorPos,1,56,analysis/reagent/candidates/0x003ABC6C/attempt-1.cpp,YELLOW,ABI_UNCERTAIN,PASS,Reversed code matches the Ghidra decompilation exactly.
0x00498F08,gfl2::ui::Button::GetHold,1,56,analysis/reagent/candidates/0x00498F08/attempt-1.cpp,YELLOW,ABI_UNCERTAIN,PASS,"The reversed function matches the Ghidra decompilation line-for-line, including the call, branch, and pointer arithmetic."
0x00305050,app::tool::PokeIcon::FileCloseSync,1,60,analysis/reagent/candidates/0x00305050/attempt-1.cpp,YELLOW,PROTOTYPE_UNCERTAIN,PASS,"The reversed function matches the Ghidra logic exactly, including call order and the null assignment at offset 0x10."
0x003070E8,app::util::GetPaneHelper::GetPaneHelper,1,60,analysis/reagent/candidates/0x003070E8/attempt-1.cpp,YELLOW,ABI_UNCERTAIN,PASS,Reversed constructor matches the Ghidra logic and all offsets/assignments align.
0x0030F778,app::util::G2DUtil::GetPaneAlpha,1,60,analysis/reagent/candidates/0x0030F778/attempt-1.cpp,YELLOW,ABI_UNCERTAIN,PASS,Reversed code matches the Ghidra decompilation exactly.
0x003236FC,gfl2::renderingengine::scenegraph::SceneGraphManager::TraverseModelFastFromChild,1,60,analysis/reagent/candidates/0x003236FC/attempt-1.cpp,YELLOW,ABI_UNCERTAIN,PASS,Reversed code matches the Ghidra decompilation exactly.
0x002FB474,app::tool::PokeSimpleModelInFrame::PokeSimpleModelInFrame,1,64,analysis/reagent/candidates/0x002FB474/attempt-1.cpp,YELLOW,ABI_UNCERTAIN,PASS,"Reversed code matches the Ghidra decompilation for calls, offsets, and expression order."
0x0030D06C,app::util::OutputPokemonTypeManual,1,64,analysis/reagent/candidates/0x0030D06C/attempt-1.cpp,YELLOW,PROTOTYPE_UNCERTAIN,PASS,"The reversed function matches the Ghidra logic exactly, including checks, assignments, branch behavior, and assert path."
0x002FF8B0,app::tool::ItemIcon::FileClose,1,68,analysis/reagent/candidates/0x002FF8B0/attempt-1.cpp,YELLOW,PROTOTYPE_UNCERTAIN,PASS,"The reversed function matches the Ghidra logic exactly: same call, same constant, same write to offset 0x10, and no missing branches."
0x0030550C,app::tool::PokeIcon::FileClose,1,68,analysis/reagent/candidates/0x0030550C/attempt-1.cpp,YELLOW,PROTOTYPE_UNCERTAIN,PASS,"The reversed function matches the Ghidra logic exactly, including the call and offset assignment."
0x004A35A0,gflnet2::boss::BossManager::IsRunningThread,1,68,analysis/reagent/candidates/0x004A35A0/attempt-1.cpp,YELLOW,ABI_UNCERTAIN,PASS,"The reversed function matches the Ghidra logic, including offsets, branches, assignments, and final return behavior."
0x002CB374,App::Tool::TalkWindow::SetMessageFinishMode,1,72,analysis/reagent/candidates/0x002CB374/attempt-1.cpp,YELLOW,PROTOTYPE_UNCERTAIN,PASS,"The reversed function matches the Ghidra logic, including the guard, call, branch, and offset write."
0x002CB46C,App::Tool::TalkWindow::Draw,1,72,analysis/reagent/candidates/0x002CB46C/attempt-1.cpp,YELLOW,PROTOTYPE_UNCERTAIN,PASS,"Reversed code matches the Ghidra logic, including the guard, member offsets, and call argument order."
0x003235B8,gfl2::renderingengine::scenegraph::SceneGraphManager::TraverseModelFast,1,72,analysis/reagent/candidates/0x003235B8/attempt-1.cpp,YELLOW,ABI_UNCERTAIN,PASS,"The reversed function matches the Ghidra logic, including the load, null check, and call order."
0x004A3380,GameSys::AlolaTime::GetMinute,1,72,analysis/reagent/candidates/0x004A3380/attempt-1.cpp,YELLOW,ABI_UNCERTAIN,PASS,The reversed function matches the Ghidra decompilation exactly.
0x004A33CC,GameSys::AlolaTime::GetSecond,1,72,analysis/reagent/candidates/0x004A33CC/attempt-1.cpp,YELLOW,PROTOTYPE_UNCERTAIN,PASS,"The reversed function matches the Ghidra logic exactly: same void signature, same `this + 8` offset, and same single call."
0x002FF840,app::tool::ItemIcon::ReplaceReadTexture,1,76,analysis/reagent/candidates/0x002FF840/attempt-1.cpp,YELLOW,ABI_UNCERTAIN,PASS,Reversed code matches the Ghidra decompilation exactly.
0x003053A0,app::tool::PokeIcon::ReplaceReadTexture,1,76,analysis/reagent/candidates/0x003053A0/attempt-1.cpp,YELLOW,ABI_UNCERTAIN,PASS,Reversed code matches the Ghidra decompilation exactly.
0x003ADD20,Sound::ChangeBGMPlayerVolume,1,76,analysis/reagent/candidates/0x003ADD20/attempt-1.cpp,YELLOW,ABI_UNCERTAIN,PASS,The reversed function matches the Ghidra decompilation exactly.
0x0045551C,NetAppLib::JoinFestaUI::JoinFestaPlayerListMessageMenuLowerView::SetStreamMessage,1,76,analysis/reagent/candidates/0x0045551C/attempt-1.cpp,YELLOW,PROTOTYPE_UNCERTAIN,PASS,"The reversed function matches the Ghidra logic, offsets, calls, and statement order exactly."
0x002D82FC,App::Resort::ResortDataManager::SetStaticInstance,1,80,analysis/reagent/candidates/0x002D82FC/attempt-1.cpp,YELLOW,ABI_UNCERTAIN,PASS,"The reversed function matches the Ghidra logic, branches, and expression order."
0x00329448,gfl2::renderingengine::scenegraph::instance::ModelInstanceNode::GetDrawTag,1,80,analysis/reagent/candidates/0x00329448/attempt-1.cpp,YELLOW,PROTOTYPE_UNCERTAIN,PASS,The reversed function matches the Ghidra decompilation exactly.
0x003D6B54,NetApp::NBR::NBRNet::IsRecvPokePartyEnd,1,80,analysis/reagent/candidates/0x003D6B54/attempt-1.cpp,YELLOW,ABI_UNCERTAIN,PASS,The reversed function matches the Ghidra decompilation exactly.
0x00459400,NetAppLib::UI::NetAppCursorView::ReleaseCursor,1,80,analysis/reagent/candidates/0x00459400/attempt-1.cpp,YELLOW,ABI_UNCERTAIN,PASS,"Reversed code matches the Ghidra decompilation exactly, including branch, call, offsets, and assignment order."
0x0015345C,DEFAULT_POWERUP_DESC_Copy,1,84,analysis/reagent/candidates/0x0015345C/attempt-1.cpp,YELLOW,UNKNOWN_TYPE,PASS,"The reversed function matches the Ghidra logic line-for-line, including all byte copies and 4-byte copies at the same offsets."
0x003BE5C0,print::ItemMessage::ItemMessage,1,84,analysis/reagent/candidates/0x003BE5C0/attempt-1.cpp,YELLOW,ABI_UNCERTAIN,PASS,Reversed code matches the Ghidra decompilation exactly.
0x003F3BF4,GameSys::TimeZone::GetNowTimeZone,1,84,analysis/reagent/candidates/0x003F3BF4/attempt-1.cpp,YELLOW,ABI_UNCERTAIN,PASS,Reversed code matches the Ghidra decompilation exactly.
0x004AAC34,NetAppLib::JoinFesta::JoinFestaPersonalData::OutputPacketData,1,84,analysis/reagent/candidates/0x004AAC34/attempt-1.cpp,YELLOW,PROTOTYPE_UNCERTAIN,PASS,Reversed code matches the Ghidra logic and field offsets exactly.
0x00162254,FullPowerEffectRenderPath1::FullPowerEffectRenderPath1,1,88,analysis/reagent/candidates/0x00162254/attempt-1.cpp,YELLOW,ABI_UNCERTAIN,PASS,"Reversed code matches the Ghidra logic line-for-line, including calls, offsets, and return value."
0x003C1D44,print::WordSet::RegisterPokeMonsNameNo,1,88,analysis/reagent/candidates/0x003C1D44/attempt-1.cpp,YELLOW,ABI_UNCERTAIN,PASS,Reversed code matches the Ghidra decompilation exactly.
0x002C7CA0,App::Box::BoxAppSetup::BinLinkLoad,1,100,analysis/reagent/candidates/0x002C7CA0/attempt-1.cpp,YELLOW,PROTOTYPE_UNCERTAIN,PASS,"The reversed function matches the Ghidra logic exactly: same calls, arguments, ordering, and no missing control flow."
0x00324B48,gfl2::renderingengine::scenegraph::DagNode::AddChild,1,104,analysis/reagent/candidates/0x00324B48/attempt-1.cpp,YELLOW,ABI_UNCERTAIN,PASS,"The reversed function matches the Ghidra logic, calls, branches, and offset writes exactly."
0x002E9CE0,app::tool::MenuCursor::SetSize,1,108,analysis/reagent/candidates/0x002E9CE0/attempt-1.cpp,YELLOW,PROTOTYPE_UNCERTAIN,PASS,"Reversed code matches the Ghidra logic, offsets, calls, branch structure, and expression order."
0x00454194,NetAppLib::JoinFestaUI::JoinFestaPlayerListPlayerInfoUpperView::JoinFestaPlayerListPlayerInfoUpperView,1,112,analysis/reagent/candidates/0x00454194/attempt-1.cpp,YELLOW,ABI_UNCERTAIN,PASS,"The reversed function matches the Ghidra logic, call sequence, offsets, and assignments."
0x00459980,NetAppLib::UI::NetAppMenuCursor::NetAppMenuCursor,1,116,analysis/reagent/candidates/0x00459980/attempt-1.cpp,YELLOW,ABI_UNCERTAIN,PASS,"The reversed function matches the Ghidra decompilation line-for-line, including offsets, constructor call, and argument order."
0x0042A940,PokeTool::GetDrawSex,1,48,analysis/reagent/candidates/0x0042A940/attempt-1.cpp,YELLOW,PROTOTYPE_UNCERTAIN,PASS,"The reversed function matches the Ghidra logic exactly, including parameters, condition order, and return paths."
0x003E521C,System::nijiAllocator::nijiAllocator,1,52,analysis/reagent/candidates/0x003E521C/attempt-1.cpp,YELLOW,ABI_UNCERTAIN,PASS,"Reversed code matches the Ghidra decompilation line-for-line in logic, offsets, and call sequence."
0x003E82C0,System::Camera::CModelViewerInFrame::SetCameraPitch,1,56,analysis/reagent/candidates/0x003E82C0/attempt-1.cpp,YELLOW,ABI_UNCERTAIN,PASS,"Reversed code matches the Ghidra decompilation exactly, including branch structure and offset usage."
0x002FEFF0,app::tool::Gauge::GetDottoColor,1,60,analysis/reagent/candidates/0x002FEFF0/attempt-1.cpp,YELLOW,ABI_UNCERTAIN,PASS,"The reversed function matches the Ghidra decompilation exactly in control flow, expressions, and return values."
0x004A6A0C,PokeTool::ExtendData::GetLocalAreaMonsMax,1,60,analysis/reagent/candidates/0x004A6A0C/attempt-1.cpp,YELLOW,PROTOTYPE_UNCERTAIN,PASS,Reversed code matches the Ghidra logic exactly.
0x0048E764,app::util::EffectUtil::GetData,1,64,analysis/reagent/candidates/0x0048E764/attempt-1.cpp,YELLOW,PROTOTYPE_UNCERTAIN,PASS,The reversed code matches the Ghidra decompilation exactly.
0x00412C64,poke_3d::model::CharaModelFactory::UnloadModel,1,72,analysis/reagent/candidates/0x00412C64/attempt-1.cpp,YELLOW,ABI_UNCERTAIN,PASS,"The reversed function matches the Ghidra logic, including offsets, branches, calls, and expression order."
0x00498FD8,gfl2::ui::Button::IsTrigger,1,72,analysis/reagent/candidates/0x00498FD8/attempt-1.cpp,YELLOW,ABI_UNCERTAIN,PASS,"The reversed function matches the Ghidra decompilation exactly in control flow, call order, and expression order."
0x004A4D28,poke_3d::model::CharaModelFactory::CanUnloadModel,1,72,analysis/reagent/candidates/0x004A4D28/attempt-1.cpp,YELLOW,ABI_UNCERTAIN,PASS,"Reversed code matches the Ghidra decompilation line-for-line, including offsets, branch structure, call order, and return logic."
0x0031679C,pml::personal::GetMinExp,1,76,analysis/reagent/candidates/0x0031679C/attempt-1.cpp,YELLOW,ABI_UNCERTAIN,PASS,"Reversed code matches the Ghidra logic exactly, including both clamping branches and the final indexed load."
0x004130B4,poke_3d::model::CharaModelFactory::UnloadDynamicAnimation,1,84,analysis/reagent/candidates/0x004130B4/attempt-1.cpp,YELLOW,ABI_UNCERTAIN,PASS,"The reversed function matches the Ghidra decompilation in control flow, calls, offsets, and expression order."
0x004A4E6C,poke_3d::model::CharaModelFactory::IsDynamicAnimationLoaded,1,92,analysis/reagent/candidates/0x004A4E6C/attempt-1.cpp,YELLOW,PROTOTYPE_UNCERTAIN,PASS,"The reversed function matches the Ghidra logic, offsets, branch, and call expression exactly."
0x003C13F0,print::WordSet::RegisterNumber,1,116,analysis/reagent/candidates/0x003C13F0/attempt-1.cpp,YELLOW,ABI_UNCERTAIN,PASS,"The reversed function matches the Ghidra logic exactly, including call order and expression structure."
0x00306EB8,app::util::GetPaneHelper::GetPartsPane,1,52,analysis/reagent/candidates/0x00306EB8/attempt-1.cpp,YELLOW,PROTOTYPE_UNCERTAIN,PASS,"The reversed function matches the Ghidra logic, including the branch, offsets, call targets, and argument order."
0x00306EEC,app::util::GetPaneHelper::GetPicturePane,1,52,analysis/reagent/candidates/0x00306EEC/attempt-1.cpp,YELLOW,PROTOTYPE_UNCERTAIN,PASS,"The reversed function matches the Ghidra control flow, calls, and offset usage."
0x00306F20,app::util::GetPaneHelper::GetTextBoxPane,1,52,analysis/reagent/candidates/0x00306F20/attempt-1.cpp,YELLOW,PROTOTYPE_UNCERTAIN,PASS,Reversed code matches the Ghidra decompilation exactly.
0x003070B4,app::util::GetPaneHelper::GetPane,1,52,analysis/reagent/candidates/0x003070B4/attempt-1.cpp,YELLOW,PROTOTYPE_UNCERTAIN,PASS,"Reversed code matches the Ghidra logic, branches, calls, and offset usage."
0x0042C770,PokeTool::PokemonSort::SetConditionPokeType,1,52,analysis/reagent/candidates/0x0042C770/attempt-1.cpp,YELLOW,ABI_UNCERTAIN,PASS,Reversed code matches the Ghidra logic and call/branch structure exactly.
0x0047016C,NetAppLib::JoinFesta::JoinFestaSelectWordTable::GetMessageTableSize,1,52,analysis/reagent/candidates/0x0047016C/attempt-1.cpp,YELLOW,PROTOTYPE_UNCERTAIN,PASS,Reversed code matches the Ghidra decompilation exactly.
0x00497B78,gfl2::fs::ArcFile::GetDataCount,1,52,analysis/reagent/candidates/0x00497B78/attempt-1.cpp,YELLOW,ABI_UNCERTAIN,PASS,"The reversed function matches the Ghidra decompilation exactly, including call, offset access, and assignment order."
0x004186BC,poke_3d::model::BaseModel::BaseModel,1,56,analysis/reagent/candidates/0x004186BC/attempt-1.cpp,YELLOW,ABI_UNCERTAIN,PASS,"Reversed code matches the Ghidra decompilation line-for-line, including offsets, call order, and return value."
0x002CA994,App::Tool::TalkWindow::InitMsgData,1,60,analysis/reagent/candidates/0x002CA994/attempt-1.cpp,YELLOW,PROTOTYPE_UNCERTAIN,PASS,The reversed function matches the Ghidra logic: it stores the input at offset 0x98 and clears the second field to zero.
0x002CB23C,App::Tool::TalkWindow::InitTrainerMsgData,1,60,analysis/reagent/candidates/0x002CB23C/attempt-1.cpp,YELLOW,PROTOTYPE_UNCERTAIN,PASS,The reversed function matches the Ghidra logic exactly: it stores the argument at the trainer message data field and clears the byte flag.
0x003E5B88,System::DeviceTurnWatcher::DeviceTurnWatcher,1,60,analysis/reagent/candidates/0x003E5B88/attempt-1.cpp,YELLOW,ABI_UNCERTAIN,PASS,"The reversed function matches the Ghidra decompilation line-for-line, including stores, call order, and return."
0x0040D0C8,poke_3d::model::BaseCamera::EndAnimation,1,60,analysis/reagent/candidates/0x0040D0C8/attempt-1.cpp,YELLOW,ABI_UNCERTAIN,PASS,"The reversed function matches the Ghidra control flow, call sequence, and state writes."
0x002E9130,app::tool::LytTexData::AllocTextureBuffer,1,64,analysis/reagent/candidates/0x002E9130/attempt-1.cpp,YELLOW,ABI_UNCERTAIN,PASS,"The reversed function matches the Ghidra decompilation in control flow, offsets, call order, and assignment behavior."
0x00304BC4,app::tool::PaneList::PutCursor,1,64,analysis/reagent/candidates/0x00304BC4/attempt-1.cpp,YELLOW,ABI_UNCERTAIN,PASS,"The reversed function matches the Ghidra decompilation exactly in control flow, offsets, calls, and expression order."
0x00352E68,gfl2::lyt::LytWk::SetAutoAnime,1,64,analysis/reagent/candidates/0x00352E68/attempt-1.cpp,YELLOW,PROTOTYPE_UNCERTAIN,PASS,"Reversed code matches the Ghidra decompilation exactly in control flow, offsets, calls, and expression order."
0x003EDC50,applib::frame::Manager::ParallelProc,1,64,analysis/reagent/candidates/0x003EDC50/attempt-1.cpp,YELLOW,ABI_UNCERTAIN,PASS,"The reversed function matches the Ghidra logic line-for-line, including the conditional, writes, and return value assembly."
0x003EE084,applib::frame::Manager::CallProc,1,64,analysis/reagent/candidates/0x003EE084/attempt-1.cpp,YELLOW,ABI_UNCERTAIN,PASS,Reversed code matches the Ghidra logic and expression order exactly.
0x00468498,NetAppLib::JoinFesta::JoinFestaPersonalData::SetRequestJoinFestaShop,1,64,analysis/reagent/candidates/0x00468498/attempt-1.cpp,YELLOW,ABI_UNCERTAIN,PASS,"The reversed function matches the Ghidra logic statement-for-statement, including the constant write and both calls."
0x004689E0,NetAppLib::JoinFesta::JoinFestaPersonalData::SetRequestJoinFestaPersonal,1,64,analysis/reagent/candidates/0x004689E0/attempt-1.cpp,YELLOW,ABI_UNCERTAIN,PASS,"Matches the Ghidra logic exactly: same call order, same constant store, and same this pointer cast."
0x0045C458,NetAppLib::Util::NetAppPokeModelUtility::SetEventHandler,1,68,analysis/reagent/candidates/0x0045C458/attempt-1.cpp,YELLOW,PROTOTYPE_UNCERTAIN,PASS,"The reversed implementation matches the Ghidra control flow, offset usage, and assignment exactly."
0x0030F55C,app::util::G2DUtil::PauseAnime,1,72,analysis/reagent/candidates/0x0030F55C/attempt-1.cpp,YELLOW,PROTOTYPE_UNCERTAIN,PASS,"The reversed function matches the Ghidra logic exactly, including the member offset, call order, branch condition, and return behavior."
0x003110B8,app::util::G2DUtil::SetTextBoxPaneString,1,72,analysis/reagent/candidates/0x003110B8/attempt-1.cpp,YELLOW,ABI_UNCERTAIN,PASS,Reversed code matches the Ghidra decompilation line for line.
0x002F3404,app::tool::CursorController::CursorController,1,76,analysis/reagent/candidates/0x002F3404/attempt-1.cpp,YELLOW,ABI_UNCERTAIN,PASS,"The reversed function matches the Ghidra logic line-for-line, including offsets, constructor call, and initialization order."
0x004183A4,poke_3d::model::BaseModel::Create,1,76,analysis/reagent/candidates/0x004183A4/attempt-1.cpp,YELLOW,ABI_UNCERTAIN,PASS,"The reversed function matches the Ghidra decompilation in control flow, calls, and argument order."
0x00459ACC,NetAppLib::UI::NetAppMessageMenu::ShowMessage,1,80,analysis/reagent/candidates/0x00459ACC/attempt-1.cpp,YELLOW,PROTOTYPE_UNCERTAIN,PASS,"Matches the Ghidra decompilation exactly, including offset, branch, call sequence, and argument order."
0x0048EED8,app::util::G2DUtil::GetPaneLocalPos,1,80,analysis/reagent/candidates/0x0048EED8/attempt-1.cpp,YELLOW,ABI_UNCERTAIN,PASS,Reversed code matches the Ghidra logic and control flow exactly.
0x00525164,nnroAeabiAtexit_,1,80,analysis/reagent/candidates/0x00525164/attempt-1.cpp,YELLOW,ABI_UNCERTAIN,PASS,"The reversed function matches the Ghidra logic line-for-line, including the call, branch, pointer arithmetic, and return value."
0x002E6ED0,app::ui::UIResponder::SetStickEmulationMode,1,84,analysis/reagent/candidates/0x002E6ED0/attempt-1.cpp,YELLOW,ABI_UNCERTAIN,PASS,"The reversed function matches the Ghidra control flow, calls, offsets, and assignment order exactly."
0x002E9D4C,app::tool::MenuCursor::IsVisible,1,84,analysis/reagent/candidates/0x002E9D4C/attempt-1.cpp,YELLOW,PROTOTYPE_UNCERTAIN,PASS,Reversed code matches the Ghidra decompilation exactly.
0x002FF1F0,app::tool::ItemIcon::LoadRequest,1,88,analysis/reagent/candidates/0x002FF1F0/attempt-1.cpp,YELLOW,ABI_UNCERTAIN,PASS,"The reversed function matches the Ghidra decompilation in calls, offsets, branch behavior, and expression order."
0x00418458,poke_3d::model::BaseModel::Create,1,88,analysis/reagent/candidates/0x00418458/attempt-1.cpp,YELLOW,ABI_UNCERTAIN,PASS,The reversed code matches the Ghidra control flow and call sequence semantically.
0x0048ED98,app::util::G2DUtil::GetPaneRect,1,88,analysis/reagent/candidates/0x0048ED98/attempt-1.cpp,YELLOW,ABI_UNCERTAIN,PASS,"Reversed code matches the Ghidra decompilation line-for-line, including call order, branch structure, and field writes."
0x002CED80,App::Tool::MessageMenuView::MessageMenuView,1,100,analysis/reagent/candidates/0x002CED80/attempt-1.cpp,YELLOW,ABI_UNCERTAIN,PASS,"The reversed constructor matches the Ghidra decompilation line-for-line, including call order, field writes, and zero-initialized offsets."
0x002FCDF4,app::tool::AppToolTrainerIconRendering::ICON_OBJECT_DATA::ConvToMyStatusIcon,1,112,analysis/reagent/candidates/0x002FCDF4/attempt-1.cpp,YELLOW,ABI_UNCERTAIN,PASS,"Reversed code matches the Ghidra logic, offsets, calls, and branch structure."
0x00304FB4,app::tool::PokeIcon::ReadRequest,1,112,analysis/reagent/candidates/0x00304FB4/attempt-1.cpp,YELLOW,ABI_UNCERTAIN,PASS,"The reversed function matches the Ghidra decompilation exactly in body, calls, offsets, and expression order."
0x003ACD74,Sound::IsVoiceFinished,1,112,analysis/reagent/candidates/0x003ACD74/attempt-1.cpp,YELLOW,ABI_UNCERTAIN,PASS,The reversed function matches the Ghidra decompilation exactly.
0x003CEEC4,NetApp::NBR::NBRNet::SendRegulation,1,116,analysis/reagent/candidates/0x003CEEC4/attempt-1.cpp,YELLOW,ABI_UNCERTAIN,PASS,Reversed code matches the Ghidra decompilation exactly.
0x003C15DC,print::WordSet::RegisterPlaceName,1,128,analysis/reagent/candidates/0x003C15DC/attempt-1.cpp,YELLOW,ABI_UNCERTAIN,PASS,Reversed code matches the Ghidra decompilation exactly.
0x00103D9A,operator.delete,0,2,,YELLOW,GPT_EASY_BATCH,UNRUN,Queued for independent GPT reconstruction and review from Ghidra evidence.
0x0010318C,__rw::__rw_facet_base::_C_initfacet,0,2,,YELLOW,GPT_EASY_BATCH,UNRUN,Queued for independent GPT reconstruction and review from Ghidra evidence.
0x00103B3C,"std::codecvt_byname<wchar_t,char,std::__mbstate_t>::~codecvt_byname",0,2,,YELLOW,GPT_EASY_BATCH,UNRUN,Queued for independent GPT reconstruction and review from Ghidra evidence.
0x00103D0C,std::locale::facet::~facet,0,2,,YELLOW,GPT_EASY_BATCH,UNRUN,Queued for independent GPT reconstruction and review from Ghidra evidence.
0x00103D48,std::collate<char>::~collate,0,2,,YELLOW,GPT_EASY_BATCH,UNRUN,Queued for independent GPT reconstruction and review from Ghidra evidence.
0x001041AA,"std::allocator<__rw::__string_ref<char,std::char_traits<char>,std::allocator<char>>>::allocator<char>",0,2,,YELLOW,GPT_EASY_BATCH,UNRUN,Queued for independent GPT reconstruction and review from Ghidra evidence.
0x001041AC,std::allocator<char>::allocator,0,2,,YELLOW,GPT_EASY_BATCH,UNRUN,Queued for independent GPT reconstruction and review from Ghidra evidence.
0x001041AE,std::allocator<char>::allocator,0,2,,YELLOW,GPT_EASY_BATCH,UNRUN,Queued for independent GPT reconstruction and review from Ghidra evidence.
0x0031E054,pml::pokepara::PokemonParam::~PokemonParam,0,4,,YELLOW,GPT_EASY_BATCH,UNRUN,Queued for independent GPT reconstruction and review from Ghidra evidence.
0x001041A2,std::numpunct<char>::do_decimal_point,0,4,,YELLOW,GPT_EASY_BATCH,UNRUN,Queued for independent GPT reconstruction and review from Ghidra evidence.
0x001041A6,std::numpunct<char>::do_thousands_sep,0,4,,YELLOW,GPT_EASY_BATCH,UNRUN,Queued for independent GPT reconstruction and review from Ghidra evidence.
0x001173DC,gfl2::core::Utility::Strncmp,0,4,,YELLOW,GPT_EASY_BATCH,UNRUN,Queued for independent GPT reconstruction and review from Ghidra evidence.
0x00166300,gfl2::cx::GetUncompressedSize,0,4,,YELLOW,GPT_EASY_BATCH,UNRUN,Queued for independent GPT reconstruction and review from Ghidra evidence.
0x00172FF8,NetLib::NijiNetworkSystem::IsParentalModeOnlyInternet,0,4,,YELLOW,GPT_EASY_BATCH,UNRUN,Queued for independent GPT reconstruction and review from Ghidra evidence.
0x001D1E58,gflnet2::nex::NexError::GetNetworkErrorCode,0,4,,YELLOW,GPT_EASY_BATCH,UNRUN,Queued for independent GPT reconstruction and review from Ghidra evidence.
0x002D275C,NetAppLib::UI::NetAppCommonMessageWindowManipulator::~NetAppCommonMessageWindowManipulator,0,4,,YELLOW,GPT_EASY_BATCH,UNRUN,Queued for independent GPT reconstruction and review from Ghidra evidence.
0x002F6860,app::tool::AppCommonGrpIconData::~AppCommonGrpIconData,0,4,,YELLOW,GPT_EASY_BATCH,UNRUN,Queued for independent GPT reconstruction and review from Ghidra evidence.
0x00407AAC,NetApp::NBR::NBRNet::IsMaster,0,4,,YELLOW,GPT_EASY_BATCH,UNRUN,Queued for independent GPT reconstruction and review from Ghidra evidence.
0x0045A788,NetAppLib::UI::NetAppPokePartyUtility::~NetAppPokePartyUtility,0,4,,YELLOW,GPT_EASY_BATCH,UNRUN,Queued for independent GPT reconstruction and review from Ghidra evidence.
0x00469354,NetAppLib::JoinFestaUI::JoinFestaAttractionData::~JoinFestaAttractionData,0,4,,YELLOW,GPT_EASY_BATCH,UNRUN,Queued for independent GPT reconstruction and review from Ghidra evidence.
0x00478974,gfl2::system::Date::GetMilliSecond,0,4,,YELLOW,GPT_EASY_BATCH,UNRUN,Queued for independent GPT reconstruction and review from Ghidra evidence.
0x00478AD4,gfl2::system::Date::GetHour,0,4,,YELLOW,GPT_EASY_BATCH,UNRUN,Queued for independent GPT reconstruction and review from Ghidra evidence.
0x00478C8C,gfl2::system::Date::GetMinute,0,4,,YELLOW,GPT_EASY_BATCH,UNRUN,Queued for independent GPT reconstruction and review from Ghidra evidence.
0x00478CFC,gfl2::system::Date::GetSecond,0,4,,YELLOW,GPT_EASY_BATCH,UNRUN,Queued for independent GPT reconstruction and review from Ghidra evidence.
0x00357CD8,operator.delete[],0,4,,YELLOW,GPT_EASY_BATCH,UNRUN,Queued for independent GPT reconstruction and review from Ghidra evidence.
0x00492724,pml::pokepara::PokemonParam::Serialize_Core,0,4,,YELLOW,GPT_EASY_BATCH,UNRUN,Queued for independent GPT reconstruction and review from Ghidra evidence.
0x003ADA5C,Field::FieldSound::RecoverBGMFromME,0,4,,YELLOW,GPT_EASY_BATCH,UNRUN,Queued for independent GPT reconstruction and review from Ghidra evidence.
0x00103340,std::__rw_exception::what,0,4,,YELLOW,GPT_EASY_BATCH,UNRUN,Queued for independent GPT reconstruction and review from Ghidra evidence.
0x0010338C,"std::codecvt_byname<wchar_t,char,std::__mbstate_t>::do_always_noconv",0,4,,YELLOW,GPT_EASY_BATCH,UNRUN,Queued for independent GPT reconstruction and review from Ghidra evidence.
0x002CEDF8,NetAppLib::UI::NetAppMessageMenu::~NetAppMessageMenu,0,4,,YELLOW,GPT_EASY_BATCH,UNRUN,Queued for independent GPT reconstruction and review from Ghidra evidence.
0x002E76BC,app::tool::MenuWindow::RemoveSubView,0,4,,YELLOW,GPT_EASY_BATCH,UNRUN,Queued for independent GPT reconstruction and review from Ghidra evidence.
0x00324C98,gfl2::renderingengine::scenegraph::instance::InstanceNode::~InstanceNode,0,4,,YELLOW,GPT_EASY_BATCH,UNRUN,Queued for independent GPT reconstruction and review from Ghidra evidence.
0x00354130,print::GetTagParam,0,4,,YELLOW,GPT_EASY_BATCH,UNRUN,Queued for independent GPT reconstruction and review from Ghidra evidence.
0x00434F24,PokeTool::PokeModel::ChangeAnimation,0,4,,YELLOW,GPT_EASY_BATCH,UNRUN,Queued for independent GPT reconstruction and review from Ghidra evidence.
0x004A54DC,poke_3d::model::PokemonModel::GetWalkSpeed,0,4,,YELLOW,GPT_EASY_BATCH,UNRUN,Queued for independent GPT reconstruction and review from Ghidra evidence.
0x0053B2A4,gfl2::math::SFMTRandom::Initialize,0,4,,YELLOW,GPT_EASY_BATCH,UNRUN,Queued for independent GPT reconstruction and review from Ghidra evidence.
0x001036E8,std::ctype<char>::do_widen,0,4,,YELLOW,GPT_EASY_BATCH,UNRUN,Queued for independent GPT reconstruction and review from Ghidra evidence.
0x0041B098,poke_3d::renderer::BloomRenderPath::GetTextureResourceNode,0,4,,YELLOW,GPT_EASY_BATCH,UNRUN,Queued for independent GPT reconstruction and review from Ghidra evidence.
0x00478A78,gfl2::system::Date::GetDay,0,4,,YELLOW,GPT_EASY_BATCH,UNRUN,Queued for independent GPT reconstruction and review from Ghidra evidence.
0x00478BD4,gfl2::system::Date::GetYear,0,4,,YELLOW,GPT_EASY_BATCH,UNRUN,Queued for independent GPT reconstruction and review from Ghidra evidence.
0x00478C30,gfl2::system::Date::GetMonth,0,4,,YELLOW,GPT_EASY_BATCH,UNRUN,Queued for independent GPT reconstruction and review from Ghidra evidence.
0x001036FC,std::ctype<char>::do_narrow,0,4,,YELLOW,GPT_EASY_BATCH,UNRUN,Queued for independent GPT reconstruction and review from Ghidra evidence.
0x00103D9C,operator.new,0,4,,YELLOW,GPT_EASY_BATCH,UNRUN,Queued for independent GPT reconstruction and review from Ghidra evidence.
0x0041126C,poke_3d::model::CharaModelFactory::InitializeAsync,0,4,,YELLOW,GPT_EASY_BATCH,UNRUN,Queued for independent GPT reconstruction and review from Ghidra evidence.
0x0027B174,System::GflUse::IsEshopAvailable,0,4,,YELLOW,GPT_EASY_BATCH,UNRUN,Queued for independent GPT reconstruction and review from Ghidra evidence.
0x0049104C,pml::pokepara::CoreParam::HaveNickName,0,8,,YELLOW,GPT_EASY_BATCH,UNRUN,Queued for independent GPT reconstruction and review from Ghidra evidence.
0x00491C3C,pml::pokepara::CoreParam::GetSex,0,8,,YELLOW,GPT_EASY_BATCH,UNRUN,Queued for independent GPT reconstruction and review from Ghidra evidence.
0x00491EF0,pml::pokepara::CoreParam::GetFormNo,0,8,,YELLOW,GPT_EASY_BATCH,UNRUN,Queued for independent GPT reconstruction and review from Ghidra evidence.
0x00103F64,__rw::__rw_locale_vector<std::string>::operator[],0,8,,YELLOW,GPT_EASY_BATCH,UNRUN,Queued for independent GPT reconstruction and review from Ghidra evidence.
0x002EA928,App::Tool::MessageMenuView::IsSetup,0,8,,YELLOW,GPT_EASY_BATCH,UNRUN,Queued for independent GPT reconstruction and review from Ghidra evidence.
0x003022CC,__rw::__rw_locale_vector<__rw::__rw_facet_base*>::operator[],0,8,,YELLOW,GPT_EASY_BATCH,UNRUN,Queued for independent GPT reconstruction and review from Ghidra evidence.
0x00407304,NetApp::NBR::NBRNet::IsTimingLoopCheck,0,8,,YELLOW,GPT_EASY_BATCH,UNRUN,Queued for independent GPT reconstruction and review from Ghidra evidence.
0x004981D8,app::ui::UIResponder::IsHoldTouchPanel,0,8,,YELLOW,GPT_EASY_BATCH,UNRUN,Queued for independent GPT reconstruction and review from Ghidra evidence.
0x00490AF4,pml::pokepara::CoreParam::IsMegaEvolved,0,8,,YELLOW,GPT_EASY_BATCH,UNRUN,Queued for independent GPT reconstruction and review from Ghidra evidence.
0x00491008,pml::pokepara::CoreParam::GetTokuseiNo,0,8,,YELLOW,GPT_EASY_BATCH,UNRUN,Queued for independent GPT reconstruction and review from Ghidra evidence.
0x004911B4,pml::pokepara::CoreParam::GetFamiliarity,0,8,,YELLOW,GPT_EASY_BATCH,UNRUN,Queued for independent GPT reconstruction and review from Ghidra evidence.
0x004914B0,pml::pokepara::CoreParam::GetNadenadeValue,0,8,,YELLOW,GPT_EASY_BATCH,UNRUN,Queued for independent GPT reconstruction and review from Ghidra evidence.
0x00491520,pml::pokepara::CoreParam::GetWazaPPUpCount,0,8,,YELLOW,GPT_EASY_BATCH,UNRUN,Queued for independent GPT reconstruction and review from Ghidra evidence.
0x004919B4,pml::pokepara::CoreParam::GetOriginalFamiliarity,0,8,,YELLOW,GPT_EASY_BATCH,UNRUN,Queued for independent GPT reconstruction and review from Ghidra evidence.
0x00491A60,pml::pokepara::CoreParam::GetID,0,8,,YELLOW,GPT_EASY_BATCH,UNRUN,Queued for independent GPT reconstruction and review from Ghidra evidence.
0x00491A94,pml::pokepara::CoreParam::GetWazaPP,0,8,,YELLOW,GPT_EASY_BATCH,UNRUN,Queued for independent GPT reconstruction and review from Ghidra evidence.
0x00491BDC,pml::pokepara::CoreParam::GetExp,0,8,,YELLOW,GPT_EASY_BATCH,UNRUN,Queued for independent GPT reconstruction and review from Ghidra evidence.
0x0043BD34,Savedata::MysteryGiftSave::ReceiveCheck,0,8,,YELLOW,GPT_EASY_BATCH,UNRUN,Queued for independent GPT reconstruction and review from Ghidra evidence.
0x002CE9CC,App::Tool::MessageMenuView::CommonMessageWindowView_OnEvent,0,8,,YELLOW,GPT_EASY_BATCH,UNRUN,Queued for independent GPT reconstruction and review from Ghidra evidence.
0x002E9CC4,NetAppLib::UI::NetAppMenuCursor::Update,0,8,,YELLOW,GPT_EASY_BATCH,UNRUN,Queued for independent GPT reconstruction and review from Ghidra evidence.
0x002F97EC,app::tool::ItemIcon::IsModuleFree,0,8,,YELLOW,GPT_EASY_BATCH,UNRUN,Queued for independent GPT reconstruction and review from Ghidra evidence.
0x003058CC,NetAppLib::Util::NetAppEffectBG::Update,0,8,,YELLOW,GPT_EASY_BATCH,UNRUN,Queued for independent GPT reconstruction and review from Ghidra evidence.
0x00306850,app::tool::ItemIcon::IsFileOpen,0,8,,YELLOW,GPT_EASY_BATCH,UNRUN,Queued for independent GPT reconstruction and review from Ghidra evidence.
0x00306874,app::tool::ItemIcon::IsFileClose,0,8,,YELLOW,GPT_EASY_BATCH,UNRUN,Queued for independent GPT reconstruction and review from Ghidra evidence.
0x00310A3C,app::ui::UIView::GetLytSetup,0,8,,YELLOW,GPT_EASY_BATCH,UNRUN,Queued for independent GPT reconstruction and review from Ghidra evidence.
0x00352808,print::SystemFont_ResetNumFontInfo,0,8,,YELLOW,GPT_EASY_BATCH,UNRUN,Queued for independent GPT reconstruction and review from Ghidra evidence.
0x00358088,App::Box::BoxAppSetup::DeleteMenuWindowResource,0,8,,YELLOW,GPT_EASY_BATCH,UNRUN,Queued for independent GPT reconstruction and review from Ghidra evidence.
0x00361C50,poke_3d::model::BaseCamera::Destroy,0,8,,YELLOW,GPT_EASY_BATCH,UNRUN,Queued for independent GPT reconstruction and review from Ghidra evidence.
0x003C1464,app::util::G2DUtil::SetRegisterItemName,0,8,,YELLOW,GPT_EASY_BATCH,UNRUN,Queued for independent GPT reconstruction and review from Ghidra evidence.
0x00406EB0,NetApp::NBR::NBRNet::Initialize,0,8,,YELLOW,GPT_EASY_BATCH,UNRUN,Queued for independent GPT reconstruction and review from Ghidra evidence.
0x004070A8,NetApp::NBR::NBRNet::IsInitialize,0,8,,YELLOW,GPT_EASY_BATCH,UNRUN,Queued for independent GPT reconstruction and review from Ghidra evidence.
0x00407A94,NetApp::NBR::NBRNet::GetNetID,0,8,,YELLOW,GPT_EASY_BATCH,UNRUN,Queued for independent GPT reconstruction and review from Ghidra evidence.
0x00435540,PokeTool::PokeModel::GetMotionCollision,0,8,,YELLOW,GPT_EASY_BATCH,UNRUN,Queued for independent GPT reconstruction and review from Ghidra evidence.
0x00468F48,NetAppLib::JoinFesta::JoinFestaPersonalDataManager::ResetScriptSelectPersonal,0,8,,YELLOW,GPT_EASY_BATCH,UNRUN,Queued for independent GPT reconstruction and review from Ghidra evidence.
0x00358200,gfl2::heap::Manager::DeleteHeap,0,8,,YELLOW,GPT_EASY_BATCH,UNRUN,Queued for independent GPT reconstruction and review from Ghidra evidence.
0x00319E6C,pml::pokepara::CoreParam::SetCassetteVersion,0,8,,YELLOW,GPT_EASY_BATCH,UNRUN,Queued for independent GPT reconstruction and review from Ghidra evidence.
0x0031A0B4,pml::pokepara::PokemonParam::Deserialize_Full,0,8,,YELLOW,GPT_EASY_BATCH,UNRUN,Queued for independent GPT reconstruction and review from Ghidra evidence.
0x0031A4AC,pml::pokepara::CoreParam::SetID,0,8,,YELLOW,GPT_EASY_BATCH,UNRUN,Queued for independent GPT reconstruction and review from Ghidra evidence.
0x00490D7C,pml::pokepara::CoreParam::GetNickName,0,8,,YELLOW,GPT_EASY_BATCH,UNRUN,Queued for independent GPT reconstruction and review from Ghidra evidence.
0x002F3234,app::tool::TwoButtonsView::CursorMoveTo,0,8,,YELLOW,GPT_EASY_BATCH,UNRUN,Queued for independent GPT reconstruction and review from Ghidra evidence.
0x00326894,gfl2::renderingengine::scenegraph::instance::DrawableNode::SetBillboardRotation,0,8,,YELLOW,GPT_EASY_BATCH,UNRUN,Queued for independent GPT reconstruction and review from Ghidra evidence.
0x00333AD4,gfl2::renderingengine::renderer::RenderingPipeLine::SceneRenderPath::AddDrawEnv,0,8,,YELLOW,GPT_EASY_BATCH,UNRUN,Queued for independent GPT reconstruction and review from Ghidra evidence.
0x00345270,gfl2::ui::Device::SetRepeatParam,0,8,,YELLOW,GPT_EASY_BATCH,UNRUN,Queued for independent GPT reconstruction and review from Ghidra evidence.
0x003C1A6C,app::util::G2DUtil::SetRegisterMonsName,0,8,,YELLOW,GPT_EASY_BATCH,UNRUN,Queued for independent GPT reconstruction and review from Ghidra evidence.
0x00454BE0,NetAppLib::JoinFestaUI::JoinFestaPlayerListSelectLowerViewBase::OnLayoutPaneEvent,0,8,,YELLOW,GPT_EASY_BATCH,UNRUN,Queued for independent GPT reconstruction and review from Ghidra evidence.
0x00458FC0,NetAppLib::UI::NetAppCursorView::OnKeyAction,0,8,,YELLOW,GPT_EASY_BATCH,UNRUN,Queued for independent GPT reconstruction and review from Ghidra evidence.
0x004715DC,NetAppLib::JoinFesta::JoinFestaAttractionManager::GetPlayAttractionData,0,8,,YELLOW,GPT_EASY_BATCH,UNRUN,Queued for independent GPT reconstruction and review from Ghidra evidence.
0x003AD7F4,Field::FieldSound::RecoverBGMFromME,0,8,,YELLOW,GPT_EASY_BATCH,UNRUN,Queued for independent GPT reconstruction and review from Ghidra evidence.
0x003AE988,Field::FieldSound::PlayME,0,8,,YELLOW,GPT_EASY_BATCH,UNRUN,Queued for independent GPT reconstruction and review from Ghidra evidence.
0x003110B0,app::ui::UIView::SetTextboxPaneString,0,8,,YELLOW,GPT_EASY_BATCH,UNRUN,Queued for independent GPT reconstruction and review from Ghidra evidence.
0x003C165C,app::util::G2DUtil::SetRegisterPlayerName,0,8,,YELLOW,GPT_EASY_BATCH,UNRUN,Queued for independent GPT reconstruction and review from Ghidra evidence.
0x003C1AD0,app::util::G2DUtil::SetRegisterPokeNickName,0,8,,YELLOW,GPT_EASY_BATCH,UNRUN,Queued for independent GPT reconstruction and review from Ghidra evidence.
0x003C1F08,app::util::G2DUtil::SetRegisterMonsNameMsgData,0,8,,YELLOW,GPT_EASY_BATCH,UNRUN,Queued for independent GPT reconstruction and review from Ghidra evidence.
0x003C1F68,app::util::G2DUtil::SetRegisterMonsNameOrTamago,0,8,,YELLOW,GPT_EASY_BATCH,UNRUN,Queued for independent GPT reconstruction and review from Ghidra evidence.
0x003ACAD0,Field::FieldSound::ChangeBGMVolume,0,8,,YELLOW,GPT_EASY_BATCH,UNRUN,Queued for independent GPT reconstruction and review from Ghidra evidence.
0x003C1530,app::util::G2DUtil::SetRegisterWazaName,0,8,,YELLOW,GPT_EASY_BATCH,UNRUN,Queued for independent GPT reconstruction and review from Ghidra evidence.
0x003C1888,app::util::G2DUtil::SetRegisterSeikakuName,0,8,,YELLOW,GPT_EASY_BATCH,UNRUN,Queued for independent GPT reconstruction and review from Ghidra evidence.
0x003C192C,app::util::G2DUtil::SetRegisterTokuseiName,0,8,,YELLOW,GPT_EASY_BATCH,UNRUN,Queued for independent GPT reconstruction and review from Ghidra evidence.
0x003C1D3C,app::util::G2DUtil::SetRegisterMonsNameNo,0,8,,YELLOW,GPT_EASY_BATCH,UNRUN,Queued for independent GPT reconstruction and review from Ghidra evidence.
0x00358CCC,gfl2::math::SpringSimulation::Request,2,64,,YELLOW,GPT_EASY_BATCH,UNRUN,Queued for independent GPT reconstruction and review from Ghidra evidence.
0x0035F8D4,gfl2::imagedb::ImageDBAccessor::ImageDBAccessor,2,80,,YELLOW,GPT_EASY_BATCH,UNRUN,Queued for independent GPT reconstruction and review from Ghidra evidence.
0x0043DE1C,Savedata::QRReaderSaveData::GetFieldScanTargetInfo,2,84,,YELLOW,GPT_EASY_BATCH,UNRUN,Queued for independent GPT reconstruction and review from Ghidra evidence.
0x0030CF48,app::util::AppUtilFileControlState::AppUtilFileControlState,2,88,,YELLOW,GPT_EASY_BATCH,UNRUN,Queued for independent GPT reconstruction and review from Ghidra evidence.
0x0030CFA4,app::util::AppUtilFileControlState::AppUtilFileControlState,2,88,,YELLOW,GPT_EASY_BATCH,UNRUN,Queued for independent GPT reconstruction and review from Ghidra evidence.
0x003898A8,Field::EventAddPokemon::SetFadeParam,2,104,,YELLOW,GPT_EASY_BATCH,UNRUN,Queued for independent GPT reconstruction and review from Ghidra evidence.
0x00313864,btl::GetBgComponentData,2,168,,YELLOW,GPT_EASY_BATCH,UNRUN,Queued for independent GPT reconstruction and review from Ghidra evidence.
0x003E8FA8,System::Camera::CModelViewerInFrame::CModelViewerInFrame,2,220,,YELLOW,GPT_EASY_BATCH,UNRUN,Queued for independent GPT reconstruction and review from Ghidra evidence.
0x002C9D40,App::Tool::MapManager::CalcIconPosition,2,224,,YELLOW,GPT_EASY_BATCH,UNRUN,Queued for independent GPT reconstruction and review from Ghidra evidence.
0x003021AC,std::ctype<char>::is,1,14,,YELLOW,GPT_EASY_BATCH,UNRUN,Queued for independent GPT reconstruction and review from Ghidra evidence.
0x002FE6B0,_is_digit,1,14,,YELLOW,GPT_EASY_BATCH,UNRUN,Queued for independent GPT reconstruction and review from Ghidra evidence.
0x00302F3C,"__rw::__string_ref<char,std::char_traits<char>,std::allocator<char>>::_C_inc_ref",1,14,,YELLOW,GPT_EASY_BATCH,UNRUN,Queued for independent GPT reconstruction and review from Ghidra evidence.
0x0037F6B4,Field::FieldScript::FieldScriptSystem::GetInstance,2,48,,YELLOW,GPT_EASY_BATCH,UNRUN,Queued for independent GPT reconstruction and review from Ghidra evidence.
0x002F0418,app::tool::ResourceLoader::RequestLoad,2,64,,YELLOW,GPT_EASY_BATCH,UNRUN,Queued for independent GPT reconstruction and review from Ghidra evidence.
0x00311690,app::util::G2DUtil::SetScale,2,64,,YELLOW,GPT_EASY_BATCH,UNRUN,Queued for independent GPT reconstruction and review from Ghidra evidence.
0x0035AB10,gfl2::proc::Manager::CallProc,2,72,,YELLOW,GPT_EASY_BATCH,UNRUN,Queued for independent GPT reconstruction and review from Ghidra evidence.
0x003803F8,Field::FieldScript::FieldScriptSystem::SetReserveScript,2,92,,YELLOW,GPT_EASY_BATCH,UNRUN,Queued for independent GPT reconstruction and review from Ghidra evidence.
0x002C9964,App::Tool::MapManager::SetCenterSRT,2,112,,YELLOW,GPT_EASY_BATCH,UNRUN,Queued for independent GPT reconstruction and review from Ghidra evidence.
0x004715E4,NetAppLib::JoinFesta::JoinFestaAttractionManager::GetAttractionData,2,120,,YELLOW,GPT_EASY_BATCH,UNRUN,Queued for independent GPT reconstruction and review from Ghidra evidence.
0x0037ED2C,Field::FieldScript::ScriptTrialModel::Load,2,124,,YELLOW,GPT_EASY_BATCH,UNRUN,Queued for independent GPT reconstruction and review from Ghidra evidence.
0x003056E0,app::tool::ScrollBar::Draw,2,144,,YELLOW,GPT_EASY_BATCH,UNRUN,Queued for independent GPT reconstruction and review from Ghidra evidence.
0x003EBEE4,System::Skybox::Skybox::ChangeSkyRequest,2,56,,YELLOW,GPT_EASY_BATCH,UNRUN,Queued for independent GPT reconstruction and review from Ghidra evidence.
0x002D230C,App::Tool::CommonMessageWindowManipulator::SetSuspendKey,2,64,,YELLOW,GPT_EASY_BATCH,UNRUN,Queued for independent GPT reconstruction and review from Ghidra evidence.
0x0045E624,NetAppLib::Util::PackFile::GetFileCount,2,64,,YELLOW,GPT_EASY_BATCH,UNRUN,Queued for independent GPT reconstruction and review from Ghidra evidence.
0x004A85CC,Savedata::MyStatus::GetQuickMatchInfo,2,72,,YELLOW,GPT_EASY_BATCH,UNRUN,Queued for independent GPT reconstruction and review from Ghidra evidence.
0x0038253C,Field::FieldScript::ScriptEffectManager::ResourceReleaseRequest,2,92,,YELLOW,GPT_EASY_BATCH,UNRUN,Queued for independent GPT reconstruction and review from Ghidra evidence.
0x00413000,poke_3d::model::CharaModelFactory::SetupDynamicAnimation,2,100,,YELLOW,GPT_EASY_BATCH,UNRUN,Queued for independent GPT reconstruction and review from Ghidra evidence.
0x003D4D88,NetLib::P2P::P2pPacketTransfer::SendDataCommand,2,104,,YELLOW,GPT_EASY_BATCH,UNRUN,Queued for independent GPT reconstruction and review from Ghidra evidence.
0x00381BD0,Field::FieldScript::MotionCommandParam::Entry,2,128,,YELLOW,GPT_EASY_BATCH,UNRUN,Queued for independent GPT reconstruction and review from Ghidra evidence.
0x00358C28,gfl2::math::SpringSimulation::Update,2,156,,YELLOW,GPT_EASY_BATCH,UNRUN,Queued for independent GPT reconstruction and review from Ghidra evidence.
0x003D25CC,NetLib::NijiNetworkSystem::ResetLiveRecSender,2,52,,YELLOW,GPT_EASY_BATCH,UNRUN,Queued for independent GPT reconstruction and review from Ghidra evidence.
0x0031E0BC,pml::wazadata::GetWeather,2,56,,YELLOW,GPT_EASY_BATCH,UNRUN,Queued for independent GPT reconstruction and review from Ghidra evidence.
0x0049B844,gfl2::proc::Manager::GetBaseProcessInitialized,2,56,,YELLOW,GPT_EASY_BATCH,UNRUN,Queued for independent GPT reconstruction and review from Ghidra evidence.
0x004A31A8,applib::frame::Manager::GetBaseProcessInitialized,2,56,,YELLOW,GPT_EASY_BATCH,UNRUN,Queued for independent GPT reconstruction and review from Ghidra evidence.
0x004455E0,Savedata::FieldMenu::GetRideShortcutKey,2,68,,YELLOW,GPT_EASY_BATCH,UNRUN,Queued for independent GPT reconstruction and review from Ghidra evidence.
0x003D4808,NetLib::P2P::NexRatingClient::UnregistRatingClientListener,2,68,,YELLOW,GPT_EASY_BATCH,UNRUN,Queued for independent GPT reconstruction and review from Ghidra evidence.
0x003FA58C,gflnet2::nex::NexRankingClient::UnregistRankingClientListener,2,68,,YELLOW,GPT_EASY_BATCH,UNRUN,Queued for independent GPT reconstruction and review from Ghidra evidence.
0x003FBDCC,gflnet2::nex::NexDataStoreClient::UnregistDataStoreClientListener,2,68,,YELLOW,GPT_EASY_BATCH,UNRUN,Queued for independent GPT reconstruction and review from Ghidra evidence.
0x0043AFC0,Savedata::BattleInstSave::GetWinCount,2,72,,YELLOW,GPT_EASY_BATCH,UNRUN,Queued for independent GPT reconstruction and review from Ghidra evidence.
0x0043B04C,Savedata::BattleInstSave::GetMaxWinCount,2,72,,YELLOW,GPT_EASY_BATCH,UNRUN,Queued for independent GPT reconstruction and review from Ghidra evidence.
0x002E6668,App::FieldMenu::PlayData::GetEnableRottomMsgIndex,2,72,,YELLOW,GPT_EASY_BATCH,UNRUN,Queued for independent GPT reconstruction and review from Ghidra evidence.
0x003D1C7C,NetLib::NijiNetworkSystem::StopLiveRecSender,2,72,,YELLOW,GPT_EASY_BATCH,UNRUN,Queued for independent GPT reconstruction and review from Ghidra evidence.
0x0042A4EC,PokeTool::ExtendData::GetLocalNumberStatic,2,72,,YELLOW,GPT_EASY_BATCH,UNRUN,Queued for independent GPT reconstruction and review from Ghidra evidence.
0x00499A50,gfl2::lyt::LytWk::IsBindAnime,2,72,,YELLOW,GPT_EASY_BATCH,UNRUN,Queued for independent GPT reconstruction and review from Ghidra evidence.
0x00163B3C,mw::qre::QREncoder::GetQRSize,2,80,,YELLOW,GPT_EASY_BATCH,UNRUN,Queued for independent GPT reconstruction and review from Ghidra evidence.
0x00327120,gfl2::renderingengine::scenegraph::instance::LightSetNode::GetLightNode,2,84,,YELLOW,GPT_EASY_BATCH,UNRUN,Queued for independent GPT reconstruction and review from Ghidra evidence.
0x0042FA10,PokeTool::PokeModelSystem::GetPokeShaderPath,2,88,,YELLOW,GPT_EASY_BATCH,UNRUN,Queued for independent GPT reconstruction and review from Ghidra evidence.
0x003F0A54,GameSys::GameEventManager::ChangeEvent,2,92,,YELLOW,GPT_EASY_BATCH,UNRUN,Queued for independent GPT reconstruction and review from Ghidra evidence.
0x0037EC2C,Field::FieldScript::ScriptTrialModel::SetShadowVisible,2,96,,YELLOW,GPT_EASY_BATCH,UNRUN,Queued for independent GPT reconstruction and review from Ghidra evidence.
0x0043E548,Savedata::JoinFestaDataSave::IsFacilitiesBuy,2,100,,YELLOW,GPT_EASY_BATCH,UNRUN,Queued for independent GPT reconstruction and review from Ghidra evidence.
0x00361660,gfl2::animation::AnimationPackList::GetResourceNode,2,100,,YELLOW,GPT_EASY_BATCH,UNRUN,Queued for independent GPT reconstruction and review from Ghidra evidence.
0x003E39B0,System::MotionBlur::SetBlendControl,2,112,,YELLOW,GPT_EASY_BATCH,UNRUN,Queued for independent GPT reconstruction and review from Ghidra evidence.
0x0045CDC4,NetAppLib::Util::NetAppPokeModelUtility::RequestEx,2,112,,YELLOW,GPT_EASY_BATCH,UNRUN,Queued for independent GPT reconstruction and review from Ghidra evidence.
0x0049D34C,Field::ZoneDataLoader::GetZoneData,2,116,,YELLOW,GPT_EASY_BATCH,UNRUN,Queued for independent GPT reconstruction and review from Ghidra evidence.
0x004A51D8,poke_3d::model::DressUpModelResourceManagerCore::GetDressUpPartsIndex,2,124,,YELLOW,GPT_EASY_BATCH,UNRUN,Queued for independent GPT reconstruction and review from Ghidra evidence.
0x002D3FA0,App::Tool::TimeLimit::Setup,2,128,,YELLOW,GPT_EASY_BATCH,UNRUN,Queued for independent GPT reconstruction and review from Ghidra evidence.
0x00380A64,Field::FieldScript::FieldScriptSystem::CalcEventPositionWorld,2,132,,YELLOW,GPT_EASY_BATCH,UNRUN,Queued for independent GPT reconstruction and review from Ghidra evidence.
0x0040DCC4,poke_3d::model::CharaModel::ResetNeckAngle,2,140,,YELLOW,GPT_EASY_BATCH,UNRUN,Queued for independent GPT reconstruction and review from Ghidra evidence.
0x002F16F0,app::tool::PokeSimpleModel::PokeSimpleModel,2,256,,YELLOW,GPT_EASY_BATCH,UNRUN,Queued for independent GPT reconstruction and review from Ghidra evidence.
0x004A6FCC,Savedata::MysteryGiftSave::GetPokeGiftData,2,60,,YELLOW,GPT_EASY_BATCH,UNRUN,Queued for independent GPT reconstruction and review from Ghidra evidence.
0x00406FB4,gflnet2::p2p::NetGame::IsTimingEnd,2,76,,YELLOW,GPT_EASY_BATCH,UNRUN,Queued for independent GPT reconstruction and review from Ghidra evidence.
0x004A5608,poke_3d::model::BaseModel::GetAnimationId,2,76,,YELLOW,GPT_EASY_BATCH,UNRUN,Queued for independent GPT reconstruction and review from Ghidra evidence.
0x00465D80,NetAppLib::JoinFesta::JoinFestaPacketUtil::IsSameFriendKey,2,80,,YELLOW,GPT_EASY_BATCH,UNRUN,Queued for independent GPT reconstruction and review from Ghidra evidence.
0x003BFF34,app::util::G2DUtil::SetTextBoxPaneString,2,96,,YELLOW,GPT_EASY_BATCH,UNRUN,Queued for independent GPT reconstruction and review from Ghidra evidence.
0x00438B5C,Savedata::ResortSave::GetGroundBeansRank,2,100,,YELLOW,GPT_EASY_BATCH,UNRUN,Queued for independent GPT reconstruction and review from Ghidra evidence.
0x0045C384,NetAppLib::Util::NetAppPokeModelUtility::ReleaseRequest,2,104,,YELLOW,GPT_EASY_BATCH,UNRUN,Queued for independent GPT reconstruction and review from Ghidra evidence.
0x004A6864,PokeTool::ExtendData::GetLocalNumber,2,112,,YELLOW,GPT_EASY_BATCH,UNRUN,Queued for independent GPT reconstruction and review from Ghidra evidence.
0x00439560,Savedata::ResortSave::HotSpaNoboseTimeDownCount,2,120,,YELLOW,GPT_EASY_BATCH,UNRUN,Queued for independent GPT reconstruction and review from Ghidra evidence.
0x002FF030,app::tool::Gauge::GetDottoNumF32,2,124,,YELLOW,GPT_EASY_BATCH,UNRUN,Queued for independent GPT reconstruction and review from Ghidra evidence.
0x00380D14,Field::FieldScript::FieldScriptSystem::CalcEventPositionOffset,2,156,,YELLOW,GPT_EASY_BATCH,UNRUN,Queued for independent GPT reconstruction and review from Ghidra evidence.
0x00336D90,gfl2::renderingengine::renderer::RenderingPipeLine::SceneRenderPath::SceneRenderPath,2,176,,YELLOW,GPT_EASY_BATCH,UNRUN,Queued for independent GPT reconstruction and review from Ghidra evidence.
0x00435548,PokeTool::PokeModel::GetMotionCollisionDirect,2,232,,YELLOW,GPT_EASY_BATCH,UNRUN,Queued for independent GPT reconstruction and review from Ghidra evidence.
0x003155DC,pml::personal::CheckGensiKaiki,2,60,,YELLOW,GPT_EASY_BATCH,UNRUN,Queued for independent GPT reconstruction and review from Ghidra evidence.
0x004A6F8C,Savedata::MysteryGiftSave::GetItemGiftData,2,64,,YELLOW,GPT_EASY_BATCH,UNRUN,Queued for independent GPT reconstruction and review from Ghidra evidence.
0x003E0594,NetLib::Delivery::DeliveryManager::ClearAttribute,2,72,,YELLOW,GPT_EASY_BATCH,UNRUN,Queued for independent GPT reconstruction and review from Ghidra evidence.
0x0049A918,gfl2::str::StrWin::GetPauseType,2,76,,YELLOW,GPT_EASY_BATCH,UNRUN,Queued for independent GPT reconstruction and review from Ghidra evidence.
0x00436380,PokeTool::PokePlace::GetPlaceMarkID,2,84,,YELLOW,GPT_EASY_BATCH,UNRUN,Queued for independent GPT reconstruction and review from Ghidra evidence.
0x0042A538,PokeTool::ExtendData::IsExistLocalZukanStatic,2,108,,YELLOW,GPT_EASY_BATCH,UNRUN,Queued for independent GPT reconstruction and review from Ghidra evidence.
0x0045E5B8,NetAppLib::Util::PackFile::GetFileSize,2,108,,YELLOW,GPT_EASY_BATCH,UNRUN,Queued for independent GPT reconstruction and review from Ghidra evidence.
0x0045E664,NetAppLib::Util::PackFile::GetFileBuffer,2,112,,YELLOW,GPT_EASY_BATCH,UNRUN,Queued for independent GPT reconstruction and review from Ghidra evidence.
0x003991C8,Field::Encount::PokeSet::IsPokemonSearchEncountAvoid,2,84,,YELLOW,GPT_EASY_BATCH,UNRUN,Queued for independent GPT reconstruction and review from Ghidra evidence.
0x00430288,PokeTool::CompareSimpleParam,2,108,,YELLOW,GPT_EASY_BATCH,UNRUN,Queued for independent GPT reconstruction and review from Ghidra evidence.
0x003D4794,NetLib::P2P::NexRatingClient::RegistRatingClientListener,2,116,,YELLOW,GPT_EASY_BATCH,UNRUN,Queued for independent GPT reconstruction and review from Ghidra evidence.
0x003FA2C8,gflnet2::nex::NexRankingClient::RegistRankingClientListener,2,116,,YELLOW,GPT_EASY_BATCH,UNRUN,Queued for independent GPT reconstruction and review from Ghidra evidence.
0x003FBD58,gflnet2::nex::NexDataStoreClient::RegistDataStoreClientListener,2,116,,YELLOW,GPT_EASY_BATCH,UNRUN,Queued for independent GPT reconstruction and review from Ghidra evidence.
0x0041C8B0,poke_3d::renderer::EdgeMapSceneRenderPath::AddEdgeRenderingTarget,3,204,,YELLOW,GPT_EASY_BATCH,UNRUN,Queued for independent GPT reconstruction and review from Ghidra evidence.
0x0041D038,poke_3d::renderer::DistortionPostRenderPath::AddDistortionRenderingTarget,3,204,,YELLOW,GPT_EASY_BATCH,UNRUN,Queued for independent GPT reconstruction and review from Ghidra evidence.
0x00333ADC,gfl2::renderingengine::renderer::DrawManager::AddDrawEnv,3,212,,YELLOW,GPT_EASY_BATCH,UNRUN,Queued for independent GPT reconstruction and review from Ghidra evidence.
0x00438168,Savedata::ResortSave::FarmTimeDownCount,2,108,,YELLOW,GPT_EASY_BATCH,UNRUN,Queued for independent GPT reconstruction and review from Ghidra evidence.
0x00311ECC,app::util::ScrollBar::SetRequest,3,152,,YELLOW,GPT_EASY_BATCH,UNRUN,Queued for independent GPT reconstruction and review from Ghidra evidence.
0x0051F520,glClearColor,3,152,,YELLOW,GPT_EASY_BATCH,UNRUN,Queued for independent GPT reconstruction and review from Ghidra evidence.
0x00396DE8,Field::Encount::EncountWork::CalcEncountProb,3,168,,YELLOW,GPT_EASY_BATCH,UNRUN,Queued for independent GPT reconstruction and review from Ghidra evidence.
0x003544C8,gfl2::str::StrBuf::AddCode,3,176,,YELLOW,GPT_EASY_BATCH,UNRUN,Queued for independent GPT reconstruction and review from Ghidra evidence.
0x004A510C,poke_3d::model::DressUpModelResourceManagerCore::GetDressUpColorIndex,2,204,,YELLOW,GPT_EASY_BATCH,UNRUN,Queued for independent GPT reconstruction and review from Ghidra evidence.
0x0048CBA8,App::Resort::ResortDataManager::IsFileAccessible,2,84,,YELLOW,GPT_EASY_BATCH,UNRUN,Queued for independent GPT reconstruction and review from Ghidra evidence.
0x0042EDEC,PokeTool::PokeModelSystem::GetDataIdx,2,180,,YELLOW,GPT_EASY_BATCH,UNRUN,Queued for independent GPT reconstruction and review from Ghidra evidence.
0x00324A74,gfl2::renderingengine::scenegraph::DagNode::RemoveChild,3,180,,YELLOW,GPT_EASY_BATCH,UNRUN,Queued for independent GPT reconstruction and review from Ghidra evidence.
0x003935E4,Field::EventPokemonRideTool::GetCharactorId_to_RIDE_POKEMON_ID,2,124,,YELLOW,GPT_EASY_BATCH,UNRUN,Queued for independent GPT reconstruction and review from Ghidra evidence.
0x0049F05C,Field::EventWork::CheckEventFlag,3,148,,YELLOW,GPT_EASY_BATCH,UNRUN,Queued for independent GPT reconstruction and review from Ghidra evidence.
0x0040DB84,poke_3d::model::CharaModel::SetNeckAngle,3,240,,YELLOW,GPT_EASY_BATCH,UNRUN,Queued for independent GPT reconstruction and review from Ghidra evidence.
0x00103B34,"std::codecvt_byname<wchar_t,char,std::__mbstate_t>::~codecvt_byname",0,8,,YELLOW,GPT_EASY_BATCH,UNRUN,Queued for independent GPT reconstruction and review from Ghidra evidence.
0x00103D04,std::locale::facet::~facet,0,8,,YELLOW,GPT_EASY_BATCH,UNRUN,Queued for independent GPT reconstruction and review from Ghidra evidence.
0x00103D40,std::collate<char>::~collate,0,8,,YELLOW,GPT_EASY_BATCH,UNRUN,Queued for independent GPT reconstruction and review from Ghidra evidence.
0x0010417A,std::messages<char>::do_close,0,10,,YELLOW,GPT_EASY_BATCH,UNRUN,Queued for independent GPT reconstruction and review from Ghidra evidence.
0x00104184,std::numpunct<char>::do_grouping,0,10,,YELLOW,GPT_EASY_BATCH,UNRUN,Queued for independent GPT reconstruction and review from Ghidra evidence.
0x0010418E,std::numpunct<char>::do_truename,0,10,,YELLOW,GPT_EASY_BATCH,UNRUN,Queued for independent GPT reconstruction and review from Ghidra evidence.
0x00104198,std::numpunct<char>::do_falsename,0,10,,YELLOW,GPT_EASY_BATCH,UNRUN,Queued for independent GPT reconstruction and review from Ghidra evidence.
0x00104170,std::messages<char>::do_open,0,10,,YELLOW,GPT_EASY_BATCH,UNRUN,Queued for independent GPT reconstruction and review from Ghidra evidence.
0x00103D56,std::messages<char>::~messages,0,14,,YELLOW,GPT_EASY_BATCH,UNRUN,Queued for independent GPT reconstruction and review from Ghidra evidence.
0x00103D70,std::numpunct<char>::~numpunct,0,14,,YELLOW,GPT_EASY_BATCH,UNRUN,Queued for independent GPT reconstruction and review from Ghidra evidence.
0x00103F48,__rw::__rw_locale_vector<__rw::__rw_facet_base*>::~__rw_locale_vector,0,14,,YELLOW,GPT_EASY_BATCH,UNRUN,Queued for independent GPT reconstruction and review from Ghidra evidence.
0x00103F56,__rw::__rw_locale_vector<__rw::__rw_cat*>::~__rw_locale_vector,0,14,,YELLOW,GPT_EASY_BATCH,UNRUN,Queued for independent GPT reconstruction and review from Ghidra evidence.
0x00302D84,std::__rw_open_cat_data::operator=,1,18,,YELLOW,GPT_EASY_BATCH,UNRUN,Queued for independent GPT reconstruction and review from Ghidra evidence.
0x00103B18,std::__rw_exception::~__rw_exception,1,22,,YELLOW,GPT_EASY_BATCH,UNRUN,Queued for independent GPT reconstruction and review from Ghidra evidence.
0x00339B40,gfl2::fs::CtrHioUtil::ReadFile,2,92,,YELLOW,GPT_EASY_BATCH,UNRUN,Queued for independent GPT reconstruction and review from Ghidra evidence.
0x0040E0D4,poke_3d::model::CharaModel::CharaModel,2,112,,YELLOW,GPT_EASY_BATCH,UNRUN,Queued for independent GPT reconstruction and review from Ghidra evidence.
0x00366968,gfl2::animation::AnimationController::AnimationController,2,136,,YELLOW,GPT_EASY_BATCH,UNRUN,Queued for independent GPT reconstruction and review from Ghidra evidence.
0x004488E4,NetAppLib::JoinFestaUI::JoinFestaPlayerData::JoinFestaPlayerData,2,140,,YELLOW,GPT_EASY_BATCH,UNRUN,Queued for independent GPT reconstruction and review from Ghidra evidence.
0x003A827C,Field::MoveModel::FieldMoveModelShadowManager::FieldMoveModelShadowManager,2,144,,YELLOW,GPT_EASY_BATCH,UNRUN,Queued for independent GPT reconstruction and review from Ghidra evidence.
0x0040D6EC,poke_3d::model::BaseCamera::BaseCamera,2,156,,YELLOW,GPT_EASY_BATCH,UNRUN,Queued for independent GPT reconstruction and review from Ghidra evidence.
0x0036BDD4,gfl2::animation::DrawEnvAnimationController::DrawEnvAnimationController,2,172,,YELLOW,GPT_EASY_BATCH,UNRUN,Queued for independent GPT reconstruction and review from Ghidra evidence.
0x003E7F18,System::Camera::InFrameCamera::InFrameCamera,2,200,,YELLOW,GPT_EASY_BATCH,UNRUN,Queued for independent GPT reconstruction and review from Ghidra evidence.
0x00337070,gfl2::renderingengine::renderer::RenderingPipeLine::RenderingPipeLine,2,200,,YELLOW,GPT_EASY_BATCH,UNRUN,Queued for independent GPT reconstruction and review from Ghidra evidence.
0x00311D10,app::util::AppCamera::SetOrthoProjectionMatrix,2,204,,YELLOW,GPT_EASY_BATCH,UNRUN,Queued for independent GPT reconstruction and review from Ghidra evidence.
0x00311DE4,app::util::AppCamera::AppCamera,2,208,,YELLOW,GPT_EASY_BATCH,UNRUN,Queued for independent GPT reconstruction and review from Ghidra evidence.
0x00337EC8,gfl2::renderingengine::renderer::util::DofRenderPath::DofRenderPath,2,208,,YELLOW,GPT_EASY_BATCH,UNRUN,Queued for independent GPT reconstruction and review from Ghidra evidence.
0x0045C7B8,NetAppLib::Util::NetAppPokeModelUtility::SetFramePosition,2,140,,YELLOW,GPT_EASY_BATCH,UNRUN,Queued for independent GPT reconstruction and review from Ghidra evidence.
0x00103D1C,std::locale::locale,1,30,,YELLOW,GPT_EASY_BATCH,UNRUN,Queued for independent GPT reconstruction and review from Ghidra evidence.
0x00302204,std::locale::locale,1,30,,YELLOW,GPT_EASY_BATCH,UNRUN,Queued for independent GPT reconstruction and review from Ghidra evidence.
0x0043B39C,Savedata::BattleSpotData::SetEntryCommunity,2,52,,YELLOW,GPT_EASY_BATCH,UNRUN,Queued for independent GPT reconstruction and review from Ghidra evidence.
0x003BFB9C,print::GetMessageArcId,2,56,,YELLOW,GPT_EASY_BATCH,UNRUN,Queued for independent GPT reconstruction and review from Ghidra evidence.
0x00456DBC,NetAppLib::BattleVideoPlayer::VideoDataManager::SetDataDelFlg,2,56,,YELLOW,GPT_EASY_BATCH,UNRUN,Queued for independent GPT reconstruction and review from Ghidra evidence.
0x003D28E0,NetLib::NijiNetworkSystem::InitializeLocalP2PNetwork,2,60,,YELLOW,GPT_EASY_BATCH,UNRUN,Queued for independent GPT reconstruction and review from Ghidra evidence.
0x003EA424,System::GflUse::GetPokemonCreateRand,2,60,,YELLOW,GPT_EASY_BATCH,UNRUN,Queued for independent GPT reconstruction and review from Ghidra evidence.
0x002F23F4,app::tool::CharaSimpleModel::SetRot,2,64,,YELLOW,GPT_EASY_BATCH,UNRUN,Queued for independent GPT reconstruction and review from Ghidra evidence.
0x00456418,NetAppLib::BattleVideoPlayer::VIDEO_DATA::OutputIconObjectParam,2,72,,YELLOW,GPT_EASY_BATCH,UNRUN,Queued for independent GPT reconstruction and review from Ghidra evidence.
0x003111CC,app::util::G2DUtil::SetMsgCursorUserVisible,2,76,,YELLOW,GPT_EASY_BATCH,UNRUN,Queued for independent GPT reconstruction and review from Ghidra evidence.
0x003D6BC0,NetApp::NBR::NBRNet::IsValidationCheckOk,2,76,,YELLOW,GPT_EASY_BATCH,UNRUN,Queued for independent GPT reconstruction and review from Ghidra evidence.
0x0038104C,Field::FieldScript::FieldScriptSystem::Create,2,80,,YELLOW,GPT_EASY_BATCH,UNRUN,Queued for independent GPT reconstruction and review from Ghidra evidence.
0x002F69AC,app::tool::InfoWindowBookType::SetQRContent,2,96,,YELLOW,GPT_EASY_BATCH,UNRUN,Queued for independent GPT reconstruction and review from Ghidra evidence.
0x002F7858,app::tool::InfoWindowBookType::SetTextContent,2,96,,YELLOW,GPT_EASY_BATCH,UNRUN,Queued for independent GPT reconstruction and review from Ghidra evidence.
0x002A7120,nw::lyt::TexMap::Set,2,100,,YELLOW,GPT_EASY_BATCH,UNRUN,Queued for independent GPT reconstruction and review from Ghidra evidence.
0x003E050C,NetLib::Delivery::DeliveryManager::Initialize,2,100,,YELLOW,GPT_EASY_BATCH,UNRUN,Queued for independent GPT reconstruction and review from Ghidra evidence.
0x0031E17C,pml::wazadata::GetSickCont,2,108,,YELLOW,GPT_EASY_BATCH,UNRUN,Queued for independent GPT reconstruction and review from Ghidra evidence.
0x002F7F28,app::tool::InfoWindowBookType::SetTextureAndTextContent,2,116,,YELLOW,GPT_EASY_BATCH,UNRUN,Queued for independent GPT reconstruction and review from Ghidra evidence.
0x003E8640,System::Camera::CModelViewerInFrame::Init,2,124,,YELLOW,GPT_EASY_BATCH,UNRUN,Queued for independent GPT reconstruction and review from Ghidra evidence.
0x0048E250,app::tool::ScrollPaneManager::GetScrollMax,2,132,,YELLOW,GPT_EASY_BATCH,UNRUN,Queued for independent GPT reconstruction and review from Ghidra evidence.
0x00301A98,gfl2::renderingengine::scenegraph::NodeName::SetNodeName,2,132,,YELLOW,GPT_EASY_BATCH,UNRUN,Queued for independent GPT reconstruction and review from Ghidra evidence.
0x00407DF8,gflnet2::p2p::NetGame::NetGame,2,140,,YELLOW,GPT_EASY_BATCH,UNRUN,Queued for independent GPT reconstruction and review from Ghidra evidence.
0x0045B7C4,NetAppLib::Util::NetAppEffectBG::SetLowerCamera,2,168,,YELLOW,GPT_EASY_BATCH,UNRUN,Queued for independent GPT reconstruction and review from Ghidra evidence.
0x0045B874,NetAppLib::Util::NetAppEffectBG::SetUpperCamera,2,168,,YELLOW,GPT_EASY_BATCH,UNRUN,Queued for independent GPT reconstruction and review from Ghidra evidence.
0x004927BC,pml::pokepara::CoreParam::HavePokerusPast,2,52,,YELLOW,GPT_EASY_BATCH,UNRUN,Queued for independent GPT reconstruction and review from Ghidra evidence.
0x0034333C,gfl2::qr::QREncodeData::CopyData,2,52,,YELLOW,GPT_EASY_BATCH,UNRUN,Queued for independent GPT reconstruction and review from Ghidra evidence.
0x003EBF1C,System::Skybox::Skybox::UpdateCreateResource,2,52,,YELLOW,GPT_EASY_BATCH,UNRUN,Queued for independent GPT reconstruction and review from Ghidra evidence.
0x004095E0,gflnet2::boss::BossManager::CancelImmidiateTask,2,52,,YELLOW,GPT_EASY_BATCH,UNRUN,Queued for independent GPT reconstruction and review from Ghidra evidence.
0x002E99BC,app::tool::MenuCursor::DeleteResource,2,56,,YELLOW,GPT_EASY_BATCH,UNRUN,Queued for independent GPT reconstruction and review from Ghidra evidence.
0x0045424C,NetAppLib::JoinFestaUI::JoinFestaPlayerListSelectLowerViewBase::OnAddChild,2,56,,YELLOW,GPT_EASY_BATCH,UNRUN,Queued for independent GPT reconstruction and review from Ghidra evidence.
0x00454818,NetAppLib::JoinFestaUI::JoinFestaPlayerListSelectLowerViewBase::OnRemoveChild,2,56,,YELLOW,GPT_EASY_BATCH,UNRUN,Queued for independent GPT reconstruction and review from Ghidra evidence.
0x004550EC,NetAppLib::JoinFestaUI::JoinFestaPlayerListSelectLowerViewBase::setInputEnablePaneList,2,56,,YELLOW,GPT_EASY_BATCH,UNRUN,Queued for independent GPT reconstruction and review from Ghidra evidence.
0x003D66D4,NetLib::P2P::P2pConnectionManager::DisconnectStart,2,56,,YELLOW,GPT_EASY_BATCH,UNRUN,Queued for independent GPT reconstruction and review from Ghidra evidence.
0x002F21E0,app::tool::CharaSimpleModel::CheckDressUpCombination,2,60,,YELLOW,GPT_EASY_BATCH,UNRUN,Queued for independent GPT reconstruction and review from Ghidra evidence.
0x002F2B10,app::tool::CharaSimpleModel::IsReady,2,60,,YELLOW,GPT_EASY_BATCH,UNRUN,Queued for independent GPT reconstruction and review from Ghidra evidence.
0x0042FF10,PokeTool::PokeModelSystem::IsFinishTermSystemAsync,2,60,,YELLOW,GPT_EASY_BATCH,UNRUN,Queued for independent GPT reconstruction and review from Ghidra evidence.
0x004092C8,gflnet2::boss::BossManager::SetAppHeap,2,68,,YELLOW,GPT_EASY_BATCH,UNRUN,Queued for independent GPT reconstruction and review from Ghidra evidence.
0x00443254,Savedata::Fashion::Add,2,72,,YELLOW,GPT_EASY_BATCH,UNRUN,Queued for independent GPT reconstruction and review from Ghidra evidence.
0x0049A86C,gfl2::str::StrBuf::Compare,2,76,,YELLOW,GPT_EASY_BATCH,UNRUN,Queued for independent GPT reconstruction and review from Ghidra evidence.
0x00354400,gfl2::str::StrBuf::SetStr,2,84,,YELLOW,GPT_EASY_BATCH,UNRUN,Queued for independent GPT reconstruction and review from Ghidra evidence.
0x004A4EE0,poke_3d::model::CharaModelFactory::GetApplicationData,2,88,,YELLOW,GPT_EASY_BATCH,UNRUN,Queued for independent GPT reconstruction and review from Ghidra evidence.
0x004A5948,poke_3d::model::BaseModel::GetJointWorldPosition,2,88,,YELLOW,GPT_EASY_BATCH,UNRUN,Queued for independent GPT reconstruction and review from Ghidra evidence.
0x004A55A8,app::tool::CharaSimpleModel::GetMotionAnimeId,2,96,,YELLOW,GPT_EASY_BATCH,UNRUN,Queued for independent GPT reconstruction and review from Ghidra evidence.
0x0043346C,PokeTool::PokeModel::SetEnvColor,2,100,,YELLOW,GPT_EASY_BATCH,UNRUN,Queued for independent GPT reconstruction and review from Ghidra evidence.
0x00441CB4,Savedata::MyItem::AddFreeSpace,2,100,,YELLOW,GPT_EASY_BATCH,UNRUN,Queued for independent GPT reconstruction and review from Ghidra evidence.
0x004716F8,NetAppLib::JoinFesta::JoinFestaAttractionManager::GetQuestionAnswerMsgId,2,120,,YELLOW,GPT_EASY_BATCH,UNRUN,Queued for independent GPT reconstruction and review from Ghidra evidence.
0x00411E44,poke_3d::model::CharaModelFactory::LoadDynamicAnimationSync,2,132,,YELLOW,GPT_EASY_BATCH,UNRUN,Queued for independent GPT reconstruction and review from Ghidra evidence.
0x00411EC8,poke_3d::model::CharaModelFactory::LoadDynamicAnimationAsync,2,132,,YELLOW,GPT_EASY_BATCH,UNRUN,Queued for independent GPT reconstruction and review from Ghidra evidence.
0x00411F4C,poke_3d::model::CharaModelFactory::LoadDynamicAnimationAsync,2,144,,YELLOW,GPT_EASY_BATCH,UNRUN,Queued for independent GPT reconstruction and review from Ghidra evidence.
0x0037D7BC,Field::FieldScript::FuncSetFieldInit::CheckPlayerFreePointMove,2,52,,YELLOW,GPT_EASY_BATCH,UNRUN,Queued for independent GPT reconstruction and review from Ghidra evidence.
0x002E8A64,app::tool::IconObject::EndFunc,2,60,,YELLOW,GPT_EASY_BATCH,UNRUN,Queued for independent GPT reconstruction and review from Ghidra evidence.
0x002D2344,App::Tool::CommonMessageWindowManipulator::SetMessageSpeed,2,64,,YELLOW,GPT_EASY_BATCH,UNRUN,Queued for independent GPT reconstruction and review from Ghidra evidence.
0x00459DC4,NetAppLib::UI::RegulationDrawInfo::GetBattleSystemMessageID,2,64,,YELLOW,GPT_EASY_BATCH,UNRUN,Queued for independent GPT reconstruction and review from Ghidra evidence.
0x002EEAB4,app::tool::InfoWindowBase::SetBgVisible,2,68,,YELLOW,GPT_EASY_BATCH,UNRUN,Queued for independent GPT reconstruction and review from Ghidra evidence.
0x00459590,NetAppLib::UI::NetAppCursorView::CursorController_OnEvent,2,68,,YELLOW,GPT_EASY_BATCH,UNRUN,Queued for independent GPT reconstruction and review from Ghidra evidence.
0x004ADA00,NetAppLib::UI::NetAppCursorView::CursorController_OnEvent,2,68,,YELLOW,GPT_EASY_BATCH,UNRUN,Queued for independent GPT reconstruction and review from Ghidra evidence.
0x004A7F2C,Savedata::MyItem::Check,2,72,,YELLOW,GPT_EASY_BATCH,UNRUN,Queued for independent GPT reconstruction and review from Ghidra evidence.
0x004A8128,Savedata::MyItem::SubCheck,2,72,,YELLOW,GPT_EASY_BATCH,UNRUN,Queued for independent GPT reconstruction and review from Ghidra evidence.
0x002CA04C,App::Tool::MapManager::Draw,2,76,,YELLOW,GPT_EASY_BATCH,UNRUN,Queued for independent GPT reconstruction and review from Ghidra evidence.
0x002EF1B0,app::tool::ItemIconToolEx::IsLoadItemIcon,2,76,,YELLOW,GPT_EASY_BATCH,UNRUN,Queued for independent GPT reconstruction and review from Ghidra evidence.
0x0035DDE0,gfl2::Effect::EffectRenderPath::SetConfig,2,84,,YELLOW,GPT_EASY_BATCH,UNRUN,Queued for independent GPT reconstruction and review from Ghidra evidence.
0x0031F190,BATTLE_PARAM_SetPokeParty,2,88,,YELLOW,GPT_EASY_BATCH,UNRUN,Queued for independent GPT reconstruction and review from Ghidra evidence.
0x00310764,app::util::G2DUtil::GetMaterialColor,2,88,,YELLOW,GPT_EASY_BATCH,UNRUN,Queued for independent GPT reconstruction and review from Ghidra evidence.
0x0037F360,Field::FieldScript::ScriptTrialModel::PlayIsEnd,2,92,,YELLOW,GPT_EASY_BATCH,UNRUN,Queued for independent GPT reconstruction and review from Ghidra evidence.
0x00309DB8,App::Tool::ItemEffect::End,2,96,,YELLOW,GPT_EASY_BATCH,UNRUN,Queued for independent GPT reconstruction and review from Ghidra evidence.
0x0049AA94,gfl2::heap::GflHeapBase::CalcAllocateAdjustSize,2,96,,YELLOW,GPT_EASY_BATCH,UNRUN,Queued for independent GPT reconstruction and review from Ghidra evidence.
0x003107BC,app::util::G2DUtil::SetMaterialColor,2,96,,YELLOW,GPT_EASY_BATCH,UNRUN,Queued for independent GPT reconstruction and review from Ghidra evidence.
0x0037ECC8,Field::FieldScript::ScriptTrialModel::Disp,2,100,,YELLOW,GPT_EASY_BATCH,UNRUN,Queued for independent GPT reconstruction and review from Ghidra evidence.
0x00354664,gfl2::str::StrBuf::StrBuf,2,112,,YELLOW,GPT_EASY_BATCH,UNRUN,Queued for independent GPT reconstruction and review from Ghidra evidence.
0x004383C8,Savedata::ResortSave::SetWildPokemon,2,116,,YELLOW,GPT_EASY_BATCH,UNRUN,Queued for independent GPT reconstruction and review from Ghidra evidence.
0x0031E214,pml::wazadata::GetRankEffect,2,116,,YELLOW,GPT_EASY_BATCH,UNRUN,Queued for independent GPT reconstruction and review from Ghidra evidence.
0x002F983C,app::tool::LytTexReplaceSystem::ReplaceTexture,2,124,,YELLOW,GPT_EASY_BATCH,UNRUN,Queued for independent GPT reconstruction and review from Ghidra evidence.
0x004382C0,Savedata::ResortSave::SetFarmPokemon,2,132,,YELLOW,GPT_EASY_BATCH,UNRUN,Queued for independent GPT reconstruction and review from Ghidra evidence.
0x00438DC4,Savedata::ResortSave::SetAdventurePokemon,2,132,,YELLOW,GPT_EASY_BATCH,UNRUN,Queued for independent GPT reconstruction and review from Ghidra evidence.
0x00163B30,mw::qre::QREncoder::GetQRData,2,132,,YELLOW,GPT_EASY_BATCH,UNRUN,Queued for independent GPT reconstruction and review from Ghidra evidence.
0x00456698,NetAppLib::BattleVideoPlayer::VideoDataManager::InitOnline,2,144,,YELLOW,GPT_EASY_BATCH,UNRUN,Queued for independent GPT reconstruction and review from Ghidra evidence.
0x002CF644,App::Tool::PokeIconTexPool::PokeIconTexPool,2,176,,YELLOW,GPT_EASY_BATCH,UNRUN,Queued for independent GPT reconstruction and review from Ghidra evidence.
0x002E1074,App::PokeList::IntermediateData::GetPoke,2,60,,YELLOW,GPT_EASY_BATCH,UNRUN,Queued for independent GPT reconstruction and review from Ghidra evidence.
0x00302E68,std::string::_C_unlink,2,66,,YELLOW,GPT_EASY_BATCH,UNRUN,Queued for independent GPT reconstruction and review from Ghidra evidence.
0x0045D0DC,NetAppLib::Util::NetAppCommonSaveUtility::Save,2,72,,YELLOW,GPT_EASY_BATCH,UNRUN,Queued for independent GPT reconstruction and review from Ghidra evidence.
0x004120A0,poke_3d::model::CharaModelFactory::SetModel,2,84,,YELLOW,GPT_EASY_BATCH,UNRUN,Queued for independent GPT reconstruction and review from Ghidra evidence.
0x00158E08,BattleInst::BattleInst::GetSelectRankRoyal,2,88,,YELLOW,GPT_EASY_BATCH,UNRUN,Queued for independent GPT reconstruction and review from Ghidra evidence.
0x003083E0,app::util::AppRenderingManager::UnsetRaderChart,2,92,,YELLOW,GPT_EASY_BATCH,UNRUN,Queued for independent GPT reconstruction and review from Ghidra evidence.
0x0045C870,NetAppLib::Util::NetAppPokeModelUtility::SetVisibility_InFrame,2,92,,YELLOW,GPT_EASY_BATCH,UNRUN,Queued for independent GPT reconstruction and review from Ghidra evidence.
0x00433E94,PokeTool::PokeModel::SetAutoBlink,2,100,,YELLOW,GPT_EASY_BATCH,UNRUN,Queued for independent GPT reconstruction and review from Ghidra evidence.
0x003F4114,GameSys::AlolaTime::CheckAlolaOtherWorld,2,112,,YELLOW,GPT_EASY_BATCH,UNRUN,Queued for independent GPT reconstruction and review from Ghidra evidence.
0x00354454,gfl2::str::StrBuf::SetStr,2,116,,YELLOW,GPT_EASY_BATCH,UNRUN,Queued for independent GPT reconstruction and review from Ghidra evidence.
0x003F44D0,GameSys::AlolaTime::IsAlolaTimeJumpOtherWorldSkillUse,2,120,,YELLOW,GPT_EASY_BATCH,UNRUN,Queued for independent GPT reconstruction and review from Ghidra evidence.
0x003F4188,GameSys::AlolaTime::CheckAlolaOtherWorld,2,124,,YELLOW,GPT_EASY_BATCH,UNRUN,Queued for independent GPT reconstruction and review from Ghidra evidence.
0x00304374,app::tool::PaneList::CommonAdjustmentListScrollAndPos,2,124,,YELLOW,GPT_EASY_BATCH,UNRUN,Queued for independent GPT reconstruction and review from Ghidra evidence.
0x004A9020,Savedata::ZukanData::GetPokeGetFlag,2,128,,YELLOW,GPT_EASY_BATCH,UNRUN,Queued for independent GPT reconstruction and review from Ghidra evidence.
0x0035435C,gfl2::str::StrBuf::AddStr,2,144,,YELLOW,GPT_EASY_BATCH,UNRUN,Queued for independent GPT reconstruction and review from Ghidra evidence.
0x0030F8B4,app::util::G2DUtil::GetAnimeFrame,2,168,,YELLOW,GPT_EASY_BATCH,UNRUN,Queued for independent GPT reconstruction and review from Ghidra evidence.
0x0041D320,poke_3d::renderer::DistortionPostRenderPath::DistortionPostRenderPath,2,216,,YELLOW,GPT_EASY_BATCH,UNRUN,Queued for independent GPT reconstruction and review from Ghidra evidence.
0x00430020,PokeTool::PokeModelSystem::~PokeModelSystem,2,104,,YELLOW,GPT_EASY_BATCH,UNRUN,Queued for independent GPT reconstruction and review from Ghidra evidence.
0x003976E8,Field::Encount::EncountEffect::SetSequenceStartupWaitMode,2,108,,YELLOW,GPT_EASY_BATCH,UNRUN,Queued for independent GPT reconstruction and review from Ghidra evidence.
0x0045C3EC,NetAppLib::Util::NetAppPokeModelUtility::SetShaderColor,2,108,,YELLOW,GPT_EASY_BATCH,UNRUN,Queued for independent GPT reconstruction and review from Ghidra evidence.
0x003CCF7C,NetApp::QR::QRDiaryFunc,2,116,,YELLOW,GPT_EASY_BATCH,UNRUN,Queued for independent GPT reconstruction and review from Ghidra evidence.
0x0049A7F4,gfl2::str::StrBuf::PutStr,2,120,,YELLOW,GPT_EASY_BATCH,UNRUN,Queued for independent GPT reconstruction and review from Ghidra evidence.
0x00458208,NetAppLib::BattleVideoPlayer::VideoDataManager::UpdateSendPlayComplate,2,124,,YELLOW,GPT_EASY_BATCH,UNRUN,Queued for independent GPT reconstruction and review from Ghidra evidence.
0x004582F8,NetAppLib::BattleVideoPlayer::VideoDataManager::UpdateIncPlayCountVideoData,2,124,,YELLOW,GPT_EASY_BATCH,UNRUN,Queued for independent GPT reconstruction and review from Ghidra evidence.
0x00310D34,app::util::G2DUtil::GetTextBoxPaneColor,2,128,,YELLOW,GPT_EASY_BATCH,UNRUN,Queued for independent GPT reconstruction and review from Ghidra evidence.
0x00457288,NetAppLib::BattleVideoPlayer::VideoDataManager::WaitUploadCancel,2,144,,YELLOW,GPT_EASY_BATCH,UNRUN,Queued for independent GPT reconstruction and review from Ghidra evidence.
0x0031593C,pml::personal::GetTokuseiPattern,2,144,,YELLOW,GPT_EASY_BATCH,UNRUN,Queued for independent GPT reconstruction and review from Ghidra evidence.
0x003E8200,System::Camera::CModelViewerInFrame::AddCameraPitch,2,164,,YELLOW,GPT_EASY_BATCH,UNRUN,Queued for independent GPT reconstruction and review from Ghidra evidence.
0x002E8840,app::tool::IconObject::ReplaceTex,2,176,,YELLOW,GPT_EASY_BATCH,UNRUN,Queued for independent GPT reconstruction and review from Ghidra evidence.
0x002F077C,app::tool::TwoButtonsView::SetButtonSE_Preset,2,196,,YELLOW,GPT_EASY_BATCH,UNRUN,Queued for independent GPT reconstruction and review from Ghidra evidence.
0x0049E290,Field::World::IsHitZoneInfo,2,220,,YELLOW,GPT_EASY_BATCH,UNRUN,Queued for independent GPT reconstruction and review from Ghidra evidence.
0x002F3104,NetAppLib::UI::NetAppCursorView::SetCursorVisible,2,100,,YELLOW,GPT_EASY_BATCH,UNRUN,Queued for independent GPT reconstruction and review from Ghidra evidence.
0x002D4024,App::Tool::TimeLimit::Update,2,128,,YELLOW,GPT_EASY_BATCH,UNRUN,Queued for independent GPT reconstruction and review from Ghidra evidence.
0x0044240C,Savedata::MyItem::Add,2,208,,YELLOW,GPT_EASY_BATCH,UNRUN,Queued for independent GPT reconstruction and review from Ghidra evidence.
0x003E547C,System::ModelRenderPath::AddNode,3,228,,YELLOW,GPT_EASY_BATCH,UNRUN,Queued for independent GPT reconstruction and review from Ghidra evidence.
0x003EDCA0,applib::frame::Manager::End,2,100,,YELLOW,GPT_EASY_BATCH,UNRUN,Queued for independent GPT reconstruction and review from Ghidra evidence.
0x0051AA68,amx_GetAddr,3,148,,YELLOW,GPT_EASY_BATCH,UNRUN,Queued for independent GPT reconstruction and review from Ghidra evidence.
0x003007B8,app::tool::PaneList::MakeListPos,3,176,,YELLOW,GPT_EASY_BATCH,UNRUN,Queued for independent GPT reconstruction and review from Ghidra evidence.
0x0041C7A0,poke_3d::renderer::EdgeMapSceneRenderPath::CreateEdgeMapTexture,3,252,,YELLOW,GPT_EASY_BATCH,UNRUN,Queued for independent GPT reconstruction and review from Ghidra evidence.
0x00399FD8,Field::EventWork::SetEventFlag,2,124,,YELLOW,GPT_EASY_BATCH,UNRUN,Queued for independent GPT reconstruction and review from Ghidra evidence.
0x0039A0BC,Field::EventWork::ResetEventFlag,3,132,,YELLOW,GPT_EASY_BATCH,UNRUN,Queued for independent GPT reconstruction and review from Ghidra evidence.
0x00383010,Field::FieldScript::ScriptMoveModelManager::UnloadResourceForce,3,140,,YELLOW,GPT_EASY_BATCH,UNRUN,Queued for independent GPT reconstruction and review from Ghidra evidence.
0x00382EE0,Field::FieldScript::ScriptMoveModelManager::UnloadResource,3,148,,YELLOW,GPT_EASY_BATCH,UNRUN,Queued for independent GPT reconstruction and review from Ghidra evidence.
0x003DE824,NetLib::Error::NijiNetworkError::SetResultBossError,3,164,,YELLOW,GPT_EASY_BATCH,UNRUN,Queued for independent GPT reconstruction and review from Ghidra evidence.
0x00103B64,std::__rw_open_cat_data::__rw_open_cat_data,1,26,,YELLOW,GPT_EASY_BATCH,UNRUN,Queued for independent GPT reconstruction and review from Ghidra evidence.
0x004177D4,poke_3d::model::BaseModel::SetAnimationLoop,2,56,,YELLOW,GPT_EASY_BATCH,UNRUN,Queued for independent GPT reconstruction and review from Ghidra evidence.
0x003AA4B4,Field::FieldSound::EndEventBGM,2,60,,YELLOW,GPT_EASY_BATCH,UNRUN,Queued for independent GPT reconstruction and review from Ghidra evidence.
0x003AD264,Field::FieldSound::ChangeFieldBGMNowMap,2,60,,YELLOW,GPT_EASY_BATCH,UNRUN,Queued for independent GPT reconstruction and review from Ghidra evidence.
0x004180DC,poke_3d::model::BaseModel::ChangeAnimationByResourceNode,2,64,,YELLOW,GPT_EASY_BATCH,UNRUN,Queued for independent GPT reconstruction and review from Ghidra evidence.
0x004A5680,poke_3d::model::BaseModel::IsAnimationLoop,2,64,,YELLOW,GPT_EASY_BATCH,UNRUN,Queued for independent GPT reconstruction and review from Ghidra evidence.
0x004A5800,poke_3d::model::BaseModel::IsAnimationInterp,2,64,,YELLOW,GPT_EASY_BATCH,UNRUN,Queued for independent GPT reconstruction and review from Ghidra evidence.
0x004A58B8,poke_3d::model::BaseModel::IsAnimationLastFrame,2,64,,YELLOW,GPT_EASY_BATCH,UNRUN,Queued for independent GPT reconstruction and review from Ghidra evidence.
0x004A59B0,poke_3d::model::BaseModel::GetAnimationResourceNode,2,64,,YELLOW,GPT_EASY_BATCH,UNRUN,Queued for independent GPT reconstruction and review from Ghidra evidence.
0x004A5874,poke_3d::model::BaseModel::GetAnimationEndFrame,2,68,,YELLOW,GPT_EASY_BATCH,UNRUN,Queued for independent GPT reconstruction and review from Ghidra evidence.
0x004A58F8,poke_3d::model::BaseModel::GetAnimationStepFrame,2,68,,YELLOW,GPT_EASY_BATCH,UNRUN,Queued for independent GPT reconstruction and review from Ghidra evidence.
0x004A57BC,poke_3d::model::BaseModel::GetAnimationFrame,2,68,,YELLOW,GPT_EASY_BATCH,UNRUN,Queued for independent GPT reconstruction and review from Ghidra evidence.
0x002EE738,app::tool::CursorManager::CursorManager,2,72,,YELLOW,GPT_EASY_BATCH,UNRUN,Queued for independent GPT reconstruction and review from Ghidra evidence.
0x003052D0,app::tool::PokeIcon::ReplacePaneTexture,2,72,,YELLOW,GPT_EASY_BATCH,UNRUN,Queued for independent GPT reconstruction and review from Ghidra evidence.
0x00417884,poke_3d::model::BaseModel::SetAnimationFrame,2,72,,YELLOW,GPT_EASY_BATCH,UNRUN,Queued for independent GPT reconstruction and review from Ghidra evidence.
0x004179C0,poke_3d::model::BaseModel::SetAnimationStepFrame,2,72,,YELLOW,GPT_EASY_BATCH,UNRUN,Queued for independent GPT reconstruction and review from Ghidra evidence.
0x00395FC4,Field::World::World,2,132,,YELLOW,GPT_EASY_BATCH,UNRUN,Queued for independent GPT reconstruction and review from Ghidra evidence.
0x004924D8,pml::pokepara::CoreParam::GetMezapaType,2,132,,YELLOW,GPT_EASY_BATCH,UNRUN,Queued for independent GPT reconstruction and review from Ghidra evidence.
0x00395830,Field::Event::EventPokeFinderForPlacement::EventPokeFinderForPlacement,2,132,,YELLOW,GPT_EASY_BATCH,UNRUN,Queued for independent GPT reconstruction and review from Ghidra evidence.
0x003C1FF0,BattleInst::BattleInst::WordSetBinstTrainerTypeNameAndTrainerNameFromTrainerNo,2,144,,YELLOW,GPT_EASY_BATCH,UNRUN,Queued for independent GPT reconstruction and review from Ghidra evidence.
0x003FB084,gflnet2::nex::NexDataStoreClient::DownloadMetaData,2,148,,YELLOW,GPT_EASY_BATCH,UNRUN,Queued for independent GPT reconstruction and review from Ghidra evidence.
0x00392CF8,Field::EventGimmickEncount::EventGimmickEncount,2,172,,YELLOW,GPT_EASY_BATCH,UNRUN,Queued for independent GPT reconstruction and review from Ghidra evidence.
0x003BF3B4,print::MessageWindow::MessageWindow,2,188,,YELLOW,GPT_EASY_BATCH,UNRUN,Queued for independent GPT reconstruction and review from Ghidra evidence.
0x002EBA80,app::tool::FingerCursor::FingerCursor,2,204,,YELLOW,GPT_EASY_BATCH,UNRUN,Queued for independent GPT reconstruction and review from Ghidra evidence.
0x002F4140,app::tool::GeneralLowerView::GeneralLowerView,2,212,,YELLOW,GPT_EASY_BATCH,UNRUN,Queued for independent GPT reconstruction and review from Ghidra evidence.
0x004309B4,PokeTool::KawaigariParamCareCoreManager::KawaigariParamCareCoreManager,2,220,,YELLOW,GPT_EASY_BATCH,UNRUN,Queued for independent GPT reconstruction and review from Ghidra evidence.
0x00430C08,PokeTool::KawaigariParamOptionCoreManager::KawaigariParamOptionCoreManager,2,220,,YELLOW,GPT_EASY_BATCH,UNRUN,Queued for independent GPT reconstruction and review from Ghidra evidence.
0x00520E94,mwmomobiclipDecoderGetNbPushedFrame,2,52,,YELLOW,GPT_EASY_BATCH,UNRUN,Queued for independent GPT reconstruction and review from Ghidra evidence.
0x0043E604,Savedata::JoinFestaDataSave::FacilitiesChange,2,68,,YELLOW,GPT_EASY_BATCH,UNRUN,Queued for independent GPT reconstruction and review from Ghidra evidence.
0x00301FD0,__rw::__rw_use_c_lib_locale::~__rw_use_c_lib_locale,1,26,,YELLOW,GPT_EASY_BATCH,UNRUN,Queued for independent GPT reconstruction and review from Ghidra evidence.
0x001041B0,std::string::_C_allocate,1,50,,YELLOW,GPT_EASY_BATCH,UNRUN,Queued for independent GPT reconstruction and review from Ghidra evidence.
0x00105500,operator.new,2,52,,YELLOW,GPT_EASY_BATCH,UNRUN,Queued for independent GPT reconstruction and review from Ghidra evidence.
0x004B4968,operator.new[],2,52,,YELLOW,GPT_EASY_BATCH,UNRUN,Queued for independent GPT reconstruction and review from Ghidra evidence.
0x003D6280,NetLib::P2P::P2pConnectionManager::TimingStart,2,52,,YELLOW,GPT_EASY_BATCH,UNRUN,Queued for independent GPT reconstruction and review from Ghidra evidence.
0x002CE994,App::Tool::MessageMenuView::CreateCommonMessageWindowView,2,56,,YELLOW,GPT_EASY_BATCH,UNRUN,Queued for independent GPT reconstruction and review from Ghidra evidence.
0x0032E630,gfl2::renderingengine::scenegraph::resource::ArrayResourceNode::~ArrayResourceNode,2,60,,YELLOW,GPT_EASY_BATCH,UNRUN,Queued for independent GPT reconstruction and review from Ghidra evidence.
0x0030F874,app::util::G2DUtil::SetPaneAlpha,2,64,,YELLOW,GPT_EASY_BATCH,UNRUN,Queued for independent GPT reconstruction and review from Ghidra evidence.
0x002CED08,App::Tool::MessageMenuView::AddItem,2,72,,YELLOW,GPT_EASY_BATCH,UNRUN,Queued for independent GPT reconstruction and review from Ghidra evidence.
0x003117D8,app::util::G2DUtil::BindAnime,2,72,,YELLOW,GPT_EASY_BATCH,UNRUN,Queued for independent GPT reconstruction and review from Ghidra evidence.
0x0030FD78,app::util::G2DUtil::SetPaneVisible,2,76,,YELLOW,GPT_EASY_BATCH,UNRUN,Queued for independent GPT reconstruction and review from Ghidra evidence.
0x00302430,app::tool::PaneList::SetCursorData,2,76,,YELLOW,GPT_EASY_BATCH,UNRUN,Queued for independent GPT reconstruction and review from Ghidra evidence.
0x00314780,pml::personal::GetMonsName,2,80,,YELLOW,GPT_EASY_BATCH,UNRUN,Queued for independent GPT reconstruction and review from Ghidra evidence.
0x0030F5D4,app::util::G2DUtil::SetPanePos,2,88,,YELLOW,GPT_EASY_BATCH,UNRUN,Queued for independent GPT reconstruction and review from Ghidra evidence.
0x002F18AC,app::tool::TimerIconUIView::StartAnime,2,96,,YELLOW,GPT_EASY_BATCH,UNRUN,Queued for independent GPT reconstruction and review from Ghidra evidence.
0x0035F274,gfl2::thread::Thread::Thread,2,100,,YELLOW,GPT_EASY_BATCH,UNRUN,Queued for independent GPT reconstruction and review from Ghidra evidence.
0x002FCF88,app::tool::AppToolTrainerIconRendering::SetIconObjectData,2,112,,YELLOW,GPT_EASY_BATCH,UNRUN,Queued for independent GPT reconstruction and review from Ghidra evidence.
0x00459B50,NetAppLib::UI::NetAppMessageMenu::ShowMessageWithListMenu,2,124,,YELLOW,GPT_EASY_BATCH,UNRUN,Queued for independent GPT reconstruction and review from Ghidra evidence.
0x002EA750,app::tool::MenuWindow::AddItem,2,132,,YELLOW,GPT_EASY_BATCH,UNRUN,Queued for independent GPT reconstruction and review from Ghidra evidence.
0x002EA6C0,app::tool::MenuWindow::AddItem,2,144,,YELLOW,GPT_EASY_BATCH,UNRUN,Queued for independent GPT reconstruction and review from Ghidra evidence.
0x003D08F0,NetLib::Validation::PokemonValidation::ReplacePlayerName,2,152,,YELLOW,GPT_EASY_BATCH,UNRUN,Queued for independent GPT reconstruction and review from Ghidra evidence.
0x002FCE84,app::tool::AppToolTrainerIconRendering::ICON_OBJECT_DATA::ConvFromMyStatusIconData,2,168,,YELLOW,GPT_EASY_BATCH,UNRUN,Queued for independent GPT reconstruction and review from Ghidra evidence.
0x003E0C68,NetLib::Delivery::DeliveryManager::DeliveryManager,2,188,,YELLOW,GPT_EASY_BATCH,UNRUN,Queued for independent GPT reconstruction and review from Ghidra evidence.
0x00323608,gfl2::renderingengine::scenegraph::SceneGraphManager::TraverseApplyBillboard,2,224,,YELLOW,GPT_EASY_BATCH,UNRUN,Queued for independent GPT reconstruction and review from Ghidra evidence.
0x003020F0,std::__rw_get_cats,1,46,,YELLOW,GPT_EASY_BATCH,UNRUN,Queued for independent GPT reconstruction and review from Ghidra evidence.
0x002C7DD0,App::Box::BoxAppSetup::IsBinLinkLoad,2,52,,YELLOW,GPT_EASY_BATCH,UNRUN,Queued for independent GPT reconstruction and review from Ghidra evidence.
0x0045DFAC,NetAppLib::Util::NetAppPokemonValidationUtility::CanDestroy,2,56,,YELLOW,GPT_EASY_BATCH,UNRUN,Queued for independent GPT reconstruction and review from Ghidra evidence.
0x00521788,mwmomoflexDemuxerSetContentPosition,2,68,,YELLOW,GPT_EASY_BATCH,UNRUN,Queued for independent GPT reconstruction and review from Ghidra evidence.
0x002B97DC,nw::snd::internal::driver::SoundThread::GetInstance,2,72,,YELLOW,GPT_EASY_BATCH,UNRUN,Queued for independent GPT reconstruction and review from Ghidra evidence.
0x0045DBD4,NetAppLib::Util::NetAppTrainerIconUtility::SetIconObjectData,2,72,,YELLOW,GPT_EASY_BATCH,UNRUN,Queued for independent GPT reconstruction and review from Ghidra evidence.
0x002F2044,app::tool::CharaSimpleModel::PlayEyeAnime,2,84,,YELLOW,GPT_EASY_BATCH,UNRUN,Queued for independent GPT reconstruction and review from Ghidra evidence.
0x002FBB80,app::tool::AppToolHPGaugePartsLayout::Update,2,84,,YELLOW,GPT_EASY_BATCH,UNRUN,Queued for independent GPT reconstruction and review from Ghidra evidence.
0x002E90D0,app::tool::LytTexData::CopyTextureBuffer,2,84,,YELLOW,GPT_EASY_BATCH,UNRUN,Queued for independent GPT reconstruction and review from Ghidra evidence.
0x00492D4C,pml::pokepara::CoreParam::IsEgg,2,88,,YELLOW,GPT_EASY_BATCH,UNRUN,Queued for independent GPT reconstruction and review from Ghidra evidence.
0x003053EC,app::tool::PokeIcon::LoadDummyTextureRequest,2,88,,YELLOW,GPT_EASY_BATCH,UNRUN,Queued for independent GPT reconstruction and review from Ghidra evidence.
0x002F210C,app::tool::CharaSimpleModel::SetMotionAnime,2,96,,YELLOW,GPT_EASY_BATCH,UNRUN,Queued for independent GPT reconstruction and review from Ghidra evidence.
0x002F2178,app::tool::CharaSimpleModel::GetNowMotionAnimeFrame,2,104,,YELLOW,GPT_EASY_BATCH,UNRUN,Queued for independent GPT reconstruction and review from Ghidra evidence.
0x00496FD8,gfl2::fs::AsyncFileManager::IsAllReqFinished,2,104,,YELLOW,GPT_EASY_BATCH,UNRUN,Queued for independent GPT reconstruction and review from Ghidra evidence.
0x00305860,app::util::EffectUtil::EffectSystemEntryResource,2,108,,YELLOW,GPT_EASY_BATCH,UNRUN,Queued for independent GPT reconstruction and review from Ghidra evidence.
0x00520F10,mwmomobiclipDecoderPopFrame,2,112,,YELLOW,GPT_EASY_BATCH,UNRUN,Queued for independent GPT reconstruction and review from Ghidra evidence.
0x0049FACC,Field::MoveModel::FieldMoveModelAreaCharaAccessor::GetCharacterResource,2,120,,YELLOW,GPT_EASY_BATCH,UNRUN,Queued for independent GPT reconstruction and review from Ghidra evidence.
0x0040D530,poke_3d::model::BaseCamera::Create,2,140,,YELLOW,GPT_EASY_BATCH,UNRUN,Queued for independent GPT reconstruction and review from Ghidra evidence.
0x003564A0,gfl2::str::MsgData::~MsgData,2,172,,YELLOW,GPT_EASY_BATCH,UNRUN,Queued for independent GPT reconstruction and review from Ghidra evidence.
0x001593E0,BattleInst::BattleInst::AddDressupTrainerObj,3,228,,YELLOW,GPT_EASY_BATCH,UNRUN,Queued for independent GPT reconstruction and review from Ghidra evidence.
0x004542DC,NetAppLib::JoinFestaUI::JoinFestaPlayerListSelectLowerViewBase::UpdateList,2,240,,YELLOW,GPT_EASY_BATCH,UNRUN,Queued for independent GPT reconstruction and review from Ghidra evidence.
0x00521600,mwmomoflexDemuxerPopStreamFrame,2,64,,YELLOW,GPT_EASY_BATCH,UNRUN,Queued for independent GPT reconstruction and review from Ghidra evidence.
0x003367D4,gfl2::renderingengine::renderer::RenderingPipeLine::SceneRenderPath::SetRenderTargetOverride,2,64,,YELLOW,GPT_EASY_BATCH,UNRUN,Queued for independent GPT reconstruction and review from Ghidra evidence.
0x0036D638,item::ITEM_UTIL_IsNeedSelectSkill,2,68,,YELLOW,GPT_EASY_BATCH,UNRUN,Queued for independent GPT reconstruction and review from Ghidra evidence.
0x00430524,PokeTool::CheckUsingKawaigariInApp,2,72,,YELLOW,GPT_EASY_BATCH,UNRUN,Queued for independent GPT reconstruction and review from Ghidra evidence.
0x0044329C,Savedata::Fashion::Del,2,72,,YELLOW,GPT_EASY_BATCH,UNRUN,Queued for independent GPT reconstruction and review from Ghidra evidence.
0x00310078,app::util::G2DUtil::DeleteLayoutEnv,2,72,,YELLOW,GPT_EASY_BATCH,UNRUN,Queued for independent GPT reconstruction and review from Ghidra evidence.
0x0044CD58,NetAppLib::JoinFestaUI::JoinFestaRecordListManager::~JoinFestaRecordListManager,2,80,,YELLOW,GPT_EASY_BATCH,UNRUN,Queued for independent GPT reconstruction and review from Ghidra evidence.
0x0044D0AC,NetAppLib::JoinFestaUI::JoinFestaSurveyListManager::~JoinFestaSurveyListManager,2,80,,YELLOW,GPT_EASY_BATCH,UNRUN,Queued for independent GPT reconstruction and review from Ghidra evidence.
0x0044D71C,NetAppLib::JoinFestaUI::JoinFestaRankingListManager::~JoinFestaRankingListManager,2,80,,YELLOW,GPT_EASY_BATCH,UNRUN,Queued for independent GPT reconstruction and review from Ghidra evidence.
0x0043E748,Savedata::JoinFestaDataSave::SetUseSelectWord,2,80,,YELLOW,GPT_EASY_BATCH,UNRUN,Queued for independent GPT reconstruction and review from Ghidra evidence.
0x002F067C,app::tool::TwoButtonsView::SetTextBoxString,2,80,,YELLOW,GPT_EASY_BATCH,UNRUN,Queued for independent GPT reconstruction and review from Ghidra evidence.
0x002F39B4,app::tool::GeneralLowerView::SetTextBoxString,2,80,,YELLOW,GPT_EASY_BATCH,UNRUN,Queued for independent GPT reconstruction and review from Ghidra evidence.
0x002E0FA0,App::PokeList::IntermediateData::GetMemberCount,2,84,,YELLOW,GPT_EASY_BATCH,UNRUN,Queued for independent GPT reconstruction and review from Ghidra evidence.
0x003EB778,System::Skybox::Skybox::CreateHeap,2,88,,YELLOW,GPT_EASY_BATCH,UNRUN,Queued for independent GPT reconstruction and review from Ghidra evidence.
0x0030C95C,app::util::AppDemoUtilityHelper::Begin,2,88,,YELLOW,GPT_EASY_BATCH,UNRUN,Queued for independent GPT reconstruction and review from Ghidra evidence.
0x00492614,pml::pokepara::CoreParam::GetTalentPower,2,96,,YELLOW,GPT_EASY_BATCH,UNRUN,Queued for independent GPT reconstruction and review from Ghidra evidence.
0x00382F74,Field::FieldScript::ScriptMoveModelManager::LoadResourceReq,2,108,,YELLOW,GPT_EASY_BATCH,UNRUN,Queued for independent GPT reconstruction and review from Ghidra evidence.
0x004116B0,poke_3d::model::CharaModelFactory::LoadModelAsync,2,112,,YELLOW,GPT_EASY_BATCH,UNRUN,Queued for independent GPT reconstruction and review from Ghidra evidence.
0x002CA9D0,App::Tool::TalkWindow::InitMsgData,2,112,,YELLOW,GPT_EASY_BATCH,UNRUN,Queued for independent GPT reconstruction and review from Ghidra evidence.
0x0041163C,poke_3d::model::CharaModelFactory::LoadModelAsync,2,116,,YELLOW,GPT_EASY_BATCH,UNRUN,Queued for independent GPT reconstruction and review from Ghidra evidence.
0x003057EC,app::util::EffectUtil::EffectSystemClearResource,2,116,,YELLOW,GPT_EASY_BATCH,UNRUN,Queued for independent GPT reconstruction and review from Ghidra evidence.
0x0038614C,Field::PokemonSearch::DataAccessor::ReserveSearchBattle,2,120,,YELLOW,GPT_EASY_BATCH,UNRUN,Queued for independent GPT reconstruction and review from Ghidra evidence.
0x0043092C,PokeTool::KawaigariParamCareCoreManager::IsLoaded,2,132,,YELLOW,GPT_EASY_BATCH,UNRUN,Queued for independent GPT reconstruction and review from Ghidra evidence.
0x00430B80,PokeTool::KawaigariParamOptionCoreManager::IsLoaded,2,132,,YELLOW,GPT_EASY_BATCH,UNRUN,Queued for independent GPT reconstruction and review from Ghidra evidence.
0x00385FAC,Field::PokemonSearch::DataAccessor::CallSearchBattle,2,136,,YELLOW,GPT_EASY_BATCH,UNRUN,Queued for independent GPT reconstruction and review from Ghidra evidence.
0x003861CC,Field::PokemonSearch::DataAccessor::DataAccessor,3,136,,YELLOW,GPT_EASY_BATCH,UNRUN,Queued for independent GPT reconstruction and review from Ghidra evidence.
0x002F8E34,app::tool::CommonMessageObject::InitFunc,2,144,,YELLOW,GPT_EASY_BATCH,UNRUN,Queued for independent GPT reconstruction and review from Ghidra evidence.
0x003C1538,print::WordSet::RegisterWazaName,2,156,,YELLOW,GPT_EASY_BATCH,UNRUN,Queued for independent GPT reconstruction and review from Ghidra evidence.
0x003C16E4,print::WordSet::RegisterRibbonName,2,156,,YELLOW,GPT_EASY_BATCH,UNRUN,Queued for independent GPT reconstruction and review from Ghidra evidence.
0x003C1780,print::WordSet::RegisterTrTypeName,2,156,,YELLOW,GPT_EASY_BATCH,UNRUN,Queued for independent GPT reconstruction and review from Ghidra evidence.
0x003C1890,print::WordSet::RegisterSeikakuName,2,156,,YELLOW,GPT_EASY_BATCH,UNRUN,Queued for independent GPT reconstruction and review from Ghidra evidence.
0x003C1934,print::WordSet::RegisterTokuseiName,2,156,,YELLOW,GPT_EASY_BATCH,UNRUN,Queued for independent GPT reconstruction and review from Ghidra evidence.
0x003C19D0,print::WordSet::RegisterTrainerName,2,156,,YELLOW,GPT_EASY_BATCH,UNRUN,Queued for independent GPT reconstruction and review from Ghidra evidence.
0x003C1CA0,print::WordSet::RegisterAttractionName,2,156,,YELLOW,GPT_EASY_BATCH,UNRUN,Queued for independent GPT reconstruction and review from Ghidra evidence.
0x0038005C,Field::FieldScript::FieldScriptSystem::CallChildScript,2,168,,YELLOW,GPT_EASY_BATCH,UNRUN,Queued for independent GPT reconstruction and review from Ghidra evidence.
0x0051AF4C,Field::FieldScript::FieldScriptSystem::SetWaitFunc,2,92,,YELLOW,GPT_EASY_BATCH,UNRUN,Queued for independent GPT reconstruction and review from Ghidra evidence.
0x0048EC40,app::util::G2DUtil::GetHitPane,2,104,,YELLOW,GPT_EASY_BATCH,UNRUN,Queued for independent GPT reconstruction and review from Ghidra evidence.
0x002F209C,app::tool::CharaSimpleModel::SetStopAnime,2,104,,YELLOW,GPT_EASY_BATCH,UNRUN,Queued for independent GPT reconstruction and review from Ghidra evidence.
0x00107374,gfl2::heap::Manager::GetHeapByHeapId,2,108,,YELLOW,GPT_EASY_BATCH,UNRUN,Queued for independent GPT reconstruction and review from Ghidra evidence.
0x002F2BD8,app::tool::CharaSimpleModel::StartLoad,2,116,,YELLOW,GPT_EASY_BATCH,UNRUN,Queued for independent GPT reconstruction and review from Ghidra evidence.
0x0042B11C,PokeTool::PokeGetUtil::Put_NotSetFlag,3,132,,YELLOW,GPT_EASY_BATCH,UNRUN,Queued for independent GPT reconstruction and review from Ghidra evidence.
0x003A39CC,Field::MoveModel::FieldMoveModelManager::LoadDynamicAsync,2,148,,YELLOW,GPT_EASY_BATCH,UNRUN,Queued for independent GPT reconstruction and review from Ghidra evidence.
0x003D881C,NetLib::Pgl::PGLConnector::GetWorldBattleStatus,2,156,,YELLOW,GPT_EASY_BATCH,UNRUN,Queued for independent GPT reconstruction and review from Ghidra evidence.
0x002FB8F8,app::tool::AppToolHPGaugePartsLayout::StartAnime,3,256,,YELLOW,GPT_EASY_BATCH,UNRUN,Queued for independent GPT reconstruction and review from Ghidra evidence.
0x00451CA8,NetAppLib::JoinFestaUI::JoinFestaAttractionInfoUpperView::SetJoinFestaAttractionData,2,92,,YELLOW,GPT_EASY_BATCH,UNRUN,Queued for independent GPT reconstruction and review from Ghidra evidence.
0x00521394,mwmomoflexDemuxerGetStreamFrameCount,2,112,,YELLOW,GPT_EASY_BATCH,UNRUN,Queued for independent GPT reconstruction and review from Ghidra evidence.
0x0030894C,app::util::AppRenderingManager::UnsetEffectCamera,2,116,,YELLOW,GPT_EASY_BATCH,UNRUN,Queued for independent GPT reconstruction and review from Ghidra evidence.
0x00309620,app::util::AppRenderingManager::UnsetEffectAppCamera,2,116,,YELLOW,GPT_EASY_BATCH,UNRUN,Queued for independent GPT reconstruction and review from Ghidra evidence.
0x00309E18,app::util::AppRenderingManager::UnsetEffectRenderPathConfig,2,116,,YELLOW,GPT_EASY_BATCH,UNRUN,Queued for independent GPT reconstruction and review from Ghidra evidence.
0x00307C68,app::util::AppRenderingManager::UnsetCamera,2,120,,YELLOW,GPT_EASY_BATCH,UNRUN,Queued for independent GPT reconstruction and review from Ghidra evidence.
0x0042FE98,PokeTool::PokeModelSystem::IsFinishInitSystemAsync,2,120,,YELLOW,GPT_EASY_BATCH,UNRUN,Queued for independent GPT reconstruction and review from Ghidra evidence.
0x003539A4,gfl2::ngc::NGWordChecker::Initialize,2,124,,YELLOW,GPT_EASY_BATCH,UNRUN,Queued for independent GPT reconstruction and review from Ghidra evidence.
0x003096F4,app::util::AppRenderingManager::SetEffectRenderPathConfig,2,128,,YELLOW,GPT_EASY_BATCH,UNRUN,Queued for independent GPT reconstruction and review from Ghidra evidence.
0x003EC1F8,System::Skybox::Skybox::SetEnable,3,132,,YELLOW,GPT_EASY_BATCH,UNRUN,Queued for independent GPT reconstruction and review from Ghidra evidence.
0x00396F68,Field::Encount::EncountWork::DisposeSequenceDemoDll,2,120,,YELLOW,GPT_EASY_BATCH,UNRUN,Queued for independent GPT reconstruction and review from Ghidra evidence.
0x002EEF14,app::tool::ItemIconToolEx::ReplaceIcon,3,132,,YELLOW,GPT_EASY_BATCH,UNRUN,Queued for independent GPT reconstruction and review from Ghidra evidence.
0x0030835C,app::util::AppRenderingManager::SetEffectCamera,3,132,,YELLOW,GPT_EASY_BATCH,UNRUN,Queued for independent GPT reconstruction and review from Ghidra evidence.
0x00308AF8,app::util::AppRenderingManager::SetEffectAppCamera,3,132,,YELLOW,GPT_EASY_BATCH,UNRUN,Queued for independent GPT reconstruction and review from Ghidra evidence.
0x0030BB68,app::util::AppRenderingManager::SetCamera,3,136,,YELLOW,GPT_EASY_BATCH,UNRUN,Queued for independent GPT reconstruction and review from Ghidra evidence.
0x0040930C,gflnet2::boss::BossManager::RemoveAppHeap,3,144,,YELLOW,GPT_EASY_BATCH,UNRUN,Queued for independent GPT reconstruction and review from Ghidra evidence.
0x00311708,App::Tool::CommonMessageWindowManipulator::HideMessage,3,148,,YELLOW,GPT_EASY_BATCH,UNRUN,Queued for independent GPT reconstruction and review from Ghidra evidence.
0x00398C90,Field::Encount::PokeSet::SetEncountDataFromParam,3,180,,YELLOW,GPT_EASY_BATCH,UNRUN,Queued for independent GPT reconstruction and review from Ghidra evidence.
0x00157728,BattleInst::BattleInst::IsBossRoyal,3,148,,YELLOW,GPT_EASY_BATCH,UNRUN,Queued for independent GPT reconstruction and review from Ghidra evidence.
0x004A9FD8,Savedata::ZukanData::GetTextVersionUpFlag,3,160,,YELLOW,GPT_EASY_BATCH,UNRUN,Queued for independent GPT reconstruction and review from Ghidra evidence.
0x0041CE5C,poke_3d::renderer::DistortionPostRenderPath::CreateBuffer,3,244,,YELLOW,GPT_EASY_BATCH,UNRUN,Queued for independent GPT reconstruction and review from Ghidra evidence.
0x00474788,Regulation::GetTextParam,2,116,,YELLOW,GPT_EASY_BATCH,UNRUN,Queued for independent GPT reconstruction and review from Ghidra evidence.
0x004B5670,__hardfp_acosf,3,244,,YELLOW,GPT_EASY_BATCH,UNRUN,Queued for independent GPT reconstruction and review from Ghidra evidence.
0x00302DDC,std::string::_C_getRep,2,118,,YELLOW,GPT_EASY_BATCH,UNRUN,Queued for independent GPT reconstruction and review from Ghidra evidence.
0x003028E4,__rw::__rw_locale_imp::~__rw_locale_imp,1,26,,YELLOW,GPT_EASY_BATCH,UNRUN,Queued for independent GPT reconstruction and review from Ghidra evidence.
0x004A5BB0,poke_3d::model::BaseModel::GetAnimationDefaultBlendFrame,2,104,,YELLOW,GPT_EASY_BATCH,UNRUN,Queued for independent GPT reconstruction and review from Ghidra evidence.
0x002E7FB8,app::ui::UIView::UIView,2,156,,YELLOW,GPT_EASY_BATCH,UNRUN,Queued for independent GPT reconstruction and review from Ghidra evidence.
0x00161328,FullPowerEffectRenderPath0::SetResource,2,168,,YELLOW,GPT_EASY_BATCH,UNRUN,Queued for independent GPT reconstruction and review from Ghidra evidence.
0x0016195C,FullPowerEffectRenderPath1::SetResource,2,168,,YELLOW,GPT_EASY_BATCH,UNRUN,Queued for independent GPT reconstruction and review from Ghidra evidence.
0x0044A708,NetAppLib::JoinFestaUI::JoinFestaRankingLowerView::SetList,2,168,,YELLOW,GPT_EASY_BATCH,UNRUN,Queued for independent GPT reconstruction and review from Ghidra evidence.
0x003E7434,System::NijiEdgeMapSceneRenderPath::SetResource,2,180,,YELLOW,GPT_EASY_BATCH,UNRUN,Queued for independent GPT reconstruction and review from Ghidra evidence.
0x00459674,NetAppLib::UI::NetAppCursorView::NetAppCursorView,2,188,,YELLOW,GPT_EASY_BATCH,UNRUN,Queued for independent GPT reconstruction and review from Ghidra evidence.
0x00426398,NetEvent::JoinFestaEventLinkEvent::JoinFestaEventLinkEvent,2,188,,YELLOW,GPT_EASY_BATCH,UNRUN,Queued for independent GPT reconstruction and review from Ghidra evidence.
0x00455C4C,NetAppLib::JoinFestaUI::JoinFestaPlayerListMessageMenuLowerView::JoinFestaPlayerListMessageMenuLowerView,2,220,,YELLOW,GPT_EASY_BATCH,UNRUN,Queued for independent GPT reconstruction and review from Ghidra evidence.
0x003E7518,System::NijiOutLinePostSceneRenderPath::SetResource,2,232,,YELLOW,GPT_EASY_BATCH,UNRUN,Queued for independent GPT reconstruction and review from Ghidra evidence.
0x00318FBC,pml::pokepara::CoreParam::SetGetBall,2,56,,YELLOW,GPT_EASY_BATCH,UNRUN,Queued for independent GPT reconstruction and review from Ghidra evidence.
0x00397684,Field::Encount::EncountEffect::RequestFieldCapture,2,68,,YELLOW,GPT_EASY_BATCH,UNRUN,Queued for independent GPT reconstruction and review from Ghidra evidence.
0x00315FA0,pml::personal::LoadMegaEvolveTable,2,68,,YELLOW,GPT_EASY_BATCH,UNRUN,Queued for independent GPT reconstruction and review from Ghidra evidence.
0x00311100,app::util::G2DUtil::SetTextBoxPaneString,2,72,,YELLOW,GPT_EASY_BATCH,UNRUN,Queued for independent GPT reconstruction and review from Ghidra evidence.
0x003109AC,app::util::G2DUtil::CreateLayoutSystem,2,80,,YELLOW,GPT_EASY_BATCH,UNRUN,Queued for independent GPT reconstruction and review from Ghidra evidence.
0x00461208,NetAppLib::Message::MessageUtility::LoadFromMemory,2,80,,YELLOW,GPT_EASY_BATCH,UNRUN,Queued for independent GPT reconstruction and review from Ghidra evidence.
0x003D6E74,NetLib::P2P::P2pConnectionManager::SetLocalP2PMasterBeacon,2,84,,YELLOW,GPT_EASY_BATCH,UNRUN,Queued for independent GPT reconstruction and review from Ghidra evidence.
0x00432608,PokeTool::GetDrawID,2,96,,YELLOW,GPT_EASY_BATCH,UNRUN,Queued for independent GPT reconstruction and review from Ghidra evidence.
0x003073A8,app::util::OutputPokemonType,2,96,,YELLOW,GPT_EASY_BATCH,UNRUN,Queued for independent GPT reconstruction and review from Ghidra evidence.
0x00305444,app::tool::PokeIcon::ReplaceReadDummyTexture,2,100,,YELLOW,GPT_EASY_BATCH,UNRUN,Queued for independent GPT reconstruction and review from Ghidra evidence.
0x002E6A98,App::Tool::MessageMenuView::HideMessage,2,104,,YELLOW,GPT_EASY_BATCH,UNRUN,Queued for independent GPT reconstruction and review from Ghidra evidence.
0x0030F9A4,app::util::G2DUtil::SetAnimeFrame,2,104,,YELLOW,GPT_EASY_BATCH,UNRUN,Queued for independent GPT reconstruction and review from Ghidra evidence.
0x004347D4,PokeTool::PokeModel::SetAdjustHeight,2,112,,YELLOW,GPT_EASY_BATCH,UNRUN,Queued for independent GPT reconstruction and review from Ghidra evidence.
0x00350C08,app::util::G2DUtil::StartAnimeFrame,2,124,,YELLOW,GPT_EASY_BATCH,UNRUN,Queued for independent GPT reconstruction and review from Ghidra evidence.
0x004AA6A8,NetAppLib::JoinFesta::JoinFestaPersonalData::IsCtrFriend,2,128,,YELLOW,GPT_EASY_BATCH,UNRUN,Queued for independent GPT reconstruction and review from Ghidra evidence.
0x00310E60,app::util::G2DUtil::SetTextBoxPaneNumber,2,136,,YELLOW,GPT_EASY_BATCH,UNRUN,Queued for independent GPT reconstruction and review from Ghidra evidence.
0x00320958,gfl2::devicecamera::DeviceCamera::DeviceCamera,2,160,,YELLOW,GPT_EASY_BATCH,UNRUN,Queued for independent GPT reconstruction and review from Ghidra evidence.
0x00301890,std::string::string,2,52,,YELLOW,GPT_EASY_BATCH,UNRUN,Queued for independent GPT reconstruction and review from Ghidra evidence.
0x003018C8,std::string::string,2,60,,YELLOW,GPT_EASY_BATCH,UNRUN,Queued for independent GPT reconstruction and review from Ghidra evidence.
0x0047157C,NetAppLib::JoinFesta::JoinFestaAttractionManager::CheckForceRetire,2,60,,YELLOW,GPT_EASY_BATCH,UNRUN,Queued for independent GPT reconstruction and review from Ghidra evidence.
0x003F7E88,gflnet2::nex::NexManager::CreateProtocolCallContext,2,88,,YELLOW,GPT_EASY_BATCH,UNRUN,Queued for independent GPT reconstruction and review from Ghidra evidence.
0x00454284,NetAppLib::JoinFestaUI::JoinFestaPlayerListSelectLowerViewBase::SetPassive,2,88,,YELLOW,GPT_EASY_BATCH,UNRUN,Queued for independent GPT reconstruction and review from Ghidra evidence.
0x00406EB8,gflnet2::p2p::NetGame::Initialize,2,100,,YELLOW,GPT_EASY_BATCH,UNRUN,Queued for independent GPT reconstruction and review from Ghidra evidence.
0x002E7918,app::ui::UIView::SetTextboxPaneMessage,2,100,,YELLOW,GPT_EASY_BATCH,UNRUN,Queued for independent GPT reconstruction and review from Ghidra evidence.
0x00471694,NetAppLib::JoinFesta::JoinFestaAttractionManager::IsKairikyRideScoreUp,2,100,,YELLOW,GPT_EASY_BATCH,UNRUN,Queued for independent GPT reconstruction and review from Ghidra evidence.
0x00468380,NetAppLib::JoinFesta::JoinFestaPersonalData::SetupTutorialDummyData,2,160,,YELLOW,GPT_EASY_BATCH,UNRUN,Queued for independent GPT reconstruction and review from Ghidra evidence.
0x0035DFB4,gfl2::Effect::System::CreateEmitterSetID,3,196,,YELLOW,GPT_EASY_BATCH,UNRUN,Queued for independent GPT reconstruction and review from Ghidra evidence.
0x003019E4,std::string::operator=,2,60,,YELLOW,GPT_EASY_BATCH,UNRUN,Queued for independent GPT reconstruction and review from Ghidra evidence.
0x00103F00,__rw::__rw_facet_maker<std::ctype<char>>::_C_maker_func,2,72,,YELLOW,GPT_EASY_BATCH,UNRUN,Queued for independent GPT reconstruction and review from Ghidra evidence.
0x0015851C,BattleInst::BattleInst::CreateForRoyal,2,84,,YELLOW,GPT_EASY_BATCH,UNRUN,Queued for independent GPT reconstruction and review from Ghidra evidence.
0x0030C900,app::util::AppDemoUtilityHelper::End,2,92,,YELLOW,GPT_EASY_BATCH,UNRUN,Queued for independent GPT reconstruction and review from Ghidra evidence.
0x0030F4FC,app::util::G2DUtil::IsAnimeEnd,2,96,,YELLOW,GPT_EASY_BATCH,UNRUN,Queued for independent GPT reconstruction and review from Ghidra evidence.
0x002E6B28,app::tool::PaneListView::CreatePaneList,2,112,,YELLOW,GPT_EASY_BATCH,UNRUN,Queued for independent GPT reconstruction and review from Ghidra evidence.
0x002CB278,App::Tool::TalkWindow::InitTrainerMsgData,2,116,,YELLOW,GPT_EASY_BATCH,UNRUN,Queued for independent GPT reconstruction and review from Ghidra evidence.
0x003D277C,NetLib::NijiNetworkSystem::InitializeWifiNetwork,2,116,,YELLOW,GPT_EASY_BATCH,UNRUN,Queued for independent GPT reconstruction and review from Ghidra evidence.
0x003E5B0C,System::DeviceTurnWatcher::Update,2,124,,YELLOW,GPT_EASY_BATCH,UNRUN,Queued for independent GPT reconstruction and review from Ghidra evidence.
0x00160460,BSP_TRAINER_DATA::BSP_TRAINER_DATA,2,128,,YELLOW,GPT_EASY_BATCH,UNRUN,Queued for independent GPT reconstruction and review from Ghidra evidence.
0x002D3744,App::Tool::ListMenu::AddItem,2,128,,YELLOW,GPT_EASY_BATCH,UNRUN,Queued for independent GPT reconstruction and review from Ghidra evidence.
0x00354578,gfl2::str::StrBuf::StrBuf,2,132,,YELLOW,GPT_EASY_BATCH,UNRUN,Queued for independent GPT reconstruction and review from Ghidra evidence.
0x0044CFA8,NetAppLib::JoinFestaUI::JoinFestaSurveyListManager::JoinFestaSurveyListManager,2,160,,YELLOW,GPT_EASY_BATCH,UNRUN,Queued for independent GPT reconstruction and review from Ghidra evidence.
0x002EB91C,app::tool::FingerCursor::CreateLytBinData,2,172,,YELLOW,GPT_EASY_BATCH,UNRUN,Queued for independent GPT reconstruction and review from Ghidra evidence.
0x0044D5FC,NetAppLib::JoinFestaUI::JoinFestaRankingListManager::JoinFestaRankingListManager,2,188,,YELLOW,GPT_EASY_BATCH,UNRUN,Queued for independent GPT reconstruction and review from Ghidra evidence.
0x00319C78,pml::pokepara::CoreParam::SetNadenadeValue,2,88,,YELLOW,GPT_EASY_BATCH,UNRUN,Queued for independent GPT reconstruction and review from Ghidra evidence.
0x003D8FD0,NetLib::Pgl::PGLConnector::Finalize,2,88,,YELLOW,GPT_EASY_BATCH,UNRUN,Queued for independent GPT reconstruction and review from Ghidra evidence.
0x002F7EC0,app::tool::InfoWindowBookType::SetCommandButtonActive,2,104,,YELLOW,GPT_EASY_BATCH,UNRUN,Queued for independent GPT reconstruction and review from Ghidra evidence.
0x0015C6CC,ExtSavedata::BattleRecorderSaveData::GetMyStatus,2,116,,YELLOW,GPT_EASY_BATCH,UNRUN,Queued for independent GPT reconstruction and review from Ghidra evidence.
0x0015C740,ExtSavedata::BattleRecorderSaveData::GetPokeParty,2,120,,YELLOW,GPT_EASY_BATCH,UNRUN,Queued for independent GPT reconstruction and review from Ghidra evidence.
0x002F8B14,app::tool::CommonMessageObject::HideMessage,2,124,,YELLOW,GPT_EASY_BATCH,UNRUN,Queued for independent GPT reconstruction and review from Ghidra evidence.
0x002EF130,app::tool::ItemIconToolEx::LoadItemIcon,2,128,,YELLOW,GPT_EASY_BATCH,UNRUN,Queued for independent GPT reconstruction and review from Ghidra evidence.
0x0044B178,NetAppLib::JoinFestaUI::JoinFestaPlayerListManager::IsOnline,2,128,,YELLOW,GPT_EASY_BATCH,UNRUN,Queued for independent GPT reconstruction and review from Ghidra evidence.
0x0031E4A8,pml::wazadata::GetFlag,2,144,,YELLOW,GPT_EASY_BATCH,UNRUN,Queued for independent GPT reconstruction and review from Ghidra evidence.
0x003432F8,gfl2::qr::IQREncoder::CreateQREncoder,3,180,,YELLOW,GPT_EASY_BATCH,UNRUN,Queued for independent GPT reconstruction and review from Ghidra evidence.
0x003D811C,NetLib::Pgl::PGLConnector::UploadBattleBox,3,196,,YELLOW,GPT_EASY_BATCH,UNRUN,Queued for independent GPT reconstruction and review from Ghidra evidence.
0x0030209C,std::string::begin,2,78,,YELLOW,GPT_EASY_BATCH,UNRUN,Queued for independent GPT reconstruction and review from Ghidra evidence.
0x004A2EA0,System::EnvAccessor::IsAnimationSmooth,2,92,,YELLOW,GPT_EASY_BATCH,UNRUN,Queued for independent GPT reconstruction and review from Ghidra evidence.
0x0043E344,Savedata::JoinFestaDataSave::SetRejectVip,2,104,,YELLOW,GPT_EASY_BATCH,UNRUN,Queued for independent GPT reconstruction and review from Ghidra evidence.
0x0042AD8C,PokeTool::BattleParty::BattleParty,3,156,,YELLOW,GPT_EASY_BATCH,UNRUN,Queued for independent GPT reconstruction and review from Ghidra evidence.
0x00307BBC,app::util::AppRenderingManager::RemoveModel,3,172,,YELLOW,GPT_EASY_BATCH,UNRUN,Queued for independent GPT reconstruction and review from Ghidra evidence.
0x00307E90,app::util::AppRenderingManager::AddCharaModel,3,172,,YELLOW,GPT_EASY_BATCH,UNRUN,Queued for independent GPT reconstruction and review from Ghidra evidence.
0x0030843C,app::util::AppRenderingManager::RemoveCharaModel,3,172,,YELLOW,GPT_EASY_BATCH,UNRUN,Queued for independent GPT reconstruction and review from Ghidra evidence.
0x00407AC0,gflnet2::p2p::NetGame::RecvData,3,172,,YELLOW,GPT_EASY_BATCH,UNRUN,Queued for independent GPT reconstruction and review from Ghidra evidence.
0x00409788,gflnet2::boss::BossManager::StartDownloadFileList,3,148,,YELLOW,GPT_EASY_BATCH,UNRUN,Queued for independent GPT reconstruction and review from Ghidra evidence.
0x002EEF98,app::tool::ItemIconToolEx::SetItemIcon,3,180,,YELLOW,GPT_EASY_BATCH,UNRUN,Queued for independent GPT reconstruction and review from Ghidra evidence.
0x00158348,BattleInst::BattleInst::SetupSendData,3,208,,YELLOW,GPT_EASY_BATCH,UNRUN,Queued for independent GPT reconstruction and review from Ghidra evidence.
0x0045B468,NetAppLib::Util::NetAppTimeout::IsTimeOut,3,256,,YELLOW,GPT_EASY_BATCH,UNRUN,Queued for independent GPT reconstruction and review from Ghidra evidence.
0x0042C064,PokeTool::PokemonSort::SetConditionZukan,3,180,,YELLOW,GPT_EASY_BATCH,UNRUN,Queued for independent GPT reconstruction and review from Ghidra evidence.
0x00409520,gflnet2::boss::BossManager::StartImmidiateTask,3,184,,YELLOW,GPT_EASY_BATCH,UNRUN,Queued for independent GPT reconstruction and review from Ghidra evidence.
0x002EF814,app::tool::PokeIconToolEx::SetPokeIcon,3,196,,YELLOW,GPT_EASY_BATCH,UNRUN,Queued for independent GPT reconstruction and review from Ghidra evidence.
0x0030BA50,app::util::AppRenderingManager::AddModel,3,200,,YELLOW,GPT_EASY_BATCH,UNRUN,Queued for independent GPT reconstruction and review from Ghidra evidence.
0x003A9700,Sound::StopPlayer,2,56,,YELLOW,GPT_EASY_BATCH,UNRUN,Queued for independent GPT reconstruction and review from Ghidra evidence.
0x003ADA20,Sound::Set3DActorVelocity,2,56,,YELLOW,GPT_EASY_BATCH,UNRUN,Queued for independent GPT reconstruction and review from Ghidra evidence.
0x003ACA94,Sound::ChangeAppBGMReq,2,60,,YELLOW,GPT_EASY_BATCH,UNRUN,Queued for independent GPT reconstruction and review from Ghidra evidence.
0x003ABC28,Sound::Set3DActorPan,2,64,,YELLOW,GPT_EASY_BATCH,UNRUN,Queued for independent GPT reconstruction and review from Ghidra evidence.
0x003ACAD8,Sound::ChangeBGMVolume,2,64,,YELLOW,GPT_EASY_BATCH,UNRUN,Queued for independent GPT reconstruction and review from Ghidra evidence.
0x003ACDEC,Sound::Set3DActorPitch,2,64,,YELLOW,GPT_EASY_BATCH,UNRUN,Queued for independent GPT reconstruction and review from Ghidra evidence.
0x003AD1CC,Sound::Set3DActorVolume,2,64,,YELLOW,GPT_EASY_BATCH,UNRUN,Queued for independent GPT reconstruction and review from Ghidra evidence.
0x0033FCC0,gfl2::fs::AsyncFileManager::AddArcFileLoadDataReq,2,120,,YELLOW,GPT_EASY_BATCH,UNRUN,Queued for independent GPT reconstruction and review from Ghidra evidence.
0x002D1FA4,App::Tool::CommonMessageWindowView::CommonMessageWindowView,2,128,,YELLOW,GPT_EASY_BATCH,UNRUN,Queued for independent GPT reconstruction and review from Ghidra evidence.
0x0046854C,NetAppLib::JoinFesta::JoinFestaPersonalData::SetRequestInvitingBattle,2,136,,YELLOW,GPT_EASY_BATCH,UNRUN,Queued for independent GPT reconstruction and review from Ghidra evidence.
0x00453388,NetAppLib::JoinFestaUI::JoinFestaAttractionSelectLowerView::JoinFestaAttractionSelectLowerView,2,140,,YELLOW,GPT_EASY_BATCH,UNRUN,Queued for independent GPT reconstruction and review from Ghidra evidence.
0x002CE108,NetAppLib::JoinFestaUI::JoinFestaPlayerListMessageMenuLowerView::SetMessageMenuBlackFilter,2,160,,YELLOW,GPT_EASY_BATCH,UNRUN,Queued for independent GPT reconstruction and review from Ghidra evidence.
0x004521A4,NetAppLib::JoinFestaUI::JoinFestaAttractionInfoUpperView::JoinFestaAttractionInfoUpperView,2,184,,YELLOW,GPT_EASY_BATCH,UNRUN,Queued for independent GPT reconstruction and review from Ghidra evidence.
0x004558F0,NetAppLib::JoinFestaUI::JoinFestaPlayerListMessageMenuLowerView::SetMessageMenuBlackFilter,2,204,,YELLOW,GPT_EASY_BATCH,UNRUN,Queued for independent GPT reconstruction and review from Ghidra evidence.
0x0043EBEC,Savedata::JoinFestaDataSave::InitializeDefaultPattern,2,220,,YELLOW,GPT_EASY_BATCH,UNRUN,Queued for independent GPT reconstruction and review from Ghidra evidence.
0x00460F50,NetAppLib::System::NetApplicationViewBase::Create2DOneLayout,2,224,,YELLOW,GPT_EASY_BATCH,UNRUN,Queued for independent GPT reconstruction and review from Ghidra evidence.
0x0045AF28,NetAppLib::UI::NetAppRegulationUpperView::NetAppRegulationUpperView,2,232,,YELLOW,GPT_EASY_BATCH,UNRUN,Queued for independent GPT reconstruction and review from Ghidra evidence.
0x003D1134,NetLib::Validation::PokemonValidation::PokemonValidation,2,240,,YELLOW,GPT_EASY_BATCH,UNRUN,Queued for independent GPT reconstruction and review from Ghidra evidence.
0x00327714,gfl2::renderingengine::scenegraph::instance::InstanceCreator::CreateLightNode,2,52,,YELLOW,GPT_EASY_BATCH,UNRUN,Queued for independent GPT reconstruction and review from Ghidra evidence.
0x0031C664,pml::pokepara::CoreParam::ResetMegaEvolve,2,64,,YELLOW,GPT_EASY_BATCH,UNRUN,Queued for independent GPT reconstruction and review from Ghidra evidence.
0x0031C03C,pml::pokepara::CoreParam::RemoveBoxMark,2,88,,YELLOW,GPT_EASY_BATCH,UNRUN,Queued for independent GPT reconstruction and review from Ghidra evidence.
0x0031B890,pml::pokepara::CoreParam::SetBoxMark,2,92,,YELLOW,GPT_EASY_BATCH,UNRUN,Queued for independent GPT reconstruction and review from Ghidra evidence.
0x00300444,app::tool::PaneList::SetChangeFlag,2,92,,YELLOW,GPT_EASY_BATCH,UNRUN,Queued for independent GPT reconstruction and review from Ghidra evidence.
0x0015A900,Regulation::Deserialize,2,96,,YELLOW,GPT_EASY_BATCH,UNRUN,Queued for independent GPT reconstruction and review from Ghidra evidence.
0x0015AE50,Regulation::SetData,2,96,,YELLOW,GPT_EASY_BATCH,UNRUN,Queued for independent GPT reconstruction and review from Ghidra evidence.
0x00311148,app::util::G2DUtil::SetTextBoxPaneString,2,100,,YELLOW,GPT_EASY_BATCH,UNRUN,Queued for independent GPT reconstruction and review from Ghidra evidence.
0x003AEEBC,Sound::StopVoice,2,100,,YELLOW,GPT_EASY_BATCH,UNRUN,Queued for independent GPT reconstruction and review from Ghidra evidence.
0x0031B81C,pml::pokepara::CoreParam::MegaEvolve,2,112,,YELLOW,GPT_EASY_BATCH,UNRUN,Queued for independent GPT reconstruction and review from Ghidra evidence.
0x002F31C4,app::tool::CursorController::Setup,2,112,,YELLOW,GPT_EASY_BATCH,UNRUN,Queued for independent GPT reconstruction and review from Ghidra evidence.
0x003C1F70,print::WordSet::RegisterPokeMonsNameOrTamago,2,124,,YELLOW,GPT_EASY_BATCH,UNRUN,Queued for independent GPT reconstruction and review from Ghidra evidence.
0x0030F62C,app::util::G2DUtil::StartAnime,2,124,,YELLOW,GPT_EASY_BATCH,UNRUN,Queued for independent GPT reconstruction and review from Ghidra evidence.
0x002C9B60,App::Tool::MapManager::UpdatePosition,3,132,,YELLOW,GPT_EASY_BATCH,UNRUN,Queued for independent GPT reconstruction and review from Ghidra evidence.
0x002CB2EC,App::Tool::TalkWindow::SetVisibleTimerIcon,2,136,,YELLOW,GPT_EASY_BATCH,UNRUN,Queued for independent GPT reconstruction and review from Ghidra evidence.
0x0045C8D0,NetAppLib::Util::NetAppPokeModelUtility::Setup,2,136,,YELLOW,GPT_EASY_BATCH,UNRUN,Queued for independent GPT reconstruction and review from Ghidra evidence.
0x0043DBB0,Savedata::QRReaderSaveData::FieldScanQuery,2,152,,YELLOW,GPT_EASY_BATCH,UNRUN,Queued for independent GPT reconstruction and review from Ghidra evidence.
0x00310EE8,app::util::G2DUtil::SetTextBoxPaneNumber,2,152,,YELLOW,GPT_EASY_BATCH,UNRUN,Queued for independent GPT reconstruction and review from Ghidra evidence.
0x0030FFD8,app::util::G2DUtil::CreateMsgCursor,2,160,,YELLOW,GPT_EASY_BATCH,UNRUN,Queued for independent GPT reconstruction and review from Ghidra evidence.
0x0038BA10,Field::EventBerryPoint::CallBerryPointEvent,3,160,,YELLOW,GPT_EASY_BATCH,UNRUN,Queued for independent GPT reconstruction and review from Ghidra evidence.
0x003C1E60,print::WordSet::RegisterKisekaeItemName,2,168,,YELLOW,GPT_EASY_BATCH,UNRUN,Queued for independent GPT reconstruction and review from Ghidra evidence.
0x003D2730,NetLib::NijiNetworkSystem::RestartBeaconSystem,2,52,,YELLOW,GPT_EASY_BATCH,UNRUN,Queued for independent GPT reconstruction and review from Ghidra evidence.
0x002F9D70,app::tool::ModelViewerSequence::UpdateFunc,2,80,,YELLOW,GPT_EASY_BATCH,UNRUN,Queued for independent GPT reconstruction and review from Ghidra evidence.
0x002E7980,app::ui::UIView::SetTextboxPaneMessage,2,112,,YELLOW,GPT_EASY_BATCH,UNRUN,Queued for independent GPT reconstruction and review from Ghidra evidence.
0x002E782C,app::ui::UIView::SetTextboxPaneNumber,2,148,,YELLOW,GPT_EASY_BATCH,UNRUN,Queued for independent GPT reconstruction and review from Ghidra evidence.
0x00520FD8,mwmomobiclipDecoderUnpackFrame,2,180,,YELLOW,GPT_EASY_BATCH,UNRUN,Queued for independent GPT reconstruction and review from Ghidra evidence.
0x00395A98,Field::World::InitializeWait,2,184,,YELLOW,GPT_EASY_BATCH,UNRUN,Queued for independent GPT reconstruction and review from Ghidra evidence.
0x00418840,poke_3d::renderer::BloomRenderPath::StartAsyncCreate,3,204,,YELLOW,GPT_EASY_BATCH,UNRUN,Queued for independent GPT reconstruction and review from Ghidra evidence.
0x00520DB4,mwmomobiclipDecoderGetFrame,2,220,,YELLOW,GPT_EASY_BATCH,UNRUN,Queued for independent GPT reconstruction and review from Ghidra evidence.
0x0044F774,NetAppLib::JoinFestaUI::JoinFestaAttractionListManager::UpdateList,2,92,,YELLOW,GPT_EASY_BATCH,UNRUN,Queued for independent GPT reconstruction and review from Ghidra evidence.
0x003118E0,app::util::G2DUtil::StopAnime,2,112,,YELLOW,GPT_EASY_BATCH,UNRUN,Queued for independent GPT reconstruction and review from Ghidra evidence.
0x002E96B0,app::tool::MenuCursor::StartAnime,2,124,,YELLOW,GPT_EASY_BATCH,UNRUN,Queued for independent GPT reconstruction and review from Ghidra evidence.
0x003C1AD8,print::WordSet::RegisterPokeNickName,3,144,,YELLOW,GPT_EASY_BATCH,UNRUN,Queued for independent GPT reconstruction and review from Ghidra evidence.
0x0044CC48,NetAppLib::JoinFestaUI::JoinFestaRecordListManager::JoinFestaRecordListManager,2,172,,YELLOW,GPT_EASY_BATCH,UNRUN,Queued for independent GPT reconstruction and review from Ghidra evidence.
0x003C146C,print::WordSet::RegisterItemName,2,196,,YELLOW,GPT_EASY_BATCH,UNRUN,Queued for independent GPT reconstruction and review from Ghidra evidence.
0x002E9B3C,app::tool::MenuCursor::DeleteLayoutWork,2,92,,YELLOW,GPT_EASY_BATCH,UNRUN,Queued for independent GPT reconstruction and review from Ghidra evidence.
0x002C8B08,App::Tool::ItemEffect::Delete,3,176,,YELLOW,GPT_EASY_BATCH,UNRUN,Queued for independent GPT reconstruction and review from Ghidra evidence.
0x002F957C,app::tool::InfoWindowSheetType::StartOpen,3,212,,YELLOW,GPT_EASY_BATCH,UNRUN,Queued for independent GPT reconstruction and review from Ghidra evidence.
0x00430E58,PokeTool::form::SetHuupaForm,3,140,,YELLOW,GPT_EASY_BATCH,UNRUN,Queued for independent GPT reconstruction and review from Ghidra evidence.
0x00310864,app::util::G2DUtil::CreateMessageData,3,172,,YELLOW,GPT_EASY_BATCH,UNRUN,Queued for independent GPT reconstruction and review from Ghidra evidence.
0x00409824,gflnet2::boss::BossManager::CancelDownloadFileList,2,116,,YELLOW,GPT_EASY_BATCH,UNRUN,Queued for independent GPT reconstruction and review from Ghidra evidence.
0x0044AB40,NetAppLib::JoinFestaUI::JoinFestaPlayerListManager::UpdateList,3,164,,YELLOW,GPT_EASY_BATCH,UNRUN,Queued for independent GPT reconstruction and review from Ghidra evidence.
0x00490A40,pml::pokepara::CoreParam::HaveRibbon,3,180,,YELLOW,GPT_EASY_BATCH,UNRUN,Queued for independent GPT reconstruction and review from Ghidra evidence.
0x00307F3C,app::util::AppRenderingManager::RemoveDrawEnv,3,228,,YELLOW,GPT_EASY_BATCH,UNRUN,Queued for independent GPT reconstruction and review from Ghidra evidence.
0x00307444,app::util::AppRenderingManager::AddDrawEnv,3,228,,YELLOW,GPT_EASY_BATCH,UNRUN,Queued for independent GPT reconstruction and review from Ghidra evidence.
0x003D0F78,NetLib::Validation::PokemonValidation::Finalize,3,148,,YELLOW,GPT_EASY_BATCH,UNRUN,Queued for independent GPT reconstruction and review from Ghidra evidence.
0x0031DE70,pml::pokepara::CoreParam::CoreParam,3,132,,YELLOW,GPT_EASY_BATCH,UNRUN,Queued for independent GPT reconstruction and review from Ghidra evidence.
0x003DABE4,NetLib::Wifi::WifiConnectRunner::WifiConnectRunner,2,168,,YELLOW,GPT_EASY_BATCH,UNRUN,Queued for independent GPT reconstruction and review from Ghidra evidence.
0x004559BC,NetAppLib::JoinFestaUI::JoinFestaPlayerListMessageMenuLowerView::SetMessageYesNoBlackFilter,2,172,,YELLOW,GPT_EASY_BATCH,UNRUN,Queued for independent GPT reconstruction and review from Ghidra evidence.
0x00455B9C,NetAppLib::JoinFestaUI::JoinFestaPlayerListMessageMenuLowerView::SetStreamMessageYesNoBlackFilter,2,172,,YELLOW,GPT_EASY_BATCH,UNRUN,Queued for independent GPT reconstruction and review from Ghidra evidence.
0x0045582C,NetAppLib::JoinFestaUI::JoinFestaPlayerListMessageMenuLowerView::SetMessageMenuBlackFilter,2,196,,YELLOW,GPT_EASY_BATCH,UNRUN,Queued for independent GPT reconstruction and review from Ghidra evidence.
0x004AADD0,NetAppLib::JoinFesta::JoinFestaPersonalData::GetUpdateElapsedDate,2,212,,YELLOW,GPT_EASY_BATCH,UNRUN,Queued for independent GPT reconstruction and review from Ghidra evidence.
0x004552EC,NetAppLib::JoinFestaUI::JoinFestaPlayerListSelectLowerViewBase::JoinFestaPlayerListSelectLowerViewBase,2,228,,YELLOW,GPT_EASY_BATCH,UNRUN,Queued for independent GPT reconstruction and review from Ghidra evidence.
0x0030F19C,app::util::Heap::LocalHeapCreate,2,228,,YELLOW,GPT_EASY_BATCH,UNRUN,Queued for independent GPT reconstruction and review from Ghidra evidence.
0x0030F29C,app::util::Heap::Create,2,232,,YELLOW,GPT_EASY_BATCH,UNRUN,Queued for independent GPT reconstruction and review from Ghidra evidence.
0x00449BC8,NetAppLib::JoinFestaUI::JoinFestaSurveyLowerView::SetList,2,232,,YELLOW,GPT_EASY_BATCH,UNRUN,Queued for independent GPT reconstruction and review from Ghidra evidence.
0x00451728,NetAppLib::JoinFestaUI::JoinFestaRecordSelectLowerView::SetList,2,236,,YELLOW,GPT_EASY_BATCH,UNRUN,Queued for independent GPT reconstruction and review from Ghidra evidence.
0x00318FF4,pml::pokepara::CoreParam::SetParentName,2,88,,YELLOW,GPT_EASY_BATCH,UNRUN,Queued for independent GPT reconstruction and review from Ghidra evidence.
0x00459C28,NetAppLib::UI::RegulationDrawInfo::CopyRegulation,2,112,,YELLOW,GPT_EASY_BATCH,UNRUN,Queued for independent GPT reconstruction and review from Ghidra evidence.
0x003CF3F4,NetApp::NBR::NBRNet::Update,2,56,,YELLOW,GPT_EASY_BATCH,UNRUN,Queued for independent GPT reconstruction and review from Ghidra evidence.
0x003AA7A0,Sound::IsMEFinished,2,100,,YELLOW,GPT_EASY_BATCH,UNRUN,Queued for independent GPT reconstruction and review from Ghidra evidence.
0x00490D14,pml::pokepara::CoreParam::GetNickName,2,100,,YELLOW,GPT_EASY_BATCH,UNRUN,Queued for independent GPT reconstruction and review from Ghidra evidence.
0x00311380,app::util::G2DUtil::SetTextBoxPaneStringExpand,2,116,,YELLOW,GPT_EASY_BATCH,UNRUN,Queued for independent GPT reconstruction and review from Ghidra evidence.
0x0031D9C4,pml::pokepara::CoreParam::SetWaza,2,116,,YELLOW,GPT_EASY_BATCH,UNRUN,Queued for independent GPT reconstruction and review from Ghidra evidence.
0x003CD5F8,NetApp::QR::QRUtility::SetUpZukanQRData,2,160,,YELLOW,GPT_EASY_BATCH,UNRUN,Queued for independent GPT reconstruction and review from Ghidra evidence.
0x002D4574,App::Event::ShopBuyEvent::StartEvent,2,188,,YELLOW,GPT_EASY_BATCH,UNRUN,Queued for independent GPT reconstruction and review from Ghidra evidence.
0x003980F8,Field::Encount::PokeSet::Initialize,2,252,,YELLOW,GPT_EASY_BATCH,UNRUN,Queued for independent GPT reconstruction and review from Ghidra evidence.
0x003F2DB0,GameSys::GameData::RepairCTRSecureValue,2,88,,YELLOW,GPT_EASY_BATCH,UNRUN,Queued for independent GPT reconstruction and review from Ghidra evidence.
0x00374738,Field::FieldSound::ChangeFieldBGMByPokeRideSea,2,112,,YELLOW,GPT_EASY_BATCH,UNRUN,Queued for independent GPT reconstruction and review from Ghidra evidence.
0x003747AC,Field::FieldSound::ChangeFieldBGMByPokeRideLand,2,112,,YELLOW,GPT_EASY_BATCH,UNRUN,Queued for independent GPT reconstruction and review from Ghidra evidence.
0x00455E08,NetAppLib::GlobalAttraction::GlobalAttractionRequestFacade::AddOpenCheckRequest,2,116,,YELLOW,GPT_EASY_BATCH,UNRUN,Queued for independent GPT reconstruction and review from Ghidra evidence.
0x004618B8,NetAppLib::GameSync::GameSyncRequestFacade::AddConfirmPlayStatusRequest,2,128,,YELLOW,GPT_EASY_BATCH,UNRUN,Queued for independent GPT reconstruction and review from Ghidra evidence.
0x003CFC6C,NetApp::Live::LiveNet::Connect,2,132,,YELLOW,GPT_EASY_BATCH,UNRUN,Queued for independent GPT reconstruction and review from Ghidra evidence.
0x004617A4,NetAppLib::GameSync::GameSyncRequestFacade::AddSaveDataSyncRequest,2,136,,YELLOW,GPT_EASY_BATCH,UNRUN,Queued for independent GPT reconstruction and review from Ghidra evidence.
0x00461830,NetAppLib::GameSync::GameSyncRequestFacade::AddCreateSaveDataRequest,2,136,,YELLOW,GPT_EASY_BATCH,UNRUN,Queued for independent GPT reconstruction and review from Ghidra evidence.
0x0015A838,BattleInst::BattleInstManager::Delete,2,80,,YELLOW,GPT_EASY_BATCH,UNRUN,Queued for independent GPT reconstruction and review from Ghidra evidence.
0x003ACF04,Sound::ChangeVoice3DPos,2,120,,YELLOW,GPT_EASY_BATCH,UNRUN,Queued for independent GPT reconstruction and review from Ghidra evidence.
0x003ABE58,Sound::ChangeVoicePan,3,132,,YELLOW,GPT_EASY_BATCH,UNRUN,Queued for independent GPT reconstruction and review from Ghidra evidence.
0x003ACF84,Sound::ChangeVoicePitch,3,132,,YELLOW,GPT_EASY_BATCH,UNRUN,Queued for independent GPT reconstruction and review from Ghidra evidence.
0x0032083C,gfl2::devicecamera::DeviceCamera::Update,3,136,,YELLOW,GPT_EASY_BATCH,UNRUN,Queued for independent GPT reconstruction and review from Ghidra evidence.
0x003AD2DC,Sound::ChangeVoiceVolume,3,140,,YELLOW,GPT_EASY_BATCH,UNRUN,Queued for independent GPT reconstruction and review from Ghidra evidence.
0x0015D390,ExtSavedata::BattleRecorderSaveData::LiveCupSaveData,2,156,,YELLOW,GPT_EASY_BATCH,UNRUN,Queued for independent GPT reconstruction and review from Ghidra evidence.
0x0042DFE4,PokeTool::NatsukiManager::CalcWhenUseItem,3,160,,YELLOW,GPT_EASY_BATCH,UNRUN,Queued for independent GPT reconstruction and review from Ghidra evidence.
0x0015B704,ExtSavedata::NijiExtSaveSystem::StartBootProcess,3,168,,YELLOW,GPT_EASY_BATCH,UNRUN,Queued for independent GPT reconstruction and review from Ghidra evidence.
0x00471DB8,NetAppLib::JoinFesta::JoinFestaInformationMessage::PopMessage,3,196,,YELLOW,GPT_EASY_BATCH,UNRUN,Queued for independent GPT reconstruction and review from Ghidra evidence.
0x004613B4,NetAppLib::Message::MessageUtility::MessageUtility,2,208,,YELLOW,GPT_EASY_BATCH,UNRUN,Queued for independent GPT reconstruction and review from Ghidra evidence.
0x0046148C,NetAppLib::Message::MessageUtility::MessageUtility,2,224,,YELLOW,GPT_EASY_BATCH,UNRUN,Queued for independent GPT reconstruction and review from Ghidra evidence.
0x0033F6E8,gfl2::fs::AsyncFileManager::AddArcFileCloseReq,3,248,,YELLOW,GPT_EASY_BATCH,UNRUN,Queued for independent GPT reconstruction and review from Ghidra evidence.
0x002F6744,app::tool::AppToolBaseGrpFont::IsReady,3,148,,YELLOW,GPT_EASY_BATCH,UNRUN,Queued for independent GPT reconstruction and review from Ghidra evidence.
0x004525A0,NetAppLib::JoinFestaUI::JoinFestaAttractionSelectLowerView::SetPassive,3,188,,YELLOW,GPT_EASY_BATCH,UNRUN,Queued for independent GPT reconstruction and review from Ghidra evidence.
0x003C9128,NetApp::BattleVideo::BattleVideoRequestClient::BattleVideoRequestClient,3,212,,YELLOW,GPT_EASY_BATCH,UNRUN,Queued for independent GPT reconstruction and review from Ghidra evidence.
0x0042D9F8,PokeTool::RemaindSkill::LoadRemaindWaza,3,152,,YELLOW,GPT_EASY_BATCH,UNRUN,Queued for independent GPT reconstruction and review from Ghidra evidence.
0x0044B0B4,NetAppLib::JoinFestaUI::JoinFestaPlayerListManager::UpdateListMode4And5,3,192,,YELLOW,GPT_EASY_BATCH,UNRUN,Queued for independent GPT reconstruction and review from Ghidra evidence.
0x003ABAE8,Sound::PopBGMOnlyReq,2,72,,YELLOW,GPT_EASY_BATCH,UNRUN,Queued for independent GPT reconstruction and review from Ghidra evidence.
0x003ADA60,Sound::StartBaseBGMFromME,2,72,,YELLOW,GPT_EASY_BATCH,UNRUN,Queued for independent GPT reconstruction and review from Ghidra evidence.
0x003AEDDC,Sound::PopBGMReq,2,76,,YELLOW,GPT_EASY_BATCH,UNRUN,Queued for independent GPT reconstruction and review from Ghidra evidence.
0x003AED54,Sound::PlayVoice,2,88,,YELLOW,GPT_EASY_BATCH,UNRUN,Queued for independent GPT reconstruction and review from Ghidra evidence.
0x0031D884,pml::pokepara::CoreParam::SetExp,2,92,,YELLOW,GPT_EASY_BATCH,UNRUN,Queued for independent GPT reconstruction and review from Ghidra evidence.
0x0042DF28,PokeTool::GetSimpleParam,2,92,,YELLOW,GPT_EASY_BATCH,UNRUN,Queued for independent GPT reconstruction and review from Ghidra evidence.
0x003368A0,gfl2::renderingengine::renderer::RenderingPipeLine::SceneRenderPath::Execute,2,108,,YELLOW,GPT_EASY_BATCH,UNRUN,Queued for independent GPT reconstruction and review from Ghidra evidence.
0x003F4208,GameSys::AlolaTime::FixAlolaOnlyFakeTime,2,112,,YELLOW,GPT_EASY_BATCH,UNRUN,Queued for independent GPT reconstruction and review from Ghidra evidence.
0x003051E8,app::tool::PokeIcon::ReplacePaneTexture,2,120,,YELLOW,GPT_EASY_BATCH,UNRUN,Queued for independent GPT reconstruction and review from Ghidra evidence.
0x00448A5C,NetAppLib::JoinFestaUI::JoinFestaAlertLowerView::SetMessage,2,144,,YELLOW,GPT_EASY_BATCH,UNRUN,Queued for independent GPT reconstruction and review from Ghidra evidence.
0x004522E8,NetAppLib::JoinFestaUI::JoinFestaPlayerListLowerViewBase::SetVisibleDecideButton,2,160,,YELLOW,GPT_EASY_BATCH,UNRUN,Queued for independent GPT reconstruction and review from Ghidra evidence.
0x00452388,NetAppLib::JoinFestaUI::JoinFestaPlayerListLowerViewBase::SetVisibleUpdateButton,2,160,,YELLOW,GPT_EASY_BATCH,UNRUN,Queued for independent GPT reconstruction and review from Ghidra evidence.
0x003286C0,gfl2::renderingengine::scenegraph::instance::InstanceCreator::CreateModelInstanceNode,2,96,,YELLOW,GPT_EASY_BATCH,UNRUN,Queued for independent GPT reconstruction and review from Ghidra evidence.
0x0031BAE0,pml::pokepara::CoreParam::SetNickName,2,108,,YELLOW,GPT_EASY_BATCH,UNRUN,Queued for independent GPT reconstruction and review from Ghidra evidence.
0x00304F14,app::tool::PokeIcon::ReadRequest,2,160,,YELLOW,GPT_EASY_BATCH,UNRUN,Queued for independent GPT reconstruction and review from Ghidra evidence.
0x00310F80,app::util::G2DUtil::SetTextBoxPaneNumber,2,160,,YELLOW,GPT_EASY_BATCH,UNRUN,Queued for independent GPT reconstruction and review from Ghidra evidence.
0x0038EE80,Field::EventFishingAction::Call,2,232,,YELLOW,GPT_EASY_BATCH,UNRUN,Queued for independent GPT reconstruction and review from Ghidra evidence.
0x003ADFA4,Sound::PopAndUnloadBattleGlobalSE,2,96,,YELLOW,GPT_EASY_BATCH,UNRUN,Queued for independent GPT reconstruction and review from Ghidra evidence.
0x004A847C,Savedata::MyStatus::IsMyPokemon,2,132,,YELLOW,GPT_EASY_BATCH,UNRUN,Queued for independent GPT reconstruction and review from Ghidra evidence.
0x00328640,gfl2::renderingengine::scenegraph::instance::InstanceCreator::CreateModelInstanceNode,2,128,,YELLOW,GPT_EASY_BATCH,UNRUN,Queued for independent GPT reconstruction and review from Ghidra evidence.
0x0048D3AC,app::ui::UIView::GetToucHoldPane,2,140,,YELLOW,GPT_EASY_BATCH,UNRUN,Queued for independent GPT reconstruction and review from Ghidra evidence.
0x0031DCD4,pml::pokepara::CoreParam::ChangeSex,3,140,,YELLOW,GPT_EASY_BATCH,UNRUN,Queued for independent GPT reconstruction and review from Ghidra evidence.
0x0031B6E4,pml::pokepara::CoreParam::GetLevel,3,160,,YELLOW,GPT_EASY_BATCH,UNRUN,Queued for independent GPT reconstruction and review from Ghidra evidence.
0x002CC474,App::Tool::NewPaneList::CreateScrollBar,3,152,,YELLOW,GPT_EASY_BATCH,UNRUN,Queued for independent GPT reconstruction and review from Ghidra evidence.
0x002EBD08,app::tool::PaneListView::CreateScrollBar,3,152,,YELLOW,GPT_EASY_BATCH,UNRUN,Queued for independent GPT reconstruction and review from Ghidra evidence.
0x0038087C,Field::FieldScript::FieldScriptSystem::InitializeZoneScript,3,220,,YELLOW,GPT_EASY_BATCH,UNRUN,Queued for independent GPT reconstruction and review from Ghidra evidence.
0x0046AB2C,NetAppLib::JoinFesta::JoinFestaPacketManager::UpdateWithJoinFestaPacketData,3,240,,YELLOW,GPT_EASY_BATCH,UNRUN,Queued for independent GPT reconstruction and review from Ghidra evidence.
0x0044AEB0,NetAppLib::JoinFestaUI::JoinFestaPlayerListManager::UpdateListMode3,3,180,,YELLOW,GPT_EASY_BATCH,UNRUN,Queued for independent GPT reconstruction and review from Ghidra evidence.
0x002E14F8,App::PokeList::PokeListBaseFrame::RebootPokeList,3,216,,YELLOW,GPT_EASY_BATCH,UNRUN,Queued for independent GPT reconstruction and review from Ghidra evidence.
0x0044624C,Savedata::ZukanData::SetPokeSee,3,232,,YELLOW,GPT_EASY_BATCH,UNRUN,Queued for independent GPT reconstruction and review from Ghidra evidence.
0x003D6790,NetLib::P2P::P2pConnectionManager::ConnectStartWifi,3,228,,YELLOW,GPT_EASY_BATCH,UNRUN,Queued for independent GPT reconstruction and review from Ghidra evidence.
0x002EBC08,app::tool::PaneListView::ResetPaneList,3,216,,YELLOW,GPT_EASY_BATCH,UNRUN,Queued for independent GPT reconstruction and review from Ghidra evidence.
0x0035A8EC,gfl2::proc::Manager::Draw,2,48,,YELLOW,GPT_EASY_BATCH,UNRUN,Queued for independent GPT reconstruction and review from Ghidra evidence.
0x003F2B00,GameSys::GameData::LastSaveStart,2,84,,YELLOW,GPT_EASY_BATCH,UNRUN,Queued for independent GPT reconstruction and review from Ghidra evidence.
0x0042AE78,PokeTool::PokeGetUtil::DoesSetFlag,2,24,,YELLOW,GPT_EASY_BATCH,UNRUN,Queued for independent GPT reconstruction and review from Ghidra evidence.
0x0042B478,PokeTool::PokeGetUtil::DoesPut_NotSetFlag,2,24,,YELLOW,GPT_EASY_BATCH,UNRUN,Queued for independent GPT reconstruction and review from Ghidra evidence.
0x0042B684,PokeTool::PokeGetUtil::DoesGoToPokeNameInput,2,24,,YELLOW,GPT_EASY_BATCH,UNRUN,Queued for independent GPT reconstruction and review from Ghidra evidence.
0x003E851C,System::Camera::CModelViewerInFrame::SetModelVisible,2,52,,YELLOW,GPT_EASY_BATCH,UNRUN,Queued for independent GPT reconstruction and review from Ghidra evidence.
0x00499710,gfl2::lyt::LytRes::GetTexture,2,92,,YELLOW,GPT_EASY_BATCH,UNRUN,Queued for independent GPT reconstruction and review from Ghidra evidence.
0x00438228,Savedata::ResortSave::GetWildPokemon,2,112,,YELLOW,GPT_EASY_BATCH,UNRUN,Queued for independent GPT reconstruction and review from Ghidra evidence.
0x0015B1C8,ExtSavedata::NijiExtSaveSystem::IsFatalError,2,60,,YELLOW,GPT_EASY_BATCH,UNRUN,Queued for independent GPT reconstruction and review from Ghidra evidence.
0x0038AD24,Field::EventBattleCall::GetWildBattleResult,2,84,,YELLOW,GPT_EASY_BATCH,UNRUN,Queued for independent GPT reconstruction and review from Ghidra evidence.
0x004A7260,Savedata::JoinFestaDataSave::GetPattern,3,84,,YELLOW,GPT_EASY_BATCH,UNRUN,Queued for independent GPT reconstruction and review from Ghidra evidence.
0x004A7568,Savedata::JoinFestaDataSave::GetPatternCateogry,3,84,,YELLOW,GPT_EASY_BATCH,UNRUN,Queued for independent GPT reconstruction and review from Ghidra evidence.
0x004AA61C,NetAppLib::JoinFesta::JoinFestaPersonalData::GetPattern,3,84,,YELLOW,GPT_EASY_BATCH,UNRUN,Queued for independent GPT reconstruction and review from Ghidra evidence.
0x00393660,Field::EventPokemonRideTool::GetRIDE_POKEMON_ID_to_CharactorId,3,96,,YELLOW,GPT_EASY_BATCH,UNRUN,Queued for independent GPT reconstruction and review from Ghidra evidence.
0x00393560,Field::EventPokemonRideTool::GetRIDE_POKEMON_ID_to_PlayerForm,3,100,,YELLOW,GPT_EASY_BATCH,UNRUN,Queued for independent GPT reconstruction and review from Ghidra evidence.
0x0046D924,NetAppLib::JoinFesta::JoinFestaAttractionUtil::GetQuestionnaireIdFromAttractionId,3,100,,YELLOW,GPT_EASY_BATCH,UNRUN,Queued for independent GPT reconstruction and review from Ghidra evidence.
0x003ED99C,System::Language::ConvertPM2CTR,3,84,,YELLOW,GPT_EASY_BATCH,UNRUN,Queued for independent GPT reconstruction and review from Ghidra evidence.
0x00438EC4,Savedata::ResortSave::GetFriendShipPokemon,2,52,,YELLOW,GPT_EASY_BATCH,UNRUN,Queued for independent GPT reconstruction and review from Ghidra evidence.
0x00438088,Savedata::ResortSave::GetGimPokemon,2,56,,YELLOW,GPT_EASY_BATCH,UNRUN,Queued for independent GPT reconstruction and review from Ghidra evidence.
0x004381F0,Savedata::ResortSave::GetFarmPokemon,2,56,,YELLOW,GPT_EASY_BATCH,UNRUN,Queued for independent GPT reconstruction and review from Ghidra evidence.
0x00438940,Savedata::ResortSave::GetHotSpaPokemon,2,56,,YELLOW,GPT_EASY_BATCH,UNRUN,Queued for independent GPT reconstruction and review from Ghidra evidence.
0x00438D08,Savedata::ResortSave::GetAdventurePokemon,2,56,,YELLOW,GPT_EASY_BATCH,UNRUN,Queued for independent GPT reconstruction and review from Ghidra evidence.
0x00436B88,Savedata::BoxPokemon::GetPokemon,2,88,,YELLOW,GPT_EASY_BATCH,UNRUN,Queued for independent GPT reconstruction and review from Ghidra evidence.
0x0049A14C,gfl2::lyt::LytWk::GetPane,2,116,,YELLOW,GPT_EASY_BATCH,UNRUN,Queued for independent GPT reconstruction and review from Ghidra evidence.
0x003F4A28,gflnet2::ServerClient::ServerClientRequestManager::RemoveListener,2,60,,YELLOW,GPT_EASY_BATCH,UNRUN,Queued for independent GPT reconstruction and review from Ghidra evidence.
0x0042B6D4,PokeTool::PokeGetUtil::DoesGoToPokePutSelect,2,36,,YELLOW,GPT_EASY_BATCH,UNRUN,Queued for independent GPT reconstruction and review from Ghidra evidence.
0x003CD068,NetApp::QR::QRRecordFunc,2,76,,YELLOW,GPT_EASY_BATCH,UNRUN,Queued for independent GPT reconstruction and review from Ghidra evidence.
0x0032723C,gfl2::renderingengine::scenegraph::instance::LightSetNode::AddLight,3,244,,YELLOW,GPT_EASY_BATCH,UNRUN,Queued for independent GPT reconstruction and review from Ghidra evidence.
0x0043E174,Savedata::JoinFestaDataSave::SetPattern,3,92,,YELLOW,GPT_EASY_BATCH,UNRUN,Queued for independent GPT reconstruction and review from Ghidra evidence.
0x003EBDE0,System::Skybox::Skybox::GetPartsModel,3,124,,YELLOW,GPT_EASY_BATCH,UNRUN,Queued for independent GPT reconstruction and review from Ghidra evidence.
0x00374064,Field::FieldSound::GetPlayerForm,3,80,,YELLOW,GPT_EASY_BATCH,UNRUN,Queued for independent GPT reconstruction and review from Ghidra evidence.
0x0046D1D4,NetAppLib::JoinFesta::JoinFestaAttractionUtil::CheckAttractionPlayEnable,3,92,,YELLOW,GPT_EASY_BATCH,UNRUN,Queued for independent GPT reconstruction and review from Ghidra evidence.
0x003DF58C,NetLib::Error::NijiNetworkErrorManager::CommonNetworkErrorHandling,2,76,,YELLOW,GPT_EASY_BATCH,UNRUN,Queued for independent GPT reconstruction and review from Ghidra evidence.
0x002F323C,app::tool::CursorController::MoveTo,3,132,,YELLOW,GPT_EASY_BATCH,UNRUN,Queued for independent GPT reconstruction and review from Ghidra evidence.
0x003EBE70,System::Skybox::Skybox::SetEnableParts,3,96,,YELLOW,GPT_EASY_BATCH,UNRUN,Queued for independent GPT reconstruction and review from Ghidra evidence.
0x003BE9C4,print::MessageWindow::SetMessageSpeed,3,204,,YELLOW,GPT_EASY_BATCH,UNRUN,Queued for independent GPT reconstruction and review from Ghidra evidence.
0x0043A794,Savedata::UnionPokemon::InitPokemonData,2,124,,YELLOW,GPT_EASY_BATCH,UNRUN,Queued for independent GPT reconstruction and review from Ghidra evidence.
0x0042B398,PokeTool::PokeGetUtil::DoesGoToInfoShow,3,68,,YELLOW,GPT_EASY_BATCH,UNRUN,Queued for independent GPT reconstruction and review from Ghidra evidence.
0x00385964,Field::FieldSodateya::PokeNameWordset,3,132,,YELLOW,GPT_EASY_BATCH,UNRUN,Queued for independent GPT reconstruction and review from Ghidra evidence.
0x00437018,Savedata::BoxPokemon::ClearPokemon,3,180,,YELLOW,GPT_EASY_BATCH,UNRUN,Queued for independent GPT reconstruction and review from Ghidra evidence.
0x0038575C,Field::FieldSodateya::PokeTakeBack,3,164,,YELLOW,GPT_EASY_BATCH,UNRUN,Queued for independent GPT reconstruction and review from Ghidra evidence.
0x00409754,gflnet2::boss::BossManager::RemoveEventListener,2,52,,YELLOW,GPT_EASY_BATCH,UNRUN,Queued for independent GPT reconstruction and review from Ghidra evidence.
0x00381B90,Field::FieldScript::MotionCommandParam::Clear,2,64,,YELLOW,GPT_EASY_BATCH,UNRUN,Queued for independent GPT reconstruction and review from Ghidra evidence.
0x002E10B0,App::PokeList::IntermediateData::IntermediateData,2,72,,YELLOW,GPT_EASY_BATCH,UNRUN,Queued for independent GPT reconstruction and review from Ghidra evidence.
0x0042BFAC,PokeTool::PokemonSort::ClearAllCondition,2,92,,YELLOW,GPT_EASY_BATCH,UNRUN,Queued for independent GPT reconstruction and review from Ghidra evidence.
0x0038D43C,Field::FieldItemManager::TerminateDropItemData,2,200,,YELLOW,GPT_EASY_BATCH,UNRUN,Queued for independent GPT reconstruction and review from Ghidra evidence.
0x002EC34C,app::tool::ButtonManager::SetNotifyTimming,2,64,,YELLOW,GPT_EASY_BATCH,UNRUN,Queued for independent GPT reconstruction and review from Ghidra evidence.
0x00350C98,gfl2::lyt::LytWk::SetAutoAnimeSpeed,2,64,,YELLOW,GPT_EASY_BATCH,UNRUN,Queued for independent GPT reconstruction and review from Ghidra evidence.
0x002EC3C8,app::tool::ButtonManager::SetButtonSelectSE,2,64,,YELLOW,GPT_EASY_BATCH,UNRUN,Queued for independent GPT reconstruction and review from Ghidra evidence.
0x002EC0E0,app::tool::ButtonManager::SetButtonBindKey,2,68,,YELLOW,GPT_EASY_BATCH,UNRUN,Queued for independent GPT reconstruction and review from Ghidra evidence.
0x002FB3EC,app::tool::PokeSimpleModelInFrame::SetLightParamForInFrame,2,80,,YELLOW,GPT_EASY_BATCH,UNRUN,Queued for independent GPT reconstruction and review from Ghidra evidence.
0x0032A46C,gfl2::renderingengine::scenegraph::instance::ModelInstanceNode::SetDrawCheckListener,2,80,,YELLOW,GPT_EASY_BATCH,UNRUN,Queued for independent GPT reconstruction and review from Ghidra evidence.
0x003A52E0,Field::MoveModel::FieldMoveModelManager::GetFieldMoveModelIndexFromFreeSpace,2,56,,YELLOW,GPT_EASY_BATCH,UNRUN,Queued for independent GPT reconstruction and review from Ghidra evidence.
0x0015F21C,PokeRegulation::CheckSubLegend,2,60,,YELLOW,GPT_EASY_BATCH,UNRUN,Queued for independent GPT reconstruction and review from Ghidra evidence.
0x002D6C7C,App::Event::PokeParureEvent::IsNoHungryPokemon,2,60,,YELLOW,GPT_EASY_BATCH,UNRUN,Queued for independent GPT reconstruction and review from Ghidra evidence.
0x00356834,gfl2::str::StrComp_J,2,60,,YELLOW,GPT_EASY_BATCH,UNRUN,Queued for independent GPT reconstruction and review from Ghidra evidence.
0x0036D06C,item::ITEM_CheckJewel,2,60,,YELLOW,GPT_EASY_BATCH,UNRUN,Queued for independent GPT reconstruction and review from Ghidra evidence.
0x0032CD88,gfl2::renderingengine::scenegraph::resource::GfBinaryTexData::GetData,2,64,,YELLOW,GPT_EASY_BATCH,UNRUN,Queued for independent GPT reconstruction and review from Ghidra evidence.
0x00461300,NetAppLib::Message::MessageUtility::GetData,2,64,,YELLOW,GPT_EASY_BATCH,UNRUN,Queued for independent GPT reconstruction and review from Ghidra evidence.
0x0032CCD4,gfl2::renderingengine::scenegraph::resource::GfBinaryTexData::GetDataSize,2,64,,YELLOW,GPT_EASY_BATCH,UNRUN,Queued for independent GPT reconstruction and review from Ghidra evidence.
0x0045EF20,NetAppLib::System::ResourceManager::GetResourceSize,2,64,,YELLOW,GPT_EASY_BATCH,UNRUN,Queued for independent GPT reconstruction and review from Ghidra evidence.
0x0045EF60,NetAppLib::System::ResourceManager::GetResourceBuffer,2,64,,YELLOW,GPT_EASY_BATCH,UNRUN,Queued for independent GPT reconstruction and review from Ghidra evidence.
0x0048D964,app::tool::ButtonManager::IsButtonActive,2,68,,YELLOW,GPT_EASY_BATCH,UNRUN,Queued for independent GPT reconstruction and review from Ghidra evidence.
0x0048DA08,app::tool::ButtonManager::IsButtonInputEnable,2,68,,YELLOW,GPT_EASY_BATCH,UNRUN,Queued for independent GPT reconstruction and review from Ghidra evidence.
0x004A7784,Savedata::JoinFestaDataSave::GetFortuneResultHitByAction,2,68,,YELLOW,GPT_EASY_BATCH,UNRUN,Queued for independent GPT reconstruction and review from Ghidra evidence.
0x00435634,PokeTool::PokeModel::SetFaceAnimeSmoothEnable,2,68,,YELLOW,GPT_EASY_BATCH,UNRUN,Queued for independent GPT reconstruction and review from Ghidra evidence.
0x003833E0,Field::FieldScript::Work::SetTempWorkValue,2,72,,YELLOW,GPT_EASY_BATCH,UNRUN,Queued for independent GPT reconstruction and review from Ghidra evidence.
0x00315D74,pml::personal::METENO_IsShellForm,2,72,,YELLOW,GPT_EASY_BATCH,UNRUN,Queued for independent GPT reconstruction and review from Ghidra evidence.
0x0036D020,item::ITEM_CheckBeads,2,72,,YELLOW,GPT_EASY_BATCH,UNRUN,Queued for independent GPT reconstruction and review from Ghidra evidence.
0x0036D0AC,item::ITEM_CheckPiece,2,72,,YELLOW,GPT_EASY_BATCH,UNRUN,Queued for independent GPT reconstruction and review from Ghidra evidence.
0x0036D190,item::ITEM_CheckMegaStone,2,72,,YELLOW,GPT_EASY_BATCH,UNRUN,Queued for independent GPT reconstruction and review from Ghidra evidence.
0x004072F4,gflnet2::p2p::NetGame::IsDisconnectNetID,2,76,,YELLOW,GPT_EASY_BATCH,UNRUN,Queued for independent GPT reconstruction and review from Ghidra evidence.
0x004A4CA0,poke_3d::model::CharaModelFactory::IsModelLoaded,2,84,,YELLOW,GPT_EASY_BATCH,UNRUN,Queued for independent GPT reconstruction and review from Ghidra evidence.
0x0045EFA0,NetAppLib::System::ResourceManager::GetResourceBuffer,2,84,,YELLOW,GPT_EASY_BATCH,UNRUN,Queued for independent GPT reconstruction and review from Ghidra evidence.
0x0044334C,Savedata::Fashion::ConvDressUpParamItemCategoryFromtSavedataCategory,2,96,,YELLOW,GPT_EASY_BATCH,UNRUN,Queued for independent GPT reconstruction and review from Ghidra evidence.
0x002EC4F4,app::tool::ButtonManager::SetButtonInvisible,2,96,,YELLOW,GPT_EASY_BATCH,UNRUN,Queued for independent GPT reconstruction and review from Ghidra evidence.
0x0045C318,NetAppLib::Util::NetAppPokeModelUtility::ClearHandlers,2,96,,YELLOW,GPT_EASY_BATCH,UNRUN,Queued for independent GPT reconstruction and review from Ghidra evidence.
0x004432E4,Savedata::Fashion::ConvSavedataCategoryFromDressUpParamItemCategory,2,100,,YELLOW,GPT_EASY_BATCH,UNRUN,Queued for independent GPT reconstruction and review from Ghidra evidence.
0x003CF1A0,NetApp::NBR::NBRNet::ClearRecvPoolBuffer,2,116,,YELLOW,GPT_EASY_BATCH,UNRUN,Queued for independent GPT reconstruction and review from Ghidra evidence.
0x0049E37C,Field::World::GetZoneIndexInArea,2,120,,YELLOW,GPT_EASY_BATCH,UNRUN,Queued for independent GPT reconstruction and review from Ghidra evidence.
0x0040F914,poke_3d::model::PokemonModel::SetLightSetNo,2,124,,YELLOW,GPT_EASY_BATCH,UNRUN,Queued for independent GPT reconstruction and review from Ghidra evidence.
0x0038D33C,Field::FieldItemManager::TerminateDropItemData,2,248,,YELLOW,GPT_EASY_BATCH,UNRUN,Queued for independent GPT reconstruction and review from Ghidra evidence.
0x00324BB0,gfl2::renderingengine::scenegraph::DagNode::GetChild,2,56,,YELLOW,GPT_EASY_BATCH,UNRUN,Queued for independent GPT reconstruction and review from Ghidra evidence.
0x00438878,Savedata::ResortSave::AddAdventureItem,2,64,,YELLOW,GPT_EASY_BATCH,UNRUN,Queued for independent GPT reconstruction and review from Ghidra evidence.
0x003A51CC,Field::MoveModel::FieldMoveModelManager::GetFieldMoveModelIndexFromEventId,2,68,,YELLOW,GPT_EASY_BATCH,UNRUN,Queued for independent GPT reconstruction and review from Ghidra evidence.
0x004550A0,NetAppLib::JoinFestaUI::JoinFestaPlayerListSelectLowerViewBase::getJoinFestaPlayerData,2,76,,YELLOW,GPT_EASY_BATCH,UNRUN,Queued for independent GPT reconstruction and review from Ghidra evidence.
0x002E75C4,app::ui::UIView::IsExistSubView,2,76,,YELLOW,GPT_EASY_BATCH,UNRUN,Queued for independent GPT reconstruction and review from Ghidra evidence.
0x0048D5B4,app::sort::StringTokusei::IsSecretTokusei,2,76,,YELLOW,GPT_EASY_BATCH,UNRUN,Queued for independent GPT reconstruction and review from Ghidra evidence.
0x002EC5A8,app::tool::ButtonManager::SetButtonInputEnable,2,76,,YELLOW,GPT_EASY_BATCH,UNRUN,Queued for independent GPT reconstruction and review from Ghidra evidence.
0x002EEEB4,app::tool::ItemIconToolEx::IsReplaced,2,96,,YELLOW,GPT_EASY_BATCH,UNRUN,Queued for independent GPT reconstruction and review from Ghidra evidence.
0x00456DFC,NetAppLib::BattleVideoPlayer::VideoDataManager::ClearDataDelFlg,2,112,,YELLOW,GPT_EASY_BATCH,UNRUN,Queued for independent GPT reconstruction and review from Ghidra evidence.
0x00456460,NetAppLib::BattleVideoPlayer::VIDEO_DATA::OutputLeftPosPokeParam,2,116,,YELLOW,GPT_EASY_BATCH,UNRUN,Queued for independent GPT reconstruction and review from Ghidra evidence.
0x004564D4,NetAppLib::BattleVideoPlayer::VIDEO_DATA::OutputRightPosPokeParam,2,120,,YELLOW,GPT_EASY_BATCH,UNRUN,Queued for independent GPT reconstruction and review from Ghidra evidence.
0x0041E75C,trainer::TrainerTypeData::GetMegaItemId,2,56,,YELLOW,GPT_EASY_BATCH,UNRUN,Queued for independent GPT reconstruction and review from Ghidra evidence.
0x00399A94,Field::Attribute::IsGrass,2,64,,YELLOW,GPT_EASY_BATCH,UNRUN,Queued for independent GPT reconstruction and review from Ghidra evidence.
0x003F3C80,GameSys::TimeZone::ConvertTimeZoneToStartHour,2,76,,YELLOW,GPT_EASY_BATCH,UNRUN,Queued for independent GPT reconstruction and review from Ghidra evidence.
0x0015ED24,PokeRegulation::CheckLegend,2,84,,YELLOW,GPT_EASY_BATCH,UNRUN,Queued for independent GPT reconstruction and review from Ghidra evidence.
0x00159384,BattleInst::BattleInst::SetPokeSelectResult,2,92,,YELLOW,GPT_EASY_BATCH,UNRUN,Queued for independent GPT reconstruction and review from Ghidra evidence.
0x002C9BEC,App::Tool::MapManager::GetMapDataIndex,2,108,,YELLOW,GPT_EASY_BATCH,UNRUN,Queued for independent GPT reconstruction and review from Ghidra evidence.
0x00315FE8,pml::personal::GetEvolutionRouteNum,2,112,,YELLOW,GPT_EASY_BATCH,UNRUN,Queued for independent GPT reconstruction and review from Ghidra evidence.
0x00430D04,PokeTool::Mega::GetMegaIndex,2,112,,YELLOW,GPT_EASY_BATCH,UNRUN,Queued for independent GPT reconstruction and review from Ghidra evidence.
0x002EF74C,app::tool::PokeIconToolEx::IsReplaced,2,124,,YELLOW,GPT_EASY_BATCH,UNRUN,Queued for independent GPT reconstruction and review from Ghidra evidence.
0x0041E6AC,trainer::TrainerPairData::SearchPairData,2,124,,YELLOW,GPT_EASY_BATCH,UNRUN,Queued for independent GPT reconstruction and review from Ghidra evidence.
0x0036CE88,item::ITEM_GetBallID,2,76,,YELLOW,GPT_EASY_BATCH,UNRUN,Queued for independent GPT reconstruction and review from Ghidra evidence.
0x004A6D70,Savedata::BattleInstSave::IsFullScoutTrainerData,2,92,,YELLOW,GPT_EASY_BATCH,UNRUN,Queued for independent GPT reconstruction and review from Ghidra evidence.
0x0036CF00,item::ITEM_GetNutsNo,2,92,,YELLOW,GPT_EASY_BATCH,UNRUN,Queued for independent GPT reconstruction and review from Ghidra evidence.
0x0030E3C4,app::util::OutputSpecialPointPokemSeikaku,2,108,,YELLOW,GPT_EASY_BATCH,UNRUN,Queued for independent GPT reconstruction and review from Ghidra evidence.
0x00383364,Field::FieldScript::Work::GetTempWorkValue,2,120,,YELLOW,GPT_EASY_BATCH,UNRUN,Queued for independent GPT reconstruction and review from Ghidra evidence.
0x0030732C,app::util::GetWazaTextColor,2,124,,YELLOW,GPT_EASY_BATCH,UNRUN,Queued for independent GPT reconstruction and review from Ghidra evidence.
0x00358E40,gfl2::math::Crc::Crc16,3,180,,YELLOW,GPT_EASY_BATCH,UNRUN,Queued for independent GPT reconstruction and review from Ghidra evidence.
0x004A6798,PokeTool::ExtendData::GetStyleType,2,128,,YELLOW,GPT_EASY_BATCH,UNRUN,Queued for independent GPT reconstruction and review from Ghidra evidence.
0x004700E0,NetAppLib::JoinFesta::JoinFestaSelectWordTable::IsOpenMessageId,3,132,,YELLOW,GPT_EASY_BATCH,UNRUN,Queued for independent GPT reconstruction and review from Ghidra evidence.
0x004412DC,Savedata::BOX::SetTeamPokePos,3,156,,YELLOW,GPT_EASY_BATCH,UNRUN,Queued for independent GPT reconstruction and review from Ghidra evidence.
0x00315928,pml::personal::GetEvolutionParam,3,172,,YELLOW,GPT_EASY_BATCH,UNRUN,Queued for independent GPT reconstruction and review from Ghidra evidence.
0x00315FF8,pml::personal::GetEvolveEnableLevel,3,172,,YELLOW,GPT_EASY_BATCH,UNRUN,Queued for independent GPT reconstruction and review from Ghidra evidence.
0x00302D96,__rw::__rw_collate_data<char>::_C_coll_order,2,58,,YELLOW,GPT_EASY_BATCH,UNRUN,Queued for independent GPT reconstruction and review from Ghidra evidence.
0x0036CE1C,item::ITEM_CheckNuts,2,104,,YELLOW,GPT_EASY_BATCH,UNRUN,Queued for independent GPT reconstruction and review from Ghidra evidence.
0x004A68D4,PokeTool::ExtendData::GetZenkokuNumber,3,132,,YELLOW,GPT_EASY_BATCH,UNRUN,Queued for independent GPT reconstruction and review from Ghidra evidence.
0x0049E8BC,Field::Encount::PokeSet::GetBattleEffectId,3,136,,YELLOW,GPT_EASY_BATCH,UNRUN,Queued for independent GPT reconstruction and review from Ghidra evidence.
0x00407000,gflnet2::p2p::NetGame::TimingStart,3,168,,YELLOW,GPT_EASY_BATCH,UNRUN,Queued for independent GPT reconstruction and review from Ghidra evidence.
0x004A6DD0,Savedata::BattleInstSave::IsExistScoutTrainerData,2,124,,YELLOW,GPT_EASY_BATCH,UNRUN,Queued for independent GPT reconstruction and review from Ghidra evidence.
0x00493EDC,pml::PokeParty::SerializeToShortStruct,2,52,,YELLOW,GPT_EASY_BATCH,UNRUN,Queued for independent GPT reconstruction and review from Ghidra evidence.
0x002F3AC4,app::tool::GeneralLowerView::SetButtonSEtoDefault,2,52,,YELLOW,GPT_EASY_BATCH,UNRUN,Queued for independent GPT reconstruction and review from Ghidra evidence.
0x0031F1E8,pml::PokeParty::CopyFrom,2,52,,YELLOW,GPT_EASY_BATCH,UNRUN,Queued for independent GPT reconstruction and review from Ghidra evidence.
0x0031179C,app::util::G2DUtil::Update2D,2,60,,YELLOW,GPT_EASY_BATCH,UNRUN,Queued for independent GPT reconstruction and review from Ghidra evidence.
0x0031E458,pml::wazadata::GetRankEffectCount,2,60,,YELLOW,GPT_EASY_BATCH,UNRUN,Queued for independent GPT reconstruction and review from Ghidra evidence.
0x00460D84,NetAppLib::System::ApplicationSystemBase::PreDraw,2,64,,YELLOW,GPT_EASY_BATCH,UNRUN,Queued for independent GPT reconstruction and review from Ghidra evidence.
0x0032A820,gfl2::renderingengine::scenegraph::instance::ModelInstanceNode::CopyMaterialDepthStencilStateToStateObject,2,68,,YELLOW,GPT_EASY_BATCH,UNRUN,Queued for independent GPT reconstruction and review from Ghidra evidence.
0x00414418,poke_3d::model::DressUpModelResourceManager::InitializeAsync,2,72,,YELLOW,GPT_EASY_BATCH,UNRUN,Queued for independent GPT reconstruction and review from Ghidra evidence.
0x00414460,poke_3d::model::DressUpModelResourceManager::UnloadDressUpParts,2,76,,YELLOW,GPT_EASY_BATCH,UNRUN,Queued for independent GPT reconstruction and review from Ghidra evidence.
0x0049399C,pml::PokeParty::SerializeCore,2,80,,YELLOW,GPT_EASY_BATCH,UNRUN,Queued for independent GPT reconstruction and review from Ghidra evidence.
0x00439F58,Savedata::FishingSpot::LotRare,2,84,,YELLOW,GPT_EASY_BATCH,UNRUN,Queued for independent GPT reconstruction and review from Ghidra evidence.
0x0038E868,Field::EventRizaadonRide::EventRizaadonRide,2,124,,YELLOW,GPT_EASY_BATCH,UNRUN,Queued for independent GPT reconstruction and review from Ghidra evidence.
0x002C8DCC,App::Tool::ItemEffect::ItemEffect,2,136,,YELLOW,GPT_EASY_BATCH,UNRUN,Queued for independent GPT reconstruction and review from Ghidra evidence.
0x002D8970,App::Resort::ResortDataManager::ResortDataManager,2,148,,YELLOW,GPT_EASY_BATCH,UNRUN,Queued for independent GPT reconstruction and review from Ghidra evidence.
0x003C08C4,print::SystemFont_SetLytSystemNumFont,2,60,,YELLOW,GPT_EASY_BATCH,UNRUN,Queued for independent GPT reconstruction and review from Ghidra evidence.
0x0037EDA8,Field::FieldScript::ScriptTrialModel::UnLoad,2,72,,YELLOW,GPT_EASY_BATCH,UNRUN,Queued for independent GPT reconstruction and review from Ghidra evidence.
0x002EA2E0,app::tool::MenuWindow::StartMenuDisplay,2,76,,YELLOW,GPT_EASY_BATCH,UNRUN,Queued for independent GPT reconstruction and review from Ghidra evidence.
0x003A1C94,Field::MoveModel::FieldMoveModelPlayer::IsHitRoba2WallRideOff,2,92,,YELLOW,GPT_EASY_BATCH,UNRUN,Queued for independent GPT reconstruction and review from Ghidra evidence.
0x002C7F70,App::Box::BoxAppSetup::ProcResourceFree,2,64,,YELLOW,GPT_EASY_BATCH,UNRUN,Queued for independent GPT reconstruction and review from Ghidra evidence.
0x003CF3B4,NetApp::NBR::NBRNet::AddRecvPacketEnableCommand,2,64,,YELLOW,GPT_EASY_BATCH,UNRUN,Queued for independent GPT reconstruction and review from Ghidra evidence.
0x0048D9A8,app::tool::ButtonManager::IsButtonVisible,2,64,,YELLOW,GPT_EASY_BATCH,UNRUN,Queued for independent GPT reconstruction and review from Ghidra evidence.
0x0049342C,pml::pokepara::CoreParam::HaveWaza,2,68,,YELLOW,GPT_EASY_BATCH,UNRUN,Queued for independent GPT reconstruction and review from Ghidra evidence.
0x00434E4C,PokeTool::PokeModel::SetFaceAnime_Mouth,2,68,,YELLOW,GPT_EASY_BATCH,UNRUN,Queued for independent GPT reconstruction and review from Ghidra evidence.
0x00434EE0,PokeTool::PokeModel::ResetFaceAnime_Mouth,2,68,,YELLOW,GPT_EASY_BATCH,UNRUN,Queued for independent GPT reconstruction and review from Ghidra evidence.
0x004A4F4C,poke_3d::model::DressUpModelResourceManager::CanUnloadDressUpParts,2,68,,YELLOW,GPT_EASY_BATCH,UNRUN,Queued for independent GPT reconstruction and review from Ghidra evidence.
0x00434BC8,PokeTool::PokeModel::SetFaceAnime_Eye,2,72,,YELLOW,GPT_EASY_BATCH,UNRUN,Queued for independent GPT reconstruction and review from Ghidra evidence.
0x00434DE8,PokeTool::PokeModel::ResetFaceAnime_Eye,2,72,,YELLOW,GPT_EASY_BATCH,UNRUN,Queued for independent GPT reconstruction and review from Ghidra evidence.
0x00493D74,pml::PokeParty::CheckPokerusExist,2,76,,YELLOW,GPT_EASY_BATCH,UNRUN,Queued for independent GPT reconstruction and review from Ghidra evidence.
0x002EC554,app::tool::ButtonManager::SetButtonActiveForce,2,84,,YELLOW,GPT_EASY_BATCH,UNRUN,Queued for independent GPT reconstruction and review from Ghidra evidence.
0x002EC948,app::tool::ButtonManager::SetButtonPassiveForce,2,84,,YELLOW,GPT_EASY_BATCH,UNRUN,Queued for independent GPT reconstruction and review from Ghidra evidence.
0x004730C4,NetAppLib::JoinFesta::JoinFestaPersonalDataManager::GetFieldPersonalData,2,84,,YELLOW,GPT_EASY_BATCH,UNRUN,Queued for independent GPT reconstruction and review from Ghidra evidence.
0x002FAAF8,app::tool::AppCommonGrpIconData::ReplacePaneTextureByPokeParamIcon,2,88,,YELLOW,GPT_EASY_BATCH,UNRUN,Queued for independent GPT reconstruction and review from Ghidra evidence.
0x00437718,Savedata::BoxPokemon::CheckPokemonTrayRetPos,2,88,,YELLOW,GPT_EASY_BATCH,UNRUN,Queued for independent GPT reconstruction and review from Ghidra evidence.
0x002FA9C8,app::tool::AppCommonGrpIconData::ReplacePaneTextureByLangIcon,2,88,,YELLOW,GPT_EASY_BATCH,UNRUN,Queued for independent GPT reconstruction and review from Ghidra evidence.
0x002FAA40,app::tool::AppCommonGrpIconData::ReplacePaneTextureByPokeSickIcon,2,88,,YELLOW,GPT_EASY_BATCH,UNRUN,Queued for independent GPT reconstruction and review from Ghidra evidence.
0x002FAA9C,app::tool::AppCommonGrpIconData::ReplacePaneTextureByWazaTypeIcon,2,88,,YELLOW,GPT_EASY_BATCH,UNRUN,Queued for independent GPT reconstruction and review from Ghidra evidence.
0x00361838,gfl2::animation::AnimationPackList::UnloadAll,2,88,,YELLOW,GPT_EASY_BATCH,UNRUN,Queued for independent GPT reconstruction and review from Ghidra evidence.
0x003043F0,app::tool::PaneList::SetSE,2,88,,YELLOW,GPT_EASY_BATCH,UNRUN,Queued for independent GPT reconstruction and review from Ghidra evidence.
0x002EC084,app::tool::ButtonManager::SetButtonActive,2,92,,YELLOW,GPT_EASY_BATCH,UNRUN,Queued for independent GPT reconstruction and review from Ghidra evidence.
0x003C1394,print::WordSet::ClearAllBuffer,2,92,,YELLOW,GPT_EASY_BATCH,UNRUN,Queued for independent GPT reconstruction and review from Ghidra evidence.
0x002EC13C,app::tool::ButtonManager::SetButtonPassive,2,92,,YELLOW,GPT_EASY_BATCH,UNRUN,Queued for independent GPT reconstruction and review from Ghidra evidence.
0x002FD984,app::tool::AppToolTrainerIconRendering::Draw,2,92,,YELLOW,GPT_EASY_BATCH,UNRUN,Queued for independent GPT reconstruction and review from Ghidra evidence.
0x0043567C,PokeTool::PokeModel::SetMegaGangarEffectState,2,100,,YELLOW,GPT_EASY_BATCH,UNRUN,Queued for independent GPT reconstruction and review from Ghidra evidence.
0x0037FFF4,Field::FieldScript::FieldScriptSystem::SetBgPartsLoad,2,104,,YELLOW,GPT_EASY_BATCH,UNRUN,Queued for independent GPT reconstruction and review from Ghidra evidence.
0x00382D5C,Field::FieldScript::ScriptEffectManager::Terminate,2,108,,YELLOW,GPT_EASY_BATCH,UNRUN,Queued for independent GPT reconstruction and review from Ghidra evidence.
0x0049A054,gfl2::lyt::LytWk::GetAnimeMaxFrame,2,112,,YELLOW,GPT_EASY_BATCH,UNRUN,Queued for independent GPT reconstruction and review from Ghidra evidence.
0x0048ECA8,app::util::G2DUtil::GetPanePos,2,116,,YELLOW,GPT_EASY_BATCH,UNRUN,Queued for independent GPT reconstruction and review from Ghidra evidence.
0x002EA7D4,app::tool::MenuWindow::EndMenu,2,124,,YELLOW,GPT_EASY_BATCH,UNRUN,Queued for independent GPT reconstruction and review from Ghidra evidence.
0x0043EE2C,Savedata::JoinFestaDataSave::GetCoinNecessaryForNextRank,2,132,,YELLOW,GPT_EASY_BATCH,UNRUN,Queued for independent GPT reconstruction and review from Ghidra evidence.
0x0030252C,app::tool::PaneList::GetPosPaneIndex,2,156,,YELLOW,GPT_EASY_BATCH,UNRUN,Queued for independent GPT reconstruction and review from Ghidra evidence.
0x0010363C,std::ctype<char>::do_tolower,1,46,,YELLOW,GPT_EASY_BATCH,UNRUN,Queued for independent GPT reconstruction and review from Ghidra evidence.
0x0010368A,std::ctype<char>::do_toupper,1,46,,YELLOW,GPT_EASY_BATCH,UNRUN,Queued for independent GPT reconstruction and review from Ghidra evidence.
0x00301594,app::tool::PaneList::InitExScroll,2,80,,YELLOW,GPT_EASY_BATCH,UNRUN,Queued for independent GPT reconstruction and review from Ghidra evidence.
0x00459530,NetAppLib::UI::NetAppCursorView::CursorMoveToButton,2,80,,YELLOW,GPT_EASY_BATCH,UNRUN,Queued for independent GPT reconstruction and review from Ghidra evidence.
0x004595D4,NetAppLib::UI::NetAppCursorView::OnLayoutPaneTouchTriggerEvent,2,80,,YELLOW,GPT_EASY_BATCH,UNRUN,Queued for independent GPT reconstruction and review from Ghidra evidence.
0x004113A0,Field::MoveModel::FieldMoveModelManager::SetupModel,2,84,,YELLOW,GPT_EASY_BATCH,UNRUN,Queued for independent GPT reconstruction and review from Ghidra evidence.
0x00433E40,PokeTool::PokeModel::IsFinishLoad,2,84,,YELLOW,GPT_EASY_BATCH,UNRUN,Queued for independent GPT reconstruction and review from Ghidra evidence.
0x004AD82C,NetAppLib::UI::NetAppCursorView::OnLayoutPaneTouchTriggerEvent,2,84,,YELLOW,GPT_EASY_BATCH,UNRUN,Queued for independent GPT reconstruction and review from Ghidra evidence.
0x004A74C0,Savedata::JoinFestaDataSave::IsUseSelectWord,2,88,,YELLOW,GPT_EASY_BATCH,UNRUN,Queued for independent GPT reconstruction and review from Ghidra evidence.
0x002C82C0,App::Box::BoxAppSetup::Update,2,88,,YELLOW,GPT_EASY_BATCH,UNRUN,Queued for independent GPT reconstruction and review from Ghidra evidence.
0x0037F2FC,Field::FieldScript::ScriptTrialModel::PlayAnim,2,104,,YELLOW,GPT_EASY_BATCH,UNRUN,Queued for independent GPT reconstruction and review from Ghidra evidence.
0x003D03D8,NetLib::Validation::PokemonValidation::SetPokemon,3,172,,YELLOW,GPT_EASY_BATCH,UNRUN,Queued for independent GPT reconstruction and review from Ghidra evidence.
0x0046AA40,NetAppLib::JoinFesta::JoinFestaPacketManager::RegistPersonalListener,2,88,,YELLOW,GPT_EASY_BATCH,UNRUN,Queued for independent GPT reconstruction and review from Ghidra evidence.
0x00155260,REINFORCE_BATTLE_PARAM_IsEnable,2,96,,YELLOW,GPT_EASY_BATCH,UNRUN,Queued for independent GPT reconstruction and review from Ghidra evidence.
0x0048EFE4,app::util::G2DUtil::IsDrawing,2,104,,YELLOW,GPT_EASY_BATCH,UNRUN,Queued for independent GPT reconstruction and review from Ghidra evidence.
0x00411720,poke_3d::model::CharaModelFactory::UnloadModelAll,2,108,,YELLOW,GPT_EASY_BATCH,UNRUN,Queued for independent GPT reconstruction and review from Ghidra evidence.
0x002E9C08,app::tool::MenuCursor::Draw,2,120,,YELLOW,GPT_EASY_BATCH,UNRUN,Queued for independent GPT reconstruction and review from Ghidra evidence.
0x00456F24,NetAppLib::BattleVideoPlayer::VideoDataManager::UpdateTitleName,3,132,,YELLOW,GPT_EASY_BATCH,UNRUN,Queued for independent GPT reconstruction and review from Ghidra evidence.
0x0049EFC0,Field::EventList::EventListDataManager::GetTargetIndexForMain,3,152,,YELLOW,GPT_EASY_BATCH,UNRUN,Queued for independent GPT reconstruction and review from Ghidra evidence.
0x004A99AC,Savedata::ZukanData::GetPokeRandomFlag,2,116,,YELLOW,GPT_EASY_BATCH,UNRUN,Queued for independent GPT reconstruction and review from Ghidra evidence.
0x003807DC,Field::FieldScript::FieldScriptSystem::IsEnableSceneScript,2,116,,YELLOW,GPT_EASY_BATCH,UNRUN,Queued for independent GPT reconstruction and review from Ghidra evidence.
0x003113F4,app::util::G2DUtil::AddDrawableLytWkForOneFrame,3,152,,YELLOW,GPT_EASY_BATCH,UNRUN,Queued for independent GPT reconstruction and review from Ghidra evidence.
0x00457E1C,NetAppLib::BattleVideoPlayer::VideoDataManager::StartDeleteVideoData,3,156,,YELLOW,GPT_EASY_BATCH,UNRUN,Queued for independent GPT reconstruction and review from Ghidra evidence.
0x00493B34,pml::PokeParty::GetMemberIndex,2,104,,YELLOW,GPT_EASY_BATCH,UNRUN,Queued for independent GPT reconstruction and review from Ghidra evidence.
0x002E961C,app::tool::MenuCursor::SetVisible,3,148,,YELLOW,GPT_EASY_BATCH,UNRUN,Queued for independent GPT reconstruction and review from Ghidra evidence.
0x004A7EB0,Savedata::MyItem::GetItemPocketPos,2,124,,YELLOW,GPT_EASY_BATCH,UNRUN,Queued for independent GPT reconstruction and review from Ghidra evidence.
0x0046AD6C,NetAppLib::JoinFesta::JoinFestaPacketManager::RequestAllUpdatingWithSubscription,3,132,,YELLOW,GPT_EASY_BATCH,UNRUN,Queued for independent GPT reconstruction and review from Ghidra evidence.
0x0045D500,NetAppLib::Util::NetAppLatinumStringTool::CompareBufferNoCaseNoAccent,3,188,,YELLOW,GPT_EASY_BATCH,UNRUN,Queued for independent GPT reconstruction and review from Ghidra evidence.
0x003825E8,Field::FieldScript::ScriptEffectManager::Delete,3,208,,YELLOW,GPT_EASY_BATCH,UNRUN,Queued for independent GPT reconstruction and review from Ghidra evidence.
0x00159F6C,BattleInst::BattleInst::SetRule,3,232,,YELLOW,GPT_EASY_BATCH,UNRUN,Queued for independent GPT reconstruction and review from Ghidra evidence.
0x00414810,poke_3d::model::DressUpModelResourceManager::UnloadDressUpDynamicAnimation,3,180,,YELLOW,GPT_EASY_BATCH,UNRUN,Queued for independent GPT reconstruction and review from Ghidra evidence.
0x00414750,poke_3d::model::DressUpModelResourceManager::SetupDressUpDynamicAnimation,3,192,,YELLOW,GPT_EASY_BATCH,UNRUN,Queued for independent GPT reconstruction and review from Ghidra evidence.
0x004148C4,poke_3d::model::DressUpModelResourceManager::IsDressUpDynamicAnimationLoaded,3,200,,YELLOW,GPT_EASY_BATCH,UNRUN,Queued for independent GPT reconstruction and review from Ghidra evidence.
0x0045E6D4,NetAppLib::Util::PackFile::IsBrokenRegulationPackFile,3,224,,YELLOW,GPT_EASY_BATCH,UNRUN,Queued for independent GPT reconstruction and review from Ghidra evidence.
0x0049249C,pml::pokepara::CoreParam::GetAllBoxMark,2,60,,YELLOW,GPT_EASY_BATCH,UNRUN,Queued for independent GPT reconstruction and review from Ghidra evidence.
0x002EB898,app::tool::FingerCursor::StartAnime,2,88,,YELLOW,GPT_EASY_BATCH,UNRUN,Queued for independent GPT reconstruction and review from Ghidra evidence.
0x002EBA20,app::tool::FingerCursor::PushAnime,2,92,,YELLOW,GPT_EASY_BATCH,UNRUN,Queued for independent GPT reconstruction and review from Ghidra evidence.
0x004A835C,Savedata::MyStatus::GetDressup,2,132,,YELLOW,GPT_EASY_BATCH,UNRUN,Queued for independent GPT reconstruction and review from Ghidra evidence.
0x002E0F48,App::PokeList::IntermediateData::IsSickMoudoku,2,36,,YELLOW,GPT_EASY_BATCH,UNRUN,Queued for independent GPT reconstruction and review from Ghidra evidence.
0x0049F4A0,Field::MoveModel::FieldMoveModelPlayer::IsMuurandoSearchState,2,56,,YELLOW,GPT_EASY_BATCH,UNRUN,Queued for independent GPT reconstruction and review from Ghidra evidence.
0x00472550,NetAppLib::JoinFesta::JoinFestaPersonalDataManager::GetPersonalData,2,80,,YELLOW,GPT_EASY_BATCH,UNRUN,Queued for independent GPT reconstruction and review from Ghidra evidence.
0x003BFC9C,print::IsWordSetTagGroup,2,88,,YELLOW,GPT_EASY_BATCH,UNRUN,Queued for independent GPT reconstruction and review from Ghidra evidence.
0x004A9258,Savedata::ZukanData::GetPokeGetCount,2,92,,YELLOW,GPT_EASY_BATCH,UNRUN,Queued for independent GPT reconstruction and review from Ghidra evidence.
0x003E60FC,System::SystemEventManager::RemoveSystemEventListener,2,92,,YELLOW,GPT_EASY_BATCH,UNRUN,Queued for independent GPT reconstruction and review from Ghidra evidence.
0x0045A808,NetAppLib::UI::NetAppPokePartyUtility::SetPokeParty,2,92,,YELLOW,GPT_EASY_BATCH,UNRUN,Queued for independent GPT reconstruction and review from Ghidra evidence.
0x004922C4,pml::pokepara::CoreParam::CheckDirtPos,2,100,,YELLOW,GPT_EASY_BATCH,UNRUN,Queued for independent GPT reconstruction and review from Ghidra evidence.
0x002CEFBC,App::Tool::PokeIconTexData::PokeIconTexData,2,124,,YELLOW,GPT_EASY_BATCH,UNRUN,Queued for independent GPT reconstruction and review from Ghidra evidence.
0x00311954,app::util::G2DUtil::G2DUtil,2,124,,YELLOW,GPT_EASY_BATCH,UNRUN,Queued for independent GPT reconstruction and review from Ghidra evidence.
0x00316454,pml::personal::Util::GetRegionFormNo,2,132,,YELLOW,GPT_EASY_BATCH,UNRUN,Queued for independent GPT reconstruction and review from Ghidra evidence.
0x002C9C5C,App::Tool::MapManager::SetPaneSizeNavi,2,204,,YELLOW,GPT_EASY_BATCH,UNRUN,Queued for independent GPT reconstruction and review from Ghidra evidence.
0x002D8388,App::Resort::ResortDataManager::Create,2,208,,YELLOW,GPT_EASY_BATCH,UNRUN,Queued for independent GPT reconstruction and review from Ghidra evidence.
0x003295E0,PokeTool::PokeModel::SetShaderColor,3,208,,YELLOW,GPT_EASY_BATCH,UNRUN,Queued for independent GPT reconstruction and review from Ghidra evidence.
0x0048ED20,app::util::G2DUtil::GetPanePos,2,116,,YELLOW,GPT_EASY_BATCH,UNRUN,Queued for independent GPT reconstruction and review from Ghidra evidence.
0x002C8B80,App::Tool::ItemEffect::Update,2,124,,YELLOW,GPT_EASY_BATCH,UNRUN,Queued for independent GPT reconstruction and review from Ghidra evidence.
0x0042D234,PokeTool::PersonalSort::PersonalSort,3,204,,YELLOW,GPT_EASY_BATCH,UNRUN,Queued for independent GPT reconstruction and review from Ghidra evidence.
0x00417700,poke_3d::model::BaseModel::UpdateAnimation,3,212,,YELLOW,GPT_EASY_BATCH,UNRUN,Queued for independent GPT reconstruction and review from Ghidra evidence.
0x00158434,BattleInst::BattleInst::ClearModelData,3,216,,YELLOW,GPT_EASY_BATCH,UNRUN,Queued for independent GPT reconstruction and review from Ghidra evidence.
0x00397AD8,Field::Encount::EncountEffect::IsStart,2,88,,YELLOW,GPT_EASY_BATCH,UNRUN,Queued for independent GPT reconstruction and review from Ghidra evidence.
0x001613D0,FullPowerEffectRenderPath0::DeleteManagedModel,2,88,,YELLOW,GPT_EASY_BATCH,UNRUN,Queued for independent GPT reconstruction and review from Ghidra evidence.
0x0048D7AC,app::tool::ButtonManager::IsButtonHit,2,116,,YELLOW,GPT_EASY_BATCH,UNRUN,Queued for independent GPT reconstruction and review from Ghidra evidence.
0x00461340,NetAppLib::Message::MessageUtility::GetString,2,116,,YELLOW,GPT_EASY_BATCH,UNRUN,Queued for independent GPT reconstruction and review from Ghidra evidence.
0x00308020,app::util::AppRenderingManager::SetRaderChart,2,116,,YELLOW,GPT_EASY_BATCH,UNRUN,Queued for independent GPT reconstruction and review from Ghidra evidence.
0x003617BC,gfl2::animation::AnimationPackList::Finalize,2,120,,YELLOW,GPT_EASY_BATCH,UNRUN,Queued for independent GPT reconstruction and review from Ghidra evidence.
0x003618A0,gfl2::animation::AnimationPackList::~AnimationPackList,2,124,,YELLOW,GPT_EASY_BATCH,UNRUN,Queued for independent GPT reconstruction and review from Ghidra evidence.
0x004994F4,app::util::G2DUtil::GetHitPane,3,132,,YELLOW,GPT_EASY_BATCH,UNRUN,Queued for independent GPT reconstruction and review from Ghidra evidence.
0x0031F2D4,pml::PokeParty::PokeParty,3,136,,YELLOW,GPT_EASY_BATCH,UNRUN,Queued for independent GPT reconstruction and review from Ghidra evidence.
0x00380960,Field::FieldScript::FieldScriptSystem::SearchRunSceneScript,3,164,,YELLOW,GPT_EASY_BATCH,UNRUN,Queued for independent GPT reconstruction and review from Ghidra evidence.
0x00337758,gfl2::renderingengine::renderer::util::DofRenderPath::ChangeDofType,3,184,,YELLOW,GPT_EASY_BATCH,UNRUN,Queued for independent GPT reconstruction and review from Ghidra evidence.
0x0041460C,poke_3d::model::DressUpModelResourceManager::LoadDressUpPartsAsync,3,188,,YELLOW,GPT_EASY_BATCH,UNRUN,Queued for independent GPT reconstruction and review from Ghidra evidence.
0x00337688,gfl2::renderingengine::renderer::util::DofRenderPath::Initialize,3,196,,YELLOW,GPT_EASY_BATCH,UNRUN,Queued for independent GPT reconstruction and review from Ghidra evidence.
0x005212B0,mwmomoflexDemuxerFlushStream,2,108,,YELLOW,GPT_EASY_BATCH,UNRUN,Queued for independent GPT reconstruction and review from Ghidra evidence.
0x004920F0,pml::pokepara::CoreParam::GetDirtType,3,136,,YELLOW,GPT_EASY_BATCH,UNRUN,Queued for independent GPT reconstruction and review from Ghidra evidence.
0x00492A1C,pml::pokepara::CoreParam::GetTalentPowerMaxNum,3,136,,YELLOW,GPT_EASY_BATCH,UNRUN,Queued for independent GPT reconstruction and review from Ghidra evidence.
0x00493508,pml::pokepara::CoreParam::CheckDirt,3,136,,YELLOW,GPT_EASY_BATCH,UNRUN,Queued for independent GPT reconstruction and review from Ghidra evidence.
0x004144AC,poke_3d::model::DressUpModelResourceManager::IsSetupDressUpParts,3,164,,YELLOW,GPT_EASY_BATCH,UNRUN,Queued for independent GPT reconstruction and review from Ghidra evidence.
0x00382484,Field::FieldScript::ScriptEffectManager::UnloadDynamicResource,3,180,,YELLOW,GPT_EASY_BATCH,UNRUN,Queued for independent GPT reconstruction and review from Ghidra evidence.
0x00305A3C,app::util::EffectUtil::CreateAllEffectEmitterSetForMode1Res1EmitterSet1Group,3,192,,YELLOW,GPT_EASY_BATCH,UNRUN,Queued for independent GPT reconstruction and review from Ghidra evidence.
0x004A72C8,Savedata::JoinFestaDataSave::IsBlackList,3,196,,YELLOW,GPT_EASY_BATCH,UNRUN,Queued for independent GPT reconstruction and review from Ghidra evidence.
0x002F100C,app::tool::PokeSimpleModel::IsEndAnime,2,116,,YELLOW,GPT_EASY_BATCH,UNRUN,Queued for independent GPT reconstruction and review from Ghidra evidence.
0x003EC178,System::Skybox::Skybox::ChangeSky,2,128,,YELLOW,GPT_EASY_BATCH,UNRUN,Queued for independent GPT reconstruction and review from Ghidra evidence.
0x00442214,Savedata::MyItem::MakePocketItemTable,3,132,,YELLOW,GPT_EASY_BATCH,UNRUN,Queued for independent GPT reconstruction and review from Ghidra evidence.
0x0032B044,gfl2::renderingengine::scenegraph::instance::ModelInstanceNode::PostDraw,3,152,,YELLOW,GPT_EASY_BATCH,UNRUN,Queued for independent GPT reconstruction and review from Ghidra evidence.
0x00441D18,Savedata::MyItem::GetItemCount,3,132,,YELLOW,GPT_EASY_BATCH,UNRUN,Queued for independent GPT reconstruction and review from Ghidra evidence.
0x0049D4D4,Field::ZoneDataLoader::CheckEncountNGZone,3,176,,YELLOW,GPT_EASY_BATCH,UNRUN,Queued for independent GPT reconstruction and review from Ghidra evidence.
0x0010405E,std::collate<char>::do_transform,2,64,,YELLOW,GPT_EASY_BATCH,UNRUN,Queued for independent GPT reconstruction and review from Ghidra evidence.
0x002EF8D8,app::tool::PokeIconToolEx::SetPokeIcon,2,112,,YELLOW,GPT_EASY_BATCH,UNRUN,Queued for independent GPT reconstruction and review from Ghidra evidence.
0x003E5254,System::nijiAllocator::nijiAllocator,3,144,,YELLOW,GPT_EASY_BATCH,UNRUN,Queued for independent GPT reconstruction and review from Ghidra evidence.
0x002CE088,App::Tool::MessageMenuView::ShowMessage,2,112,,YELLOW,GPT_EASY_BATCH,UNRUN,Queued for independent GPT reconstruction and review from Ghidra evidence.
0x002E7F38,App::Tool::MessageMenuView::ShowMessage,2,120,,YELLOW,GPT_EASY_BATCH,UNRUN,Queued for independent GPT reconstruction and review from Ghidra evidence.
0x002E6C68,app::ui::UIResponder::CreateButtonManager,3,184,,YELLOW,GPT_EASY_BATCH,UNRUN,Queued for independent GPT reconstruction and review from Ghidra evidence.
0x002E6BA4,app::ui::UIResponder::CreateButtonManager,3,192,,YELLOW,GPT_EASY_BATCH,UNRUN,Queued for independent GPT reconstruction and review from Ghidra evidence.
0x00157D98,BattleInst::BattleInst::AddTrainerObj,3,224,,YELLOW,GPT_EASY_BATCH,UNRUN,Queued for independent GPT reconstruction and review from Ghidra evidence.
0x00104360,std::string::operator=,2,76,,YELLOW,GPT_EASY_BATCH,UNRUN,Queued for independent GPT reconstruction and review from Ghidra evidence.
0x003DEB00,NetLib::Error::NijiNetworkError::SetResultBossTaskError,2,112,,YELLOW,GPT_EASY_BATCH,UNRUN,Queued for independent GPT reconstruction and review from Ghidra evidence.
0x0042FF4C,PokeTool::PokeModelSystem::Update,2,112,,YELLOW,GPT_EASY_BATCH,UNRUN,Queued for independent GPT reconstruction and review from Ghidra evidence.
0x0015DFC4,ExtSavedata::BattleRecorderSaveData::WaitAsync,2,120,,YELLOW,GPT_EASY_BATCH,UNRUN,Queued for independent GPT reconstruction and review from Ghidra evidence.
0x004A9E54,Savedata::ZukanData::GetLocalPokeSeeCount,3,132,,YELLOW,GPT_EASY_BATCH,UNRUN,Queued for independent GPT reconstruction and review from Ghidra evidence.
0x004A9DC8,Savedata::ZukanData::GetLocalPokeGetCount,3,132,,YELLOW,GPT_EASY_BATCH,UNRUN,Queued for independent GPT reconstruction and review from Ghidra evidence.
0x003C1D9C,print::WordSet::RegisterFieldPocketName,3,192,,YELLOW,GPT_EASY_BATCH,UNRUN,Queued for independent GPT reconstruction and review from Ghidra evidence.
0x0049FA08,Field::MoveModel::FieldMoveModelAreaCharaAccessor::GetCharacterID,3,196,,YELLOW,GPT_EASY_BATCH,UNRUN,Queued for independent GPT reconstruction and review from Ghidra evidence.
0x0040939C,gflnet2::boss::BossManager::RequestDataBody,3,116,,YELLOW,GPT_EASY_BATCH,UNRUN,Queued for independent GPT reconstruction and review from Ghidra evidence.
0x003E9F7C,System::GflUse::GetPublicRand,3,132,,YELLOW,GPT_EASY_BATCH,UNRUN,Queued for independent GPT reconstruction and review from Ghidra evidence.
0x003058D4,app::util::EffectUtil::UpdateForMode1Res1EmitterSet1Group,3,152,,YELLOW,GPT_EASY_BATCH,UNRUN,Queued for independent GPT reconstruction and review from Ghidra evidence.
0x0045D3A4,NetAppLib::Util::NetAppCommonSaveUtility::~NetAppCommonSaveUtility,2,128,,YELLOW,GPT_EASY_BATCH,UNRUN,Queued for independent GPT reconstruction and review from Ghidra evidence.
0x00453558,NetAppLib::JoinFestaUI::JoinFestaPlayerListPlayerInfoUpperView::SetJoinFestaPlayerData,3,144,,YELLOW,GPT_EASY_BATCH,UNRUN,Queued for independent GPT reconstruction and review from Ghidra evidence.
0x004AA2D0,Savedata::ZukanData::GetLocalPokeGetCountStatic,3,152,,YELLOW,GPT_EASY_BATCH,UNRUN,Queued for independent GPT reconstruction and review from Ghidra evidence.
0x004A5504,poke_3d::model::BaseModel::GetJointIndex,3,164,,YELLOW,GPT_EASY_BATCH,UNRUN,Queued for independent GPT reconstruction and review from Ghidra evidence.
0x002C8C3C,App::Tool::ItemEffect::IsCreate,3,180,,YELLOW,GPT_EASY_BATCH,UNRUN,Queued for independent GPT reconstruction and review from Ghidra evidence.
0x00305970,app::util::EffectUtil::KillAllEmitterSetForMode1Res1EmitterSet1Group,3,184,,YELLOW,GPT_EASY_BATCH,UNRUN,Queued for independent GPT reconstruction and review from Ghidra evidence.
0x002F2B4C,app::tool::CharaSimpleModel::IsDelete,3,140,,YELLOW,GPT_EASY_BATCH,UNRUN,Queued for independent GPT reconstruction and review from Ghidra evidence.
0x00492894,pml::pokepara::CoreParam::HaveEvolutionRoot,2,72,,YELLOW,GPT_EASY_BATCH,UNRUN,Queued for independent GPT reconstruction and review from Ghidra evidence.
0x0048FDDC,pml::pokepara::EvolveManager::IsMegaEvolveItem,2,92,,YELLOW,GPT_EASY_BATCH,UNRUN,Queued for independent GPT reconstruction and review from Ghidra evidence.
0x003A985C,Sound::IsSEPlaying,2,120,,YELLOW,GPT_EASY_BATCH,UNRUN,Queued for independent GPT reconstruction and review from Ghidra evidence.
0x00313D04,pml::waza::ZenryokuWazaSystem::IsZenryokuWazaEnable,2,120,,YELLOW,GPT_EASY_BATCH,UNRUN,Queued for independent GPT reconstruction and review from Ghidra evidence.
0x003AA80C,Sound::IsSEFinished,3,156,,YELLOW,GPT_EASY_BATCH,UNRUN,Queued for independent GPT reconstruction and review from Ghidra evidence.
0x002ECDB8,app::tool::ButtonManager::SetButtonActiveAnimeFrameLast,3,184,,YELLOW,GPT_EASY_BATCH,UNRUN,Queued for independent GPT reconstruction and review from Ghidra evidence.
0x002ECE78,app::tool::ButtonManager::SetButtonPassiveAnimeFrameLast,3,184,,YELLOW,GPT_EASY_BATCH,UNRUN,Queued for independent GPT reconstruction and review from Ghidra evidence.
0x002EE220,app::tool::ButtonManager::ButtonManager,3,236,,YELLOW,GPT_EASY_BATCH,UNRUN,Queued for independent GPT reconstruction and review from Ghidra evidence.
0x002F9BDC,app::tool::LytTexReplaceSystem::LytTexReplaceSystem,3,148,,YELLOW,GPT_EASY_BATCH,UNRUN,Queued for independent GPT reconstruction and review from Ghidra evidence.
0x0030203C,std::string::string,2,88,,YELLOW,GPT_EASY_BATCH,UNRUN,Queued for independent GPT reconstruction and review from Ghidra evidence.
0x003E9F3C,System::GflUse::GetPublicRand,3,172,,YELLOW,GPT_EASY_BATCH,UNRUN,Queued for independent GPT reconstruction and review from Ghidra evidence.
0x0036159C,gfl2::animation::AnimationPackList::Initialize,3,188,,YELLOW,GPT_EASY_BATCH,UNRUN,Queued for independent GPT reconstruction and review from Ghidra evidence.
0x00315D20,pml::personal::LoadEvolutionTable,3,240,,YELLOW,GPT_EASY_BATCH,UNRUN,Queued for independent GPT reconstruction and review from Ghidra evidence.
0x00521404,mwmomoflexDemuxerGetStreamFrameData,3,212,,YELLOW,GPT_EASY_BATCH,UNRUN,Queued for independent GPT reconstruction and review from Ghidra evidence.
0x002E8EFC,app::tool::LytTexData::LoadTexture,3,168,,YELLOW,GPT_EASY_BATCH,UNRUN,Queued for independent GPT reconstruction and review from Ghidra evidence.
0x0030DC68,app::util::AppCountryRegionNameUtility::GetRegionName,3,188,,YELLOW,GPT_EASY_BATCH,UNRUN,Queued for independent GPT reconstruction and review from Ghidra evidence.
0x00461258,NetAppLib::Message::MessageUtility::GetExpandedString,3,168,,YELLOW,GPT_EASY_BATCH,UNRUN,Queued for independent GPT reconstruction and review from Ghidra evidence.
0x003D6680,NetApp::NBR::NBRNet::SendPokeParty,3,248,,YELLOW,GPT_EASY_BATCH,UNRUN,Queued for independent GPT reconstruction and review from Ghidra evidence.
0x0044FC78,NetAppLib::JoinFestaUI::JoinFestaAttractionListManager::UpdateEntryTimeLimit,3,200,,YELLOW,GPT_EASY_BATCH,UNRUN,Queued for independent GPT reconstruction and review from Ghidra evidence.
0x002EF04C,app::tool::ItemIconToolEx::SetItemIcon,3,228,,YELLOW,GPT_EASY_BATCH,UNRUN,Queued for independent GPT reconstruction and review from Ghidra evidence.
0x003AE88C,Sound::StopSE,3,132,,YELLOW,GPT_EASY_BATCH,UNRUN,Queued for independent GPT reconstruction and review from Ghidra evidence.
0x003AEE2C,Sound::StopAllSE,3,132,,YELLOW,GPT_EASY_BATCH,UNRUN,Queued for independent GPT reconstruction and review from Ghidra evidence.
0x003A9768,Sound::ChangeSEPan,3,140,,YELLOW,GPT_EASY_BATCH,UNRUN,Queued for independent GPT reconstruction and review from Ghidra evidence.
0x003AA8E8,Sound::ChangeSEPitch,3,140,,YELLOW,GPT_EASY_BATCH,UNRUN,Queued for independent GPT reconstruction and review from Ghidra evidence.
0x003AA97C,Sound::ChangeSETempo,3,140,,YELLOW,GPT_EASY_BATCH,UNRUN,Queued for independent GPT reconstruction and review from Ghidra evidence.
0x003ABDBC,Sound::ChangeSEVolume,3,148,,YELLOW,GPT_EASY_BATCH,UNRUN,Queued for independent GPT reconstruction and review from Ghidra evidence.
0x003ADD6C,Sound::ChangeSETrackVariable,3,160,,YELLOW,GPT_EASY_BATCH,UNRUN,Queued for independent GPT reconstruction and review from Ghidra evidence.
0x0044D1E8,NetAppLib::JoinFestaUI::JoinFestaRankingListManager::SetupRankingDataList,3,180,,YELLOW,GPT_EASY_BATCH,UNRUN,Queued for independent GPT reconstruction and review from Ghidra evidence.
0x003AE0C0,Sound::LoadAndPushBattleGlobalSEAsync,2,120,,YELLOW,GPT_EASY_BATCH,UNRUN,Queued for independent GPT reconstruction and review from Ghidra evidence.
0x00315058,pml::personal::CheckMegaForm,3,164,,YELLOW,GPT_EASY_BATCH,UNRUN,Queued for independent GPT reconstruction and review from Ghidra evidence.
0x00315158,pml::personal::LoadGrowTable,3,224,,YELLOW,GPT_EASY_BATCH,UNRUN,Queued for independent GPT reconstruction and review from Ghidra evidence.
0x001040E4,std::messages<char>::do_get,3,130,,YELLOW,GPT_EASY_BATCH,UNRUN,Queued for independent GPT reconstruction and review from Ghidra evidence.
0x0030F6AC,app::util::G2DUtil::AppendChild,3,204,,YELLOW,GPT_EASY_BATCH,UNRUN,Queued for independent GPT reconstruction and review from Ghidra evidence.
0x00374318,Field::FieldSound::CareFieldBGMState,3,208,,YELLOW,GPT_EASY_BATCH,UNRUN,Queued for independent GPT reconstruction and review from Ghidra evidence.
0x00382598,Field::FieldScript::ScriptEffectManager::IsEnd,2,80,,YELLOW,GPT_EASY_BATCH,UNRUN,Queued for independent GPT reconstruction and review from Ghidra evidence.
0x00382C28,Field::FieldScript::ScriptEffectManager::SetScale,2,116,,YELLOW,GPT_EASY_BATCH,UNRUN,Queued for independent GPT reconstruction and review from Ghidra evidence.
0x003E05DC,NetLib::Delivery::DeliveryManager::PrepareFinalize,3,132,,YELLOW,GPT_EASY_BATCH,UNRUN,Queued for independent GPT reconstruction and review from Ghidra evidence.
0x00103344,"std::codecvt_byname<wchar_t,char,std::__mbstate_t>::do_unshift",2,36,,YELLOW,GPT_EASY_BATCH,UNRUN,Queued for independent GPT reconstruction and review from Ghidra evidence.
0x002FB6FC,app::tool::AppToolGaugePartsLayout::SetNumber,2,64,,YELLOW,GPT_EASY_BATCH,UNRUN,Queued for independent GPT reconstruction and review from Ghidra evidence.
0x0039CDFC,Field::MoveModel::FieldMoveModel::ReSetParentNode,2,52,,YELLOW,GPT_EASY_BATCH,UNRUN,Queued for independent GPT reconstruction and review from Ghidra evidence.
0x003F2874,GameSys::GameData::FormatStart,2,52,,YELLOW,GPT_EASY_BATCH,UNRUN,Queued for independent GPT reconstruction and review from Ghidra evidence.
0x0046077C,NetAppLib::System::ApplicationSystemBase::Resume,2,52,,YELLOW,GPT_EASY_BATCH,UNRUN,Queued for independent GPT reconstruction and review from Ghidra evidence.
0x00460DC4,NetAppLib::System::ApplicationSystemBase::Suspend,2,52,,YELLOW,GPT_EASY_BATCH,UNRUN,Queued for independent GPT reconstruction and review from Ghidra evidence.
0x002F349C,app::tool::CursorController::~CursorController,2,56,,YELLOW,GPT_EASY_BATCH,UNRUN,Queued for independent GPT reconstruction and review from Ghidra evidence.
0x002E6F24,app::ui::UIResponder::CallbackFuncOnButtonSelected,2,56,,YELLOW,GPT_EASY_BATCH,UNRUN,Queued for independent GPT reconstruction and review from Ghidra evidence.
0x002E6F5C,app::ui::UIResponder::CallbackFuncOnButtonLongPressed,2,56,,YELLOW,GPT_EASY_BATCH,UNRUN,Queued for independent GPT reconstruction and review from Ghidra evidence.
0x004A2FE0,System::Camera::CModelViewerInFrame::IsModelOnDisplay,2,56,,YELLOW,GPT_EASY_BATCH,UNRUN,Queued for independent GPT reconstruction and review from Ghidra evidence.
0x003A60FC,Field::MoveModel::FieldMoveModel::ClearActionCommand,2,68,,YELLOW,GPT_EASY_BATCH,UNRUN,Queued for independent GPT reconstruction and review from Ghidra evidence.
0x0010820C,nndbgPanic,2,80,,YELLOW,GPT_EASY_BATCH,UNRUN,Queued for independent GPT reconstruction and review from Ghidra evidence.
0x003A63D8,Field::MoveModel::FieldMoveModel::SetActionCommandStepMoveWithoutStartEnd,3,144,,YELLOW,GPT_EASY_BATCH,UNRUN,Queued for independent GPT reconstruction and review from Ghidra evidence.
0x003F27D0,GameSys::GameData::FormatMain,2,68,,YELLOW,GPT_EASY_BATCH,UNRUN,Queued for independent GPT reconstruction and review from Ghidra evidence.
0x0052095C,mwmofilterDeblockerCreate,2,76,,YELLOW,GPT_EASY_BATCH,UNRUN,Queued for independent GPT reconstruction and review from Ghidra evidence.
0x00520A34,mwmoimaadpcmDecoderCreate,2,92,,YELLOW,GPT_EASY_BATCH,UNRUN,Queued for independent GPT reconstruction and review from Ghidra evidence.
0x002F1080,app::tool::PokeSimpleModel::PauseAnime,2,100,,YELLOW,GPT_EASY_BATCH,UNRUN,Queued for independent GPT reconstruction and review from Ghidra evidence.
0x003A5FD8,Field::MoveModel::FieldMoveModel::SetActionCommand,3,168,,YELLOW,GPT_EASY_BATCH,UNRUN,Queued for independent GPT reconstruction and review from Ghidra evidence.
0x0045EF08,NetAppLib::System::ResourceManager::FontLoadRequest,2,116,,YELLOW,GPT_EASY_BATCH,UNRUN,Queued for independent GPT reconstruction and review from Ghidra evidence.
0x004A3C28,poke_3d::model::BaseCamera::GetAspectRatio,3,196,,YELLOW,GPT_EASY_BATCH,UNRUN,Queued for independent GPT reconstruction and review from Ghidra evidence.
0x004A4100,poke_3d::model::BaseCamera::GetFar,3,196,,YELLOW,GPT_EASY_BATCH,UNRUN,Queued for independent GPT reconstruction and review from Ghidra evidence.
0x004A41CC,poke_3d::model::BaseCamera::GetFovy,3,196,,YELLOW,GPT_EASY_BATCH,UNRUN,Queued for independent GPT reconstruction and review from Ghidra evidence.
0x004A4298,poke_3d::model::BaseCamera::GetNear,3,196,,YELLOW,GPT_EASY_BATCH,UNRUN,Queued for independent GPT reconstruction and review from Ghidra evidence.
0x001089D0,gfl2::heap::GflHeapAllocMemoryBlock,2,52,,YELLOW,GPT_EASY_BATCH,UNRUN,Queued for independent GPT reconstruction and review from Ghidra evidence.
0x0029AE08,gfl2::Effect::System::ClearResource,2,84,,YELLOW,GPT_EASY_BATCH,UNRUN,Queued for independent GPT reconstruction and review from Ghidra evidence.
0x0039DD30,Field::MoveModel::FieldMoveModel::SetActionCommandContinuousPlayBack,2,88,,YELLOW,GPT_EASY_BATCH,UNRUN,Queued for independent GPT reconstruction and review from Ghidra evidence.
0x0040D064,poke_3d::model::BaseCamera::SetRotation,2,96,,YELLOW,GPT_EASY_BATCH,UNRUN,Queued for independent GPT reconstruction and review from Ghidra evidence.
0x0039D4E8,Field::MoveModel::FieldMoveModel::SetActionCommandStepMove,2,104,,YELLOW,GPT_EASY_BATCH,UNRUN,Queued for independent GPT reconstruction and review from Ghidra evidence.
0x0039D47C,Field::MoveModel::FieldMoveModel::SetActionCommandRotation,2,108,,YELLOW,GPT_EASY_BATCH,UNRUN,Queued for independent GPT reconstruction and review from Ghidra evidence.
0x0039DD9C,Field::MoveModel::FieldMoveModel::SetActionCommandTargetMoveWithOptionalMotion,2,112,,YELLOW,GPT_EASY_BATCH,UNRUN,Queued for independent GPT reconstruction and review from Ghidra evidence.
0x0039D550,Field::MoveModel::FieldMoveModel::SetActionCommandTargetMove,2,144,,YELLOW,GPT_EASY_BATCH,UNRUN,Queued for independent GPT reconstruction and review from Ghidra evidence.
0x002E7590,app::ui::UIView::UpdateG2DUtil,2,52,,YELLOW,GPT_EASY_BATCH,UNRUN,Queued for independent GPT reconstruction and review from Ghidra evidence.
0x003C02B4,print::SystemFont_DeleteNumFont,2,60,,YELLOW,GPT_EASY_BATCH,UNRUN,Queued for independent GPT reconstruction and review from Ghidra evidence.
0x0030DB74,app::util::AppQRTextureCreateUtility::~AppQRTextureCreateUtility,2,64,,YELLOW,GPT_EASY_BATCH,UNRUN,Queued for independent GPT reconstruction and review from Ghidra evidence.
0x0035B71C,gfl2::util::UtilTextRenderPath::~UtilTextRenderPath,2,64,,YELLOW,GPT_EASY_BATCH,UNRUN,Queued for independent GPT reconstruction and review from Ghidra evidence.
0x0042D364,PokeTool::PersonalSort::~PersonalSort,2,76,,YELLOW,GPT_EASY_BATCH,UNRUN,Queued for independent GPT reconstruction and review from Ghidra evidence.
0x00444230,GameSys::GameData::FirstSaveCancel,2,80,,YELLOW,GPT_EASY_BATCH,UNRUN,Queued for independent GPT reconstruction and review from Ghidra evidence.
0x0030D968,app::util::AppQRTextureCreateUtility::CreateStart,2,104,,YELLOW,GPT_EASY_BATCH,UNRUN,Queued for independent GPT reconstruction and review from Ghidra evidence.
0x0040CD6C,itemman::ITEM_MANAGER::FileClose,2,152,,YELLOW,GPT_EASY_BATCH,UNRUN,Queued for independent GPT reconstruction and review from Ghidra evidence.
0x0040CC48,itemman::ITEM_MANAGER::FileOpen,2,188,,YELLOW,GPT_EASY_BATCH,UNRUN,Queued for independent GPT reconstruction and review from Ghidra evidence.
0x00310CB0,app::util::G2DUtil::DeleteMessageWindow,2,60,,YELLOW,GPT_EASY_BATCH,UNRUN,Queued for independent GPT reconstruction and review from Ghidra evidence.
0x004AA550,NetAppLib::UI::NetAppCursorView::IsDrawing,2,60,,YELLOW,GPT_EASY_BATCH,UNRUN,Queued for independent GPT reconstruction and review from Ghidra evidence.
0x002F8DF4,app::tool::CommonMessageObject::EndFunc,2,64,,YELLOW,GPT_EASY_BATCH,UNRUN,Queued for independent GPT reconstruction and review from Ghidra evidence.
0x0029E33C,nw::lyt::DeleteTexture,2,72,,YELLOW,GPT_EASY_BATCH,UNRUN,Queued for independent GPT reconstruction and review from Ghidra evidence.
0x002FB6A0,app::tool::AppToolGaugePartsLayout::Update,2,92,,YELLOW,GPT_EASY_BATCH,UNRUN,Queued for independent GPT reconstruction and review from Ghidra evidence.
0x003F7C58,gflnet2::nex::NexManager::UnbindDataStoreClient,2,64,,YELLOW,GPT_EASY_BATCH,UNRUN,Queued for independent GPT reconstruction and review from Ghidra evidence.
0x0030F7F4,app::util::G2DUtil::PrintMessage,2,92,,YELLOW,GPT_EASY_BATCH,UNRUN,Queued for independent GPT reconstruction and review from Ghidra evidence.
0x0031E058,pml::pokepara::CoreParam::~CoreParam,2,96,,YELLOW,GPT_EASY_BATCH,UNRUN,Queued for independent GPT reconstruction and review from Ghidra evidence.
0x00497AF0,gfl2::fs::ArcFile::GetDataSize,3,136,,YELLOW,GPT_EASY_BATCH,UNRUN,Queued for independent GPT reconstruction and review from Ghidra evidence.
0x00497BE0,gfl2::fs::ArcFile::GetRealDataSize,3,144,,YELLOW,GPT_EASY_BATCH,UNRUN,Queued for independent GPT reconstruction and review from Ghidra evidence.
0x00497C70,gfl2::fs::ArcFile::GetOffsetFromArchiveTop,3,144,,YELLOW,GPT_EASY_BATCH,UNRUN,Queued for independent GPT reconstruction and review from Ghidra evidence.
0x003F2A50,GameSys::GameData::ClearSaveData,2,52,,YELLOW,GPT_EASY_BATCH,UNRUN,Queued for independent GPT reconstruction and review from Ghidra evidence.
0x003F2B54,GameSys::GameData::FirstSaveStart,2,68,,YELLOW,GPT_EASY_BATCH,UNRUN,Queued for independent GPT reconstruction and review from Ghidra evidence.
0x003C4394,AppLib::Tool::PokeCapAccesser::ClosePokemonCapture,2,80,,YELLOW,GPT_EASY_BATCH,UNRUN,Queued for independent GPT reconstruction and review from Ghidra evidence.
0x00159788,BattleInst::BattleInst::GetPartnerCharacterID,2,84,,YELLOW,GPT_EASY_BATCH,UNRUN,Queued for independent GPT reconstruction and review from Ghidra evidence.
0x0015859C,BattleInst::BattleInst::GetCharacterID,2,92,,YELLOW,GPT_EASY_BATCH,UNRUN,Queued for independent GPT reconstruction and review from Ghidra evidence.
0x00358174,gfl2::heap::Manager::CreateHeap,2,108,,YELLOW,GPT_EASY_BATCH,UNRUN,Queued for independent GPT reconstruction and review from Ghidra evidence.
0x002E7B30,app::ui::UIView::Create2D,2,120,,YELLOW,GPT_EASY_BATCH,UNRUN,Queued for independent GPT reconstruction and review from Ghidra evidence.
0x004B499C,operator.new[],2,76,,YELLOW,GPT_EASY_BATCH,UNRUN,Queued for independent GPT reconstruction and review from Ghidra evidence.
0x004B4A00,operator.new,2,76,,YELLOW,GPT_EASY_BATCH,UNRUN,Queued for independent GPT reconstruction and review from Ghidra evidence.
0x003F31CC,GameSys::GameData::SaveStart,2,84,,YELLOW,GPT_EASY_BATCH,UNRUN,Queued for independent GPT reconstruction and review from Ghidra evidence.
0x002E2D64,App::PokeList::PokeListBaseFrame::Setup,2,148,,YELLOW,GPT_EASY_BATCH,UNRUN,Queued for independent GPT reconstruction and review from Ghidra evidence.
0x0042AE28,PokeTool::BattleParty::~BattleParty,2,80,,YELLOW,GPT_EASY_BATCH,UNRUN,Queued for independent GPT reconstruction and review from Ghidra evidence.
0x00161168,RegulationScriptChecker::~RegulationScriptChecker,2,92,,YELLOW,GPT_EASY_BATCH,UNRUN,Queued for independent GPT reconstruction and review from Ghidra evidence.
0x00306E2C,app::util::FileAccessor::FileClose,2,108,,YELLOW,GPT_EASY_BATCH,UNRUN,Queued for independent GPT reconstruction and review from Ghidra evidence.
0x004598F4,NetAppLib::UI::NetAppMenuCursor::Destroy,2,80,,YELLOW,GPT_EASY_BATCH,UNRUN,Queued for independent GPT reconstruction and review from Ghidra evidence.
0x00459A64,NetAppLib::UI::NetAppMenuCursor::~NetAppMenuCursor,2,100,,YELLOW,GPT_EASY_BATCH,UNRUN,Queued for independent GPT reconstruction and review from Ghidra evidence.
0x003E07C8,NetLib::Delivery::DeliveryManager::Finalize,2,128,,YELLOW,GPT_EASY_BATCH,UNRUN,Queued for independent GPT reconstruction and review from Ghidra evidence.
0x00352DDC,gfl2::lyt::LytWk::UnBindAnime,3,136,,YELLOW,GPT_EASY_BATCH,UNRUN,Queued for independent GPT reconstruction and review from Ghidra evidence.
0x003537CC,gfl2::lyt::LytWk::BindAnime,3,152,,YELLOW,GPT_EASY_BATCH,UNRUN,Queued for independent GPT reconstruction and review from Ghidra evidence.
0x003A4FC4,Field::MoveModel::FieldMoveModelManager::InitializeMoveModelResource,3,184,,YELLOW,GPT_EASY_BATCH,UNRUN,Queued for independent GPT reconstruction and review from Ghidra evidence.
0x002F1518,app::tool::PokeSimpleModel::SetAnime,3,224,,YELLOW,GPT_EASY_BATCH,UNRUN,Queued for independent GPT reconstruction and review from Ghidra evidence.
0x00455158,NetAppLib::JoinFestaUI::JoinFestaPlayerListSelectLowerViewBase::PaneListItemSelectListener,3,200,,YELLOW,GPT_EASY_BATCH,UNRUN,Queued for independent GPT reconstruction and review from Ghidra evidence.
0x00436AFC,Savedata::BoxPokemon::ChangeTray,2,132,,YELLOW,GPT_EASY_BATCH,UNRUN,Queued for independent GPT reconstruction and review from Ghidra evidence.
0x00356304,gfl2::str::MsgData::MsgData,3,228,,YELLOW,GPT_EASY_BATCH,UNRUN,Queued for independent GPT reconstruction and review from Ghidra evidence.
0x002F67D8,app::tool::AppToolBaseGrpFont::Terminate,2,88,,YELLOW,GPT_EASY_BATCH,UNRUN,Queued for independent GPT reconstruction and review from Ghidra evidence.
0x00436F00,Savedata::BoxPokemon::GetSpacePos,2,116,,YELLOW,GPT_EASY_BATCH,UNRUN,Queued for independent GPT reconstruction and review from Ghidra evidence.
0x0040CE0C,itemman::ITEM_MANAGER::ITEM_MANAGER,3,252,,YELLOW,GPT_EASY_BATCH,UNRUN,Queued for independent GPT reconstruction and review from Ghidra evidence.
0x003F3154,GameSys::GameData::SaveMain,3,116,,YELLOW,GPT_EASY_BATCH,UNRUN,Queued for independent GPT reconstruction and review from Ghidra evidence.
0x00436BE4,Savedata::BoxPokemon::GetPokemon,3,148,,YELLOW,GPT_EASY_BATCH,UNRUN,Queued for independent GPT reconstruction and review from Ghidra evidence.
0x0015B624,ExtSavedata::NijiExtSaveSystem::WaitBootProcess,2,108,,YELLOW,GPT_EASY_BATCH,UNRUN,Queued for independent GPT reconstruction and review from Ghidra evidence.
0x00310910,app::util::G2DUtil::DeleteMessageData,3,112,,YELLOW,GPT_EASY_BATCH,UNRUN,Queued for independent GPT reconstruction and review from Ghidra evidence.
0x00436F74,Savedata::BoxPokemon::CheckPokemon,3,160,,YELLOW,GPT_EASY_BATCH,UNRUN,Queued for independent GPT reconstruction and review from Ghidra evidence.
0x002CF304,App::Tool::PokeIconTexPool::EndFunc,3,244,,YELLOW,GPT_EASY_BATCH,UNRUN,Queued for independent GPT reconstruction and review from Ghidra evidence.
0x0035F844,gfl2::imagedb::ImageDBAccessor::Finalize,3,144,,YELLOW,GPT_EASY_BATCH,UNRUN,Queued for independent GPT reconstruction and review from Ghidra evidence.
0x0032CF88,gfl2::renderingengine::scenegraph::resource::ResourceManager::createResourceNode_,2,96,,YELLOW,GPT_EASY_BATCH,UNRUN,Queued for independent GPT reconstruction and review from Ghidra evidence.
0x0045912C,NetAppLib::UI::NetAppCursorView::CreateCursor,3,236,,YELLOW,GPT_EASY_BATCH,UNRUN,Queued for independent GPT reconstruction and review from Ghidra evidence.
0x004370D0,Savedata::BoxPokemon::ChangePokemon,3,248,,YELLOW,GPT_EASY_BATCH,UNRUN,Queued for independent GPT reconstruction and review from Ghidra evidence.
0x003CF688,NetApp::Live::LiveNet::Disconnect,2,116,,YELLOW,GPT_EASY_BATCH,UNRUN,Queued for independent GPT reconstruction and review from Ghidra evidence.
0x004A7168,Savedata::QRReaderSaveData::GetFieldScanStatus,3,244,,YELLOW,GPT_EASY_BATCH,UNRUN,Queued for independent GPT reconstruction and review from Ghidra evidence.
0x0041854C,poke_3d::model::BaseModel::Destroy,3,132,,YELLOW,GPT_EASY_BATCH,UNRUN,Queued for independent GPT reconstruction and review from Ghidra evidence.
0x00418798,poke_3d::model::BaseModel::~BaseModel,3,144,,YELLOW,GPT_EASY_BATCH,UNRUN,Queued for independent GPT reconstruction and review from Ghidra evidence.
0x002F8B90,app::tool::CommonMessageObject::ShowMessage,3,196,,YELLOW,GPT_EASY_BATCH,UNRUN,Queued for independent GPT reconstruction and review from Ghidra evidence.
0x00436C7C,Savedata::BoxPokemon::PutPokemon,3,232,,YELLOW,GPT_EASY_BATCH,UNRUN,Queued for independent GPT reconstruction and review from Ghidra evidence.
0x002F6458,app::tool::AppToolBaseGrpFont::Initialize,3,240,,YELLOW,GPT_EASY_BATCH,UNRUN,Queued for independent GPT reconstruction and review from Ghidra evidence.
0x003AECB8,Sound::PlayVoice,3,148,,YELLOW,GPT_EASY_BATCH,UNRUN,Queued for independent GPT reconstruction and review from Ghidra evidence.
0x003978B0,Field::Encount::EncountEffect::Setup,3,216,,YELLOW,GPT_EASY_BATCH,UNRUN,Queued for independent GPT reconstruction and review from Ghidra evidence.
0x0037FD50,Field::FieldScript::FieldScriptSystem::CallIntrScript,3,216,,YELLOW,GPT_EASY_BATCH,UNRUN,Queued for independent GPT reconstruction and review from Ghidra evidence.
0x002F2DE8,app::tool::CharaSimpleModel::~CharaSimpleModel,3,168,,YELLOW,GPT_EASY_BATCH,UNRUN,Queued for independent GPT reconstruction and review from Ghidra evidence.
0x003CF884,NetApp::Live::LiveNet::ExchangeRegulation,3,228,,YELLOW,GPT_EASY_BATCH,UNRUN,Queued for independent GPT reconstruction and review from Ghidra evidence.
0x003CF78C,NetApp::Live::LiveNet::ExchangeBattleInfo,4,236,,YELLOW,GPT_EASY_BATCH,UNRUN,Queued for independent GPT reconstruction and review from Ghidra evidence.
0x0015AEB0,Regulation::LoadData,3,172,,YELLOW,GPT_EASY_BATCH,UNRUN,Queued for independent GPT reconstruction and review from Ghidra evidence.
0x0045547C,NetAppLib::JoinFestaUI::JoinFestaPlayerListSelectLowerViewBase::~JoinFestaPlayerListSelectLowerViewBase,3,156,,YELLOW,GPT_EASY_BATCH,UNRUN,Queued for independent GPT reconstruction and review from Ghidra evidence.
0x005209F4,mwmofilterDeblockerRelease,2,60,,YELLOW,GPT_EASY_BATCH,UNRUN,Queued for independent GPT reconstruction and review from Ghidra evidence.
0x00520B1C,mwmoimaadpcmDecoderRelease,2,60,,YELLOW,GPT_EASY_BATCH,UNRUN,Queued for independent GPT reconstruction and review from Ghidra evidence.
0x00485480,nw::lyt::Pane::GetMaterial,2,60,,YELLOW,GPT_EASY_BATCH,UNRUN,Queued for independent GPT reconstruction and review from Ghidra evidence.
0x003A5174,Field::MoveModel::FieldMoveModelManager::TerminateMoveModelWorkResource,3,88,,YELLOW,GPT_EASY_BATCH,UNRUN,Queued for independent GPT reconstruction and review from Ghidra evidence.
0x003743F8,Field::FieldSound::LoadFootSoundData,3,132,,YELLOW,GPT_EASY_BATCH,UNRUN,Queued for independent GPT reconstruction and review from Ghidra evidence.
0x00310AF0,app::util::G2DUtil::CreateMessageWindow,3,144,,YELLOW,GPT_EASY_BATCH,UNRUN,Queued for independent GPT reconstruction and review from Ghidra evidence.
0x00310B80,app::util::G2DUtil::CreateMessageWindow,3,152,,YELLOW,GPT_EASY_BATCH,UNRUN,Queued for independent GPT reconstruction and review from Ghidra evidence.
0x002E7314,app::ui::UIView::AddSubView,3,116,,YELLOW,GPT_EASY_BATCH,UNRUN,Queued for independent GPT reconstruction and review from Ghidra evidence.
0x002CEC44,App::Tool::MessageMenuView::Setup,3,196,,YELLOW,GPT_EASY_BATCH,UNRUN,Queued for independent GPT reconstruction and review from Ghidra evidence.
0x002CEB14,NetAppLib::UI::NetAppMessageMenu::Setup,3,232,,YELLOW,GPT_EASY_BATCH,UNRUN,Queued for independent GPT reconstruction and review from Ghidra evidence.
0x0035727C,gfl2::Fade::FadeManager::Update,2,52,,YELLOW,GPT_EASY_BATCH,UNRUN,Queued for independent GPT reconstruction and review from Ghidra evidence.
0x003A4F88,Field::MoveModel::FieldMoveModelManager::TerminateMoveModelResource,2,60,,YELLOW,GPT_EASY_BATCH,UNRUN,Queued for independent GPT reconstruction and review from Ghidra evidence.
0x003A64E0,Field::MoveModel::FieldActionCommandManager::Terminate,2,60,,YELLOW,GPT_EASY_BATCH,UNRUN,Queued for independent GPT reconstruction and review from Ghidra evidence.
0x0031F35C,pml::PokeParty::~PokeParty,2,64,,YELLOW,GPT_EASY_BATCH,UNRUN,Queued for independent GPT reconstruction and review from Ghidra evidence.
0x0036C0EC,gfl2::collision::CollisionModel::Initialize,2,80,,YELLOW,GPT_EASY_BATCH,UNRUN,Queued for independent GPT reconstruction and review from Ghidra evidence.
0x0032A7B0,gfl2::renderingengine::scenegraph::instance::ModelInstanceNode::GetMaterialInstanceNodeByNameHash,2,112,,YELLOW,GPT_EASY_BATCH,UNRUN,Queued for independent GPT reconstruction and review from Ghidra evidence.
0x002E1020,App::PokeList::IntermediateData::DeleteBattleData,2,84,,YELLOW,GPT_EASY_BATCH,UNRUN,Queued for independent GPT reconstruction and review from Ghidra evidence.
0x002E10F8,App::PokeList::IntermediateData::~IntermediateData,2,88,,YELLOW,GPT_EASY_BATCH,UNRUN,Queued for independent GPT reconstruction and review from Ghidra evidence.
0x00473984,NetAppLib::JoinFesta::JoinFestaPersonalDataManager::ReleaseFieldPersonalList,3,144,,YELLOW,GPT_EASY_BATCH,UNRUN,Queued for independent GPT reconstruction and review from Ghidra evidence.
0x003A4074,Field::MoveModel::FieldMoveModelManager::TerminateSubobject,2,72,,YELLOW,GPT_EASY_BATCH,UNRUN,Queued for independent GPT reconstruction and review from Ghidra evidence.
0x0031F0F4,pml::PokeParty::DeserializeFromShortStruct,2,96,,YELLOW,GPT_EASY_BATCH,UNRUN,Queued for independent GPT reconstruction and review from Ghidra evidence.
0x0031ECAC,pml::PokeParty::DeserializeCore,2,124,,YELLOW,GPT_EASY_BATCH,UNRUN,Queued for independent GPT reconstruction and review from Ghidra evidence.
0x0010409E,std::collate<char>::do_hash,3,68,,YELLOW,GPT_EASY_BATCH,UNRUN,Queued for independent GPT reconstruction and review from Ghidra evidence.
0x003F2A84,GameSys::GameData::FirstSaveMain,3,124,,YELLOW,GPT_EASY_BATCH,UNRUN,Queued for independent GPT reconstruction and review from Ghidra evidence.
0x004356E0,PokeTool::PokeModel::SetStencilReferenceOffset,3,152,,YELLOW,GPT_EASY_BATCH,UNRUN,Queued for independent GPT reconstruction and review from Ghidra evidence.
0x00499CDC,gfl2::lyt::LytWk::GetWindowPane,2,80,,YELLOW,GPT_EASY_BATCH,UNRUN,Queued for independent GPT reconstruction and review from Ghidra evidence.
0x00434F28,PokeTool::PokeModel::ChangeAnimationDirect,3,156,,YELLOW,GPT_EASY_BATCH,UNRUN,Queued for independent GPT reconstruction and review from Ghidra evidence.
0x00434FC4,PokeTool::PokeModel::ChangeAnimationSmooth,3,168,,YELLOW,GPT_EASY_BATCH,UNRUN,Queued for independent GPT reconstruction and review from Ghidra evidence.
0x004996B0,gfl2::lyt::LytWk::GetBoundingPane,2,80,,YELLOW,GPT_EASY_BATCH,UNRUN,Queued for independent GPT reconstruction and review from Ghidra evidence.
0x00499634,gfl2::lyt::LytWk::GetPicturePane,2,80,,YELLOW,GPT_EASY_BATCH,UNRUN,Queued for independent GPT reconstruction and review from Ghidra evidence.
0x00499674,gfl2::lyt::LytWk::GetTextBoxPane,3,80,,YELLOW,GPT_EASY_BATCH,UNRUN,Queued for independent GPT reconstruction and review from Ghidra evidence.
0x004995F4,gfl2::lyt::LytWk::GetPartsPane,3,80,,YELLOW,GPT_EASY_BATCH,UNRUN,Queued for independent GPT reconstruction and review from Ghidra evidence.
0x002FE700,app::tool::AppToolTrainerIconRendering::Terminate,2,124,,YELLOW,GPT_EASY_BATCH,UNRUN,Queued for independent GPT reconstruction and review from Ghidra evidence.
0x003A1E54,Field::MoveModel::FieldMoveModelPlayer::IsHitRoba2WallGroundRide,3,160,,YELLOW,GPT_EASY_BATCH,UNRUN,Queued for independent GPT reconstruction and review from Ghidra evidence.
0x00353A20,gfl2::ngc::NGWordChecker::DeleteAsync,3,96,,YELLOW,GPT_EASY_BATCH,UNRUN,Queued for independent GPT reconstruction and review from Ghidra evidence.
0x003274B4,gfl2::renderingengine::scenegraph::instance::TransformNode::AddChild,3,120,,YELLOW,GPT_EASY_BATCH,UNRUN,Queued for independent GPT reconstruction and review from Ghidra evidence.
0x0041AFF8,poke_3d::renderer::BloomRenderPath::~BloomRenderPath,3,152,,YELLOW,GPT_EASY_BATCH,UNRUN,Queued for independent GPT reconstruction and review from Ghidra evidence.
0x00323510,gfl2::renderingengine::scenegraph::SceneGraphManager::TraverseModelFast,3,160,,YELLOW,GPT_EASY_BATCH,UNRUN,Queued for independent GPT reconstruction and review from Ghidra evidence.
0x00103CB0,std::locale::_C_remove_facets,3,84,,YELLOW,GPT_EASY_BATCH,UNRUN,Queued for independent GPT reconstruction and review from Ghidra evidence.
0x00460200,NetAppLib::System::ApplicationSystemBase::Draw,2,120,,YELLOW,GPT_EASY_BATCH,UNRUN,Queued for independent GPT reconstruction and review from Ghidra evidence.
0x003F28A8,GameSys::GameData::LastSaveMain,2,124,,YELLOW,GPT_EASY_BATCH,UNRUN,Queued for independent GPT reconstruction and review from Ghidra evidence.
0x002CE1A8,App::Tool::MessageMenuView::ShowMessageWithListMenu,3,176,,YELLOW,GPT_EASY_BATCH,UNRUN,Queued for independent GPT reconstruction and review from Ghidra evidence.
0x00353C94,gfl2::ngc::NGWordChecker::Finalize,3,184,,YELLOW,GPT_EASY_BATCH,UNRUN,Queued for independent GPT reconstruction and review from Ghidra evidence.
0x00356964,gfl2::Fade::FadeManager::IsEndStatus,3,100,,YELLOW,GPT_EASY_BATCH,UNRUN,Queued for independent GPT reconstruction and review from Ghidra evidence.
0x0035720C,gfl2::Fade::FadeManager::Reset,3,112,,YELLOW,GPT_EASY_BATCH,UNRUN,Queued for independent GPT reconstruction and review from Ghidra evidence.
0x003569C8,gfl2::Fade::FadeManager::SetAnimeSpeed,4,136,,YELLOW,GPT_EASY_BATCH,UNRUN,Queued for independent GPT reconstruction and review from Ghidra evidence.
0x003552F0,gfl2::str::StrWin::Clear,3,228,,YELLOW,GPT_EASY_BATCH,UNRUN,Queued for independent GPT reconstruction and review from Ghidra evidence.
0x002F8D9C,app::tool::CommonMessageObject::Update,4,176,,YELLOW,GPT_EASY_BATCH,UNRUN,Queued for independent GPT reconstruction and review from Ghidra evidence.
0x00103E60,__cxa_guard_release,0,2,,YELLOW,GPT_EASY_BATCH,UNRUN,Queued for independent GPT reconstruction and review from Ghidra evidence.
0x0030299C,__aeabi_atexit,0,4,,YELLOW,GPT_EASY_BATCH,UNRUN,Queued for independent GPT reconstruction and review from Ghidra evidence.
0x003577D8,gfl2::core::Utility::Memcpy,0,4,,YELLOW,GPT_EASY_BATCH,UNRUN,Queued for independent GPT reconstruction and review from Ghidra evidence.
0x0017A570,nn::nex::RootObject::operator.new,0,4,,YELLOW,GPT_EASY_BATCH,UNRUN,Queued for independent GPT reconstruction and review from Ghidra evidence.
0x00174228,nn::snd::CTR::FlushDataCache,0,4,,YELLOW,GPT_EASY_BATCH,UNRUN,Queued for independent GPT reconstruction and review from Ghidra evidence.
0x00104470,_printf_i,0,8,,YELLOW,GPT_EASY_BATCH,UNRUN,Queued for independent GPT reconstruction and review from Ghidra evidence.
0x0010EF14,nn::svc::ClearEvent,0,8,,YELLOW,GPT_EASY_BATCH,UNRUN,Queued for independent GPT reconstruction and review from Ghidra evidence.
0x0010EF1C,nn::svc::CloseHandle,0,8,,YELLOW,GPT_EASY_BATCH,UNRUN,Queued for independent GPT reconstruction and review from Ghidra evidence.
0x0010EF90,nn::svc::GetSystemTick,0,8,,YELLOW,GPT_EASY_BATCH,UNRUN,Queued for independent GPT reconstruction and review from Ghidra evidence.
0x0010EFC8,nn::svc::SignalEvent,0,8,,YELLOW,GPT_EASY_BATCH,UNRUN,Queued for independent GPT reconstruction and review from Ghidra evidence.
0x0010F09C,nn::svc::WaitSynchronization1,0,8,,YELLOW,GPT_EASY_BATCH,UNRUN,Queued for independent GPT reconstruction and review from Ghidra evidence.
0x0026941C,nn::jpeg::CTR::JpegMpDecoder::GetWorkBufferSize,0,8,,YELLOW,GPT_EASY_BATCH,UNRUN,Queued for independent GPT reconstruction and review from Ghidra evidence.
0x0034A3A4,gfl2::gfx::ctr::CTRGL::GetRenderTarget_,0,8,,YELLOW,GPT_EASY_BATCH,UNRUN,Queued for independent GPT reconstruction and review from Ghidra evidence.
0x0034A0B0,gfl2::gfx::ctr::CTRGL::GetBackBuffer_,0,8,,YELLOW,GPT_EASY_BATCH,UNRUN,Queued for independent GPT reconstruction and review from Ghidra evidence.
0x0034AE20,gfl2::gfx::ctr::CTRGL::GetDepthStencilBuffer_,0,8,,YELLOW,GPT_EASY_BATCH,UNRUN,Queued for independent GPT reconstruction and review from Ghidra evidence.
0x004A2FD4,System::CTR::CountryNameCache::GetUnkownCountryName,0,12,,YELLOW,GPT_EASY_BATCH,UNRUN,Queued for independent GPT reconstruction and review from Ghidra evidence.
0x002348B8,nn::nex::Buffer::GetDefaultBufferSize,0,12,,YELLOW,GPT_EASY_BATCH,UNRUN,Queued for independent GPT reconstruction and review from Ghidra evidence.
0x00241E40,nn::nex::DateTime::DateTime,0,12,,YELLOW,GPT_EASY_BATCH,UNRUN,Queued for independent GPT reconstruction and review from Ghidra evidence.
0x0034A3AC,gfl2::gfx::ctr::CTRGL::SetDepthStencil_,0,12,,YELLOW,GPT_EASY_BATCH,UNRUN,Queued for independent GPT reconstruction and review from Ghidra evidence.
0x00241F4C,nn::nex::DateTime::operator=,0,12,,YELLOW,GPT_EASY_BATCH,UNRUN,Queued for independent GPT reconstruction and review from Ghidra evidence.
0x0034A3B8,gfl2::gfx::ctr::CTRGL::SetRenderTarget_,0,12,,YELLOW,GPT_EASY_BATCH,UNRUN,Queued for independent GPT reconstruction and review from Ghidra evidence.
0x00483FB0,nn::nex::qResult::operator.cast.to.bool,0,16,,YELLOW,GPT_EASY_BATCH,UNRUN,Queued for independent GPT reconstruction and review from Ghidra evidence.
0x00241F3C,nn::nex::DateTime::DateTime,0,16,,YELLOW,GPT_EASY_BATCH,UNRUN,Queued for independent GPT reconstruction and review from Ghidra evidence.
0x0017C98C,nn::nex::CallContext::SetFlag,0,16,,YELLOW,GPT_EASY_BATCH,UNRUN,Queued for independent GPT reconstruction and review from Ghidra evidence.
0x001754BC,nn::fnd::ExpHeapBase::GetSizeOf,0,16,,YELLOW,GPT_EASY_BATCH,UNRUN,Queued for independent GPT reconstruction and review from Ghidra evidence.
0x0034A620,gfl2::gfx::ctr::CTRGL::GetDisplayHeight_,0,16,,YELLOW,GPT_EASY_BATCH,UNRUN,Queued for independent GPT reconstruction and review from Ghidra evidence.
0x00117624,__aeabi_memset,0,16,,YELLOW,GPT_EASY_BATCH,UNRUN,Queued for independent GPT reconstruction and review from Ghidra evidence.
0x004A2FBC,System::CTR::CountryNameCache::GetCountryName,1,24,,YELLOW,GPT_EASY_BATCH,UNRUN,Queued for independent GPT reconstruction and review from Ghidra evidence.
0x00106320,nn::svc::CreateEvent,1,24,,YELLOW,GPT_EASY_BATCH,UNRUN,Queued for independent GPT reconstruction and review from Ghidra evidence.
0x00478234,nn::fnd::ExpHeapBase::HasAddress,1,28,,YELLOW,GPT_EASY_BATCH,UNRUN,Queued for independent GPT reconstruction and review from Ghidra evidence.
0x00484288,nn::nex::DateTime::GetDay,1,28,,YELLOW,GPT_EASY_BATCH,UNRUN,Queued for independent GPT reconstruction and review from Ghidra evidence.
0x004842A4,nn::nex::DateTime::GetHour,1,28,,YELLOW,GPT_EASY_BATCH,UNRUN,Queued for independent GPT reconstruction and review from Ghidra evidence.
0x004842C0,nn::nex::DateTime::GetYear,1,28,,YELLOW,GPT_EASY_BATCH,UNRUN,Queued for independent GPT reconstruction and review from Ghidra evidence.
0x004842DC,nn::nex::DateTime::GetMonth,1,28,,YELLOW,GPT_EASY_BATCH,UNRUN,Queued for independent GPT reconstruction and review from Ghidra evidence.
0x004842F8,nn::nex::DateTime::GetMinute,1,28,,YELLOW,GPT_EASY_BATCH,UNRUN,Queued for independent GPT reconstruction and review from Ghidra evidence.
0x001CA384,nn::nex::_DDL_ResultRange::operator=,1,28,,YELLOW,GPT_EASY_BATCH,UNRUN,Queued for independent GPT reconstruction and review from Ghidra evidence.
0x0022AA80,nn::nex::_DDL_DataStorePersistenceTarget::operator=,1,28,,YELLOW,GPT_EASY_BATCH,UNRUN,Queued for independent GPT reconstruction and review from Ghidra evidence.
0x0022AC40,nn::nex::_DDL_GlobalTradeStationTradeKey::operator=,1,28,,YELLOW,GPT_EASY_BATCH,UNRUN,Queued for independent GPT reconstruction and review from Ghidra evidence.
0x0022F368,nn::nex::_DDL_DataStorePersistenceInitParam::operator=,1,28,,YELLOW,GPT_EASY_BATCH,UNRUN,Queued for independent GPT reconstruction and review from Ghidra evidence.
0x0047E298,nn::nex::PersistentGathering::GetAttribute,1,28,,YELLOW,GPT_EASY_BATCH,UNRUN,Queued for independent GPT reconstruction and review from Ghidra evidence.
0x001C9220,nn::nex::RefCountedObject::RefCountedObject,1,28,,YELLOW,GPT_EASY_BATCH,UNRUN,Queued for independent GPT reconstruction and review from Ghidra evidence.
0x00240C90,nn::nex::qResult::qResult,1,28,,YELLOW,GPT_EASY_BATCH,UNRUN,Queued for independent GPT reconstruction and review from Ghidra evidence.
0x0025EF30,nn::snd::CTR::Voice::SetChannelCount,1,32,,YELLOW,GPT_EASY_BATCH,UNRUN,Queued for independent GPT reconstruction and review from Ghidra evidence.
0x0025F2A8,nn::snd::CTR::Voice::SetVolume,1,32,,YELLOW,GPT_EASY_BATCH,UNRUN,Queued for independent GPT reconstruction and review from Ghidra evidence.
0x00522930,nngxDisplayEnv,1,32,,YELLOW,GPT_EASY_BATCH,UNRUN,Queued for independent GPT reconstruction and review from Ghidra evidence.
0x00484330,nn::nex::DateTime::operator>,1,36,,YELLOW,GPT_EASY_BATCH,UNRUN,Queued for independent GPT reconstruction and review from Ghidra evidence.
0x00484354,nn::nex::DateTime::operator<,1,36,,YELLOW,GPT_EASY_BATCH,UNRUN,Queued for independent GPT reconstruction and review from Ghidra evidence.
0x0022E7A4,nn::nex::_DDL_GlobalTradeStationRecordKey::operator=,1,36,,YELLOW,GPT_EASY_BATCH,UNRUN,Queued for independent GPT reconstruction and review from Ghidra evidence.
0x0025EF50,nn::snd::CTR::Voice::SetSampleFormat,1,36,,YELLOW,GPT_EASY_BATCH,UNRUN,Queued for independent GPT reconstruction and review from Ghidra evidence.
0x0025BF88,nn::snd::CTR::InitializeWaveBuffer,1,36,,YELLOW,GPT_EASY_BATCH,UNRUN,Queued for independent GPT reconstruction and review from Ghidra evidence.
0x00349C9C,gfl2::gfx::ctr::CTRGL::SetViewport_,1,36,,YELLOW,GPT_EASY_BATCH,UNRUN,Queued for independent GPT reconstruction and review from Ghidra evidence.
0x00240C5C,nn::nex::qResult::qResult,1,40,,YELLOW,GPT_EASY_BATCH,UNRUN,Queued for independent GPT reconstruction and review from Ghidra evidence.
0x00105B38,nn::err::CTR::ThrowFatalErrAll,1,40,,YELLOW,GPT_EASY_BATCH,UNRUN,Queued for independent GPT reconstruction and review from Ghidra evidence.
0x00349BE4,gfl2::gfx::ctr::CTRGL::SetScissor_,1,44,,YELLOW,GPT_EASY_BATCH,UNRUN,Queued for independent GPT reconstruction and review from Ghidra evidence.
0x00349C10,gfl2::gfx::ctr::CTRGL::SetTexture_,1,48,,YELLOW,GPT_EASY_BATCH,UNRUN,Queued for independent GPT reconstruction and review from Ghidra evidence.
0x0025ECF8,nn::snd::CTR::Voice::SetSampleRate,1,56,,YELLOW,GPT_EASY_BATCH,UNRUN,Queued for independent GPT reconstruction and review from Ghidra evidence.
0x00109174,nn::math::ARMv6::VEC3TransformAsm,1,60,,YELLOW,GPT_EASY_BATCH,UNRUN,Queued for independent GPT reconstruction and review from Ghidra evidence.
0x0018DD10,nn::nex::StringStream::StringStream,1,60,,YELLOW,GPT_EASY_BATCH,UNRUN,Queued for independent GPT reconstruction and review from Ghidra evidence.
0x00109328,nn::gr::CTR::CopyMtx34WithHeader,2,60,,YELLOW,GPT_EASY_BATCH,UNRUN,Queued for independent GPT reconstruction and review from Ghidra evidence.
0x00225774,nn::nex::_DDL_DataStoreRatingInitParam::operator=,1,76,,YELLOW,GPT_EASY_BATCH,UNRUN,Queued for independent GPT reconstruction and review from Ghidra evidence.
0x00109364,nn::gr::CTR::CopyMtx44WithHeader,2,76,,YELLOW,GPT_EASY_BATCH,UNRUN,Queued for independent GPT reconstruction and review from Ghidra evidence.
0x0022FE18,nn::nex::_DDL_DataStoreRatingInitParamWithSlot::operator=,1,104,,YELLOW,GPT_EASY_BATCH,UNRUN,Queued for independent GPT reconstruction and review from Ghidra evidence.
0x0025E704,nn::snd::CTR::Voice::SetMixParam,1,108,,YELLOW,GPT_EASY_BATCH,UNRUN,Queued for independent GPT reconstruction and review from Ghidra evidence.
0x00108F54,nn::math::ARMv6::MTX34MultAsm,2,228,,YELLOW,GPT_EASY_BATCH,UNRUN,Queued for independent GPT reconstruction and review from Ghidra evidence.
0x002FA82C,app::tool::ModelViewerSequence::ModelViewerSequence,2,276,,YELLOW,GPT_EASY_BATCH,UNRUN,Queued for independent GPT reconstruction and review from Ghidra evidence.
0x001091CC,nn::math::ARMv6::MTX44MultAsm,2,348,,YELLOW,GPT_EASY_BATCH,UNRUN,Queued for independent GPT reconstruction and review from Ghidra evidence.
0x001082C4,nn::os::Thread::SleepImpl,0,12,,YELLOW,GPT_EASY_BATCH,UNRUN,Queued for independent GPT reconstruction and review from Ghidra evidence.
0x00109038,nn::math::ARMv6::MTX34CopyAsm,1,32,,YELLOW,GPT_EASY_BATCH,UNRUN,Queued for independent GPT reconstruction and review from Ghidra evidence.
0x0025C1EC,nn::snd::CTR::Voice::SetPitch,1,64,,YELLOW,GPT_EASY_BATCH,UNRUN,Queued for independent GPT reconstruction and review from Ghidra evidence.
0x00302988,__cxa_guard_acquire,1,18,,YELLOW,GPT_EASY_BATCH,UNRUN,Queued for independent GPT reconstruction and review from Ghidra evidence.
0x00170CF8,nn::os::StackMemoryBlock::Finalize,1,20,,YELLOW,GPT_EASY_BATCH,UNRUN,Queued for independent GPT reconstruction and review from Ghidra evidence.
0x00107730,nn::os::CriticalSection::Leave,1,32,,YELLOW,GPT_EASY_BATCH,UNRUN,Queued for independent GPT reconstruction and review from Ghidra evidence.
0x0034A384,gfl2::gfx::ctr::CTRGL::GetDisplayWidth_,1,32,,YELLOW,GPT_EASY_BATCH,UNRUN,Queued for independent GPT reconstruction and review from Ghidra evidence.
0x003011F8,__aeabi_llsl,1,40,,YELLOW,GPT_EASY_BATCH,UNRUN,Queued for independent GPT reconstruction and review from Ghidra evidence.
0x00117364,__aeabi_lasr,1,40,,YELLOW,GPT_EASY_BATCH,UNRUN,Queued for independent GPT reconstruction and review from Ghidra evidence.
0x002408B8,nn::nex::qBuffer::clear,1,44,,YELLOW,GPT_EASY_BATCH,UNRUN,Queued for independent GPT reconstruction and review from Ghidra evidence.
0x00521E64,nngxActiveDisplay,1,44,,YELLOW,GPT_EASY_BATCH,UNRUN,Queued for independent GPT reconstruction and review from Ghidra evidence.
0x00523EBC,nngxIsStereoVisionAllowed,1,48,,YELLOW,GPT_EASY_BATCH,UNRUN,Queued for independent GPT reconstruction and review from Ghidra evidence.
0x00524148,nngxSetVSyncCallback,1,48,,YELLOW,GPT_EASY_BATCH,UNRUN,Queued for independent GPT reconstruction and review from Ghidra evidence.
0x0017422C,nn::dsp::CTR::FlushDataCache,2,104,,YELLOW,GPT_EASY_BATCH,UNRUN,Queued for independent GPT reconstruction and review from Ghidra evidence.
0x0043A400,Savedata::GameSyncSave::CheckLockGameSyncSaveFor5xxError,2,296,,YELLOW,GPT_EASY_BATCH,UNRUN,Queued for independent GPT reconstruction and review from Ghidra evidence.
0x00269898,nn::jpeg::CTR::JpegMpEncoder::GetWorkBufferSize,1,44,,YELLOW,GPT_EASY_BATCH,UNRUN,Queued for independent GPT reconstruction and review from Ghidra evidence.
0x0052407C,nngxSetCmdlistParameteri,2,60,,YELLOW,GPT_EASY_BATCH,UNRUN,Queued for independent GPT reconstruction and review from Ghidra evidence.
0x00108A70,__aeabi_memclr,2,64,,YELLOW,GPT_EASY_BATCH,UNRUN,Queued for independent GPT reconstruction and review from Ghidra evidence.
0x001176B0,__aeabi_uidivmod,2,48,,YELLOW,GPT_EASY_BATCH,UNRUN,Queued for independent GPT reconstruction and review from Ghidra evidence.
0x005240BC,nngxSetDisplayMode,2,68,,YELLOW,GPT_EASY_BATCH,UNRUN,Queued for independent GPT reconstruction and review from Ghidra evidence.
0x005230F8,nngxGetDisplaybufferParameteri,2,84,,YELLOW,GPT_EASY_BATCH,UNRUN,Queued for independent GPT reconstruction and review from Ghidra evidence.
0x00595180,__aeabi_ul2d,2,152,,YELLOW,GPT_EASY_BATCH,UNRUN,Queued for independent GPT reconstruction and review from Ghidra evidence.
0x00279590,nn::aacdec::CTR::GetAdtsFrameSize,2,168,,YELLOW,GPT_EASY_BATCH,UNRUN,Queued for independent GPT reconstruction and review from Ghidra evidence.
0x005950CC,__aeabi_l2d,2,180,,YELLOW,GPT_EASY_BATCH,UNRUN,Queued for independent GPT reconstruction and review from Ghidra evidence.
0x0028837C,nw::eft::EmitterSet::SetMtx,3,388,,YELLOW,GPT_EASY_BATCH,UNRUN,Queued for independent GPT reconstruction and review from Ghidra evidence.
0x0048E3F8,app::tool::ScrollPaneManager::GetState,3,400,,YELLOW,GPT_EASY_BATCH,UNRUN,Queued for independent GPT reconstruction and review from Ghidra evidence.
0x00103E62,__cxa_pure_virtual,0,10,,YELLOW,GPT_EASY_BATCH,UNRUN,Queued for independent GPT reconstruction and review from Ghidra evidence.
0x0025E5C4,nn::snd::CTR::FreeVoice,0,12,,YELLOW,GPT_EASY_BATCH,UNRUN,Queued for independent GPT reconstruction and review from Ghidra evidence.
0x002388EC,nn::nex::Message::GetBuffer,1,20,,YELLOW,GPT_EASY_BATCH,UNRUN,Queued for independent GPT reconstruction and review from Ghidra evidence.
0x00106398,nn::os::CriticalSection::Initialize,1,28,,YELLOW,GPT_EASY_BATCH,UNRUN,Queued for independent GPT reconstruction and review from Ghidra evidence.
0x00236ED4,nn::nex::String::String,1,32,,YELLOW,GPT_EASY_BATCH,UNRUN,Queued for independent GPT reconstruction and review from Ghidra evidence.
0x00174B58,nn::fnd::ExpHeapBase::Free,1,32,,YELLOW,GPT_EASY_BATCH,UNRUN,Queued for independent GPT reconstruction and review from Ghidra evidence.
0x0017C614,nn::nex::CallContext::RegisterCompletionCallback,1,32,,YELLOW,GPT_EASY_BATCH,UNRUN,Queued for independent GPT reconstruction and review from Ghidra evidence.
0x00236F00,nn::nex::String::String,1,36,,YELLOW,GPT_EASY_BATCH,UNRUN,Queued for independent GPT reconstruction and review from Ghidra evidence.
0x00236F28,nn::nex::String::String,1,36,,YELLOW,GPT_EASY_BATCH,UNRUN,Queued for independent GPT reconstruction and review from Ghidra evidence.
0x00214AAC,nn::nex::_DDL_DataStorePermission::operator=,1,44,,YELLOW,GPT_EASY_BATCH,UNRUN,Queued for independent GPT reconstruction and review from Ghidra evidence.
0x0025F210,nn::snd::CTR::Voice::SetState,1,44,,YELLOW,GPT_EASY_BATCH,UNRUN,Queued for independent GPT reconstruction and review from Ghidra evidence.
0x0023448C,nn::nex::Buffer::Initialize,1,48,,YELLOW,GPT_EASY_BATCH,UNRUN,Queued for independent GPT reconstruction and review from Ghidra evidence.
0x00484378,nn::nex::DateTime::operator-,1,60,,YELLOW,GPT_EASY_BATCH,UNRUN,Queued for independent GPT reconstruction and review from Ghidra evidence.
0x00240AE0,nn::nex::qBuffer::qBuffer,1,72,,YELLOW,GPT_EASY_BATCH,UNRUN,Queued for independent GPT reconstruction and review from Ghidra evidence.
0x003E7B08,System::CTR::CountryNameCache::CountryNameCache,1,80,,YELLOW,GPT_EASY_BATCH,UNRUN,Queued for independent GPT reconstruction and review from Ghidra evidence.
0x0034BA5C,gfl2::gfx::ctr::CTRGL::AddReadColorBufferToTextureCommand,1,80,,YELLOW,GPT_EASY_BATCH,UNRUN,Queued for independent GPT reconstruction and review from Ghidra evidence.
0x00277364,nn::math::CosFIdx,1,80,,YELLOW,GPT_EASY_BATCH,UNRUN,Queued for independent GPT reconstruction and review from Ghidra evidence.
0x002773C0,nn::math::SinFIdx,1,108,,YELLOW,GPT_EASY_BATCH,UNRUN,Queued for independent GPT reconstruction and review from Ghidra evidence.
0x0034BAE8,gfl2::gfx::ctr::CTRGL::AddTransferLinearColorBufferCommand,2,132,,YELLOW,GPT_EASY_BATCH,UNRUN,Queued for independent GPT reconstruction and review from Ghidra evidence.
0x00276D40,nn::math::SinCosFIdx,2,136,,YELLOW,GPT_EASY_BATCH,UNRUN,Queued for independent GPT reconstruction and review from Ghidra evidence.
0x002CDA60,App::Tool::NewPaneList::NewPaneList,2,292,,YELLOW,GPT_EASY_BATCH,UNRUN,Queued for independent GPT reconstruction and review from Ghidra evidence.
0x0044F5BC,NetAppLib::JoinFestaUI::JoinFestaRecordRankingManager::JoinFestaRecordRankingManager,2,360,,YELLOW,GPT_EASY_BATCH,UNRUN,Queued for independent GPT reconstruction and review from Ghidra evidence.
0x00278958,nngxStartLcdDisplay,1,36,,YELLOW,GPT_EASY_BATCH,UNRUN,Queued for independent GPT reconstruction and review from Ghidra evidence.
0x00108D58,nn::os::Thread::FinalizeImpl,1,56,,YELLOW,GPT_EASY_BATCH,UNRUN,Queued for independent GPT reconstruction and review from Ghidra evidence.
0x001076A8,nn::os::CriticalSection::Enter,2,56,,YELLOW,GPT_EASY_BATCH,UNRUN,Queued for independent GPT reconstruction and review from Ghidra evidence.
0x00349B44,gfl2::gfx::ctr::CTRGL::BeginScene_,2,156,,YELLOW,GPT_EASY_BATCH,UNRUN,Queued for independent GPT reconstruction and review from Ghidra evidence.
0x0047555C,nn::fs::detail::FileBase::TryGetSize,2,88,,YELLOW,GPT_EASY_BATCH,UNRUN,Queued for independent GPT reconstruction and review from Ghidra evidence.
0x0052318C,nngxGetVramEndAddr,2,52,,YELLOW,GPT_EASY_BATCH,UNRUN,Queued for independent GPT reconstruction and review from Ghidra evidence.
0x005231C8,nngxGetVramStartAddr,2,68,,YELLOW,GPT_EASY_BATCH,UNRUN,Queued for independent GPT reconstruction and review from Ghidra evidence.
0x00522474,nngxClearCmdlist,2,132,,YELLOW,GPT_EASY_BATCH,UNRUN,Queued for independent GPT reconstruction and review from Ghidra evidence.
0x00595508,__aeabi_f2lz,2,108,,YELLOW,GPT_EASY_BATCH,UNRUN,Queued for independent GPT reconstruction and review from Ghidra evidence.
0x0032B068,gfl2::renderingengine::scenegraph::instance::ModelInstanceNode::ModelInstanceNode,2,288,,YELLOW,GPT_EASY_BATCH,UNRUN,Queued for independent GPT reconstruction and review from Ghidra evidence.
0x002CA098,App::Tool::MapManager::Setup,3,532,,YELLOW,GPT_EASY_BATCH,UNRUN,Queued for independent GPT reconstruction and review from Ghidra evidence.
0x0025B408,nn::snd::CTR::GetSampleLength,2,104,,YELLOW,GPT_EASY_BATCH,UNRUN,Queued for independent GPT reconstruction and review from Ghidra evidence.
0x0011738C,__aeabi_ldivmod,2,80,,YELLOW,GPT_EASY_BATCH,UNRUN,Queued for independent GPT reconstruction and review from Ghidra evidence.
0x002FD5AC,app::tool::AppToolTrainerIconRendering::OutputDefaultIconObjectData,3,380,,YELLOW,GPT_EASY_BATCH,UNRUN,Queued for independent GPT reconstruction and review from Ghidra evidence.
0x003E8318,System::Camera::CModelViewerInFrame::SetAndInitModel,3,392,,YELLOW,GPT_EASY_BATCH,UNRUN,Queued for independent GPT reconstruction and review from Ghidra evidence.
0x0016B8F0,nn::fs::detail::FileBase::TrySetPosition,3,156,,YELLOW,GPT_EASY_BATCH,UNRUN,Queued for independent GPT reconstruction and review from Ghidra evidence.
0x004B61D8,__hardfp_log10f,3,400,,YELLOW,GPT_EASY_BATCH,UNRUN,Queued for independent GPT reconstruction and review from Ghidra evidence.
0x002F1600,app::tool::PokeSimpleModel::StartLoad,3,200,,YELLOW,GPT_EASY_BATCH,UNRUN,Queued for independent GPT reconstruction and review from Ghidra evidence.
0x00459CB8,NetAppLib::UI::RegulationDrawInfo::GetBattleRankMessageID,3,192,,YELLOW,GPT_EASY_BATCH,UNRUN,Queued for independent GPT reconstruction and review from Ghidra evidence.
0x003DE460,NetLib::Error::NijiNetworkError::SetResultPGL,3,300,,YELLOW,GPT_EASY_BATCH,UNRUN,Queued for independent GPT reconstruction and review from Ghidra evidence.
0x003DE6E8,NetLib::Error::NijiNetworkError::SetResultSerial,3,308,,YELLOW,GPT_EASY_BATCH,UNRUN,Queued for independent GPT reconstruction and review from Ghidra evidence.
0x00301A78,__aeabi_vec_delete,1,12,,YELLOW,GPT_EASY_BATCH,UNRUN,Queued for independent GPT reconstruction and review from Ghidra evidence.
0x00262018,nn::y2r::CTR::detail::IsBusyConversion,1,28,,YELLOW,GPT_EASY_BATCH,UNRUN,Queued for independent GPT reconstruction and review from Ghidra evidence.
0x00172D70,nn::cfg::CTR::GetTransferableId,1,40,,YELLOW,GPT_EASY_BATCH,UNRUN,Queued for independent GPT reconstruction and review from Ghidra evidence.
0x00100260,__2sprintf,1,40,,YELLOW,GPT_EASY_BATCH,UNRUN,Queued for independent GPT reconstruction and review from Ghidra evidence.
0x003387D0,gfl2::renderingengine::renderer::util::MakeBlurImagePath::MakeBlurImagePath,2,304,,YELLOW,GPT_EASY_BATCH,UNRUN,Queued for independent GPT reconstruction and review from Ghidra evidence.
0x00327530,gfl2::renderingengine::scenegraph::instance::TransformNode::TransformNode,2,368,,YELLOW,GPT_EASY_BATCH,UNRUN,Queued for independent GPT reconstruction and review from Ghidra evidence.
0x0037E084,Field::FieldScript::FuncSetFieldInit::ConvRotationQuaternionToYRadian,2,392,,YELLOW,GPT_EASY_BATCH,UNRUN,Queued for independent GPT reconstruction and review from Ghidra evidence.
0x0040D2F8,poke_3d::model::BaseCamera::SetupCameraLookAt,2,396,,YELLOW,GPT_EASY_BATCH,UNRUN,Queued for independent GPT reconstruction and review from Ghidra evidence.
0x00450A94,NetAppLib::JoinFestaUI::JoinFestaRecordDetailLowerView::SetRecordData,2,492,,YELLOW,GPT_EASY_BATCH,UNRUN,Queued for independent GPT reconstruction and review from Ghidra evidence.
0x00261FB8,nn::y2r::CTR::detail::StopConversion,1,28,,YELLOW,GPT_EASY_BATCH,UNRUN,Queued for independent GPT reconstruction and review from Ghidra evidence.
0x00261AE8,nn::y2r::CTR::detail::SetRotation,1,28,,YELLOW,GPT_EASY_BATCH,UNRUN,Queued for independent GPT reconstruction and review from Ghidra evidence.
0x00261E20,nn::y2r::CTR::detail::SetInputLines,1,28,,YELLOW,GPT_EASY_BATCH,UNRUN,Queued for independent GPT reconstruction and review from Ghidra evidence.
0x00261F9C,nn::y2r::CTR::detail::SetInputFormat,1,28,,YELLOW,GPT_EASY_BATCH,UNRUN,Queued for independent GPT reconstruction and review from Ghidra evidence.
0x00261FD4,nn::y2r::CTR::detail::SetOutputFormat,1,28,,YELLOW,GPT_EASY_BATCH,UNRUN,Queued for independent GPT reconstruction and review from Ghidra evidence.
0x00262034,nn::y2r::CTR::detail::SetBlockAlignment,1,28,,YELLOW,GPT_EASY_BATCH,UNRUN,Queued for independent GPT reconstruction and review from Ghidra evidence.
0x00262050,nn::y2r::CTR::detail::SetInputLineWidth,1,28,,YELLOW,GPT_EASY_BATCH,UNRUN,Queued for independent GPT reconstruction and review from Ghidra evidence.
0x0026216C,nn::y2r::CTR::detail::SetStandardCoefficient,1,28,,YELLOW,GPT_EASY_BATCH,UNRUN,Queued for independent GPT reconstruction and review from Ghidra evidence.
0x00262188,nn::y2r::CTR::detail::SetTransferEndInterrupt,1,28,,YELLOW,GPT_EASY_BATCH,UNRUN,Queued for independent GPT reconstruction and review from Ghidra evidence.
0x0026270C,nn::y2r::CTR::detail::SetAlpha,1,28,,YELLOW,GPT_EASY_BATCH,UNRUN,Queued for independent GPT reconstruction and review from Ghidra evidence.
0x00261FF0,nn::y2r::CTR::detail::StartConversion,1,36,,YELLOW,GPT_EASY_BATCH,UNRUN,Queued for independent GPT reconstruction and review from Ghidra evidence.
0x00261D2C,nn::y2r::CTR::detail::FinalizeBase,1,56,,YELLOW,GPT_EASY_BATCH,UNRUN,Queued for independent GPT reconstruction and review from Ghidra evidence.
0x00262110,nn::y2r::CTR::detail::GetTransferEndEvent,1,64,,YELLOW,GPT_EASY_BATCH,UNRUN,Queued for independent GPT reconstruction and review from Ghidra evidence.
0x00269830,nn::jpeg::CTR::JpegMpEncoder::StartJpegEncoder,2,104,,YELLOW,GPT_EASY_BATCH,UNRUN,Queued for independent GPT reconstruction and review from Ghidra evidence.
0x003E7734,System::CTR::RegionNameCache::RegionNameCache,2,96,,YELLOW,GPT_EASY_BATCH,UNRUN,Queued for independent GPT reconstruction and review from Ghidra evidence.
0x003D0628,NetLib::Validation::PokemonValidation::CheckPokemonASync,2,300,,YELLOW,GPT_EASY_BATCH,UNRUN,Queued for independent GPT reconstruction and review from Ghidra evidence.
0x001001C4,__c89vsnprintf,2,50,,YELLOW,GPT_EASY_BATCH,UNRUN,Queued for independent GPT reconstruction and review from Ghidra evidence.
0x00100294,__2snprintf,2,54,,YELLOW,GPT_EASY_BATCH,UNRUN,Queued for independent GPT reconstruction and review from Ghidra evidence.
0x0034A630,gfl2::gfx::ctr::CTRGL::ClearDepthStencil_,2,168,,YELLOW,GPT_EASY_BATCH,UNRUN,Queued for independent GPT reconstruction and review from Ghidra evidence.
0x0034B7B8,gfl2::gfx::ctr::CTRGL::ClearRenderTargetDepthStencil_,3,204,,YELLOW,GPT_EASY_BATCH,UNRUN,Queued for independent GPT reconstruction and review from Ghidra evidence.
0x0022AA9C,nn::nex::_DDL_GlobalTradeStationTradeKey::Add,2,216,,YELLOW,GPT_EASY_BATCH,UNRUN,Queued for independent GPT reconstruction and review from Ghidra evidence.
0x0022E600,nn::nex::_DDL_GlobalTradeStationRecordKey::Add,2,216,,YELLOW,GPT_EASY_BATCH,UNRUN,Queued for independent GPT reconstruction and review from Ghidra evidence.
0x00107750,nn::os::CTR::detail::HandleInternalError,2,104,,YELLOW,GPT_EASY_BATCH,UNRUN,Queued for independent GPT reconstruction and review from Ghidra evidence.
0x004B5B44,__hardfp_atanf,3,296,,YELLOW,GPT_EASY_BATCH,UNRUN,Queued for independent GPT reconstruction and review from Ghidra evidence.
0x0016BA20,nn::fs::detail::FileBase::TrySeek,3,172,,YELLOW,GPT_EASY_BATCH,UNRUN,Queued for independent GPT reconstruction and review from Ghidra evidence.
0x002EE47C,app::tool::CursorManager::MainRepeat,3,216,,YELLOW,GPT_EASY_BATCH,UNRUN,Queued for independent GPT reconstruction and review from Ghidra evidence.
0x004B5D90,__hardfp_cosf,3,316,,YELLOW,GPT_EASY_BATCH,UNRUN,Queued for independent GPT reconstruction and review from Ghidra evidence.
0x003BFA38,print::HangulComposer::InputCode,3,348,,YELLOW,GPT_EASY_BATCH,UNRUN,Queued for independent GPT reconstruction and review from Ghidra evidence.
0x00311FA0,app::util::ScrollBar::Draw,3,328,,YELLOW,GPT_EASY_BATCH,UNRUN,Queued for independent GPT reconstruction and review from Ghidra evidence.
0x002CDCC0,App::Tool::SlideScroll::UpdateSlide,3,556,,YELLOW,GPT_EASY_BATCH,UNRUN,Queued for independent GPT reconstruction and review from Ghidra evidence.
0x002389C4,nn::nex::Message::Message,2,264,,YELLOW,GPT_EASY_BATCH,UNRUN,Queued for independent GPT reconstruction and review from Ghidra evidence.
0x0017090C,nn::os::StackMemory::Finalize,2,132,,YELLOW,GPT_EASY_BATCH,UNRUN,Queued for independent GPT reconstruction and review from Ghidra evidence.
0x00234408,nn::nex::Buffer::AppendData,3,132,,YELLOW,GPT_EASY_BATCH,UNRUN,Queued for independent GPT reconstruction and review from Ghidra evidence.
0x002CEE80,App::Tool::PokeIconTexData::ReplectPaneTexture,2,272,,YELLOW,GPT_EASY_BATCH,UNRUN,Queued for independent GPT reconstruction and review from Ghidra evidence.
0x00359244,gfl2::math::MathUtil::RayPickPolygon,3,812,,YELLOW,GPT_EASY_BATCH,UNRUN,Queued for independent GPT reconstruction and review from Ghidra evidence.
0x00170CA0,nn::os::StackMemoryBlock::Initialize,2,84,,YELLOW,GPT_EASY_BATCH,UNRUN,Queued for independent GPT reconstruction and review from Ghidra evidence.
0x00523FBC,nngxRunCmdlist,2,92,,YELLOW,GPT_EASY_BATCH,UNRUN,Queued for independent GPT reconstruction and review from Ghidra evidence.
0x0018DB8C,nn::nex::StringStream::StreamNumber,2,128,,YELLOW,GPT_EASY_BATCH,UNRUN,Queued for independent GPT reconstruction and review from Ghidra evidence.
0x00452660,NetAppLib::JoinFestaUI::JoinFestaAttractionSelectLowerView::SetOpenList,3,284,,YELLOW,GPT_EASY_BATCH,UNRUN,Queued for independent GPT reconstruction and review from Ghidra evidence.
0x00269380,nn::jpeg::CTR::JpegMpDecoder::StartJpegDecoder,3,156,,YELLOW,GPT_EASY_BATCH,UNRUN,Queued for independent GPT reconstruction and review from Ghidra evidence.
0x00346A88,Savedata::ConfigSave::SetButtonMode,3,384,,YELLOW,GPT_EASY_BATCH,UNRUN,Queued for independent GPT reconstruction and review from Ghidra evidence.
0x0043DA80,Savedata::QRReaderSaveData::BatteryQuery,3,264,,YELLOW,GPT_EASY_BATCH,UNRUN,Queued for independent GPT reconstruction and review from Ghidra evidence.
0x00328A98,gfl2::renderingengine::scenegraph::instance::CullingObjectNode::SetMoved,3,528,,YELLOW,GPT_EASY_BATCH,UNRUN,Queued for independent GPT reconstruction and review from Ghidra evidence.
0x00269428,nn::jpeg::CTR::JpegMpDecoder::StartJpegDecoderShrink,3,272,,YELLOW,GPT_EASY_BATCH,UNRUN,Queued for independent GPT reconstruction and review from Ghidra evidence.
0x00411520,poke_3d::model::CharaModelFactory::CreateModel,3,284,,YELLOW,GPT_EASY_BATCH,UNRUN,Queued for independent GPT reconstruction and review from Ghidra evidence.
0x0022AB74,nn::nex::_DDL_GlobalTradeStationTradeKey::Extract,3,204,,YELLOW,GPT_EASY_BATCH,UNRUN,Queued for independent GPT reconstruction and review from Ghidra evidence.
0x0022E6D8,nn::nex::_DDL_GlobalTradeStationRecordKey::Extract,3,204,,YELLOW,GPT_EASY_BATCH,UNRUN,Queued for independent GPT reconstruction and review from Ghidra evidence.
0x002C9454,App::Tool::MapManager::PutHeroIcon,3,360,,YELLOW,GPT_EASY_BATCH,UNRUN,Queued for independent GPT reconstruction and review from Ghidra evidence.
0x003DE5C4,NetLib::Error::NijiNetworkError::SetResultPGL5xx,3,280,,YELLOW,GPT_EASY_BATCH,UNRUN,Queued for independent GPT reconstruction and review from Ghidra evidence.
0x003DE928,NetLib::Error::NijiNetworkError::SetResultSerial5xx,3,280,,YELLOW,GPT_EASY_BATCH,UNRUN,Queued for independent GPT reconstruction and review from Ghidra evidence.
0x003DEB70,NetLib::Error::NijiNetworkError::SetResultValidation5xx,3,280,,YELLOW,GPT_EASY_BATCH,UNRUN,Queued for independent GPT reconstruction and review from Ghidra evidence.
0x002FB73C,app::tool::AppToolGaugePartsLayout::AppToolGaugePartsLayout,3,296,,YELLOW,GPT_EASY_BATCH,UNRUN,Queued for independent GPT reconstruction and review from Ghidra evidence.
0x00397994,Field::Encount::EncountEffect::Start,3,316,,YELLOW,GPT_EASY_BATCH,UNRUN,Queued for independent GPT reconstruction and review from Ghidra evidence.
0x002FBC0C,app::tool::AppToolHPGaugePartsLayout::AppToolHPGaugePartsLayout,3,388,,YELLOW,GPT_EASY_BATCH,UNRUN,Queued for independent GPT reconstruction and review from Ghidra evidence.
0x0044C460,NetAppLib::JoinFestaUI::JoinFestaPlayerListManager::~JoinFestaPlayerListManager,3,336,,YELLOW,GPT_EASY_BATCH,UNRUN,Queued for independent GPT reconstruction and review from Ghidra evidence.
0x00338F60,gfl2::renderingengine::renderer::util::StretchBltFrameBufferPath::CreateFrameBufferTexture,3,548,,YELLOW,GPT_EASY_BATCH,UNRUN,Queued for independent GPT reconstruction and review from Ghidra evidence.
0x0022F9CC,nn::nex::_DDL_DataStoreChangeMetaCompareParam::operator=,2,160,,YELLOW,GPT_EASY_BATCH,UNRUN,Queued for independent GPT reconstruction and review from Ghidra evidence.
0x0022507C,nn::nex::_DDL_DataStoreChangeMetaParam::operator=,2,356,,YELLOW,GPT_EASY_BATCH,UNRUN,Queued for independent GPT reconstruction and review from Ghidra evidence.
0x00174B98,nn::fnd::ExpHeapBase::Allocate,2,100,,YELLOW,GPT_EASY_BATCH,UNRUN,Queued for independent GPT reconstruction and review from Ghidra evidence.
0x00286DF4,nn::friends::CTR::detail::GetMyPrincipalId,2,100,,YELLOW,GPT_EASY_BATCH,UNRUN,Queued for independent GPT reconstruction and review from Ghidra evidence.
0x0034A228,gfl2::gfx::ctr::CTRGL::GetStereoMatrix,2,172,,YELLOW,GPT_EASY_BATCH,UNRUN,Queued for independent GPT reconstruction and review from Ghidra evidence.
0x002FA018,app::tool::ModelViewerSequence::Continue,3,384,,YELLOW,GPT_EASY_BATCH,UNRUN,Queued for independent GPT reconstruction and review from Ghidra evidence.
0x003E4210,System::MotionBlur::MotionBlur,3,444,,YELLOW,GPT_EASY_BATCH,UNRUN,Queued for independent GPT reconstruction and review from Ghidra evidence.
0x004B579C,__hardfp_asinf,3,260,,YELLOW,GPT_EASY_BATCH,UNRUN,Queued for independent GPT reconstruction and review from Ghidra evidence.
0x003D7EDC,NetLib::Pgl::PGLConnector::AuthSerialCode,3,296,,YELLOW,GPT_EASY_BATCH,UNRUN,Queued for independent GPT reconstruction and review from Ghidra evidence.
0x003D8254,NetLib::Pgl::PGLConnector::UpdateSerialCode,3,296,,YELLOW,GPT_EASY_BATCH,UNRUN,Queued for independent GPT reconstruction and review from Ghidra evidence.
0x003D83AC,NetLib::Pgl::PGLConnector::DownloadBattleBox,3,288,,YELLOW,GPT_EASY_BATCH,UNRUN,Queued for independent GPT reconstruction and review from Ghidra evidence.
0x00344C9C,gfl2::ro::RoManager::LoadModuleSetBuffer,3,300,,YELLOW,GPT_EASY_BATCH,UNRUN,Queued for independent GPT reconstruction and review from Ghidra evidence.
0x0030FDC4,app::util::G2DUtil::CreateLayoutEnv,4,396,,YELLOW,GPT_EASY_BATCH,UNRUN,Queued for independent GPT reconstruction and review from Ghidra evidence.
0x002FA278,app::tool::ModelViewerSequence::Start,4,552,,YELLOW,GPT_EASY_BATCH,UNRUN,Queued for independent GPT reconstruction and review from Ghidra evidence.
0x004A9320,Savedata::ZukanData::CheckPokeSeeForm,3,268,,YELLOW,GPT_EASY_BATCH,UNRUN,Queued for independent GPT reconstruction and review from Ghidra evidence.
0x00450770,NetAppLib::JoinFestaUI::JoinFestaAttractionListManager::~JoinFestaAttractionListManager,3,308,,YELLOW,GPT_EASY_BATCH,UNRUN,Queued for independent GPT reconstruction and review from Ghidra evidence.
0x004504D0,NetAppLib::JoinFestaUI::JoinFestaAttractionListManager::JoinFestaAttractionListManager,3,636,,YELLOW,GPT_EASY_BATCH,UNRUN,Queued for independent GPT reconstruction and review from Ghidra evidence.
0x0030C1A4,app::util::KeyRepeatController::IsRepeat,3,344,,YELLOW,GPT_EASY_BATCH,UNRUN,Queued for independent GPT reconstruction and review from Ghidra evidence.
0x00461074,NetAppLib::System::NetApplicationViewBase::NetApplicationViewBase,2,296,,YELLOW,GPT_EASY_BATCH,UNRUN,Queued for independent GPT reconstruction and review from Ghidra evidence.
0x00478FB4,nn::nex::RendezVous::GetGameServerTime,3,140,,YELLOW,GPT_EASY_BATCH,UNRUN,Queued for independent GPT reconstruction and review from Ghidra evidence.
0x0033F38C,gfl2::fs::AsyncFileManager::AddArcFileOpenReq,3,400,,YELLOW,GPT_EASY_BATCH,UNRUN,Queued for independent GPT reconstruction and review from Ghidra evidence.
0x00261EF4,nn::y2r::CTR::detail::InitializeBase,3,160,,YELLOW,GPT_EASY_BATCH,UNRUN,Queued for independent GPT reconstruction and review from Ghidra evidence.
0x00344740,gfl2::ro::RoManager::LoadModule,3,328,,YELLOW,GPT_EASY_BATCH,UNRUN,Queued for independent GPT reconstruction and review from Ghidra evidence.
0x0051F360,glClear,4,428,,YELLOW,GPT_EASY_BATCH,UNRUN,Queued for independent GPT reconstruction and review from Ghidra evidence.
0x00307CE0,app::util::AppRenderingManager::AddPokeModel,3,432,,YELLOW,GPT_EASY_BATCH,UNRUN,Queued for independent GPT reconstruction and review from Ghidra evidence.
0x001575E4,BattleInst::BattleInst::AddWinCount,3,484,,YELLOW,GPT_EASY_BATCH,UNRUN,Queued for independent GPT reconstruction and review from Ghidra evidence.
0x0033F5D0,gfl2::fs::AsyncFileManager::AddFileEasyReadReq,3,268,,YELLOW,GPT_EASY_BATCH,UNRUN,Queued for independent GPT reconstruction and review from Ghidra evidence.
0x003202BC,gfl2::devicecamera::DeviceCamera::SetPicturePaneTexture,3,276,,YELLOW,GPT_EASY_BATCH,UNRUN,Queued for independent GPT reconstruction and review from Ghidra evidence.
0x00340680,gfl2::fs::AsyncFileManager::AddArcFileLoadDataPieceBufReq,3,348,,YELLOW,GPT_EASY_BATCH,UNRUN,Queued for independent GPT reconstruction and review from Ghidra evidence.
0x003D9468,NetLib::Pgl::PGLConnector::PGLConnector,3,352,,YELLOW,GPT_EASY_BATCH,UNRUN,Queued for independent GPT reconstruction and review from Ghidra evidence.
0x003822EC,Field::FieldScript::ScriptEffectManager::SetTrainerEye,4,404,,YELLOW,GPT_EASY_BATCH,UNRUN,Queued for independent GPT reconstruction and review from Ghidra evidence.
0x0038289C,Field::FieldScript::ScriptEffectManager::SetPos,4,424,,YELLOW,GPT_EASY_BATCH,UNRUN,Queued for independent GPT reconstruction and review from Ghidra evidence.
0x002C99D4,App::Tool::MapManager::ChangeHeroIcon,3,268,,YELLOW,GPT_EASY_BATCH,UNRUN,Queued for independent GPT reconstruction and review from Ghidra evidence.
0x0040D11C,poke_3d::model::BaseCamera::UpdateAnimation,4,424,,YELLOW,GPT_EASY_BATCH,UNRUN,Queued for independent GPT reconstruction and review from Ghidra evidence.
0x002CAF28,App::Tool::TalkWindow::Setup,4,544,,YELLOW,GPT_EASY_BATCH,UNRUN,Queued for independent GPT reconstruction and review from Ghidra evidence.
0x00269624,nn::jpeg::CTR::JpegMpEncoder::Initialize,3,264,,YELLOW,GPT_EASY_BATCH,UNRUN,Queued for independent GPT reconstruction and review from Ghidra evidence.
0x002CF158,App::Tool::PokeIconTexPool::CreatePokeData,4,428,,YELLOW,GPT_EASY_BATCH,UNRUN,Queued for independent GPT reconstruction and review from Ghidra evidence.
0x004113F4,poke_3d::model::CharaModelFactory::SetupModel,3,300,,YELLOW,GPT_EASY_BATCH,UNRUN,Queued for independent GPT reconstruction and review from Ghidra evidence.
0x002E9738,app::tool::MenuCursor::LoadResource,3,304,,YELLOW,GPT_EASY_BATCH,UNRUN,Queued for independent GPT reconstruction and review from Ghidra evidence.
0x003081CC,app::util::AppRenderingManager::RemovePokeModel,4,400,,YELLOW,GPT_EASY_BATCH,UNRUN,Queued for independent GPT reconstruction and review from Ghidra evidence.
0x002CA784,App::Tool::TalkWindow::SetMessage,4,448,,YELLOW,GPT_EASY_BATCH,UNRUN,Queued for independent GPT reconstruction and review from Ghidra evidence.
0x001041E4,std::string::replace,3,370,,YELLOW,GPT_EASY_BATCH,UNRUN,Queued for independent GPT reconstruction and review from Ghidra evidence.
0x003AA698,Sound::FadeInBGMReq,2,84,,YELLOW,GPT_EASY_BATCH,UNRUN,Queued for independent GPT reconstruction and review from Ghidra evidence.
0x003AAA10,Sound::FadeOutBGMReq,2,84,,YELLOW,GPT_EASY_BATCH,UNRUN,Queued for independent GPT reconstruction and review from Ghidra evidence.
0x003ABB34,Sound::PrepareBGMReq,2,84,,YELLOW,GPT_EASY_BATCH,UNRUN,Queued for independent GPT reconstruction and review from Ghidra evidence.
0x003AD010,Sound::FadeOutAppBGMReq,2,84,,YELLOW,GPT_EASY_BATCH,UNRUN,Queued for independent GPT reconstruction and review from Ghidra evidence.
0x003AEA9C,Sound::EndBGMReq,2,84,,YELLOW,GPT_EASY_BATCH,UNRUN,Queued for independent GPT reconstruction and review from Ghidra evidence.
0x00443890,Savedata::GameTime::SetDate,2,100,,YELLOW,GPT_EASY_BATCH,UNRUN,Queued for independent GPT reconstruction and review from Ghidra evidence.
0x0031D6C4,pml::pokepara::CoreParam::AddExp,2,104,,YELLOW,GPT_EASY_BATCH,UNRUN,Queued for independent GPT reconstruction and review from Ghidra evidence.
0x002E7D54,app::ui::UIView::Create2D,3,152,,YELLOW,GPT_EASY_BATCH,UNRUN,Queued for independent GPT reconstruction and review from Ghidra evidence.
0x00448AEC,NetAppLib::JoinFestaUI::JoinFestaAlertLowerView::SetMessage,2,188,,YELLOW,GPT_EASY_BATCH,UNRUN,Queued for independent GPT reconstruction and review from Ghidra evidence.
0x00443DB0,Savedata::PlayTime::SetSaveTime,2,208,,YELLOW,GPT_EASY_BATCH,UNRUN,Queued for independent GPT reconstruction and review from Ghidra evidence.
0x00450E10,NetAppLib::JoinFestaUI::JoinFestaRecordDetailLowerView::JoinFestaRecordDetailLowerView,2,268,,YELLOW,GPT_EASY_BATCH,UNRUN,Queued for independent GPT reconstruction and review from Ghidra evidence.
0x00389F1C,Field::EventAddPokemon::CallAddPokemonFromPP,2,168,,YELLOW,GPT_EASY_BATCH,UNRUN,Queued for independent GPT reconstruction and review from Ghidra evidence.
0x0034BDF4,gfl2::gfx::ctr::CTRGL::EndScene_,3,168,,YELLOW,GPT_EASY_BATCH,UNRUN,Queued for independent GPT reconstruction and review from Ghidra evidence.
0x00248FC4,nn::nex::operator<<,2,260,,YELLOW,GPT_EASY_BATCH,UNRUN,Queued for independent GPT reconstruction and review from Ghidra evidence.
0x00383F5C,Field::EventMapJump::CallMapJumpEscape,3,284,,YELLOW,GPT_EASY_BATCH,UNRUN,Queued for independent GPT reconstruction and review from Ghidra evidence.
0x003D7730,NetLib::Pgl::PGLConnector::Initialize,3,232,,YELLOW,GPT_EASY_BATCH,UNRUN,Queued for independent GPT reconstruction and review from Ghidra evidence.
0x0031C564,pml::pokepara::CoreParam::ExchangeWazaPos,3,256,,YELLOW,GPT_EASY_BATCH,UNRUN,Queued for independent GPT reconstruction and review from Ghidra evidence.
0x002F2224,app::tool::CharaSimpleModel::Setup,3,276,,YELLOW,GPT_EASY_BATCH,UNRUN,Queued for independent GPT reconstruction and review from Ghidra evidence.
0x00398D44,Field::Encount::PokeSet::CheckEffectApplyIntruder,3,184,,YELLOW,GPT_EASY_BATCH,UNRUN,Queued for independent GPT reconstruction and review from Ghidra evidence.
0x00493288,pml::pokepara::CoreParam::GetType2,3,144,,YELLOW,GPT_EASY_BATCH,UNRUN,Queued for independent GPT reconstruction and review from Ghidra evidence.
0x00261B04,nn::y2r::CTR::detail::SetSendingU,3,180,,YELLOW,GPT_EASY_BATCH,UNRUN,Queued for independent GPT reconstruction and review from Ghidra evidence.
0x00261BBC,nn::y2r::CTR::detail::SetSendingV,3,180,,YELLOW,GPT_EASY_BATCH,UNRUN,Queued for independent GPT reconstruction and review from Ghidra evidence.
0x00261C74,nn::y2r::CTR::detail::SetSendingY,3,180,,YELLOW,GPT_EASY_BATCH,UNRUN,Queued for independent GPT reconstruction and review from Ghidra evidence.
0x00261D68,nn::y2r::CTR::detail::SetReceiving,3,180,,YELLOW,GPT_EASY_BATCH,UNRUN,Queued for independent GPT reconstruction and review from Ghidra evidence.
0x00261E3C,nn::y2r::CTR::detail::SetSendingYuv,3,180,,YELLOW,GPT_EASY_BATCH,UNRUN,Queued for independent GPT reconstruction and review from Ghidra evidence.
0x003120F4,app::util::ScrollBar::ScrollBar,3,304,,YELLOW,GPT_EASY_BATCH,UNRUN,Queued for independent GPT reconstruction and review from Ghidra evidence.
0x00456744,NetAppLib::BattleVideoPlayer::VideoDataManager::WaitUpload,3,292,,YELLOW,GPT_EASY_BATCH,UNRUN,Queued for independent GPT reconstruction and review from Ghidra evidence.
0x003826B8,Field::FieldScript::ScriptEffectManager::SetChr,4,484,,YELLOW,GPT_EASY_BATCH,UNRUN,Queued for independent GPT reconstruction and review from Ghidra evidence.
0x002CA644,App::Tool::TalkWindow::SetMessage,3,320,,YELLOW,GPT_EASY_BATCH,UNRUN,Queued for independent GPT reconstruction and review from Ghidra evidence.
0x002D2128,App::Tool::CommonMessageWindowManipulator::ShowMessage,3,328,,YELLOW,GPT_EASY_BATCH,UNRUN,Queued for independent GPT reconstruction and review from Ghidra evidence.
0x002F1B6C,app::tool::TimerIconUIView::TimerIconUIView,4,792,,YELLOW,GPT_EASY_BATCH,UNRUN,Queued for independent GPT reconstruction and review from Ghidra evidence.
0x003A95D0,Sound::PushBGMReq,2,92,,YELLOW,GPT_EASY_BATCH,UNRUN,Queued for independent GPT reconstruction and review from Ghidra evidence.
0x003AA52C,Sound::EndAppBGMReq,2,100,,YELLOW,GPT_EASY_BATCH,UNRUN,Queued for independent GPT reconstruction and review from Ghidra evidence.
0x0031C6A4,pml::pokepara::CoreParam::SetTokuseiIndex,3,160,,YELLOW,GPT_EASY_BATCH,UNRUN,Queued for independent GPT reconstruction and review from Ghidra evidence.
0x0015D9CC,ExtSavedata::BattleRecorderSaveData::CheckLiveCupSaveDataValidity,3,224,,YELLOW,GPT_EASY_BATCH,UNRUN,Queued for independent GPT reconstruction and review from Ghidra evidence.
0x00383DE8,Field::EventMapJump::CreateMapJumpPos,3,368,,YELLOW,GPT_EASY_BATCH,UNRUN,Queued for independent GPT reconstruction and review from Ghidra evidence.
0x0043BB10,Savedata::MysteryGiftSave::SERIAL_DATA::UpdateSerialAuthStatus,3,372,,YELLOW,GPT_EASY_BATCH,UNRUN,Queued for independent GPT reconstruction and review from Ghidra evidence.
0x003847BC,Field::EventMapJump::CreateMapJumpOtherWorldTime,4,396,,YELLOW,GPT_EASY_BATCH,UNRUN,Queued for independent GPT reconstruction and review from Ghidra evidence.
0x002F6578,app::tool::AppToolBaseGrpFont::ReplacePaneTexture,4,460,,YELLOW,GPT_EASY_BATCH,UNRUN,Queued for independent GPT reconstruction and review from Ghidra evidence.
0x003EBAB8,System::Skybox::Skybox::CreateParts,4,668,,YELLOW,GPT_EASY_BATCH,UNRUN,Queued for independent GPT reconstruction and review from Ghidra evidence.
0x0035F3F0,gfl2::imagedb::ImageDBAccessor::Initialize,3,348,,YELLOW,GPT_EASY_BATCH,UNRUN,Queued for independent GPT reconstruction and review from Ghidra evidence.
0x003AD7FC,Sound::StartNewBGMFromME,2,104,,YELLOW,GPT_EASY_BATCH,UNRUN,Queued for independent GPT reconstruction and review from Ghidra evidence.
0x00317EA4,pml::pokepara::PokemonParam::PokemonParam,2,124,,YELLOW,GPT_EASY_BATCH,UNRUN,Queued for independent GPT reconstruction and review from Ghidra evidence.
0x00317E08,pml::pokepara::PokemonParam::PokemonParam,3,152,,YELLOW,GPT_EASY_BATCH,UNRUN,Queued for independent GPT reconstruction and review from Ghidra evidence.
0x002E99F4,app::tool::MenuCursor::CreateLayoutWork,3,324,,YELLOW,GPT_EASY_BATCH,UNRUN,Queued for independent GPT reconstruction and review from Ghidra evidence.
0x003AD51C,Sound::PreparePlayBGMReq,2,108,,YELLOW,GPT_EASY_BATCH,UNRUN,Queued for independent GPT reconstruction and review from Ghidra evidence.
0x003A5EB8,Field::MoveModel::FieldActionCommandManager::Initialize,3,280,,YELLOW,GPT_EASY_BATCH,UNRUN,Queued for independent GPT reconstruction and review from Ghidra evidence.
0x003D02DC,NetLib::Validation::PokemonValidation::Initialize,3,188,,YELLOW,GPT_EASY_BATCH,UNRUN,Queued for independent GPT reconstruction and review from Ghidra evidence.
0x00319494,pml::pokepara::CoreParam::FlipTokuseiIndex,3,232,,YELLOW,GPT_EASY_BATCH,UNRUN,Queued for independent GPT reconstruction and review from Ghidra evidence.
0x00317F24,pml::pokepara::PokemonParam::PokemonParam,2,140,,YELLOW,GPT_EASY_BATCH,UNRUN,Queued for independent GPT reconstruction and review from Ghidra evidence.
0x00451860,NetAppLib::JoinFestaUI::JoinFestaRecordSelectLowerView::JoinFestaRecordSelectLowerView,3,388,,YELLOW,GPT_EASY_BATCH,UNRUN,Queued for independent GPT reconstruction and review from Ghidra evidence.
0x0044A7FC,NetAppLib::JoinFestaUI::JoinFestaRankingLowerView::JoinFestaRankingLowerView,3,512,,YELLOW,GPT_EASY_BATCH,UNRUN,Queued for independent GPT reconstruction and review from Ghidra evidence.
0x00492C28,pml::pokepara::CoreParam::GetHp,2,156,,YELLOW,GPT_EASY_BATCH,UNRUN,Queued for independent GPT reconstruction and review from Ghidra evidence.
0x00492DE8,pml::pokepara::CoreParam::GetMaxHp,2,156,,YELLOW,GPT_EASY_BATCH,UNRUN,Queued for independent GPT reconstruction and review from Ghidra evidence.
0x003E47C0,System::EnvAccessor::ChangeAnimationSmooth,3,364,,YELLOW,GPT_EASY_BATCH,UNRUN,Queued for independent GPT reconstruction and review from Ghidra evidence.
0x003AC524,Sound::StartAppBGMReq,2,120,,YELLOW,GPT_EASY_BATCH,UNRUN,Queued for independent GPT reconstruction and review from Ghidra evidence.
0x003AE990,Sound::StartME,2,120,,YELLOW,GPT_EASY_BATCH,UNRUN,Queued for independent GPT reconstruction and review from Ghidra evidence.
0x00448D74,NetAppLib::JoinFestaUI::JoinFestaAlertLowerView::JoinFestaAlertLowerView,3,452,,YELLOW,GPT_EASY_BATCH,UNRUN,Queued for independent GPT reconstruction and review from Ghidra evidence.
0x003A9924,Sound::StartBGMReq,3,132,,YELLOW,GPT_EASY_BATCH,UNRUN,Queued for independent GPT reconstruction and review from Ghidra evidence.
0x0037FB9C,Field::FieldScript::FieldScriptSystem::CallFieldInit,3,316,,YELLOW,GPT_EASY_BATCH,UNRUN,Queued for independent GPT reconstruction and review from Ghidra evidence.
0x003801E0,Field::FieldScript::FieldScriptSystem::CallFieldRecover,3,316,,YELLOW,GPT_EASY_BATCH,UNRUN,Queued for independent GPT reconstruction and review from Ghidra evidence.
0x00425138,NetEvent::JoinFestaOpenEvent::StartEvent,4,908,,YELLOW,GPT_EASY_BATCH,UNRUN,Queued for independent GPT reconstruction and review from Ghidra evidence.
0x00446094,Savedata::ZukanData::SetPokeSee,4,432,,YELLOW,GPT_EASY_BATCH,UNRUN,Queued for independent GPT reconstruction and review from Ghidra evidence.
0x0031D72C,pml::pokepara::CoreParam::Evolve,3,280,,YELLOW,GPT_EASY_BATCH,UNRUN,Queued for independent GPT reconstruction and review from Ghidra evidence.
0x00160C58,RegulationScriptChecker::CheckStart,4,392,,YELLOW,GPT_EASY_BATCH,UNRUN,Queued for independent GPT reconstruction and review from Ghidra evidence.
0x0038407C,Field::EventMapJump::CallMapJumpPlacement,4,656,,YELLOW,GPT_EASY_BATCH,UNRUN,Queued for independent GPT reconstruction and review from Ghidra evidence.
0x0034AAD8,gfl2::gfx::ctr::CTRGL::FlushAllDirtyCommand_,4,784,,YELLOW,GPT_EASY_BATCH,UNRUN,Queued for independent GPT reconstruction and review from Ghidra evidence.
0x0031BD04,pml::pokepara::CoreParam::ChangeMonsNo,3,336,,YELLOW,GPT_EASY_BATCH,UNRUN,Queued for independent GPT reconstruction and review from Ghidra evidence.
0x002F0A14,app::tool::TwoButtonsView::Setup,4,868,,YELLOW,GPT_EASY_BATCH,UNRUN,Queued for independent GPT reconstruction and review from Ghidra evidence.
0x00169534,nn::fs::CTR::MPCore::detail::UserFileSystem::CloseFile,2,24,,YELLOW,GPT_EASY_BATCH,UNRUN,Queued for independent GPT reconstruction and review from Ghidra evidence.
0x00393410,Field::EventPokemonRideTool::CreatePokemonRideWorld,3,296,,YELLOW,GPT_EASY_BATCH,UNRUN,Queued for independent GPT reconstruction and review from Ghidra evidence.
0x00474F24,ExtSavedata::NijiExtSaveSystem::GetBootResult,2,128,,YELLOW,GPT_EASY_BATCH,UNRUN,Queued for independent GPT reconstruction and review from Ghidra evidence.
0x0046D240,NetAppLib::JoinFesta::JoinFestaAttractionUtil::GetPokeTypeFromAttractionId,3,160,,YELLOW,GPT_EASY_BATCH,UNRUN,Queued for independent GPT reconstruction and review from Ghidra evidence.
0x00474564,Regulation::GetBoolParam,3,228,,YELLOW,GPT_EASY_BATCH,UNRUN,Queued for independent GPT reconstruction and review from Ghidra evidence.
0x004749A4,Regulation::GetValueParam,3,276,,YELLOW,GPT_EASY_BATCH,UNRUN,Queued for independent GPT reconstruction and review from Ghidra evidence.
0x0017A54C,nn::nex::RootObject::operator.delete,2,36,,YELLOW,GPT_EASY_BATCH,UNRUN,Queued for independent GPT reconstruction and review from Ghidra evidence.
0x00190D74,nn::nex::MemoryManager::Free,2,36,,YELLOW,GPT_EASY_BATCH,UNRUN,Queued for independent GPT reconstruction and review from Ghidra evidence.
0x0048CC24,App::Resort::ResortDataManager::GetData,3,256,,YELLOW,GPT_EASY_BATCH,UNRUN,Queued for independent GPT reconstruction and review from Ghidra evidence.
0x004680C8,NetAppLib::JoinFesta::JoinFestaPersonalData::SetupPresetNpcDressUp,3,132,,YELLOW,GPT_EASY_BATCH,UNRUN,Queued for independent GPT reconstruction and review from Ghidra evidence.
0x00521640,mwmomoflexDemuxerReadPacket,3,220,,YELLOW,GPT_EASY_BATCH,UNRUN,Queued for independent GPT reconstruction and review from Ghidra evidence.
0x002EE0D0,app::tool::ButtonManager::AddButton,3,328,,YELLOW,GPT_EASY_BATCH,UNRUN,Queued for independent GPT reconstruction and review from Ghidra evidence.
0x003ED8EC,System::SetLang,3,128,,YELLOW,GPT_EASY_BATCH,UNRUN,Queued for independent GPT reconstruction and review from Ghidra evidence.
0x003DECC0,NetLib::Error::NijiNetworkError::SetResult,3,172,,YELLOW,GPT_EASY_BATCH,UNRUN,Queued for independent GPT reconstruction and review from Ghidra evidence.
0x00398410,Field::Encount::PokeSet::EncountProbCalc,3,176,,YELLOW,GPT_EASY_BATCH,UNRUN,Queued for independent GPT reconstruction and review from Ghidra evidence.
0x0043038C,PokeTool::SetupEvolveSituation,3,248,,YELLOW,GPT_EASY_BATCH,UNRUN,Queued for independent GPT reconstruction and review from Ghidra evidence.
0x002E839C,app::sort::StringBinary::LoadMain,3,300,,YELLOW,GPT_EASY_BATCH,UNRUN,Queued for independent GPT reconstruction and review from Ghidra evidence.
0x003D0114,NetApp::Evolution::APP_PARAM::DoEvolve,3,284,,YELLOW,GPT_EASY_BATCH,UNRUN,Queued for independent GPT reconstruction and review from Ghidra evidence.
0x00392DD8,Field::SetUpFieldSituation,4,364,,YELLOW,GPT_EASY_BATCH,UNRUN,Queued for independent GPT reconstruction and review from Ghidra evidence.
0x0031CBA8,pml::pokepara::CoreParam::ChangeTalentPower,4,200,,YELLOW,GPT_EASY_BATCH,UNRUN,Queued for independent GPT reconstruction and review from Ghidra evidence.
0x0031CA30,pml::pokepara::CoreParam::ChangeEffortPower,4,348,,YELLOW,GPT_EASY_BATCH,UNRUN,Queued for independent GPT reconstruction and review from Ghidra evidence.
0x002D1DB0,App::Tool::CommonMessageWindowView::CommonMessageWindowManipulator_OnEvent,3,64,,YELLOW,GPT_EASY_BATCH,UNRUN,Queued for independent GPT reconstruction and review from Ghidra evidence.
0x004AC498,App::Tool::CommonMessageWindowView::CommonMessageWindowManipulator_OnEvent,3,64,,YELLOW,GPT_EASY_BATCH,UNRUN,Queued for independent GPT reconstruction and review from Ghidra evidence.
0x002D2288,App::Tool::CommonMessageWindowManipulator::UpdateWindow,3,132,,YELLOW,GPT_EASY_BATCH,UNRUN,Queued for independent GPT reconstruction and review from Ghidra evidence.
0x002CE9D4,App::Tool::MessageMenuView::CommonMessageWindowView_OnEvent,4,308,,YELLOW,GPT_EASY_BATCH,UNRUN,Queued for independent GPT reconstruction and review from Ghidra evidence.
0x002CDFD4,App::Tool::MessageMenuView::SelectMenu,3,180,,YELLOW,GPT_EASY_BATCH,UNRUN,Queued for independent GPT reconstruction and review from Ghidra evidence.
0x004AC3E4,App::Tool::MessageMenuView::SelectMenu,3,180,,YELLOW,GPT_EASY_BATCH,UNRUN,Queued for independent GPT reconstruction and review from Ghidra evidence.
0x004B6FC4,__hardfp_tanf,4,368,,YELLOW,GPT_EASY_BATCH,UNRUN,Queued for independent GPT reconstruction and review from Ghidra evidence.
0x002F371C,app::tool::GeneralLowerView::SetLayoutMode,4,600,,YELLOW,GPT_EASY_BATCH,UNRUN,Queued for independent GPT reconstruction and review from Ghidra evidence.
0x0042B76C,PokeTool::PokeGetUtil::DoesDecidePlaceSpaceIfPut,4,108,,YELLOW,GPT_EASY_BATCH,UNRUN,Queued for independent GPT reconstruction and review from Ghidra evidence.
0x0042B958,PokeTool::PokeGetUtil::Check,4,120,,YELLOW,GPT_EASY_BATCH,UNRUN,Queued for independent GPT reconstruction and review from Ghidra evidence.
0x00238900,nn::nex::Message::Message,2,176,,YELLOW,GPT_EASY_BATCH,UNRUN,Queued for independent GPT reconstruction and review from Ghidra evidence.
0x002FE954,__aeabi_memclr4,2,84,,YELLOW,GPT_EASY_BATCH,UNRUN,Queued for independent GPT reconstruction and review from Ghidra evidence.
0x00108B84,__aeabi_memcpy4,2,116,,YELLOW,GPT_EASY_BATCH,UNRUN,Queued for independent GPT reconstruction and review from Ghidra evidence.
0x002FEC20,__aeabi_memcpy,3,136,,YELLOW,GPT_EASY_BATCH,UNRUN,Queued for independent GPT reconstruction and review from Ghidra evidence.
0x00430AB0,PokeTool::KawaigariParamOptionCoreManager::GetAdjustLookAngle,3,172,,YELLOW,GPT_EASY_BATCH,UNRUN,Queued for independent GPT reconstruction and review from Ghidra evidence.
0x0039A1B8,Field::EventWork::ClearEventFlags,3,212,,YELLOW,GPT_EASY_BATCH,UNRUN,Queued for independent GPT reconstruction and review from Ghidra evidence.
0x00314074,pml::battle::TypeAffinity::CalcAffinity,3,152,,YELLOW,GPT_EASY_BATCH,UNRUN,Queued for independent GPT reconstruction and review from Ghidra evidence.
0x0051FFE4,glViewport,3,628,,YELLOW,GPT_EASY_BATCH,UNRUN,Queued for independent GPT reconstruction and review from Ghidra evidence.
0x001082D0,nn::os::LightEvent::Initialize,2,52,,YELLOW,GPT_EASY_BATCH,UNRUN,Queued for independent GPT reconstruction and review from Ghidra evidence.
0x002691F0,nn::jpeg::CTR::JpegMpDecoder::Initialize,2,80,,YELLOW,GPT_EASY_BATCH,UNRUN,Queued for independent GPT reconstruction and review from Ghidra evidence.
0x0016B998,nn::fs::detail::FileBase::TryRead,3,136,,YELLOW,GPT_EASY_BATCH,UNRUN,Queued for independent GPT reconstruction and review from Ghidra evidence.
0x00160284,BSP_TRAINER_DATA::Deserialize,3,304,,YELLOW,GPT_EASY_BATCH,UNRUN,Queued for independent GPT reconstruction and review from Ghidra evidence.
0x002F8874,app::tool::InfoWindowBookType::StartOpen,3,284,,YELLOW,GPT_EASY_BATCH,UNRUN,Queued for independent GPT reconstruction and review from Ghidra evidence.
0x00104000,std::collate<char>::do_compare,2,94,,YELLOW,GPT_EASY_BATCH,UNRUN,Queued for independent GPT reconstruction and review from Ghidra evidence.
0x0011704C,__aeabi_uldivmod,3,688,,YELLOW,GPT_EASY_BATCH,UNRUN,Queued for independent GPT reconstruction and review from Ghidra evidence.
0x00524494,nngxSwapBuffers,3,400,,YELLOW,GPT_EASY_BATCH,UNRUN,Queued for independent GPT reconstruction and review from Ghidra evidence.
0x0039DABC,Field::MoveModel::FieldMoveModel::GetHitCntFromOshikaeshiSceneEx,3,616,,YELLOW,GPT_EASY_BATCH,UNRUN,Queued for independent GPT reconstruction and review from Ghidra evidence.
0x0039A580,Field::EventWork::ClearReviveItemFlags,3,308,,YELLOW,GPT_EASY_BATCH,UNRUN,Queued for independent GPT reconstruction and review from Ghidra evidence.
0x002F8990,app::tool::InfoWindowBookType::InfoWindowBookType,2,288,,YELLOW,GPT_EASY_BATCH,UNRUN,Queued for independent GPT reconstruction and review from Ghidra evidence.
0x002CA478,App::Tool::MapManager::MapManager,2,324,,YELLOW,GPT_EASY_BATCH,UNRUN,Queued for independent GPT reconstruction and review from Ghidra evidence.
0x0030BBF0,app::util::AppRenderingManager::AppRenderingManager,2,364,,YELLOW,GPT_EASY_BATCH,UNRUN,Queued for independent GPT reconstruction and review from Ghidra evidence.
0x00475254,BSP_TRAINER_DATA::Serialize,2,260,,YELLOW,GPT_EASY_BATCH,UNRUN,Queued for independent GPT reconstruction and review from Ghidra evidence.
0x002409AC,nn::nex::qBuffer::push_back,2,128,,YELLOW,GPT_EASY_BATCH,UNRUN,Queued for independent GPT reconstruction and review from Ghidra evidence.
0x00240A2C,nn::nex::qBuffer::qBuffer,2,176,,YELLOW,GPT_EASY_BATCH,UNRUN,Queued for independent GPT reconstruction and review from Ghidra evidence.
0x0025EF74,nn::snd::CTR::Voice::AppendWaveBuffer,3,164,,YELLOW,GPT_EASY_BATCH,UNRUN,Queued for independent GPT reconstruction and review from Ghidra evidence.
0x001002D8,__2swprintf,2,72,,YELLOW,GPT_EASY_BATCH,UNRUN,Queued for independent GPT reconstruction and review from Ghidra evidence.
0x0025B460,nn::snd::CTR::SetMasterVolume,3,136,,YELLOW,GPT_EASY_BATCH,UNRUN,Queued for independent GPT reconstruction and review from Ghidra evidence.
0x002E9870,app::tool::MenuCursor::PutNonVisible,3,332,,YELLOW,GPT_EASY_BATCH,UNRUN,Queued for independent GPT reconstruction and review from Ghidra evidence.
0x003A11A8,Field::MoveModel::FieldMoveModelPlayer::IsEnableGroundRide,4,420,,YELLOW,GPT_EASY_BATCH,UNRUN,Queued for independent GPT reconstruction and review from Ghidra evidence.
0x004A4F90,poke_3d::model::DressUpModelResourceManagerCore::GetDressUpItemIndex,3,380,,YELLOW,GPT_EASY_BATCH,UNRUN,Queued for independent GPT reconstruction and review from Ghidra evidence.
0x002EF214,app::tool::ItemIconToolEx::Update,3,316,,YELLOW,GPT_EASY_BATCH,UNRUN,Queued for independent GPT reconstruction and review from Ghidra evidence.
0x0018DE4C,nn::nex::StringStream::operator<<,2,76,,YELLOW,GPT_EASY_BATCH,UNRUN,Queued for independent GPT reconstruction and review from Ghidra evidence.
0x002E8AA8,app::tool::IconObject::IconObject,3,304,,YELLOW,GPT_EASY_BATCH,UNRUN,Queued for independent GPT reconstruction and review from Ghidra evidence.
0x001706A8,nn::os::WaitObject::WaitMultiple,3,264,,YELLOW,GPT_EASY_BATCH,UNRUN,Queued for independent GPT reconstruction and review from Ghidra evidence.
0x00364ED0,gfl2::animation::AnimationController::GetMaterialSlot,3,184,,YELLOW,GPT_EASY_BATCH,UNRUN,Queued for independent GPT reconstruction and review from Ghidra evidence.
0x00365040,gfl2::animation::AnimationController::GetVisibilitySlot,3,184,,YELLOW,GPT_EASY_BATCH,UNRUN,Queued for independent GPT reconstruction and review from Ghidra evidence.
0x00364CB4,gfl2::animation::AnimationController::GetJointSlot,3,200,,YELLOW,GPT_EASY_BATCH,UNRUN,Queued for independent GPT reconstruction and review from Ghidra evidence.
0x0036A784,gfl2::animation::DrawEnvAnimationController::GetFogSlot,3,204,,YELLOW,GPT_EASY_BATCH,UNRUN,Queued for independent GPT reconstruction and review from Ghidra evidence.
0x0036AA5C,gfl2::animation::DrawEnvAnimationController::GetLightSlot,3,204,,YELLOW,GPT_EASY_BATCH,UNRUN,Queued for independent GPT reconstruction and review from Ghidra evidence.
0x0038603C,Field::PokemonSearch::DataAccessor::IsSearchBattleCall,3,272,,YELLOW,GPT_EASY_BATCH,UNRUN,Queued for independent GPT reconstruction and review from Ghidra evidence.
0x004A9100,Savedata::ZukanData::GetPokeSeeFlag,3,296,,YELLOW,GPT_EASY_BATCH,UNRUN,Queued for independent GPT reconstruction and review from Ghidra evidence.
0x0043B9AC,Savedata::MysteryGiftSave::SERIAL_DATA::QueryTimeoutPenalty,3,352,,YELLOW,GPT_EASY_BATCH,UNRUN,Queued for independent GPT reconstruction and review from Ghidra evidence.
0x0046FC14,NetAppLib::JoinFesta::JoinFestaPacketEventList::PopEvent,3,324,,YELLOW,GPT_EASY_BATCH,UNRUN,Queued for independent GPT reconstruction and review from Ghidra evidence.
0x0039D80C,Field::MoveModel::FieldMoveModel::GetHitCntFromOshikaeshiScene,3,672,,YELLOW,GPT_EASY_BATCH,UNRUN,Queued for independent GPT reconstruction and review from Ghidra evidence.
0x002EFB24,app::tool::PokeIconToolEx::Update,3,676,,YELLOW,GPT_EASY_BATCH,UNRUN,Queued for independent GPT reconstruction and review from Ghidra evidence.
0x00279730,nn::aacdec::CTR::Wait,3,144,,YELLOW,GPT_EASY_BATCH,UNRUN,Queued for independent GPT reconstruction and review from Ghidra evidence.
0x002F0D84,app::tool::TwoButtonsView::TwoButtonsView,3,380,,YELLOW,GPT_EASY_BATCH,UNRUN,Queued for independent GPT reconstruction and review from Ghidra evidence.
0x003158BC,pml::personal::LoadWazaOboeData,3,264,,YELLOW,GPT_EASY_BATCH,UNRUN,Queued for independent GPT reconstruction and review from Ghidra evidence.
0x00100380,_printf_int_dec,3,90,,YELLOW,GPT_EASY_BATCH,UNRUN,Queued for independent GPT reconstruction and review from Ghidra evidence.
0x0031EBDC,pml::PokeParty::ReplaceMember,3,208,,YELLOW,GPT_EASY_BATCH,UNRUN,Queued for independent GPT reconstruction and review from Ghidra evidence.
0x003A1F30,Field::MoveModel::FieldMoveModelPlayer::IsEnableGroundRideBetween,4,660,,YELLOW,GPT_EASY_BATCH,UNRUN,Queued for independent GPT reconstruction and review from Ghidra evidence.
0x002C89FC,App::Tool::ItemEffect::Create,3,264,,YELLOW,GPT_EASY_BATCH,UNRUN,Queued for independent GPT reconstruction and review from Ghidra evidence.
0x00434C10,PokeTool::PokeModel::SetupColorShader,3,352,,YELLOW,GPT_EASY_BATCH,UNRUN,Queued for independent GPT reconstruction and review from Ghidra evidence.
0x002F765C,app::tool::InfoWindowBookType::ResetContents,3,368,,YELLOW,GPT_EASY_BATCH,UNRUN,Queued for independent GPT reconstruction and review from Ghidra evidence.
0x002D2430,App::Tool::CommonMessageWindowManipulator::Setup,3,332,,YELLOW,GPT_EASY_BATCH,UNRUN,Queued for independent GPT reconstruction and review from Ghidra evidence.
0x003E7638,System::CTR::RegionNameCache::LoadRegionName,3,252,,YELLOW,GPT_EASY_BATCH,UNRUN,Queued for independent GPT reconstruction and review from Ghidra evidence.
0x0027882C,nngxGetPhysicalAddr,3,176,,YELLOW,GPT_EASY_BATCH,UNRUN,Queued for independent GPT reconstruction and review from Ghidra evidence.
0x003015EC,app::tool::PaneList::MainExScroll,4,440,,YELLOW,GPT_EASY_BATCH,UNRUN,Queued for independent GPT reconstruction and review from Ghidra evidence.
0x002EACE0,app::tool::MenuWindow::MenuWindow,3,288,,YELLOW,GPT_EASY_BATCH,UNRUN,Queued for independent GPT reconstruction and review from Ghidra evidence.
0x002E6D24,app::ui::UIResponder::ReloadButtonManager,3,280,,YELLOW,GPT_EASY_BATCH,UNRUN,Queued for independent GPT reconstruction and review from Ghidra evidence.
0x003E4560,System::EnvAccessor::ChangeAnimation,3,232,,YELLOW,GPT_EASY_BATCH,UNRUN,Queued for independent GPT reconstruction and review from Ghidra evidence.
0x002C8360,App::Tool::ItemEffect::Initialize,3,292,,YELLOW,GPT_EASY_BATCH,UNRUN,Queued for independent GPT reconstruction and review from Ghidra evidence.
0x002CE4C8,App::Tool::MessageMenuView::ShowMessageWithListMenu,4,516,,YELLOW,GPT_EASY_BATCH,UNRUN,Queued for independent GPT reconstruction and review from Ghidra evidence.
0x00458D78,NetAppLib::UI::NetAppQRTexture::Build,3,452,,YELLOW,GPT_EASY_BATCH,UNRUN,Queued for independent GPT reconstruction and review from Ghidra evidence.
0x002D3D44,App::Tool::TimeIcon::StartAnime,3,180,,YELLOW,GPT_EASY_BATCH,UNRUN,Queued for independent GPT reconstruction and review from Ghidra evidence.
0x003C9040,NetApp::BattleVideo::BattleVideoRequestClient::UploadBattleVideoRequestForBattleSpot,3,232,,YELLOW,GPT_EASY_BATCH,UNRUN,Queued for independent GPT reconstruction and review from Ghidra evidence.
0x001597F4,BattleInst::BattleInst::MakeTrainerDataWithBoss,3,380,,YELLOW,GPT_EASY_BATCH,UNRUN,Queued for independent GPT reconstruction and review from Ghidra evidence.
0x002FA504,app::tool::ModelViewerSequence::NoticeCmd,4,788,,YELLOW,GPT_EASY_BATCH,UNRUN,Queued for independent GPT reconstruction and review from Ghidra evidence.
0x002A7CC8,nw::lyt::Picture::Picture,3,212,,YELLOW,GPT_EASY_BATCH,UNRUN,Queued for independent GPT reconstruction and review from Ghidra evidence.
0x00454EC8,NetAppLib::JoinFestaUI::JoinFestaPlayerListSelectLowerViewBase::CallBack_ListWrite,4,420,,YELLOW,GPT_EASY_BATCH,UNRUN,Queued for independent GPT reconstruction and review from Ghidra evidence.
0x004AF34C,NetAppLib::JoinFestaUI::JoinFestaPlayerListSelectLowerViewBase::CallBack_ListWrite,4,428,,YELLOW,GPT_EASY_BATCH,UNRUN,Queued for independent GPT reconstruction and review from Ghidra evidence.
0x0015DAAC,ExtSavedata::BattleRecorderSaveData::CheckAllSaveDataValidityContinue,4,424,,YELLOW,GPT_EASY_BATCH,UNRUN,Queued for independent GPT reconstruction and review from Ghidra evidence.
0x002C87E8,App::Tool::ItemEffect::Start,4,512,,YELLOW,GPT_EASY_BATCH,UNRUN,Queued for independent GPT reconstruction and review from Ghidra evidence.
0x003C0298,print::SystemFont_CreateNumFont,3,328,,YELLOW,GPT_EASY_BATCH,UNRUN,Queued for independent GPT reconstruction and review from Ghidra evidence.
0x003C0360,print::SystemFont_CreateBattleFont,3,364,,YELLOW,GPT_EASY_BATCH,UNRUN,Queued for independent GPT reconstruction and review from Ghidra evidence.
0x0015A780,BattleInst::BattleInstManager::Create,3,292,,YELLOW,GPT_EASY_BATCH,UNRUN,Queued for independent GPT reconstruction and review from Ghidra evidence.
0x00279C08,nn::aacdec::CTR::Finalize,3,288,,YELLOW,GPT_EASY_BATCH,UNRUN,Queued for independent GPT reconstruction and review from Ghidra evidence.
0x00279428,nn::aacdec::CTR::Initialize,4,328,,YELLOW,GPT_EASY_BATCH,UNRUN,Queued for independent GPT reconstruction and review from Ghidra evidence.
0x002EAE0C,app::tool::MenuWindow::MenuWindow,4,472,,YELLOW,GPT_EASY_BATCH,UNRUN,Queued for independent GPT reconstruction and review from Ghidra evidence.
0x002F603C,app::tool::ScrollPaneManager::ScrollPaneManager,4,800,,YELLOW,GPT_EASY_BATCH,UNRUN,Queued for independent GPT reconstruction and review from Ghidra evidence.
0x001587F0,BattleInst::BattleInst::StartBattleRoyal,4,692,,YELLOW,GPT_EASY_BATCH,UNRUN,Queued for independent GPT reconstruction and review from Ghidra evidence.
0x00104478,_printf_d,1,16,,YELLOW,GPT_EASY_BATCH,UNRUN,Queued for independent GPT reconstruction and review from Ghidra evidence.
0x00595590,__aeabi_d2ulz,3,124,,YELLOW,GPT_EASY_BATCH,UNRUN,Queued for independent GPT reconstruction and review from Ghidra evidence.
0x00524D98,nngxWaitCmdlistDone,3,152,,YELLOW,GPT_EASY_BATCH,UNRUN,Queued for independent GPT reconstruction and review from Ghidra evidence.
0x003BF1E8,print::MessageWindow::MessageWindow,4,388,,YELLOW,GPT_EASY_BATCH,UNRUN,Queued for independent GPT reconstruction and review from Ghidra evidence.
0x004B6DFC,__hardfp_sinf,4,392,,YELLOW,GPT_EASY_BATCH,UNRUN,Queued for independent GPT reconstruction and review from Ghidra evidence.
0x002C8E60,App::Tool::MapManager::Initialize,4,656,,YELLOW,GPT_EASY_BATCH,UNRUN,Queued for independent GPT reconstruction and review from Ghidra evidence.
0x003E7834,System::CTR::CountryNameCache::LoadCountryName,4,412,,YELLOW,GPT_EASY_BATCH,UNRUN,Queued for independent GPT reconstruction and review from Ghidra evidence.
0x0042B4CC,PokeTool::PokeGetUtil::UpdatePokeAtPokeGet,4,292,,YELLOW,GPT_EASY_BATCH,UNRUN,Queued for independent GPT reconstruction and review from Ghidra evidence.
0x0043908C,Savedata::ResortSave::GimBonusTimeDownCount,2,72,,YELLOW,GPT_EASY_BATCH,UNRUN,Queued for independent GPT reconstruction and review from Ghidra evidence.
0x004391D4,Savedata::ResortSave::HotSpaBonusTimeDownCount,2,72,,YELLOW,GPT_EASY_BATCH,UNRUN,Queued for independent GPT reconstruction and review from Ghidra evidence.
0x004396D8,Savedata::ResortSave::AdventureBonusTimeDownCount,2,72,,YELLOW,GPT_EASY_BATCH,UNRUN,Queued for independent GPT reconstruction and review from Ghidra evidence.
0x00439720,Savedata::ResortSave::FarmFertilizerTimeDownCount,2,72,,YELLOW,GPT_EASY_BATCH,UNRUN,Queued for independent GPT reconstruction and review from Ghidra evidence.
0x0043991C,Savedata::ResortSave::WildPokemonServiceTimeDownCount,2,72,,YELLOW,GPT_EASY_BATCH,UNRUN,Queued for independent GPT reconstruction and review from Ghidra evidence.
0x00440EF4,Savedata::BOX::DeleteTeam,2,88,,YELLOW,GPT_EASY_BATCH,UNRUN,Queued for independent GPT reconstruction and review from Ghidra evidence.
0x004A6818,PokeTool::ExtendData::GetTableIndex,2,76,,YELLOW,GPT_EASY_BATCH,UNRUN,Queued for independent GPT reconstruction and review from Ghidra evidence.
0x00301170,strlen,2,92,,YELLOW,GPT_EASY_BATCH,UNRUN,Queued for independent GPT reconstruction and review from Ghidra evidence.
0x00409410,gflnet2::boss::BossManager::AddEventListener,2,96,,YELLOW,GPT_EASY_BATCH,UNRUN,Queued for independent GPT reconstruction and review from Ghidra evidence.
0x0048D468,app::sort::StringWaza::IsSecretWaza,2,116,,YELLOW,GPT_EASY_BATCH,UNRUN,Queued for independent GPT reconstruction and review from Ghidra evidence.
0x00441248,Savedata::BOX::ChangePokemon,2,120,,YELLOW,GPT_EASY_BATCH,UNRUN,Queued for independent GPT reconstruction and review from Ghidra evidence.
0x0040F9D8,poke_3d::model::PokemonModel::SetSpringEnable,2,120,,YELLOW,GPT_EASY_BATCH,UNRUN,Queued for independent GPT reconstruction and review from Ghidra evidence.
0x002EFA88,app::tool::PokeIconToolEx::IsAllReplaced,3,156,,YELLOW,GPT_EASY_BATCH,UNRUN,Queued for independent GPT reconstruction and review from Ghidra evidence.
0x00327174,gfl2::renderingengine::scenegraph::instance::LightSetNode::RemoveAllLight,3,200,,YELLOW,GPT_EASY_BATCH,UNRUN,Queued for independent GPT reconstruction and review from Ghidra evidence.
0x004453F8,Savedata::FieldMenu::GetMenuIconPos,2,112,,YELLOW,GPT_EASY_BATCH,UNRUN,Queued for independent GPT reconstruction and review from Ghidra evidence.
0x00117598,__aeabi_memmove4,2,128,,YELLOW,GPT_EASY_BATCH,UNRUN,Queued for independent GPT reconstruction and review from Ghidra evidence.
0x00356550,gfl2::str::StrComp,3,152,,YELLOW,GPT_EASY_BATCH,UNRUN,Queued for independent GPT reconstruction and review from Ghidra evidence.
0x004701A0,NetAppLib::JoinFesta::JoinFestaSelectWordTable::Setup,3,308,,YELLOW,GPT_EASY_BATCH,UNRUN,Queued for independent GPT reconstruction and review from Ghidra evidence.
0x00442DDC,Savedata::Fashion::IsChangeDressUpParam,3,160,,YELLOW,GPT_EASY_BATCH,UNRUN,Queued for independent GPT reconstruction and review from Ghidra evidence.
0x003A4610,Field::MoveModel::FieldMoveModelManager::PullEventRequestAll,3,160,,YELLOW,GPT_EASY_BATCH,UNRUN,Queued for independent GPT reconstruction and review from Ghidra evidence.
0x0038D160,Field::FieldItemManager::CreateDropItemData,4,452,,YELLOW,GPT_EASY_BATCH,UNRUN,Queued for independent GPT reconstruction and review from Ghidra evidence.
0x0039FB3C,Field::MoveModel::FieldMoveCodeManager::IsNpcMoveCode,2,92,,YELLOW,GPT_EASY_BATCH,UNRUN,Queued for independent GPT reconstruction and review from Ghidra evidence.
0x0043BC84,Savedata::MysteryGiftSave::GetBPGiftNum,3,176,,YELLOW,GPT_EASY_BATCH,UNRUN,Queued for independent GPT reconstruction and review from Ghidra evidence.
0x0043C0D4,Savedata::MysteryGiftSave::GetItemGiftNum,3,176,,YELLOW,GPT_EASY_BATCH,UNRUN,Queued for independent GPT reconstruction and review from Ghidra evidence.
0x0043C184,Savedata::MysteryGiftSave::GetMameGiftNum,3,176,,YELLOW,GPT_EASY_BATCH,UNRUN,Queued for independent GPT reconstruction and review from Ghidra evidence.
0x0043C234,Savedata::MysteryGiftSave::GetPokeGiftNum,3,176,,YELLOW,GPT_EASY_BATCH,UNRUN,Queued for independent GPT reconstruction and review from Ghidra evidence.
0x003010B4,strcmp,3,184,,YELLOW,GPT_EASY_BATCH,UNRUN,Queued for independent GPT reconstruction and review from Ghidra evidence.
0x004A7A78,Savedata::BOX::IsMeLock,3,156,,YELLOW,GPT_EASY_BATCH,UNRUN,Queued for independent GPT reconstruction and review from Ghidra evidence.
0x0049E1D8,Field::World::GetIDZoneInfo,3,184,,YELLOW,GPT_EASY_BATCH,UNRUN,Queued for independent GPT reconstruction and review from Ghidra evidence.
0x00382C9C,Field::FieldScript::ScriptEffectManager::GetEffect,3,192,,YELLOW,GPT_EASY_BATCH,UNRUN,Queued for independent GPT reconstruction and review from Ghidra evidence.
0x003162D8,pml::personal::METENO_GetShellFormNo,3,184,,YELLOW,GPT_EASY_BATCH,UNRUN,Queued for independent GPT reconstruction and review from Ghidra evidence.
0x00316020,pml::personal::METENO_GetCoreFormNo,3,188,,YELLOW,GPT_EASY_BATCH,UNRUN,Queued for independent GPT reconstruction and review from Ghidra evidence.
0x004A2EFC,System::CTR::RegionNameCache::GetRegionName,3,192,,YELLOW,GPT_EASY_BATCH,UNRUN,Queued for independent GPT reconstruction and review from Ghidra evidence.
0x0049D22C,Field::PokemonSearch::DataAccessor::GetSymbolEncountDataID,3,212,,YELLOW,GPT_EASY_BATCH,UNRUN,Queued for independent GPT reconstruction and review from Ghidra evidence.
0x0036D328,item::ITEM_GetWazaMashineNo,3,172,,YELLOW,GPT_EASY_BATCH,UNRUN,Queued for independent GPT reconstruction and review from Ghidra evidence.
0x0051F988,glFramebufferRenderbuffer,3,188,,YELLOW,GPT_EASY_BATCH,UNRUN,Queued for independent GPT reconstruction and review from Ghidra evidence.
0x00100C78,memcmp,2,116,,YELLOW,GPT_EASY_BATCH,UNRUN,Queued for independent GPT reconstruction and review from Ghidra evidence.
0x0036D274,item::ITEM_CheckWazaMachine,3,172,,YELLOW,GPT_EASY_BATCH,UNRUN,Queued for independent GPT reconstruction and review from Ghidra evidence.
0x0036CF60,item::ITEM_GetWazaNo,3,184,,YELLOW,GPT_EASY_BATCH,UNRUN,Queued for independent GPT reconstruction and review from Ghidra evidence.
0x001173E0,strncmp,3,236,,YELLOW,GPT_EASY_BATCH,UNRUN,Queued for independent GPT reconstruction and review from Ghidra evidence.
0x003565E8,gfl2::str::StrCopy,3,264,,YELLOW,GPT_EASY_BATCH,UNRUN,Queued for independent GPT reconstruction and review from Ghidra evidence.
0x00313F6C,pml::battle::TypeAffinity::MulAffinity,3,260,,YELLOW,GPT_EASY_BATCH,UNRUN,Queued for independent GPT reconstruction and review from Ghidra evidence.
0x0043AC84,Savedata::PokeDiarySave::Get,3,276,,YELLOW,GPT_EASY_BATCH,UNRUN,Queued for independent GPT reconstruction and review from Ghidra evidence.
0x004146C8,poke_3d::model::DressUpModelResourceManager::UnloadDressUpPartsAll,2,92,,YELLOW,GPT_EASY_BATCH,UNRUN,Queued for independent GPT reconstruction and review from Ghidra evidence.
0x00437460,Savedata::BoxPokemon::GetPokemonCountAll,2,100,,YELLOW,GPT_EASY_BATCH,UNRUN,Queued for independent GPT reconstruction and review from Ghidra evidence.
0x00456990,NetAppLib::BattleVideoPlayer::VideoDataManager::InitVideoData,2,128,,YELLOW,GPT_EASY_BATCH,UNRUN,Queued for independent GPT reconstruction and review from Ghidra evidence.
0x002A17B8,nw::lyt::Pane::Pane,2,304,,YELLOW,GPT_EASY_BATCH,UNRUN,Queued for independent GPT reconstruction and review from Ghidra evidence.
0x00524104,nngxSetMemAccessPrioMode,3,132,,YELLOW,GPT_EASY_BATCH,UNRUN,Queued for independent GPT reconstruction and review from Ghidra evidence.
0x00383278,Field::FieldScript::Work::SetWorkValue,3,132,,YELLOW,GPT_EASY_BATCH,UNRUN,Queued for independent GPT reconstruction and review from Ghidra evidence.
0x003874F8,Field::WarpDataTools::UpdateArrive,3,212,,YELLOW,GPT_EASY_BATCH,UNRUN,Queued for independent GPT reconstruction and review from Ghidra evidence.
0x001005FC,_printf_longlong_hex,3,88,,YELLOW,GPT_EASY_BATCH,UNRUN,Queued for independent GPT reconstruction and review from Ghidra evidence.
0x0043BF00,Savedata::MysteryGiftSave::SwapGiftData,3,240,,YELLOW,GPT_EASY_BATCH,UNRUN,Queued for independent GPT reconstruction and review from Ghidra evidence.
0x003A3F94,Field::MoveModel::FieldMoveModelManager::AddEventRequestAll,3,224,,YELLOW,GPT_EASY_BATCH,UNRUN,Queued for independent GPT reconstruction and review from Ghidra evidence.
0x004454A4,Savedata::FieldMenu::ChangeMenuIconID,3,260,,YELLOW,GPT_EASY_BATCH,UNRUN,Queued for independent GPT reconstruction and review from Ghidra evidence.
0x0051F120,glBindFramebuffer,3,244,,YELLOW,GPT_EASY_BATCH,UNRUN,Queued for independent GPT reconstruction and review from Ghidra evidence.
0x00441F44,Savedata::MyItem::InsertFreeSpace,4,476,,YELLOW,GPT_EASY_BATCH,UNRUN,Queued for independent GPT reconstruction and review from Ghidra evidence.
0x003389B0,gfl2::renderingengine::renderer::util::MakeReductionImagePath::Initialize,4,440,,YELLOW,GPT_EASY_BATCH,UNRUN,Queued for independent GPT reconstruction and review from Ghidra evidence.
0x00337FAC,gfl2::renderingengine::renderer::util::MakeBlurImagePath::Initialize,4,596,,YELLOW,GPT_EASY_BATCH,UNRUN,Queued for independent GPT reconstruction and review from Ghidra evidence.
0x002FF960,__aeabi_idivmod,4,556,,YELLOW,GPT_EASY_BATCH,UNRUN,Queued for independent GPT reconstruction and review from Ghidra evidence.
0x004AA1A4,Savedata::ZukanData::GetFormNoWhenSetDrawData,3,300,,YELLOW,GPT_EASY_BATCH,UNRUN,Queued for independent GPT reconstruction and review from Ghidra evidence.
0x002E79F4,app::ui::UIView::SetInputEnabledAllView,2,76,,YELLOW,GPT_EASY_BATCH,UNRUN,Queued for independent GPT reconstruction and review from Ghidra evidence.
0x00414568,poke_3d::model::DressUpModelResourceManager::IsDressUpPartsLoaded,3,164,,YELLOW,GPT_EASY_BATCH,UNRUN,Queued for independent GPT reconstruction and review from Ghidra evidence.
0x003E6084,System::SystemEventManager::RegistSystemEventListener,2,120,,YELLOW,GPT_EASY_BATCH,UNRUN,Queued for independent GPT reconstruction and review from Ghidra evidence.
0x00441B00,Savedata::MyItem::SortByName,3,172,,YELLOW,GPT_EASY_BATCH,UNRUN,Queued for independent GPT reconstruction and review from Ghidra evidence.
0x00107590,nn::os::LightEvent::Signal,3,180,,YELLOW,GPT_EASY_BATCH,UNRUN,Queued for independent GPT reconstruction and review from Ghidra evidence.
0x003021BA,__rw::__rw_locale_vector<__rw::__rw_facet_base*>::resize,3,72,,YELLOW,GPT_EASY_BATCH,UNRUN,Queued for independent GPT reconstruction and review from Ghidra evidence.
0x00306FC4,app::util::GetPaneHelper::Push,3,196,,YELLOW,GPT_EASY_BATCH,UNRUN,Queued for independent GPT reconstruction and review from Ghidra evidence.
0x00311A68,app::util::AppCamera::SetViewMatrix,4,660,,YELLOW,GPT_EASY_BATCH,UNRUN,Queued for independent GPT reconstruction and review from Ghidra evidence.
0x002FD74C,app::tool::AppToolTrainerIconRendering::OutputDefaultMyStatusIconData,4,392,,YELLOW,GPT_EASY_BATCH,UNRUN,Queued for independent GPT reconstruction and review from Ghidra evidence.
0x003D0234,NetApp::Evolution::APP_PARAM::NextWaza,3,168,,YELLOW,GPT_EASY_BATCH,UNRUN,Queued for independent GPT reconstruction and review from Ghidra evidence.
0x004A7FD4,Savedata::MyItem::GetItem,3,208,,YELLOW,GPT_EASY_BATCH,UNRUN,Queued for independent GPT reconstruction and review from Ghidra evidence.
0x002D3EB0,App::Tool::TimeLimit::GetProgression,3,232,,YELLOW,GPT_EASY_BATCH,UNRUN,Queued for independent GPT reconstruction and review from Ghidra evidence.
0x00441D9C,Savedata::MyItem::SubFreeSpace,3,236,,YELLOW,GPT_EASY_BATCH,UNRUN,Queued for independent GPT reconstruction and review from Ghidra evidence.
0x00442614,Savedata::MyItem::Swap,3,280,,YELLOW,GPT_EASY_BATCH,UNRUN,Queued for independent GPT reconstruction and review from Ghidra evidence.
0x0045A864,NetAppLib::UI::NetAppPokePartyUtility::RegisterStatusResource,3,276,,YELLOW,GPT_EASY_BATCH,UNRUN,Queued for independent GPT reconstruction and review from Ghidra evidence.
0x0043BFF0,Savedata::MysteryGiftSave::DeleteGiftData,3,228,,YELLOW,GPT_EASY_BATCH,UNRUN,Queued for independent GPT reconstruction and review from Ghidra evidence.
0x00415D8C,poke_3d::model::DressUpModelResourceManager::LoadDressUpDynamicAnimationSync,4,392,,YELLOW,GPT_EASY_BATCH,UNRUN,Queued for independent GPT reconstruction and review from Ghidra evidence.
0x00161A04,FullPowerEffectRenderPath1::DeleteManagedModel,3,240,,YELLOW,GPT_EASY_BATCH,UNRUN,Queued for independent GPT reconstruction and review from Ghidra evidence.
0x00415F14,poke_3d::model::DressUpModelResourceManager::LoadDressUpDynamicAnimationAsync,4,392,,YELLOW,GPT_EASY_BATCH,UNRUN,Queued for independent GPT reconstruction and review from Ghidra evidence.
0x004B58D4,__hardfp_atan2f,4,528,,YELLOW,GPT_EASY_BATCH,UNRUN,Queued for independent GPT reconstruction and review from Ghidra evidence.
0x00456FF4,NetAppLib::BattleVideoPlayer::VideoDataManager::LoadSerialNoData,4,632,,YELLOW,GPT_EASY_BATCH,UNRUN,Queued for independent GPT reconstruction and review from Ghidra evidence.
0x003CFD74,NetApp::Util::ConvertUtility::StrToU64,4,472,,YELLOW,GPT_EASY_BATCH,UNRUN,Queued for independent GPT reconstruction and review from Ghidra evidence.
0x00491404,pml::pokepara::CoreParam::GetLumpingRibbon,2,128,,YELLOW,GPT_EASY_BATCH,UNRUN,Queued for independent GPT reconstruction and review from Ghidra evidence.
0x0025BDD4,nn::snd::CTR::SendParameterToDsp,3,144,,YELLOW,GPT_EASY_BATCH,UNRUN,Queued for independent GPT reconstruction and review from Ghidra evidence.
0x0043E43C,Savedata::JoinFestaDataSave::DeleteBlackList,3,268,,YELLOW,GPT_EASY_BATCH,UNRUN,Queued for independent GPT reconstruction and review from Ghidra evidence.
0x0045D20C,NetAppLib::Util::NetAppCommonSaveUtility::SaveWait,3,132,,YELLOW,GPT_EASY_BATCH,UNRUN,Queued for independent GPT reconstruction and review from Ghidra evidence.
0x0031F21C,pml::PokeParty::AddMember,3,184,,YELLOW,GPT_EASY_BATCH,UNRUN,Queued for independent GPT reconstruction and review from Ghidra evidence.
0x002D397C,App::Tool::ListMenu::ListMenu,4,516,,YELLOW,GPT_EASY_BATCH,UNRUN,Queued for independent GPT reconstruction and review from Ghidra evidence.
0x00442518,Savedata::MyItem::Sub,3,252,,YELLOW,GPT_EASY_BATCH,UNRUN,Queued for independent GPT reconstruction and review from Ghidra evidence.
0x00411FDC,poke_3d::model::CharaModelFactory::Finalize,3,192,,YELLOW,GPT_EASY_BATCH,UNRUN,Queued for independent GPT reconstruction and review from Ghidra evidence.
0x00412108,poke_3d::model::CharaModelFactory::~CharaModelFactory,3,196,,YELLOW,GPT_EASY_BATCH,UNRUN,Queued for independent GPT reconstruction and review from Ghidra evidence.
0x00457F9C,NetAppLib::BattleVideoPlayer::VideoDataManager::UpdateDeleteVideoData,4,588,,YELLOW,GPT_EASY_BATCH,UNRUN,Queued for independent GPT reconstruction and review from Ghidra evidence.
0x00441E88,Savedata::MyItem::SortByWazaName,3,188,,YELLOW,GPT_EASY_BATCH,UNRUN,Queued for independent GPT reconstruction and review from Ghidra evidence.
0x0043E1F0,Savedata::JoinFestaDataSave::AddBlackList,3,284,,YELLOW,GPT_EASY_BATCH,UNRUN,Queued for independent GPT reconstruction and review from Ghidra evidence.
0x0031063C,app::util::G2DUtil::DeleteLayoutWork,3,216,,YELLOW,GPT_EASY_BATCH,UNRUN,Queued for independent GPT reconstruction and review from Ghidra evidence.
0x00308094,app::util::AppRenderingManager::AddDressUpModel,3,312,,YELLOW,GPT_EASY_BATCH,UNRUN,Queued for independent GPT reconstruction and review from Ghidra evidence.
0x003089C0,app::util::AppRenderingManager::RemoveDressUpModel,3,312,,YELLOW,GPT_EASY_BATCH,UNRUN,Queued for independent GPT reconstruction and review from Ghidra evidence.
0x0043691C,PokeTool::nakayoshi::UpdateFriendship,3,260,,YELLOW,GPT_EASY_BATCH,UNRUN,Queued for independent GPT reconstruction and review from Ghidra evidence.
0x0035FD30,gfl2::animation::AnimationPackList::LoadData,4,444,,YELLOW,GPT_EASY_BATCH,UNRUN,Queued for independent GPT reconstruction and review from Ghidra evidence.
0x004A8D44,Savedata::ZukanData::GetDrawData,4,548,,YELLOW,GPT_EASY_BATCH,UNRUN,Queued for independent GPT reconstruction and review from Ghidra evidence.
0x0030B844,app::util::AppRenderingManager::Update,4,500,,YELLOW,GPT_EASY_BATCH,UNRUN,Queued for independent GPT reconstruction and review from Ghidra evidence.
0x00459454,NetAppLib::UI::NetAppCursorView::SetCusorPosPanes,3,196,,YELLOW,GPT_EASY_BATCH,UNRUN,Queued for independent GPT reconstruction and review from Ghidra evidence.
0x00103F6C,__rw::__rw_locale_vector<std::__rw_open_cat_data>::resize,3,120,,YELLOW,GPT_EASY_BATCH,UNRUN,Queued for independent GPT reconstruction and review from Ghidra evidence.
0x0031CE4C,pml::pokepara::CoreParam::AddWazaIfEmptyExist,3,228,,YELLOW,GPT_EASY_BATCH,UNRUN,Queued for independent GPT reconstruction and review from Ghidra evidence.
0x00431088,PokeTool::form::UpdateFormForBox,3,236,,YELLOW,GPT_EASY_BATCH,UNRUN,Queued for independent GPT reconstruction and review from Ghidra evidence.
0x0042A970,PokeTool::GetDrawSex,3,132,,YELLOW,GPT_EASY_BATCH,UNRUN,Queued for independent GPT reconstruction and review from Ghidra evidence.
0x00435F1C,PokeTool::PokeModel::Update,3,256,,YELLOW,GPT_EASY_BATCH,UNRUN,Queued for independent GPT reconstruction and review from Ghidra evidence.
0x003AE7A8,Sound::PlaySE,4,220,,YELLOW,GPT_EASY_BATCH,UNRUN,Queued for independent GPT reconstruction and review from Ghidra evidence.
0x00380668,Field::FieldScript::FieldScriptSystem::ClearZoneLocalWork,3,252,,YELLOW,GPT_EASY_BATCH,UNRUN,Queued for independent GPT reconstruction and review from Ghidra evidence.
0x002F8C54,app::tool::CommonMessageObject::ShowMessageTextPane,3,324,,YELLOW,GPT_EASY_BATCH,UNRUN,Queued for independent GPT reconstruction and review from Ghidra evidence.
0x0043E3AC,Savedata::JoinFestaDataSave::SetRejectGuest,3,264,,YELLOW,GPT_EASY_BATCH,UNRUN,Queued for independent GPT reconstruction and review from Ghidra evidence.
0x002798C0,nn::aacdec::CTR::Decode,4,464,,YELLOW,GPT_EASY_BATCH,UNRUN,Queued for independent GPT reconstruction and review from Ghidra evidence.
0x00157E88,BattleInst::BattleInst::MakeAiPartner,4,456,,YELLOW,GPT_EASY_BATCH,UNRUN,Queued for independent GPT reconstruction and review from Ghidra evidence.
0x004142C0,poke_3d::model::DressUpModelResourceManager::Initialize,4,340,,YELLOW,GPT_EASY_BATCH,UNRUN,Queued for independent GPT reconstruction and review from Ghidra evidence.
0x004931F4,pml::pokepara::CoreParam::GetType1,3,224,,YELLOW,GPT_EASY_BATCH,UNRUN,Queued for independent GPT reconstruction and review from Ghidra evidence.
0x002EAAEC,app::tool::MenuWindow::StartMenu,4,496,,YELLOW,GPT_EASY_BATCH,UNRUN,Queued for independent GPT reconstruction and review from Ghidra evidence.
0x0033F960,gfl2::fs::AsyncFileManager::SyncArcFileLoadData,4,572,,YELLOW,GPT_EASY_BATCH,UNRUN,Queued for independent GPT reconstruction and review from Ghidra evidence.
0x0033FE48,gfl2::fs::AsyncFileManager::SyncArcFileLoadDataBuf,4,572,,YELLOW,GPT_EASY_BATCH,UNRUN,Queued for independent GPT reconstruction and review from Ghidra evidence.
0x003DA760,NetLib::Wifi::WifiConnectRunner::Update,3,288,,YELLOW,GPT_EASY_BATCH,UNRUN,Queued for independent GPT reconstruction and review from Ghidra evidence.
0x0014C31C,BATTLE_SETUP_Comm,4,328,,YELLOW,GPT_EASY_BATCH,UNRUN,Queued for independent GPT reconstruction and review from Ghidra evidence.
0x0041A84C,poke_3d::renderer::BloomRenderPath::SyncCreate,4,628,,YELLOW,GPT_EASY_BATCH,UNRUN,Queued for independent GPT reconstruction and review from Ghidra evidence.
0x00456A18,NetAppLib::BattleVideoPlayer::VideoDataManager::LoadVideoData,4,864,,YELLOW,GPT_EASY_BATCH,UNRUN,Queued for independent GPT reconstruction and review from Ghidra evidence.
0x003EB904,System::Skybox::Skybox::Initialize,4,396,,YELLOW,GPT_EASY_BATCH,UNRUN,Queued for independent GPT reconstruction and review from Ghidra evidence.
0x003969E4,Field::EvTime::Update,3,372,,YELLOW,GPT_EASY_BATCH,UNRUN,Queued for independent GPT reconstruction and review from Ghidra evidence.
0x00384B68,Field::FieldItemUse::ItemUseCheck,3,224,,YELLOW,GPT_EASY_BATCH,UNRUN,Queued for independent GPT reconstruction and review from Ghidra evidence.
0x003200E8,gfl2::devicecamera::DeviceCamera::GetYUVImage,4,136,,YELLOW,GPT_EASY_BATCH,UNRUN,Queued for independent GPT reconstruction and review from Ghidra evidence.
0x0042EFBC,PokeTool::PokeModelSystem::DeleteModel,3,276,,YELLOW,GPT_EASY_BATCH,UNRUN,Queued for independent GPT reconstruction and review from Ghidra evidence.
0x00373E7C,Field::FieldSound::GetFieldBGM,4,364,,YELLOW,GPT_EASY_BATCH,UNRUN,Queued for independent GPT reconstruction and review from Ghidra evidence.
0x002EA464,app::tool::MenuWindow::Create,4,476,,YELLOW,GPT_EASY_BATCH,UNRUN,Queued for independent GPT reconstruction and review from Ghidra evidence.
0x003D2CD0,NetLib::P2P::P2pSyncSave::UpdateSyncSave,4,780,,YELLOW,GPT_EASY_BATCH,UNRUN,Queued for independent GPT reconstruction and review from Ghidra evidence.
0x003DF358,NetLib::Error::NijiNetworkErrorManager::RegistListener,3,228,,YELLOW,GPT_EASY_BATCH,UNRUN,Queued for independent GPT reconstruction and review from Ghidra evidence.
0x0032C454,gfl2::renderingengine::scenegraph::resource::GfBinaryEnvData::SetBinaryEnvData,3,204,,YELLOW,GPT_EASY_BATCH,UNRUN,Queued for independent GPT reconstruction and review from Ghidra evidence.
0x00474868,Regulation::CheckParamBit,3,176,,YELLOW,GPT_EASY_BATCH,UNRUN,Queued for independent GPT reconstruction and review from Ghidra evidence.
0x004687F0,NetAppLib::JoinFesta::JoinFestaPersonalData::SetBattleRequestTargetUser,3,304,,YELLOW,GPT_EASY_BATCH,UNRUN,Queued for independent GPT reconstruction and review from Ghidra evidence.
0x00457D28,NetAppLib::BattleVideoPlayer::VideoDataManager::GetVideoDataListIdx,3,184,,YELLOW,GPT_EASY_BATCH,UNRUN,Queued for independent GPT reconstruction and review from Ghidra evidence.
0x003E52FC,System::ModelRenderPath::RemoveNode,3,328,,YELLOW,GPT_EASY_BATCH,UNRUN,Queued for independent GPT reconstruction and review from Ghidra evidence.
0x0041CABC,poke_3d::renderer::EdgeMapSceneRenderPath::RemoveEdgeRenderingTarget,3,328,,YELLOW,GPT_EASY_BATCH,UNRUN,Queued for independent GPT reconstruction and review from Ghidra evidence.
0x0041D104,poke_3d::renderer::DistortionPostRenderPath::RemoveDistortionRenderingTarget,3,328,,YELLOW,GPT_EASY_BATCH,UNRUN,Queued for independent GPT reconstruction and review from Ghidra evidence.
0x00333BB8,gfl2::renderingengine::renderer::DrawManager::RemoveDrawEnv,3,356,,YELLOW,GPT_EASY_BATCH,UNRUN,Queued for independent GPT reconstruction and review from Ghidra evidence.
0x003E3F68,System::MotionBlur::RenderOff,3,368,,YELLOW,GPT_EASY_BATCH,UNRUN,Queued for independent GPT reconstruction and review from Ghidra evidence.
0x0015E12C,WordSetLoader::GetMsgData,3,272,,YELLOW,GPT_EASY_BATCH,UNRUN,Queued for independent GPT reconstruction and review from Ghidra evidence.
0x003ED688,System::DressUp::OverwrideDressUpParamRide,3,164,,YELLOW,GPT_EASY_BATCH,UNRUN,Queued for independent GPT reconstruction and review from Ghidra evidence.
0x002F2C74,app::tool::CharaSimpleModel::CharaSimpleModel,3,368,,YELLOW,GPT_EASY_BATCH,UNRUN,Queued for independent GPT reconstruction and review from Ghidra evidence.
0x00442FFC,Savedata::Fashion::InitializeDefaultFashionItem,3,224,,YELLOW,GPT_EASY_BATCH,UNRUN,Queued for independent GPT reconstruction and review from Ghidra evidence.
0x00359000,gfl2::math::Random::Initialize,3,372,,YELLOW,GPT_EASY_BATCH,UNRUN,Queued for independent GPT reconstruction and review from Ghidra evidence.
0x00396D00,Field::Encount::EncountWork::CheckProbReset,3,228,,YELLOW,GPT_EASY_BATCH,UNRUN,Queued for independent GPT reconstruction and review from Ghidra evidence.
0x0031148C,app::util::G2DUtil::AttachLayoutResourceReference,3,204,,YELLOW,GPT_EASY_BATCH,UNRUN,Queued for independent GPT reconstruction and review from Ghidra evidence.
0x005214D8,mwmomoflexDemuxerGetStreamInfo,3,252,,YELLOW,GPT_EASY_BATCH,UNRUN,Queued for independent GPT reconstruction and review from Ghidra evidence.
0x00108304,nn::os::LightEvent::Wait,3,196,,YELLOW,GPT_EASY_BATCH,UNRUN,Queued for independent GPT reconstruction and review from Ghidra evidence.
0x0049EE54,Field::EventList::EventListData::GetCurrentIndex,3,244,,YELLOW,GPT_EASY_BATCH,UNRUN,Queued for independent GPT reconstruction and review from Ghidra evidence.
0x002EBF10,app::tool::ButtonManager::LinkButton,3,220,,YELLOW,GPT_EASY_BATCH,UNRUN,Queued for independent GPT reconstruction and review from Ghidra evidence.
0x00472CCC,NetAppLib::JoinFesta::JoinFestaPersonalDataManager::SetInviteFriendKey,3,144,,YELLOW,GPT_EASY_BATCH,UNRUN,Queued for independent GPT reconstruction and review from Ghidra evidence.
0x00499930,gfl2::lyt::LytWk::IsAnimeEnd,3,196,,YELLOW,GPT_EASY_BATCH,UNRUN,Queued for independent GPT reconstruction and review from Ghidra evidence.
0x001083E4,nn::os::LightEvent::ClearSignal,3,180,,YELLOW,GPT_EASY_BATCH,UNRUN,Queued for independent GPT reconstruction and review from Ghidra evidence.
0x004A9EE0,Savedata::ZukanData::GetLocalSeeCompCount,3,244,,YELLOW,GPT_EASY_BATCH,UNRUN,Queued for independent GPT reconstruction and review from Ghidra evidence.
0x004A9CD0,Savedata::ZukanData::GetLocalGetCompCount,3,244,,YELLOW,GPT_EASY_BATCH,UNRUN,Queued for independent GPT reconstruction and review from Ghidra evidence.
0x00434850,PokeTool::PokeModel::CleanColorShader,3,340,,YELLOW,GPT_EASY_BATCH,UNRUN,Queued for independent GPT reconstruction and review from Ghidra evidence.
0x0040CA94,itemman::ITEM_MANAGER::GetData,4,432,,YELLOW,GPT_EASY_BATCH,UNRUN,Queued for independent GPT reconstruction and review from Ghidra evidence.
0x00415C2C,poke_3d::model::DressUpModelResourceManager::WaitSetupDressUpPartsAsync,3,352,,YELLOW,GPT_EASY_BATCH,UNRUN,Queued for independent GPT reconstruction and review from Ghidra evidence.
0x00473148,NetAppLib::JoinFesta::JoinFestaPersonalDataManager::ResetInviteFriendKey,3,120,,YELLOW,GPT_EASY_BATCH,UNRUN,Queued for independent GPT reconstruction and review from Ghidra evidence.
0x00399664,Field::Encount::PokeSet::Clear,3,316,,YELLOW,GPT_EASY_BATCH,UNRUN,Queued for independent GPT reconstruction and review from Ghidra evidence.
0x00414AAC,poke_3d::model::DressUpModelResourceManager::Finalize,3,164,,YELLOW,GPT_EASY_BATCH,UNRUN,Queued for independent GPT reconstruction and review from Ghidra evidence.
0x003D20E8,NetLib::NijiNetworkSystem::GetOnlinePlayerNum,3,176,,YELLOW,GPT_EASY_BATCH,UNRUN,Queued for independent GPT reconstruction and review from Ghidra evidence.
0x004A9774,Savedata::ZukanData::CheckLocalGetComp,3,280,,YELLOW,GPT_EASY_BATCH,UNRUN,Queued for independent GPT reconstruction and review from Ghidra evidence.
0x004A9890,Savedata::ZukanData::CheckLocalSeeComp,3,280,,YELLOW,GPT_EASY_BATCH,UNRUN,Queued for independent GPT reconstruction and review from Ghidra evidence.
0x004AA07C,Savedata::ZukanData::GetPokeRegisterShowFlag,3,292,,YELLOW,GPT_EASY_BATCH,UNRUN,Queued for independent GPT reconstruction and review from Ghidra evidence.
0x003CFF50,NetApp::Util::ConvertUtility::U64ToStr,4,396,,YELLOW,GPT_EASY_BATCH,UNRUN,Queued for independent GPT reconstruction and review from Ghidra evidence.
0x00344888,gfl2::ro::RoManager::StartModule,3,244,,YELLOW,GPT_EASY_BATCH,UNRUN,Queued for independent GPT reconstruction and review from Ghidra evidence.
0x00407180,gflnet2::p2p::NetGame::RecvDataCommand,4,336,,YELLOW,GPT_EASY_BATCH,UNRUN,Queued for independent GPT reconstruction and review from Ghidra evidence.
0x0034497C,gfl2::ro::RoManager::DisposeModule,4,448,,YELLOW,GPT_EASY_BATCH,UNRUN,Queued for independent GPT reconstruction and review from Ghidra evidence.
0x00414B78,poke_3d::model::DressUpModelResourceManager::~DressUpModelResourceManager,3,188,,YELLOW,GPT_EASY_BATCH,UNRUN,Queued for independent GPT reconstruction and review from Ghidra evidence.
0x0029DDC4,nw::lyt::LoadTexture,4,312,,YELLOW,GPT_EASY_BATCH,UNRUN,Queued for independent GPT reconstruction and review from Ghidra evidence.
0x0015E4D4,WordSetLoader::WaitLoad,3,204,,YELLOW,GPT_EASY_BATCH,UNRUN,Queued for independent GPT reconstruction and review from Ghidra evidence.
0x002E88F0,app::tool::IconObject::UpdateFunc,3,244,,YELLOW,GPT_EASY_BATCH,UNRUN,Queued for independent GPT reconstruction and review from Ghidra evidence.
0x002D8870,App::Resort::ResortDataManager::Destroy,3,256,,YELLOW,GPT_EASY_BATCH,UNRUN,Queued for independent GPT reconstruction and review from Ghidra evidence.
0x0031EA74,pml::PokeParty::RemoveMember,3,360,,YELLOW,GPT_EASY_BATCH,UNRUN,Queued for independent GPT reconstruction and review from Ghidra evidence.
0x002C6A64,nw::font::ResFont::SetResource,4,400,,YELLOW,GPT_EASY_BATCH,UNRUN,Queued for independent GPT reconstruction and review from Ghidra evidence.
0x00305B00,app::util::EffectUtil::Create,4,828,,YELLOW,GPT_EASY_BATCH,UNRUN,Queued for independent GPT reconstruction and review from Ghidra evidence.
0x0042E17C,PokeTool::PresentPokemon::IsTradeEntry,3,276,,YELLOW,GPT_EASY_BATCH,UNRUN,Queued for independent GPT reconstruction and review from Ghidra evidence.
0x001031CC,__rw::__rw_locale_imp::__rw_locale_imp,3,172,,YELLOW,GPT_EASY_BATCH,UNRUN,Queued for independent GPT reconstruction and review from Ghidra evidence.
0x004334DC,PokeTool::PokeModel::UpdateAfter,4,276,,YELLOW,GPT_EASY_BATCH,UNRUN,Queued for independent GPT reconstruction and review from Ghidra evidence.
0x003027FC,__rw::__rw_locale_imp::__rw_locale_imp,4,224,,YELLOW,GPT_EASY_BATCH,UNRUN,Queued for independent GPT reconstruction and review from Ghidra evidence.
0x0031DAB0,pml::pokepara::CoreParam::PushWaza,4,344,,YELLOW,GPT_EASY_BATCH,UNRUN,Queued for independent GPT reconstruction and review from Ghidra evidence.
0x0047320C,NetAppLib::JoinFesta::JoinFestaPersonalDataManager::ChangePersonalRelation,4,396,,YELLOW,GPT_EASY_BATCH,UNRUN,Queued for independent GPT reconstruction and review from Ghidra evidence.
0x0045921C,NetAppLib::UI::NetAppCursorView::CreateCursor,4,480,,YELLOW,GPT_EASY_BATCH,UNRUN,Queued for independent GPT reconstruction and review from Ghidra evidence.
0x002EF4F8,app::tool::ItemIconToolEx::ItemIconToolEx,4,572,,YELLOW,GPT_EASY_BATCH,UNRUN,Queued for independent GPT reconstruction and review from Ghidra evidence.
0x002EFFA8,app::tool::PokeIconToolEx::PokeIconToolEx,4,668,,YELLOW,GPT_EASY_BATCH,UNRUN,Queued for independent GPT reconstruction and review from Ghidra evidence.
0x003D62B4,NetLib::P2P::P2pConnectionManager::ConnectStart,4,744,,YELLOW,GPT_EASY_BATCH,UNRUN,Queued for independent GPT reconstruction and review from Ghidra evidence.
0x0030FA18,app::util::G2DUtil::SetLayoutWork,4,768,,YELLOW,GPT_EASY_BATCH,UNRUN,Queued for independent GPT reconstruction and review from Ghidra evidence.
0x0031BB4C,pml::pokepara::CoreParam::ChangeFormNo,4,436,,YELLOW,GPT_EASY_BATCH,UNRUN,Queued for independent GPT reconstruction and review from Ghidra evidence.
0x001577F4,BattleInst::BattleInst::StartBattle,4,744,,YELLOW,GPT_EASY_BATCH,UNRUN,Queued for independent GPT reconstruction and review from Ghidra evidence.
0x0046F4EC,NetAppLib::JoinFesta::JoinFestaFacilitiesUtil::GetRandomColor,4,160,,YELLOW,GPT_EASY_BATCH,UNRUN,Queued for independent GPT reconstruction and review from Ghidra evidence.
0x00374DD4,Field::Application::CallEvent,4,528,,YELLOW,GPT_EASY_BATCH,UNRUN,Queued for independent GPT reconstruction and review from Ghidra evidence.
0x00438734,Savedata::ResortSave::SubPokeBeansNum,3,324,,YELLOW,GPT_EASY_BATCH,UNRUN,Queued for independent GPT reconstruction and review from Ghidra evidence.
0x0043D8B4,Savedata::MysteryGiftSave::GetGiftDataVacanciesWithDeletables,3,268,,YELLOW,GPT_EASY_BATCH,UNRUN,Queued for independent GPT reconstruction and review from Ghidra evidence.
0x00161430,FullPowerEffectRenderPath0::RemoveRenderingTarget,3,380,,YELLOW,GPT_EASY_BATCH,UNRUN,Queued for independent GPT reconstruction and review from Ghidra evidence.
0x00161AFC,FullPowerEffectRenderPath1::RemoveRenderingTarget,3,384,,YELLOW,GPT_EASY_BATCH,UNRUN,Queued for independent GPT reconstruction and review from Ghidra evidence.
0x00441390,Savedata::BOX::PackTeam,4,484,,YELLOW,GPT_EASY_BATCH,UNRUN,Queued for independent GPT reconstruction and review from Ghidra evidence.
0x0039327C,Field::EventPokemonRideTool::GetPokemonRideOnID,4,404,,YELLOW,GPT_EASY_BATCH,UNRUN,Queued for independent GPT reconstruction and review from Ghidra evidence.
0x004A54E0,poke_3d::model::BaseModel::GetWalkSpeed,4,488,,YELLOW,GPT_EASY_BATCH,UNRUN,Queued for independent GPT reconstruction and review from Ghidra evidence.
0x00446860,Savedata::ZukanData::SetPokeRegisterShow,4,428,,YELLOW,GPT_EASY_BATCH,UNRUN,Queued for independent GPT reconstruction and review from Ghidra evidence.
0x003DF468,NetLib::Error::NijiNetworkErrorManager::SetNetworkError,4,388,,YELLOW,GPT_EASY_BATCH,UNRUN,Queued for independent GPT reconstruction and review from Ghidra evidence.
0x00414F8C,poke_3d::model::DressUpModelResourceManager::SetupDressUpParts,4,392,,YELLOW,GPT_EASY_BATCH,UNRUN,Queued for independent GPT reconstruction and review from Ghidra evidence.
0x00407464,gflnet2::p2p::NetGame::RecvDataCommandLocalCommand,4,420,,YELLOW,GPT_EASY_BATCH,UNRUN,Queued for independent GPT reconstruction and review from Ghidra evidence.
0x00163AD0,mw::qre::QREncoder::EncodeWithImage,4,564,,YELLOW,GPT_EASY_BATCH,UNRUN,Queued for independent GPT reconstruction and review from Ghidra evidence.
0x003296B0,gfl2::renderingengine::scenegraph::instance::ModelInstanceNode::SetUpDrawTag,4,692,,YELLOW,GPT_EASY_BATCH,UNRUN,Queued for independent GPT reconstruction and review from Ghidra evidence.
0x002F3610,app::tool::GeneralLowerView::ObserveSetup,4,264,,YELLOW,GPT_EASY_BATCH,UNRUN,Queued for independent GPT reconstruction and review from Ghidra evidence.
0x0030CD2C,app::util::AppUtilFileControlState::Update,4,380,,YELLOW,GPT_EASY_BATCH,UNRUN,Queued for independent GPT reconstruction and review from Ghidra evidence.
0x0045A224,NetAppLib::UI::NetAppPokePartyUtility::Setup,4,924,,YELLOW,GPT_EASY_BATCH,UNRUN,Queued for independent GPT reconstruction and review from Ghidra evidence.
0x00339A20,gfl2::cx::SecureUncompress,4,288,,YELLOW,GPT_EASY_BATCH,UNRUN,Queued for independent GPT reconstruction and review from Ghidra evidence.
0x0015DCCC,ExtSavedata::BattleRecorderSaveData::SaveData,4,440,,YELLOW,GPT_EASY_BATCH,UNRUN,Queued for independent GPT reconstruction and review from Ghidra evidence.
0x00472F30,NetAppLib::JoinFesta::JoinFestaPersonalDataManager::AddFieldPersonalList,4,404,,YELLOW,GPT_EASY_BATCH,UNRUN,Queued for independent GPT reconstruction and review from Ghidra evidence.
0x003102DC,app::util::G2DUtil::CreateLayoutWork,4,520,,YELLOW,GPT_EASY_BATCH,UNRUN,Queued for independent GPT reconstruction and review from Ghidra evidence.
0x004A3080,System::Skybox::Skybox::IsEnableParts,3,100,,YELLOW,GPT_EASY_BATCH,UNRUN,Queued for independent GPT reconstruction and review from Ghidra evidence.
0x004A7E00,Savedata::MyItem::GetPocketItem,4,144,,YELLOW,GPT_EASY_BATCH,UNRUN,Queued for independent GPT reconstruction and review from Ghidra evidence.
0x00472D50,NetAppLib::JoinFesta::JoinFestaPersonalData::SetCommRoute,4,244,,YELLOW,GPT_EASY_BATCH,UNRUN,Queued for independent GPT reconstruction and review from Ghidra evidence.
0x00104480,_printf_u,4,80,,YELLOW,GPT_EASY_BATCH,UNRUN,Queued for independent GPT reconstruction and review from Ghidra evidence.
0x00336910,gfl2::renderingengine::renderer::RenderingPipeLine::SceneRenderPath::SetCamera,3,516,,YELLOW,GPT_EASY_BATCH,UNRUN,Queued for independent GPT reconstruction and review from Ghidra evidence.
0x0041712C,poke_3d::model::BaseModel::SetRotation,4,512,,YELLOW,GPT_EASY_BATCH,UNRUN,Queued for independent GPT reconstruction and review from Ghidra evidence.
0x00238B34,nn::nex::Message::~Message,2,56,,YELLOW,GPT_EASY_BATCH,UNRUN,Queued for independent GPT reconstruction and review from Ghidra evidence.
0x00190D9C,nn::nex::MemoryManager::Allocate,2,68,,YELLOW,GPT_EASY_BATCH,UNRUN,Queued for independent GPT reconstruction and review from Ghidra evidence.
0x00236F84,nn::nex::String::~String,2,68,,YELLOW,GPT_EASY_BATCH,UNRUN,Queued for independent GPT reconstruction and review from Ghidra evidence.
0x0018DD80,nn::nex::StringStream::~StringStream,2,72,,YELLOW,GPT_EASY_BATCH,UNRUN,Queued for independent GPT reconstruction and review from Ghidra evidence.
0x00240BA0,nn::nex::qBuffer::~qBuffer,2,80,,YELLOW,GPT_EASY_BATCH,UNRUN,Queued for independent GPT reconstruction and review from Ghidra evidence.
0x00234B88,nn::nex::Buffer::~Buffer,2,80,,YELLOW,GPT_EASY_BATCH,UNRUN,Queued for independent GPT reconstruction and review from Ghidra evidence.
0x00106464,nn::os::Thread::TryInitializeAndStartImpl,3,228,,YELLOW,GPT_EASY_BATCH,UNRUN,Queued for independent GPT reconstruction and review from Ghidra evidence.
0x0034A9D8,gfl2::gfx::ctr::CTRGL::CreateConstantBuffer_,2,92,,YELLOW,GPT_EASY_BATCH,UNRUN,Queued for independent GPT reconstruction and review from Ghidra evidence.
0x0036D3DC,item::AsyncLoadBtlPocketData,3,280,,YELLOW,GPT_EASY_BATCH,UNRUN,Queued for independent GPT reconstruction and review from Ghidra evidence.
0x002370AC,nn::nex::String::operator=,3,88,,YELLOW,GPT_EASY_BATCH,UNRUN,Queued for independent GPT reconstruction and review from Ghidra evidence.
0x004A3F38,poke_3d::model::BaseCamera::GetProjectionMatrix,4,408,,YELLOW,GPT_EASY_BATCH,UNRUN,Queued for independent GPT reconstruction and review from Ghidra evidence.
0x00349FFC,gfl2::gfx::ctr::CTRGL::CreateTexture_,3,176,,YELLOW,GPT_EASY_BATCH,UNRUN,Queued for independent GPT reconstruction and review from Ghidra evidence.
0x0035A91C,gfl2::proc::Manager::Main,4,396,,YELLOW,GPT_EASY_BATCH,UNRUN,Queued for independent GPT reconstruction and review from Ghidra evidence.
0x003F79DC,gflnet2::nex::NexManager::BindDataStoreClient,4,416,,YELLOW,GPT_EASY_BATCH,UNRUN,Queued for independent GPT reconstruction and review from Ghidra evidence.
0x003AEB28,Sound::PlayVoice,3,384,,YELLOW,GPT_EASY_BATCH,UNRUN,Queued for independent GPT reconstruction and review from Ghidra evidence.
0x003F98A4,gflnet2::nex::NexRankingClient::DeleteScore,3,264,,YELLOW,GPT_EASY_BATCH,UNRUN,Queued for independent GPT reconstruction and review from Ghidra evidence.
0x003F9C78,gflnet2::nex::NexRankingClient::UploadCommonData,3,280,,YELLOW,GPT_EASY_BATCH,UNRUN,Queued for independent GPT reconstruction and review from Ghidra evidence.
0x003F9B1C,gflnet2::nex::NexRankingClient::GetRankingList,3,288,,YELLOW,GPT_EASY_BATCH,UNRUN,Queued for independent GPT reconstruction and review from Ghidra evidence.
0x00399C80,Field::EventList::EventListDataManager::InitializeWait,3,276,,YELLOW,GPT_EASY_BATCH,UNRUN,Queued for independent GPT reconstruction and review from Ghidra evidence.
0x003F9A08,gflnet2::nex::NexRankingClient::GetCommonData,3,264,,YELLOW,GPT_EASY_BATCH,UNRUN,Queued for independent GPT reconstruction and review from Ghidra evidence.
0x003859E8,Field::FieldSodateya::PokeTakeBackMenuWordset,3,208,,YELLOW,GPT_EASY_BATCH,UNRUN,Queued for independent GPT reconstruction and review from Ghidra evidence.
0x003E0ACC,NetLib::Delivery::DeliveryManager::StartSend,4,412,,YELLOW,GPT_EASY_BATCH,UNRUN,Queued for independent GPT reconstruction and review from Ghidra evidence.
0x002E7DEC,app::ui::UIView::Delete2D,4,212,,YELLOW,GPT_EASY_BATCH,UNRUN,Queued for independent GPT reconstruction and review from Ghidra evidence.
0x0037FE30,Field::FieldScript::FieldScriptSystem::CallZoneChange,4,372,,YELLOW,GPT_EASY_BATCH,UNRUN,Queued for independent GPT reconstruction and review from Ghidra evidence.
0x003D0484,NetLib::Validation::PokemonValidation::ReplaceMonsName,3,340,,YELLOW,GPT_EASY_BATCH,UNRUN,Queued for independent GPT reconstruction and review from Ghidra evidence.
0x002FCA98,app::tool::AppToolTrainerIconRendering::Initialize,4,756,,YELLOW,GPT_EASY_BATCH,UNRUN,Queued for independent GPT reconstruction and review from Ghidra evidence.
0x003744B4,Field::FieldSound::LoadFootSoundData,4,200,,YELLOW,GPT_EASY_BATCH,UNRUN,Queued for independent GPT reconstruction and review from Ghidra evidence.
0x003CDE90,NetApp::QR::QRUtility::AnalyzeQRBinaryForFriendCup,4,232,,YELLOW,GPT_EASY_BATCH,UNRUN,Queued for independent GPT reconstruction and review from Ghidra evidence.
0x002F0260,app::tool::ResourceLoader::ObserveLoad,4,340,,YELLOW,GPT_EASY_BATCH,UNRUN,Queued for independent GPT reconstruction and review from Ghidra evidence.
0x002CA2DC,App::Tool::MapManager::Terminate,4,388,,YELLOW,GPT_EASY_BATCH,UNRUN,Queued for independent GPT reconstruction and review from Ghidra evidence.
0x00357370,gfl2::Fade::FadeManager::ForceOut,3,116,,YELLOW,GPT_EASY_BATCH,UNRUN,Queued for independent GPT reconstruction and review from Ghidra evidence.
0x003573E4,gfl2::Fade::FadeManager::RequestIn,4,132,,YELLOW,GPT_EASY_BATCH,UNRUN,Queued for independent GPT reconstruction and review from Ghidra evidence.
0x00356B04,gfl2::Fade::FadeManager::ForceDefaultOut,4,184,,YELLOW,GPT_EASY_BATCH,UNRUN,Queued for independent GPT reconstruction and review from Ghidra evidence.
0x00100F1C,__aeabi_vec_dtor,2,34,,YELLOW,GPT_EASY_BATCH,UNRUN,Queued for independent GPT reconstruction and review from Ghidra evidence.
0x00100050,__aeabi_vec_ctor_nocookie_nodtor,2,34,,YELLOW,GPT_EASY_BATCH,UNRUN,Queued for independent GPT reconstruction and review from Ghidra evidence.
0x002FE350,_printf_pre_padding,2,44,,YELLOW,GPT_EASY_BATCH,UNRUN,Queued for independent GPT reconstruction and review from Ghidra evidence.
0x00168F10,nn::fs::CTR::MPCore::detail::UserFileSystem::TryOpenFile,3,144,,YELLOW,GPT_EASY_BATCH,UNRUN,Queued for independent GPT reconstruction and review from Ghidra evidence.
0x003F4C00,gflnet2::ServerClient::ServerClientRequestManager::AddRequestSequenceInternal,3,364,,YELLOW,GPT_EASY_BATCH,UNRUN,Queued for independent GPT reconstruction and review from Ghidra evidence.
0x0015E414,WordSetLoader::Release,3,192,,YELLOW,GPT_EASY_BATCH,UNRUN,Queued for independent GPT reconstruction and review from Ghidra evidence.
0x0015E844,WordSetLoader::~WordSetLoader,3,196,,YELLOW,GPT_EASY_BATCH,UNRUN,Queued for independent GPT reconstruction and review from Ghidra evidence.
0x002C8CF0,App::Tool::ItemEffect::Terminate,3,216,,YELLOW,GPT_EASY_BATCH,UNRUN,Queued for independent GPT reconstruction and review from Ghidra evidence.
0x0042FA68,PokeTool::PokeModelSystem::CreatePokeModelHeap,3,300,,YELLOW,GPT_EASY_BATCH,UNRUN,Queued for independent GPT reconstruction and review from Ghidra evidence.
0x0035E0E8,gfl2::Effect::System::System,3,328,,YELLOW,GPT_EASY_BATCH,UNRUN,Queued for independent GPT reconstruction and review from Ghidra evidence.
0x0015E5A0,WordSetLoader::StartLoad,3,380,,YELLOW,GPT_EASY_BATCH,UNRUN,Queued for independent GPT reconstruction and review from Ghidra evidence.
0x00411270,poke_3d::model::CharaModelFactory::Initialize,3,292,,YELLOW,GPT_EASY_BATCH,UNRUN,Queued for independent GPT reconstruction and review from Ghidra evidence.
0x00395E90,Field::World::Terminate,3,308,,YELLOW,GPT_EASY_BATCH,UNRUN,Queued for independent GPT reconstruction and review from Ghidra evidence.
0x002CE258,App::Tool::MessageMenuView::ShowMessageWithListMenu,4,624,,YELLOW,GPT_EASY_BATCH,UNRUN,Queued for independent GPT reconstruction and review from Ghidra evidence.
0x003BFF94,print::SystemFont_LoadNumFont,3,320,,YELLOW,GPT_EASY_BATCH,UNRUN,Queued for independent GPT reconstruction and review from Ghidra evidence.
0x002593F4,nn::snd::CTR::AllocVoice,4,420,,YELLOW,GPT_EASY_BATCH,UNRUN,Queued for independent GPT reconstruction and review from Ghidra evidence.
0x003B9514,gfl2::imagedb::ImageDBAccessor::EstimateRemainPictureNum,4,244,,YELLOW,GPT_EASY_BATCH,UNRUN,Queued for independent GPT reconstruction and review from Ghidra evidence.
0x00308C58,app::util::AppRenderingManager::CreateDefaultCamera,4,448,,YELLOW,GPT_EASY_BATCH,UNRUN,Queued for independent GPT reconstruction and review from Ghidra evidence.
0x00353BA8,gfl2::ngc::NGWordChecker::CheckFreewordWithRegulationASync,4,232,,YELLOW,GPT_EASY_BATCH,UNRUN,Queued for independent GPT reconstruction and review from Ghidra evidence.
0x003E463C,System::EnvAccessor::SetAnimationLoop,4,384,,YELLOW,GPT_EASY_BATCH,UNRUN,Queued for independent GPT reconstruction and review from Ghidra evidence.
0x003E4934,System::EnvAccessor::SetFrame,4,532,,YELLOW,GPT_EASY_BATCH,UNRUN,Queued for independent GPT reconstruction and review from Ghidra evidence.
0x002E73A8,app::ui::UIView::Initalize2D,3,284,,YELLOW,GPT_EASY_BATCH,UNRUN,Queued for independent GPT reconstruction and review from Ghidra evidence.
0x004902BC,pml::pokepara::EvolveManager::GetEvolvedMonsNo_byLevelUp,3,248,,YELLOW,GPT_EASY_BATCH,UNRUN,Queued for independent GPT reconstruction and review from Ghidra evidence.
0x003CDD58,NetApp::QR::QRUtility::AnalyzeQRBinaryForLiveCup,4,256,,YELLOW,GPT_EASY_BATCH,UNRUN,Queued for independent GPT reconstruction and review from Ghidra evidence.
0x0043857C,Savedata::ResortSave::ResultBoxHotSpa,4,340,,YELLOW,GPT_EASY_BATCH,UNRUN,Queued for independent GPT reconstruction and review from Ghidra evidence.
0x002EF350,app::tool::ItemIconToolEx::EndFunc,4,396,,YELLOW,GPT_EASY_BATCH,UNRUN,Queued for independent GPT reconstruction and review from Ghidra evidence.
0x002EFDC8,app::tool::PokeIconToolEx::EndFunc,4,416,,YELLOW,GPT_EASY_BATCH,UNRUN,Queued for independent GPT reconstruction and review from Ghidra evidence.
0x001074BC,gfl2::debug::GFLassertStop,2,32,,YELLOW,GPT_EASY_BATCH,UNRUN,Queued for independent GPT reconstruction and review from Ghidra evidence.
0x003EDD04,applib::frame::Manager::Draw,3,84,,YELLOW,GPT_EASY_BATCH,UNRUN,Queued for independent GPT reconstruction and review from Ghidra evidence.
0x0040F8FC,poke_3d::model::PokemonModel::UpdateSpring,3,140,,YELLOW,GPT_EASY_BATCH,UNRUN,Queued for independent GPT reconstruction and review from Ghidra evidence.
0x005222DC,nngxBindDisplaybuffer,3,256,,YELLOW,GPT_EASY_BATCH,UNRUN,Queued for independent GPT reconstruction and review from Ghidra evidence.
0x004940AC,gfl2::renderingengine::scenegraph::instance::ModelInstanceNode::GetReferenceCnt,3,156,,YELLOW,GPT_EASY_BATCH,UNRUN,Queued for independent GPT reconstruction and review from Ghidra evidence.
0x004A56CC,poke_3d::model::BaseModel::GetMaterialIndex,3,180,,YELLOW,GPT_EASY_BATCH,UNRUN,Queued for independent GPT reconstruction and review from Ghidra evidence.
0x002ECCAC,app::tool::ButtonManager::ChangeButtonProcessMode,3,260,,YELLOW,GPT_EASY_BATCH,UNRUN,Queued for independent GPT reconstruction and review from Ghidra evidence.
0x00522174,nngxBindCmdlist,3,344,,YELLOW,GPT_EASY_BATCH,UNRUN,Queued for independent GPT reconstruction and review from Ghidra evidence.
0x0051F21C,glBindRenderbuffer,3,312,,YELLOW,GPT_EASY_BATCH,UNRUN,Queued for independent GPT reconstruction and review from Ghidra evidence.
0x00496D88,gfl2::fs::AsyncFileManager::GetArcFile,3,124,,YELLOW,GPT_EASY_BATCH,UNRUN,Queued for independent GPT reconstruction and review from Ghidra evidence.
0x004976EC,gfl2::fs::AsyncFileManager::IsArcFileLoadDataPieceBufFinished,3,124,,YELLOW,GPT_EASY_BATCH,UNRUN,Queued for independent GPT reconstruction and review from Ghidra evidence.
0x0049721C,gfl2::fs::AsyncFileManager::IsArcFileOpenFinished,3,124,,YELLOW,GPT_EASY_BATCH,UNRUN,Queued for independent GPT reconstruction and review from Ghidra evidence.
0x00497320,gfl2::fs::AsyncFileManager::IsArcFileCloseFinished,3,124,,YELLOW,GPT_EASY_BATCH,UNRUN,Queued for independent GPT reconstruction and review from Ghidra evidence.
0x004354A0,PokeTool::PokeModel::ChangeAnimationResource,3,188,,YELLOW,GPT_EASY_BATCH,UNRUN,Queued for independent GPT reconstruction and review from Ghidra evidence.
0x00440DE0,Savedata::BOX::ChangeTray,3,272,,YELLOW,GPT_EASY_BATCH,UNRUN,Queued for independent GPT reconstruction and review from Ghidra evidence.
0x0043754C,Savedata::BoxPokemon::GetPokemonCountAll,3,164,,YELLOW,GPT_EASY_BATCH,UNRUN,Queued for independent GPT reconstruction and review from Ghidra evidence.
0x00437388,Savedata::BoxPokemon::GetSpaceCountAll,3,216,,YELLOW,GPT_EASY_BATCH,UNRUN,Queued for independent GPT reconstruction and review from Ghidra evidence.
0x00437770,Savedata::BoxPokemon::PutPokemonEmptyTrayAll,3,276,,YELLOW,GPT_EASY_BATCH,UNRUN,Queued for independent GPT reconstruction and review from Ghidra evidence.
0x00474668,Regulation::GetTextParam,3,288,,YELLOW,GPT_EASY_BATCH,UNRUN,Queued for independent GPT reconstruction and review from Ghidra evidence.
0x002EC198,app::tool::ButtonManager::SetButtonVisible,4,384,,YELLOW,GPT_EASY_BATCH,UNRUN,Queued for independent GPT reconstruction and review from Ghidra evidence.
0x00328118,gfl2::renderingengine::scenegraph::instance::InstanceCreator::CreateLightSetNode,4,408,,YELLOW,GPT_EASY_BATCH,UNRUN,Queued for independent GPT reconstruction and review from Ghidra evidence.
0x002FE024,app::tool::AppToolTrainerIconRendering::IsReady,4,648,,YELLOW,GPT_EASY_BATCH,UNRUN,Queued for independent GPT reconstruction and review from Ghidra evidence.
0x003004A0,app::tool::PaneList::InitListPut,4,460,,YELLOW,GPT_EASY_BATCH,UNRUN,Queued for independent GPT reconstruction and review from Ghidra evidence.
0x0015D640,ExtSavedata::BattleRecorderSaveData::CreateBattleSetupParam,4,688,,YELLOW,GPT_EASY_BATCH,UNRUN,Queued for independent GPT reconstruction and review from Ghidra evidence.
0x003CD8A4,NetApp::QR::QRUtility::AnalyzeQRBinaryForApp,4,804,,YELLOW,GPT_EASY_BATCH,UNRUN,Queued for independent GPT reconstruction and review from Ghidra evidence.
0x003A4B04,Field::MoveModel::FieldMoveModelManager::TerminateManagerResource,4,200,,YELLOW,GPT_EASY_BATCH,UNRUN,Queued for independent GPT reconstruction and review from Ghidra evidence.
0x00355F6C,gfl2::str::MsgData::GetString,4,536,,YELLOW,GPT_EASY_BATCH,UNRUN,Queued for independent GPT reconstruction and review from Ghidra evidence.
0x00382A44,Field::FieldScript::ScriptEffectManager::Update,4,480,,YELLOW,GPT_EASY_BATCH,UNRUN,Queued for independent GPT reconstruction and review from Ghidra evidence.
0x0031362C,BATTLE_PARAM_SetRegulation,4,568,,YELLOW,GPT_EASY_BATCH,UNRUN,Queued for independent GPT reconstruction and review from Ghidra evidence.
0x00522F80,nngxGenDisplaybuffers,4,304,,YELLOW,GPT_EASY_BATCH,UNRUN,Queued for independent GPT reconstruction and review from Ghidra evidence.
0x00522E4C,nngxGenCmdlists,4,300,,YELLOW,GPT_EASY_BATCH,UNRUN,Queued for independent GPT reconstruction and review from Ghidra evidence.
0x00433CE0,PokeTool::PokeModel::GetKeyTiming,4,348,,YELLOW,GPT_EASY_BATCH,UNRUN,Queued for independent GPT reconstruction and review from Ghidra evidence.
0x0043E5D8,Savedata::JoinFestaDataSave::SetRejectFriend,4,652,,YELLOW,GPT_EASY_BATCH,UNRUN,Queued for independent GPT reconstruction and review from Ghidra evidence.
0x002E7BA8,app::ui::UIView::Create2D,4,424,,YELLOW,GPT_EASY_BATCH,UNRUN,Queued for independent GPT reconstruction and review from Ghidra evidence.
0x003DAD64,NetLib::Wifi::ForceDisconnectWifi,4,572,,YELLOW,GPT_EASY_BATCH,UNRUN,Queued for independent GPT reconstruction and review from Ghidra evidence.
0x003A45B8,Field::MoveModel::FieldMoveModelManager::InitializeSubobject,2,88,,YELLOW,GPT_EASY_BATCH,UNRUN,Queued for independent GPT reconstruction and review from Ghidra evidence.
0x00522954,nngxDisplaybufferStorage,3,188,,YELLOW,GPT_EASY_BATCH,UNRUN,Queued for independent GPT reconstruction and review from Ghidra evidence.
0x004A35E4,poke_3d::model::BaseCamera::GetPosition,4,516,,YELLOW,GPT_EASY_BATCH,UNRUN,Queued for independent GPT reconstruction and review from Ghidra evidence.
0x002C8068,App::Box::BoxAppSetup::CreateMenuWindowResource,3,156,,YELLOW,GPT_EASY_BATCH,UNRUN,Queued for independent GPT reconstruction and review from Ghidra evidence.
0x002C7FB0,App::Box::BoxAppSetup::ProcResourceRead,3,184,,YELLOW,GPT_EASY_BATCH,UNRUN,Queued for independent GPT reconstruction and review from Ghidra evidence.
0x003A4908,Field::MoveModel::FieldMoveModelManager::InitializeMoveModelWork,2,108,,YELLOW,GPT_EASY_BATCH,UNRUN,Queued for independent GPT reconstruction and review from Ghidra evidence.
0x00306D74,app::util::FileAccessor::FileOpen,3,152,,YELLOW,GPT_EASY_BATCH,UNRUN,Queued for independent GPT reconstruction and review from Ghidra evidence.
0x00306A2C,app::util::FileAccessor::FileOpenSync,3,152,,YELLOW,GPT_EASY_BATCH,UNRUN,Queued for independent GPT reconstruction and review from Ghidra evidence.
0x00171828,nn::os::Thread::TryInitializeAndStartImplUsingAutoStack,3,152,,YELLOW,GPT_EASY_BATCH,UNRUN,Queued for independent GPT reconstruction and review from Ghidra evidence.
0x00306944,app::util::FileAccessor::FileLoadSync,3,200,,YELLOW,GPT_EASY_BATCH,UNRUN,Queued for independent GPT reconstruction and review from Ghidra evidence.
0x00306C8C,app::util::FileAccessor::FileLoad,3,200,,YELLOW,GPT_EASY_BATCH,UNRUN,Queued for independent GPT reconstruction and review from Ghidra evidence.
0x001604E4,BSP_TRAINER_DATA::~BSP_TRAINER_DATA,3,96,,YELLOW,GPT_EASY_BATCH,UNRUN,Queued for independent GPT reconstruction and review from Ghidra evidence.
0x002F9ADC,app::tool::LytTexReplaceSystem::ReplaceTextureStatic,3,196,,YELLOW,GPT_EASY_BATCH,UNRUN,Queued for independent GPT reconstruction and review from Ghidra evidence.
0x00522564,nngxCmdlistStorage,3,212,,YELLOW,GPT_EASY_BATCH,UNRUN,Queued for independent GPT reconstruction and review from Ghidra evidence.
0x0051FED4,glRenderbufferStorage,4,252,,YELLOW,GPT_EASY_BATCH,UNRUN,Queued for independent GPT reconstruction and review from Ghidra evidence.
0x003C42A0,AppLib::Tool::PokeCapAccesser::OpenPokemonCapture,2,104,,YELLOW,GPT_EASY_BATCH,UNRUN,Queued for independent GPT reconstruction and review from Ghidra evidence.
0x003C4308,AppLib::Tool::PokeCapAccesser::PokemonCaptureRead,3,140,,YELLOW,GPT_EASY_BATCH,UNRUN,Queued for independent GPT reconstruction and review from Ghidra evidence.
0x002E76C0,app::ui::UIView::RemoveFromSuperView,3,96,,YELLOW,GPT_EASY_BATCH,UNRUN,Queued for independent GPT reconstruction and review from Ghidra evidence.
0x0043DEA4,Savedata::QRReaderSaveData::RegisterScannedDataHistory,4,336,,YELLOW,GPT_EASY_BATCH,UNRUN,Queued for independent GPT reconstruction and review from Ghidra evidence.
0x002F9700,app::tool::LytTexReplaceSystem::LoadTexture,3,236,,YELLOW,GPT_EASY_BATCH,UNRUN,Queued for independent GPT reconstruction and review from Ghidra evidence.
0x0034B464,gfl2::gfx::ctr::CTRGL::CreateTextureFromSurface_,3,248,,YELLOW,GPT_EASY_BATCH,UNRUN,Queued for independent GPT reconstruction and review from Ghidra evidence.
0x002E74CC,app::ui::UIView::DoInputAction,3,192,,YELLOW,GPT_EASY_BATCH,UNRUN,Queued for independent GPT reconstruction and review from Ghidra evidence.
0x004544F0,NetAppLib::JoinFestaUI::JoinFestaPlayerListSelectLowerViewBase::OnKeyAction,3,328,,YELLOW,GPT_EASY_BATCH,UNRUN,Queued for independent GPT reconstruction and review from Ghidra evidence.
0x004AED28,NetAppLib::JoinFestaUI::JoinFestaPlayerListSelectLowerViewBase::OnKeyAction,3,328,,YELLOW,GPT_EASY_BATCH,UNRUN,Queued for independent GPT reconstruction and review from Ghidra evidence.
0x0041E7D0,trainer::TrainerTypeData::LoadData,3,196,,YELLOW,GPT_EASY_BATCH,UNRUN,Queued for independent GPT reconstruction and review from Ghidra evidence.
0x0041E38C,trainer::LoadTrainerData,3,196,,YELLOW,GPT_EASY_BATCH,UNRUN,Queued for independent GPT reconstruction and review from Ghidra evidence.
0x003208C4,gfl2::devicecamera::DeviceCamera::Cleanup,4,148,,YELLOW,GPT_EASY_BATCH,UNRUN,Queued for independent GPT reconstruction and review from Ghidra evidence.
0x003FAF84,gflnet2::nex::NexDataStoreClient::UploadMetaData,4,200,,YELLOW,GPT_EASY_BATCH,UNRUN,Queued for independent GPT reconstruction and review from Ghidra evidence.
0x004A3818,poke_3d::model::BaseCamera::GetViewMatrix,4,1024,,YELLOW,GPT_EASY_BATCH,UNRUN,Queued for independent GPT reconstruction and review from Ghidra evidence.
0x003EB018,System::Skybox::Skybox::StartCreateResource,3,284,,YELLOW,GPT_EASY_BATCH,UNRUN,Queued for independent GPT reconstruction and review from Ghidra evidence.
0x0041DDE0,trainer::TrainerMessage::GetString,3,176,,YELLOW,GPT_EASY_BATCH,UNRUN,Queued for independent GPT reconstruction and review from Ghidra evidence.
0x003FAEA4,gflnet2::nex::NexDataStoreClient::CheageMetaData,4,216,,YELLOW,GPT_EASY_BATCH,UNRUN,Queued for independent GPT reconstruction and review from Ghidra evidence.
0x00385D08,Field::FieldSodateya::LoveCheck,3,220,,YELLOW,GPT_EASY_BATCH,UNRUN,Queued for independent GPT reconstruction and review from Ghidra evidence.
0x003D7420,NetLib::P2P::P2pConnectionManager::Terminate,4,248,,YELLOW,GPT_EASY_BATCH,UNRUN,Queued for independent GPT reconstruction and review from Ghidra evidence.
0x003FC960,gflnet2::nex::NexMatchMakingClient::JoinCommunity,4,272,,YELLOW,GPT_EASY_BATCH,UNRUN,Queued for independent GPT reconstruction and review from Ghidra evidence.
0x003FE808,gflnet2::nex::NexMatchMakingClient::FindCommunityByParticipant,4,276,,YELLOW,GPT_EASY_BATCH,UNRUN,Queued for independent GPT reconstruction and review from Ghidra evidence.
0x003FDB70,gflnet2::nex::NexMatchMakingClient::FindOfficialCommunity,4,276,,YELLOW,GPT_EASY_BATCH,UNRUN,Queued for independent GPT reconstruction and review from Ghidra evidence.
0x003E5560,System::ModelRenderPath::Execute,4,572,,YELLOW,GPT_EASY_BATCH,UNRUN,Queued for independent GPT reconstruction and review from Ghidra evidence.
0x003FCF1C,gflnet2::nex::NexMatchMakingClient::LeaveCommunity,4,288,,YELLOW,GPT_EASY_BATCH,UNRUN,Queued for independent GPT reconstruction and review from Ghidra evidence.
0x003F95A0,gflnet2::nex::NexRankingClient::Initialize,4,736,,YELLOW,GPT_EASY_BATCH,UNRUN,Queued for independent GPT reconstruction and review from Ghidra evidence.
0x00385DE4,Field::FieldSodateya::PokeBreed,4,384,,YELLOW,GPT_EASY_BATCH,UNRUN,Queued for independent GPT reconstruction and review from Ghidra evidence.
0x00385AB8,Field::FieldSodateya::EggAdopt,4,588,,YELLOW,GPT_EASY_BATCH,UNRUN,Queued for independent GPT reconstruction and review from Ghidra evidence.
0x0052061C,mwmofastaudioDecoderRelease,3,72,,YELLOW,GPT_EASY_BATCH,UNRUN,Queued for independent GPT reconstruction and review from Ghidra evidence.
0x00520F88,mwmomobiclipDecoderRelease,3,76,,YELLOW,GPT_EASY_BATCH,UNRUN,Queued for independent GPT reconstruction and review from Ghidra evidence.
0x003CE008,NetApp::QR::QRUtility::AnalyzeQRBinaryForBattleTeam,4,356,,YELLOW,GPT_EASY_BATCH,UNRUN,Queued for independent GPT reconstruction and review from Ghidra evidence.
0x0040DAD8,poke_3d::model::CharaModel::UpdateMouth,4,168,,YELLOW,GPT_EASY_BATCH,UNRUN,Queued for independent GPT reconstruction and review from Ghidra evidence.
0x0040E01C,poke_3d::model::CharaModel::UpdateEye,4,184,,YELLOW,GPT_EASY_BATCH,UNRUN,Queued for independent GPT reconstruction and review from Ghidra evidence.
0x0036CBA8,gfl2::collision::CollisionModel::GetHeight,4,608,,YELLOW,GPT_EASY_BATCH,UNRUN,Queued for independent GPT reconstruction and review from Ghidra evidence.
0x0015D5DC,ExtSavedata::BattleRecorderSaveData::ClearBattleSetupParam,3,100,,YELLOW,GPT_EASY_BATCH,UNRUN,Queued for independent GPT reconstruction and review from Ghidra evidence.
0x00499A98,gfl2::lyt::LytWk::GetPartsPane,3,188,,YELLOW,GPT_EASY_BATCH,UNRUN,Queued for independent GPT reconstruction and review from Ghidra evidence.
0x00499C1C,gfl2::lyt::LytWk::GetWindowPane,3,188,,YELLOW,GPT_EASY_BATCH,UNRUN,Queued for independent GPT reconstruction and review from Ghidra evidence.
0x00499D30,gfl2::lyt::LytWk::GetPicturePane,3,188,,YELLOW,GPT_EASY_BATCH,UNRUN,Queued for independent GPT reconstruction and review from Ghidra evidence.
0x00499F48,gfl2::lyt::LytWk::GetBoundingPane,3,188,,YELLOW,GPT_EASY_BATCH,UNRUN,Queued for independent GPT reconstruction and review from Ghidra evidence.
0x00499E3C,gfl2::lyt::LytWk::GetTextBoxPane,3,188,,YELLOW,GPT_EASY_BATCH,UNRUN,Queued for independent GPT reconstruction and review from Ghidra evidence.
0x003C23F4,print::WordSet::~WordSet,3,124,,YELLOW,GPT_EASY_BATCH,UNRUN,Queued for independent GPT reconstruction and review from Ghidra evidence.
0x0042FB98,PokeTool::PokeModelSystem::DeletePokeModelHeap,3,152,,YELLOW,GPT_EASY_BATCH,UNRUN,Queued for independent GPT reconstruction and review from Ghidra evidence.
0x002E7614,app::ui::UIView::RemoveAllSubView,4,160,,YELLOW,GPT_EASY_BATCH,UNRUN,Queued for independent GPT reconstruction and review from Ghidra evidence.
0x00458FC8,NetAppLib::UI::NetAppCursorView::OnKeyAction,4,348,,YELLOW,GPT_EASY_BATCH,UNRUN,Queued for independent GPT reconstruction and review from Ghidra evidence.
0x004A3CF4,poke_3d::model::BaseCamera::GetRotationQuat,4,520,,YELLOW,GPT_EASY_BATCH,UNRUN,Queued for independent GPT reconstruction and review from Ghidra evidence.
0x00305FC4,app::util::EffectUtil::Destroy,4,288,,YELLOW,GPT_EASY_BATCH,UNRUN,Queued for independent GPT reconstruction and review from Ghidra evidence.
0x00301828,__rw::__rw_throw,4,90,,YELLOW,GPT_EASY_BATCH,UNRUN,Queued for independent GPT reconstruction and review from Ghidra evidence.
0x0041DC54,trainer::TrainerMessage::GetStringID,4,396,,YELLOW,GPT_EASY_BATCH,UNRUN,Queued for independent GPT reconstruction and review from Ghidra evidence.
0x0039B678,Field::MoveModel::FieldMoveModel::SetSubobject,4,384,,YELLOW,GPT_EASY_BATCH,UNRUN,Queued for independent GPT reconstruction and review from Ghidra evidence.
0x0045EBB4,NetAppLib::System::NetAppFrameBase::InitFunc,4,252,,YELLOW,GPT_EASY_BATCH,UNRUN,Queued for independent GPT reconstruction and review from Ghidra evidence.
0x003FC578,gflnet2::nex::NexMatchMakingClient::Initialize,4,980,,YELLOW,GPT_EASY_BATCH,UNRUN,Queued for independent GPT reconstruction and review from Ghidra evidence.
0x002CB7E4,App::Tool::NewPaneList::Initialize,4,688,,YELLOW,GPT_EASY_BATCH,UNRUN,Queued for independent GPT reconstruction and review from Ghidra evidence.
0x0042AB18,PokeTool::BattleParty::CreateBattleParty,4,380,,YELLOW,GPT_EASY_BATCH,UNRUN,Queued for independent GPT reconstruction and review from Ghidra evidence.
0x0045DFEC,NetAppLib::Util::NetAppPokemonValidationUtility::VerifySignature,4,396,,YELLOW,GPT_EASY_BATCH,UNRUN,Queued for independent GPT reconstruction and review from Ghidra evidence.
0x0045E974,NetAppLib::System::NetAppFrameBase::EndFunc,4,324,,YELLOW,GPT_EASY_BATCH,UNRUN,Queued for independent GPT reconstruction and review from Ghidra evidence.
0x003A3958,Field::MoveModel::FieldMoveModelManager::UpdateSubobject,3,116,,YELLOW,GPT_EASY_BATCH,UNRUN,Queued for independent GPT reconstruction and review from Ghidra evidence.
0x002E7EC4,app::ui::UIView::DrawTree,3,116,,YELLOW,GPT_EASY_BATCH,UNRUN,Queued for independent GPT reconstruction and review from Ghidra evidence.
0x00520668,mwmofastaudioDecoderUnpackFrame,4,252,,YELLOW,GPT_EASY_BATCH,UNRUN,Queued for independent GPT reconstruction and review from Ghidra evidence.
0x0032E4CC,gfl2::renderingengine::scenegraph::resource::ArrayResourceNode::AddChild,4,208,,YELLOW,GPT_EASY_BATCH,UNRUN,Queued for independent GPT reconstruction and review from Ghidra evidence.
0x003A4974,Field::MoveModel::FieldMoveModelManager::SetSubobjectToMoveModel,4,400,,YELLOW,GPT_EASY_BATCH,UNRUN,Queued for independent GPT reconstruction and review from Ghidra evidence.
0x00439244,Savedata::ResortSave::PokemonCountHotSpaAndGim,4,248,,YELLOW,GPT_EASY_BATCH,UNRUN,Queued for independent GPT reconstruction and review from Ghidra evidence.
0x004A7008,Savedata::QRReaderSaveData::IsRegisteredData,4,352,,YELLOW,GPT_EASY_BATCH,UNRUN,Queued for independent GPT reconstruction and review from Ghidra evidence.
0x0015A04C,BattleInst::BattleInst::SetRibbon,4,532,,YELLOW,GPT_EASY_BATCH,UNRUN,Queued for independent GPT reconstruction and review from Ghidra evidence.
0x0015F878,PokeRegulation::CheckPokePartyForBtlTeam,4,388,,YELLOW,GPT_EASY_BATCH,UNRUN,Queued for independent GPT reconstruction and review from Ghidra evidence.
0x003D8C84,NetLib::Pgl::PGLConnector::UpdateWorldBattleStatus,4,648,,YELLOW,GPT_EASY_BATCH,UNRUN,Queued for independent GPT reconstruction and review from Ghidra evidence.
0x0052076C,mwmofilterDeblockerApply,4,472,,YELLOW,GPT_EASY_BATCH,UNRUN,Queued for independent GPT reconstruction and review from Ghidra evidence.
0x00439350,Savedata::ResortSave::SetPokePartyToGimPokemon,4,388,,YELLOW,GPT_EASY_BATCH,UNRUN,Queued for independent GPT reconstruction and review from Ghidra evidence.
0x00439768,Savedata::ResortSave::SetPokePartyToHotSpaPokemon,4,412,,YELLOW,GPT_EASY_BATCH,UNRUN,Queued for independent GPT reconstruction and review from Ghidra evidence.
0x00522804,nngxDeleteDisplaybuffers,4,292,,YELLOW,GPT_EASY_BATCH,UNRUN,Queued for independent GPT reconstruction and review from Ghidra evidence.
0x005226C0,nngxDeleteCmdlists,4,304,,YELLOW,GPT_EASY_BATCH,UNRUN,Queued for independent GPT reconstruction and review from Ghidra evidence.
0x00520B5C,mwmoimaadpcmDecoderUnpackFrame,4,276,,YELLOW,GPT_EASY_BATCH,UNRUN,Queued for independent GPT reconstruction and review from Ghidra evidence.
0x0049739C,gfl2::fs::AsyncFileManager::IsFileEasyReadFinished,4,228,,YELLOW,GPT_EASY_BATCH,UNRUN,Queued for independent GPT reconstruction and review from Ghidra evidence.
0x00497524,gfl2::fs::AsyncFileManager::IsArcFileLoadDataFinished,4,228,,YELLOW,GPT_EASY_BATCH,UNRUN,Queued for independent GPT reconstruction and review from Ghidra evidence.
0x00309290,app::util::AppRenderingManager::CreateDefaultDrawEnv,4,824,,YELLOW,GPT_EASY_BATCH,UNRUN,Queued for independent GPT reconstruction and review from Ghidra evidence.
0x0051F79C,glDeleteRenderbuffers,4,372,,YELLOW,GPT_EASY_BATCH,UNRUN,Queued for independent GPT reconstruction and review from Ghidra evidence.
0x0040FA34,poke_3d::model::PokemonModel::UpdateAnimation,4,828,,YELLOW,GPT_EASY_BATCH,UNRUN,Queued for independent GPT reconstruction and review from Ghidra evidence.
0x003568A4,gfl2::Fade::FadeManager::RequestOut,4,192,,YELLOW,GPT_EASY_BATCH,UNRUN,Queued for independent GPT reconstruction and review from Ghidra evidence.
0x00521728,mwmomoflexDemuxerRelease,3,92,,YELLOW,GPT_EASY_BATCH,UNRUN,Queued for independent GPT reconstruction and review from Ghidra evidence.
0x003E5A5C,System::ModelRenderPath::~ModelRenderPath,3,128,,YELLOW,GPT_EASY_BATCH,UNRUN,Queued for independent GPT reconstruction and review from Ghidra evidence.
0x002CD9E8,App::Tool::NewPaneList::Terminate,3,120,,YELLOW,GPT_EASY_BATCH,UNRUN,Queued for independent GPT reconstruction and review from Ghidra evidence.
0x0045E7DC,NetAppLib::System::NetAppFrameBase::UpdateFunc,4,160,,YELLOW,GPT_EASY_BATCH,UNRUN,Queued for independent GPT reconstruction and review from Ghidra evidence.
0x0045F6D4,NetAppLib::System::ApplicationWorkBase::~ApplicationWorkBase,4,152,,YELLOW,GPT_EASY_BATCH,UNRUN,Queued for independent GPT reconstruction and review from Ghidra evidence.
0x00356DD4,gfl2::Fade::FadeManager::RequestDefaultOut,4,320,,YELLOW,GPT_EASY_BATCH,UNRUN,Queued for independent GPT reconstruction and review from Ghidra evidence.
0x00437E00,Savedata::ResortSave::SetPlayTime,3,200,,YELLOW,GPT_EASY_BATCH,UNRUN,Queued for independent GPT reconstruction and review from Ghidra evidence.
0x003E449C,System::MotionBlur::~MotionBlur,4,156,,YELLOW,GPT_EASY_BATCH,UNRUN,Queued for independent GPT reconstruction and review from Ghidra evidence.
0x00438440,Savedata::ResortSave::GetDiffTimeDate,3,184,,YELLOW,GPT_EASY_BATCH,UNRUN,Queued for independent GPT reconstruction and review from Ghidra evidence.
0x00396B60,Field::Encount::EncountUtil::SyncLoadSymbolEncountParam,4,404,,YELLOW,GPT_EASY_BATCH,UNRUN,Queued for independent GPT reconstruction and review from Ghidra evidence.
0x0042F4F8,PokeTool::PokeModelSystem::InitSystemAsync,4,596,,YELLOW,GPT_EASY_BATCH,UNRUN,Queued for independent GPT reconstruction and review from Ghidra evidence.
0x002C8104,App::Box::BoxAppSetup::IsMenuWindowResourceLoaded,4,380,,YELLOW,GPT_EASY_BATCH,UNRUN,Queued for independent GPT reconstruction and review from Ghidra evidence.
0x003F84E0,gflnet2::nex::NexManager::Dispatch,4,312,,YELLOW,GPT_EASY_BATCH,UNRUN,Queued for independent GPT reconstruction and review from Ghidra evidence.
0x002CF3F8,App::Tool::PokeIconTexPool::InitFunc,4,584,,YELLOW,GPT_EASY_BATCH,UNRUN,Queued for independent GPT reconstruction and review from Ghidra evidence.
0x004365E8,PokeTool::PokePlace::CreateVersionName,4,488,,YELLOW,GPT_EASY_BATCH,UNRUN,Queued for independent GPT reconstruction and review from Ghidra evidence.
0x00358090,gfl2::heap::GflHeapFreeMemoryBlock,4,176,,YELLOW,GPT_EASY_BATCH,UNRUN,Queued for independent GPT reconstruction and review from Ghidra evidence.
0x002A88DC,nw::lyt::TextBox::SetFont,4,308,,YELLOW,GPT_EASY_BATCH,UNRUN,Queued for independent GPT reconstruction and review from Ghidra evidence.
0x002E7A44,app::ui::UIView::Update,4,236,,YELLOW,GPT_EASY_BATCH,UNRUN,Queued for independent GPT reconstruction and review from Ghidra evidence.
0x005204A0,mwmofastaudioDecoderCreate,4,272,,YELLOW,GPT_EASY_BATCH,UNRUN,Queued for independent GPT reconstruction and review from Ghidra evidence.
0x0042CE04,PokeTool::PersonalSort::ReloadFullData,4,244,,YELLOW,GPT_EASY_BATCH,UNRUN,Queued for independent GPT reconstruction and review from Ghidra evidence.
0x003E57B8,System::ModelRenderPath::ModelRenderPath,4,500,,YELLOW,GPT_EASY_BATCH,UNRUN,Queued for independent GPT reconstruction and review from Ghidra evidence.
0x003360E0,gfl2::renderingengine::renderer::RenderingPipeLine::SceneRenderPath::Initialize,4,540,,YELLOW,GPT_EASY_BATCH,UNRUN,Queued for independent GPT reconstruction and review from Ghidra evidence.
0x00336B14,gfl2::renderingengine::renderer::RenderingPipeLine::SceneRenderPath::SetupDraw,4,604,,YELLOW,GPT_EASY_BATCH,UNRUN,Queued for independent GPT reconstruction and review from Ghidra evidence.
0x00357174,gfl2::Fade::FadeManager::IsEnd,4,152,,YELLOW,GPT_EASY_BATCH,UNRUN,Queued for independent GPT reconstruction and review from Ghidra evidence.
0x00288508,nw::eft::EmitterSet::ForceCalc,4,260,,YELLOW,GPT_EASY_BATCH,UNRUN,Queued for independent GPT reconstruction and review from Ghidra evidence.
0x004363D4,PokeTool::PokePlace::CreatePlaceName,4,468,,YELLOW,GPT_EASY_BATCH,UNRUN,Queued for independent GPT reconstruction and review from Ghidra evidence.
0x0017C8A0,nn::nex::CallContext::Cancel,4,236,,YELLOW,GPT_EASY_BATCH,UNRUN,Queued for independent GPT reconstruction and review from Ghidra evidence.
0x003E3A38,System::MotionBlur::InitializeMotionBlurUpdate,4,832,,YELLOW,GPT_EASY_BATCH,UNRUN,Queued for independent GPT reconstruction and review from Ghidra evidence.
0x003D3B44,NetLib::P2P::NexRatingClient::ReportRatingStats,4,908,,YELLOW,GPT_EASY_BATCH,UNRUN,Queued for independent GPT reconstruction and review from Ghidra evidence.
0x0048D8EC,app::tool::ButtonManager::GetUpdateState,3,120,,YELLOW,GPT_EASY_BATCH,UNRUN,Queued for independent GPT reconstruction and review from Ghidra evidence.
0x003EBD58,System::Skybox::Skybox::DestroyParts,4,136,,YELLOW,GPT_EASY_BATCH,UNRUN,Queued for independent GPT reconstruction and review from Ghidra evidence.
0x0030F384,app::util::Heap::Delete,4,200,,YELLOW,GPT_EASY_BATCH,UNRUN,Queued for independent GPT reconstruction and review from Ghidra evidence.
0x003115D4,app::util::G2DUtil::SetVtxColorElementOfPicturePane,4,188,,YELLOW,GPT_EASY_BATCH,UNRUN,Queued for independent GPT reconstruction and review from Ghidra evidence.
0x0035B58C,gfl2::util::UtilTextRenderPath::UtilTextRenderPath,4,312,,YELLOW,GPT_EASY_BATCH,UNRUN,Queued for independent GPT reconstruction and review from Ghidra evidence.
0x002FE824,app::tool::AppToolTrainerIconRendering::~AppToolTrainerIconRendering,4,212,,YELLOW,GPT_EASY_BATCH,UNRUN,Queued for independent GPT reconstruction and review from Ghidra evidence.
0x003958E4,Field::World::Initialize,4,420,,YELLOW,GPT_EASY_BATCH,UNRUN,Queued for independent GPT reconstruction and review from Ghidra evidence.
0x0039723C,Field::Encount::EncountEffect::Initialize,4,472,,YELLOW,GPT_EASY_BATCH,UNRUN,Queued for independent GPT reconstruction and review from Ghidra evidence.
0x003E3300,System::MotionBlur::RenderStart,4,496,,YELLOW,GPT_EASY_BATCH,UNRUN,Queued for independent GPT reconstruction and review from Ghidra evidence.
0x00336F30,gfl2::renderingengine::renderer::RenderingPipeLine::Update,3,100,,YELLOW,GPT_EASY_BATCH,UNRUN,Queued for independent GPT reconstruction and review from Ghidra evidence.
0x00336004,gfl2::renderingengine::renderer::RenderingPipeLine::CallDisplayList,4,200,,YELLOW,GPT_EASY_BATCH,UNRUN,Queued for independent GPT reconstruction and review from Ghidra evidence.
0x00336F94,gfl2::renderingengine::renderer::RenderingPipeLine::Execute,4,200,,YELLOW,GPT_EASY_BATCH,UNRUN,Queued for independent GPT reconstruction and review from Ghidra evidence.
0x002E806C,app::ui::UIView::~UIView,4,372,,YELLOW,GPT_EASY_BATCH,UNRUN,Queued for independent GPT reconstruction and review from Ghidra evidence.
0x003C40B4,AppLib::Tool::PokeCapAccesser::GetArcFileIndex,4,480,,YELLOW,GPT_EASY_BATCH,UNRUN,Queued for independent GPT reconstruction and review from Ghidra evidence.
0x0032E31C,gfl2::renderingengine::scenegraph::resource::ArrayResourceNode::Freeze,4,416,,YELLOW,GPT_EASY_BATCH,UNRUN,Queued for independent GPT reconstruction and review from Ghidra evidence.
0x003669FC,gfl2::animation::AnimationController::~AnimationController,4,432,,YELLOW,GPT_EASY_BATCH,UNRUN,Queued for independent GPT reconstruction and review from Ghidra evidence.
0x0045B924,NetAppLib::Util::NetAppEffectBG::Setup,4,784,,YELLOW,GPT_EASY_BATCH,UNRUN,Queued for independent GPT reconstruction and review from Ghidra evidence.
0x004347D0,PokeTool::PokeModel::ChangeAnimation,0,4,,YELLOW,GPT_SOURCE_REFERENCE,UNRUN,"Queued with private historical source, Ghidra evidence, and independent GPT review."
0x002F929C,app::tool::InfoWindowSheetType::StartAsyncCreate,0,4,,YELLOW,GPT_SOURCE_REFERENCE,UNRUN,"Queued with private historical source, Ghidra evidence, and independent GPT review."
0x0043B008,Savedata::BattleInstSave::GetBattleBgm,0,8,,YELLOW,GPT_SOURCE_REFERENCE,UNRUN,"Queued with private historical source, Ghidra evidence, and independent GPT review."
0x002E6644,App::FieldMenu::PlayData::SetRideCursorPos,0,8,,YELLOW,GPT_SOURCE_REFERENCE,UNRUN,"Queued with private historical source, Ghidra evidence, and independent GPT review."
0x002CAF1C,App::Tool::TalkWindow::SetWindowType,0,8,,YELLOW,GPT_SOURCE_REFERENCE,UNRUN,"Queued with private historical source, Ghidra evidence, and independent GPT review."
0x002EC060,app::tool::ButtonManager::SetInputEnable,0,8,,YELLOW,GPT_SOURCE_REFERENCE,UNRUN,"Queued with private historical source, Ghidra evidence, and independent GPT review."
0x002F1918,app::tool::TimerIconUIView::IsArcDataComp,0,8,,YELLOW,GPT_SOURCE_REFERENCE,UNRUN,"Queued with private historical source, Ghidra evidence, and independent GPT review."
0x0030F4D0,app::util::G2DUtil::GetWordSet,0,8,,YELLOW,GPT_SOURCE_REFERENCE,UNRUN,"Queued with private historical source, Ghidra evidence, and independent GPT review."
0x00311820,app::util::G2DUtil::GetMsgWin,0,8,,YELLOW,GPT_SOURCE_REFERENCE,UNRUN,"Queued with private historical source, Ghidra evidence, and independent GPT review."
0x0040DCBC,poke_3d::model::CharaModel::SetMouthIndex,0,8,,YELLOW,GPT_SOURCE_REFERENCE,UNRUN,"Queued with private historical source, Ghidra evidence, and independent GPT review."
0x004100D0,poke_3d::model::PokemonModel::IsEnabledAmbientColor,0,8,,YELLOW,GPT_SOURCE_REFERENCE,UNRUN,"Queued with private historical source, Ghidra evidence, and independent GPT review."
0x003A841C,Field::MoveModel::FieldMoveModelAreaCharaAccessor::Initialize,0,8,,YELLOW,GPT_SOURCE_REFERENCE,UNRUN,"Queued with private historical source, Ghidra evidence, and independent GPT review."
0x002E6B98,app::ui::UIResponder::SetInputListener,0,8,,YELLOW,GPT_SOURCE_REFERENCE,UNRUN,"Queued with private historical source, Ghidra evidence, and independent GPT review."
0x003DF5D8,NetLib::Error::NijiNetworkErrorManager::RegistForceDisconnectListener,0,8,,YELLOW,GPT_SOURCE_REFERENCE,UNRUN,"Queued with private historical source, Ghidra evidence, and independent GPT review."
0x003E5444,System::ModelRenderPath::AddSheneCamera,0,8,,YELLOW,GPT_SOURCE_REFERENCE,UNRUN,"Queued with private historical source, Ghidra evidence, and independent GPT review."
0x0040D5BC,poke_3d::model::BaseCamera::SetFar,0,8,,YELLOW,GPT_SOURCE_REFERENCE,UNRUN,"Queued with private historical source, Ghidra evidence, and independent GPT review."
0x0040D5C4,poke_3d::model::BaseCamera::SetFovy,0,8,,YELLOW,GPT_SOURCE_REFERENCE,UNRUN,"Queued with private historical source, Ghidra evidence, and independent GPT review."
0x004734B8,NetAppLib::JoinFesta::JoinFestaPersonalDataManager::SetScriptTalkFriendKey,0,8,,YELLOW,GPT_SOURCE_REFERENCE,UNRUN,"Queued with private historical source, Ghidra evidence, and independent GPT review."
0x004439AC,Savedata::MyStatus::SetNexUniqueID,0,8,,YELLOW,GPT_SOURCE_REFERENCE,UNRUN,"Queued with private historical source, Ghidra evidence, and independent GPT review."
0x00443AD8,Savedata::MyStatus::SetPssPersonalDataStoreId,0,8,,YELLOW,GPT_SOURCE_REFERENCE,UNRUN,"Queued with private historical source, Ghidra evidence, and independent GPT review."
0x004A8408,Savedata::MyStatus::HasMegaRing,0,12,,YELLOW,GPT_SOURCE_REFERENCE,UNRUN,"Queued with private historical source, Ghidra evidence, and independent GPT review."
0x0045A5C4,NetAppLib::UI::NetAppPokePartyUtility::Cleanup,0,12,,YELLOW,GPT_SOURCE_REFERENCE,UNRUN,"Queued with private historical source, Ghidra evidence, and independent GPT review."
0x00318034,pml::pokepara::EvolveManager::EvolveManager,0,12,,YELLOW,GPT_SOURCE_REFERENCE,UNRUN,"Queued with private historical source, Ghidra evidence, and independent GPT review."
0x00439904,Savedata::ResortSave::SetBeansIvyHiddenTimeDownCount,0,12,,YELLOW,GPT_SOURCE_REFERENCE,UNRUN,"Queued with private historical source, Ghidra evidence, and independent GPT review."
0x00163A50,mw::qrd::QRDecoder::QRDecoder,0,12,,YELLOW,GPT_SOURCE_REFERENCE,UNRUN,"Queued with private historical source, Ghidra evidence, and independent GPT review."
0x00157AEC,BattleInst::BattleInst::GetTrainerID,0,12,,YELLOW,GPT_SOURCE_REFERENCE,UNRUN,"Queued with private historical source, Ghidra evidence, and independent GPT review."
0x002C7E04,App::Box::BoxAppSetup::GetArcReadBuff,0,12,,YELLOW,GPT_SOURCE_REFERENCE,UNRUN,"Queued with private historical source, Ghidra evidence, and independent GPT review."
0x00361ACC,gfl2::animation::AnimationSlotBase::SetAnimationResource,0,12,,YELLOW,GPT_SOURCE_REFERENCE,UNRUN,"Queued with private historical source, Ghidra evidence, and independent GPT review."
0x0045B2F4,NetAppLib::Util::BossUtility::GetRateRegulationFileName,0,12,,YELLOW,GPT_SOURCE_REFERENCE,UNRUN,"Queued with private historical source, Ghidra evidence, and independent GPT review."
0x0045B304,NetAppLib::Util::BossUtility::GetGlobalAttractionFileName,0,12,,YELLOW,GPT_SOURCE_REFERENCE,UNRUN,"Queued with private historical source, Ghidra evidence, and independent GPT review."
0x0031AECC,pml::pokepara::CoreParam::SetLangId,0,12,,YELLOW,GPT_SOURCE_REFERENCE,UNRUN,"Queued with private historical source, Ghidra evidence, and independent GPT review."
0x00350C8C,app::util::G2DUtil::SetAnimeSpeed,0,12,,YELLOW,GPT_SOURCE_REFERENCE,UNRUN,"Queued with private historical source, Ghidra evidence, and independent GPT review."
0x003D0C84,NetLib::Validation::PokemonValidation::SetPokemonValidationListener,0,12,,YELLOW,GPT_SOURCE_REFERENCE,UNRUN,"Queued with private historical source, Ghidra evidence, and independent GPT review."
0x00417EFC,poke_3d::model::BaseModel::SetInterestTagAdjustAngle,0,12,,YELLOW,GPT_SOURCE_REFERENCE,UNRUN,"Queued with private historical source, Ghidra evidence, and independent GPT review."
0x00417FFC,poke_3d::model::BaseModel::SetInterestAdjustAngleEnable,0,12,,YELLOW,GPT_SOURCE_REFERENCE,UNRUN,"Queued with private historical source, Ghidra evidence, and independent GPT review."
0x002E7720,app::ui::UIView::CreateGraphicsSystem,0,12,,YELLOW,GPT_SOURCE_REFERENCE,UNRUN,"Queued with private historical source, Ghidra evidence, and independent GPT review."
0x0036A850,System::EnvAccessor::Initialize,0,12,,YELLOW,GPT_SOURCE_REFERENCE,UNRUN,"Queued with private historical source, Ghidra evidence, and independent GPT review."
0x004AAF18,NetAppLib::JoinFesta::JoinFestaPersonalData::IsPersonalEventEnable,0,16,,YELLOW,GPT_SOURCE_REFERENCE,UNRUN,"Queued with private historical source, Ghidra evidence, and independent GPT review."
0x004AB3DC,NetAppLib::JoinFesta::JoinFestaPersonalData::IsAttractionPersonalEventEnable,0,16,,YELLOW,GPT_SOURCE_REFERENCE,UNRUN,"Queued with private historical source, Ghidra evidence, and independent GPT review."
0x00438020,Savedata::ResortSave::SetUpdateFlg,0,16,,YELLOW,GPT_SOURCE_REFERENCE,UNRUN,"Queued with private historical source, Ghidra evidence, and independent GPT review."
0x004380C0,Savedata::ResortSave::SetBonusLevel,0,16,,YELLOW,GPT_SOURCE_REFERENCE,UNRUN,"Queued with private historical source, Ghidra evidence, and independent GPT review."
0x0043EFD4,Savedata::JoinFestaDataSave::SetIsSkipMessageHorrorHouse,0,16,,YELLOW,GPT_SOURCE_REFERENCE,UNRUN,"Queued with private historical source, Ghidra evidence, and independent GPT review."
0x004415D8,Savedata::Misc::SetEventFirstCheck,0,16,,YELLOW,GPT_SOURCE_REFERENCE,UNRUN,"Queued with private historical source, Ghidra evidence, and independent GPT review."
0x002F9ACC,NetAppLib::UI::NetAppQRTexture::AssignTextureToPicturePane,0,16,,YELLOW,GPT_SOURCE_REFERENCE,UNRUN,"Queued with private historical source, Ghidra evidence, and independent GPT review."
0x00381440,Field::FieldScript::FieldScriptSystem::Suspend,0,16,,YELLOW,GPT_SOURCE_REFERENCE,UNRUN,"Queued with private historical source, Ghidra evidence, and independent GPT review."
0x002D2764,App::Tool::ListMenu::DeleteMenu,0,16,,YELLOW,GPT_SOURCE_REFERENCE,UNRUN,"Queued with private historical source, Ghidra evidence, and independent GPT review."
0x002FA4A4,app::tool::ModelViewerSequence::EndFunc,0,16,,YELLOW,GPT_SOURCE_REFERENCE,UNRUN,"Queued with private historical source, Ghidra evidence, and independent GPT review."
0x0030FD30,app::tool::AppToolGaugePartsLayout::SetVisible,0,16,,YELLOW,GPT_SOURCE_REFERENCE,UNRUN,"Queued with private historical source, Ghidra evidence, and independent GPT review."
0x0049A13C,gfl2::lyt::LytWk::GetLayoutCore,0,16,,YELLOW,GPT_SOURCE_REFERENCE,UNRUN,"Queued with private historical source, Ghidra evidence, and independent GPT review."
0x0049A29C,gfl2::lyt::LytWk::GetResource,0,16,,YELLOW,GPT_SOURCE_REFERENCE,UNRUN,"Queued with private historical source, Ghidra evidence, and independent GPT review."
0x004A2CB8,NetLib::Wifi::WifiConnectRunner::GetNexUniqueId,0,16,,YELLOW,GPT_SOURCE_REFERENCE,UNRUN,"Queued with private historical source, Ghidra evidence, and independent GPT review."
0x003F2BA8,GameSys::GameData::SetFieldCameraData,0,16,,YELLOW,GPT_SOURCE_REFERENCE,UNRUN,"Queued with private historical source, Ghidra evidence, and independent GPT review."
0x003BFEF8,app::ui::UIView::SetTextboxPaneMessage,0,16,,YELLOW,GPT_SOURCE_REFERENCE,UNRUN,"Queued with private historical source, Ghidra evidence, and independent GPT review."
0x004A6CB4,Savedata::GameSyncSave::GetIsCreateGameSyncSaveID,1,20,,YELLOW,GPT_SOURCE_REFERENCE,UNRUN,"Queued with private historical source, Ghidra evidence, and independent GPT review."
0x004A7628,Savedata::JoinFestaDataSave::GetIsSkipMessageStall,1,20,,YELLOW,GPT_SOURCE_REFERENCE,UNRUN,"Queued with private historical source, Ghidra evidence, and independent GPT review."
0x002C7F5C,App::Box::BoxAppSetup::IsResourceLoaded,1,20,,YELLOW,GPT_SOURCE_REFERENCE,UNRUN,"Queued with private historical source, Ghidra evidence, and independent GPT review."
0x002D82D8,App::Resort::ResortDataManager::ReleaseStop,1,20,,YELLOW,GPT_SOURCE_REFERENCE,UNRUN,"Queued with private historical source, Ghidra evidence, and independent GPT review."
0x0046177C,NetAppLib::Message::TelopTagProcessor::Update,1,20,,YELLOW,GPT_SOURCE_REFERENCE,UNRUN,"Queued with private historical source, Ghidra evidence, and independent GPT review."
0x004AAEC8,NetAppLib::JoinFesta::JoinFestaPersonalData::GetAttractionPokeType,1,20,,YELLOW,GPT_SOURCE_REFERENCE,UNRUN,"Queued with private historical source, Ghidra evidence, and independent GPT review."
0x00392708,Field::EventGimmickEncount::Setup,1,20,,YELLOW,GPT_SOURCE_REFERENCE,UNRUN,"Queued with private historical source, Ghidra evidence, and independent GPT review."
0x0041882C,poke_3d::renderer::BloomRenderPath::SetDrawEnvNode,1,20,,YELLOW,GPT_SOURCE_REFERENCE,UNRUN,"Queued with private historical source, Ghidra evidence, and independent GPT review."
0x0049A7DC,Savedata::JoinFestaDataSave::SetJoinFestaNameString,1,24,,YELLOW,GPT_SOURCE_REFERENCE,UNRUN,"Queued with private historical source, Ghidra evidence, and independent GPT review."
0x004AB320,NetAppLib::JoinFesta::JoinFestaPersonalData::IsEnablePacketTradeRecieve,1,24,,YELLOW,GPT_SOURCE_REFERENCE,UNRUN,"Queued with private historical source, Ghidra evidence, and independent GPT review."
0x002EC06C,NetAppLib::JoinFestaUI::JoinFestaPlayerListSelectLowerViewBase::SetActiveDecideButton,1,24,,YELLOW,GPT_SOURCE_REFERENCE,UNRUN,"Queued with private historical source, Ghidra evidence, and independent GPT review."
0x002EC124,NetAppLib::JoinFestaUI::JoinFestaPlayerListSelectLowerViewBase::SetPassiveDecideButton,1,24,,YELLOW,GPT_SOURCE_REFERENCE,UNRUN,"Queued with private historical source, Ghidra evidence, and independent GPT review."
0x0030CA14,app::util::AppDemoUtilityHelper::AppDemoUtilityHelper,1,24,,YELLOW,GPT_SOURCE_REFERENCE,UNRUN,"Queued with private historical source, Ghidra evidence, and independent GPT review."
0x00358FDC,gfl2::math::Random::Initialize,1,24,,YELLOW,GPT_SOURCE_REFERENCE,UNRUN,"Queued with private historical source, Ghidra evidence, and independent GPT review."
0x003E8550,System::Camera::CModelViewerInFrame::ResetCameraYawPitch,1,24,,YELLOW,GPT_SOURCE_REFERENCE,UNRUN,"Queued with private historical source, Ghidra evidence, and independent GPT review."
0x0041498C,poke_3d::model::DressUpModelResourceManager::LoadDressUpDynamicAnimationAsync,1,24,,YELLOW,GPT_SOURCE_REFERENCE,UNRUN,"Queued with private historical source, Ghidra evidence, and independent GPT review."
0x00443CCC,Savedata::MyStatus::SetIcon,1,24,,YELLOW,GPT_SOURCE_REFERENCE,UNRUN,"Queued with private historical source, Ghidra evidence, and independent GPT review."
0x004455A8,Savedata::FieldMenu::IsMenuIconEnable,1,28,,YELLOW,GPT_SOURCE_REFERENCE,UNRUN,"Queued with private historical source, Ghidra evidence, and independent GPT review."
0x004A6C4C,Savedata::FishingSpot::ExistRare,1,28,,YELLOW,GPT_SOURCE_REFERENCE,UNRUN,"Queued with private historical source, Ghidra evidence, and independent GPT review."
0x004A7C54,Savedata::Misc::IsTrainerPassStamp,1,28,,YELLOW,GPT_SOURCE_REFERENCE,UNRUN,"Queued with private historical source, Ghidra evidence, and independent GPT review."
0x004A8B5C,Savedata::FieldMenu::IsIconNew,1,28,,YELLOW,GPT_SOURCE_REFERENCE,UNRUN,"Queued with private historical source, Ghidra evidence, and independent GPT review."
0x00439190,Savedata::ResortSave::AddBeansIvyHiddenCount,1,28,,YELLOW,GPT_SOURCE_REFERENCE,UNRUN,"Queued with private historical source, Ghidra evidence, and independent GPT review."
0x004455C4,Savedata::FieldMenu::ResetRideNewFlag,1,28,,YELLOW,GPT_SOURCE_REFERENCE,UNRUN,"Queued with private historical source, Ghidra evidence, and independent GPT review."
0x0015A760,BattleInst::BattleInstManager::GetModelData,1,28,,YELLOW,GPT_SOURCE_REFERENCE,UNRUN,"Queued with private historical source, Ghidra evidence, and independent GPT review."
0x0030F280,app::util::Heap::Create,1,28,,YELLOW,GPT_SOURCE_REFERENCE,UNRUN,"Queued with private historical source, Ghidra evidence, and independent GPT review."
0x004390D4,Savedata::ResortSave::ResetNewHotSpaPokemon,1,32,,YELLOW,GPT_SOURCE_REFERENCE,UNRUN,"Queued with private historical source, Ghidra evidence, and independent GPT review."
0x00441740,Savedata::Misc::SetTrainerPassStamp,1,32,,YELLOW,GPT_SOURCE_REFERENCE,UNRUN,"Queued with private historical source, Ghidra evidence, and independent GPT review."
0x003DF5EC,NetLib::Error::NijiNetworkErrorManager::Clear,1,32,,YELLOW,GPT_SOURCE_REFERENCE,UNRUN,"Queued with private historical source, Ghidra evidence, and independent GPT review."
0x0030F5B4,app::tool::FingerCursor::SetPos,1,32,,YELLOW,GPT_SOURCE_REFERENCE,UNRUN,"Queued with private historical source, Ghidra evidence, and independent GPT review."
0x003BEC88,App::Tool::MessageMenuView::SetMessageAutoFlg,1,32,,YELLOW,GPT_SOURCE_REFERENCE,UNRUN,"Queued with private historical source, Ghidra evidence, and independent GPT review."
0x0048CABC,App::Tool::SlideScroll::GetDragOffset,1,36,,YELLOW,GPT_SOURCE_REFERENCE,UNRUN,"Queued with private historical source, Ghidra evidence, and independent GPT review."
0x00393258,Field::EventPokemonRideTool::GetPokemonRideOnID,1,36,,YELLOW,GPT_SOURCE_REFERENCE,UNRUN,"Queued with private historical source, Ghidra evidence, and independent GPT review."
0x002CDF30,App::Tool::SlideScroll::InitUpdateWork,1,36,,YELLOW,GPT_SOURCE_REFERENCE,UNRUN,"Queued with private historical source, Ghidra evidence, and independent GPT review."
0x00339414,gfl2::renderingengine::renderer::util::StretchBltFrameBufferPath::StretchBltFrameBufferPath,1,36,,YELLOW,GPT_SOURCE_REFERENCE,UNRUN,"Queued with private historical source, Ghidra evidence, and independent GPT review."
0x0041E894,trainer::TrainerTypeData::TrainerTypeData,1,36,,YELLOW,GPT_SOURCE_REFERENCE,UNRUN,"Queued with private historical source, Ghidra evidence, and independent GPT review."
0x0045B680,NetAppLib::Util::NetAppDateTime::NetAppDateTime,1,36,,YELLOW,GPT_SOURCE_REFERENCE,UNRUN,"Queued with private historical source, Ghidra evidence, and independent GPT review."
0x00381014,Field::FieldScript::FieldScriptSystem::SetTerrainBlockControlPosition,1,36,,YELLOW,GPT_SOURCE_REFERENCE,UNRUN,"Queued with private historical source, Ghidra evidence, and independent GPT review."
0x003F467C,GameSys::GameEvent::GameEvent,1,36,,YELLOW,GPT_SOURCE_REFERENCE,UNRUN,"Queued with private historical source, Ghidra evidence, and independent GPT review."
0x00399F38,Field::EventList::EventListDataManager::EventListDataManager,1,36,,YELLOW,GPT_SOURCE_REFERENCE,UNRUN,"Queued with private historical source, Ghidra evidence, and independent GPT review."
0x0043B254,Savedata::BattleInstSave::ClearScoutTrainerIndex,1,40,,YELLOW,GPT_SOURCE_REFERENCE,UNRUN,"Queued with private historical source, Ghidra evidence, and independent GPT review."
0x003E5AE4,System::DeviceTurnWatcher::Initialize,1,40,,YELLOW,GPT_SOURCE_REFERENCE,UNRUN,"Queued with private historical source, Ghidra evidence, and independent GPT review."
0x004977E4,App::Box::BoxAppSetup::GetBinLinkReadBuff,1,40,,YELLOW,GPT_SOURCE_REFERENCE,UNRUN,"Queued with private historical source, Ghidra evidence, and independent GPT review."
0x004687C8,NetAppLib::JoinFesta::JoinFestaPersonalData::SetTradeRequestTargetUser,1,40,,YELLOW,GPT_SOURCE_REFERENCE,UNRUN,"Queued with private historical source, Ghidra evidence, and independent GPT review."
0x0043DE70,Savedata::QRReaderSaveData::SetFieldScanTargetInfo,1,40,,YELLOW,GPT_SOURCE_REFERENCE,UNRUN,"Queued with private historical source, Ghidra evidence, and independent GPT review."
0x003F3B58,GameSys::GameProc::GameProc,1,44,,YELLOW,GPT_SOURCE_REFERENCE,UNRUN,"Queued with private historical source, Ghidra evidence, and independent GPT review."
0x004185D4,poke_3d::model::BaseModel::SetScale,1,44,,YELLOW,GPT_SOURCE_REFERENCE,UNRUN,"Queued with private historical source, Ghidra evidence, and independent GPT review."
0x002C8490,App::Tool::ItemEffect::IsUpdateTiming,1,48,,YELLOW,GPT_SOURCE_REFERENCE,UNRUN,"Queued with private historical source, Ghidra evidence, and independent GPT review."
0x0045B64C,NetAppLib::Util::NetAppDateTime::NetAppDateTime,1,48,,YELLOW,GPT_SOURCE_REFERENCE,UNRUN,"Queued with private historical source, Ghidra evidence, and independent GPT review."
0x002D464C,App::Event::ShopBuyEvent::SetupParamForFC,1,48,,YELLOW,GPT_SOURCE_REFERENCE,UNRUN,"Queued with private historical source, Ghidra evidence, and independent GPT review."
0x00439014,Savedata::ResortSave::GetAdventureBonusTime,1,56,,YELLOW,GPT_SOURCE_REFERENCE,UNRUN,"Queued with private historical source, Ghidra evidence, and independent GPT review."
0x002F1874,app::tool::TimerIconUIView::SetIconPos,1,56,,YELLOW,GPT_SOURCE_REFERENCE,UNRUN,"Queued with private historical source, Ghidra evidence, and independent GPT review."
0x002CC544,App::Tool::NewPaneList::SetupScrollParam,1,60,,YELLOW,GPT_SOURCE_REFERENCE,UNRUN,"Queued with private historical source, Ghidra evidence, and independent GPT review."
0x002F8FDC,app::tool::CommonMessageObject::CommonMessageObject,1,64,,YELLOW,GPT_SOURCE_REFERENCE,UNRUN,"Queued with private historical source, Ghidra evidence, and independent GPT review."
0x003FA720,gflnet2::nex::NexRankingClient::NexRankingClient,1,76,,YELLOW,GPT_SOURCE_REFERENCE,UNRUN,"Queued with private historical source, Ghidra evidence, and independent GPT review."
0x002CDF78,App::Tool::SlideScroll::SlideScroll,1,80,,YELLOW,GPT_SOURCE_REFERENCE,UNRUN,"Queued with private historical source, Ghidra evidence, and independent GPT review."
0x0041AEEC,poke_3d::renderer::BloomRenderPath::BloomRenderPath,1,84,,YELLOW,GPT_SOURCE_REFERENCE,UNRUN,"Queued with private historical source, Ghidra evidence, and independent GPT review."
0x002D26EC,App::Tool::CommonMessageWindowManipulator::CommonMessageWindowManipulator,1,104,,YELLOW,GPT_SOURCE_REFERENCE,UNRUN,"Queued with private historical source, Ghidra evidence, and independent GPT review."
0x00305774,app::tool::ScrollBar::ScrollBar,1,108,,YELLOW,GPT_SOURCE_REFERENCE,UNRUN,"Queued with private historical source, Ghidra evidence, and independent GPT review."
0x00460E08,NetAppLib::System::ApplicationSystemBase::ApplicationSystemBase,1,112,,YELLOW,GPT_SOURCE_REFERENCE,UNRUN,"Queued with private historical source, Ghidra evidence, and independent GPT review."
0x003F3C4C,GameSys::TimeZone::ConvertHourToTimeZone,1,48,,YELLOW,GPT_SOURCE_REFERENCE,UNRUN,"Queued with private historical source, Ghidra evidence, and independent GPT review."
0x0043B0D8,Savedata::BattleInstSave::SetPrizeWinCount,1,36,,YELLOW,GPT_SOURCE_REFERENCE,UNRUN,"Queued with private historical source, Ghidra evidence, and independent GPT review."
0x0043B66C,Savedata::PokeFinderSave::SetSpotFlags,1,40,,YELLOW,GPT_SOURCE_REFERENCE,UNRUN,"Queued with private historical source, Ghidra evidence, and independent GPT review."
0x00434E90,PokeTool::PokeModel::IsAvailableAnimation,1,40,,YELLOW,GPT_SOURCE_REFERENCE,UNRUN,"Queued with private historical source, Ghidra evidence, and independent GPT review."
0x00434EB8,PokeTool::PokeModel::IsAvailableAnimation,1,40,,YELLOW,GPT_SOURCE_REFERENCE,UNRUN,"Queued with private historical source, Ghidra evidence, and independent GPT review."
0x0039FB98,Field::MoveModel::FieldMoveCodeManager::GetMoveCodeWork,1,44,,YELLOW,GPT_SOURCE_REFERENCE,UNRUN,"Queued with private historical source, Ghidra evidence, and independent GPT review."
0x003A60D0,Field::MoveModel::FieldActionCommandManager::GetActionCommandWork,1,44,,YELLOW,GPT_SOURCE_REFERENCE,UNRUN,"Queued with private historical source, Ghidra evidence, and independent GPT review."
0x0039FBE8,Field::MoveModel::FieldMoveCodeManager::GetMoveCodeWork,1,44,,YELLOW,GPT_SOURCE_REFERENCE,UNRUN,"Queued with private historical source, Ghidra evidence, and independent GPT review."
0x00438704,Savedata::ResortSave::SetPokeBeansNum,1,48,,YELLOW,GPT_SOURCE_REFERENCE,UNRUN,"Queued with private historical source, Ghidra evidence, and independent GPT review."
0x00438D90,Savedata::ResortSave::IsBeansBottleGround,1,48,,YELLOW,GPT_SOURCE_REFERENCE,UNRUN,"Queued with private historical source, Ghidra evidence, and independent GPT review."
0x004A743C,Savedata::JoinFestaDataSave::GetRewardState,1,48,,YELLOW,GPT_SOURCE_REFERENCE,UNRUN,"Queued with private historical source, Ghidra evidence, and independent GPT review."
0x0033820C,gfl2::renderingengine::renderer::util::MakeBlurImagePath::ChangeDofType,1,48,,YELLOW,GPT_SOURCE_REFERENCE,UNRUN,"Queued with private historical source, Ghidra evidence, and independent GPT review."
0x0033823C,gfl2::renderingengine::renderer::util::MakeBlurImagePath::SetAvailableLayerNum,1,48,,YELLOW,GPT_SOURCE_REFERENCE,UNRUN,"Queued with private historical source, Ghidra evidence, and independent GPT review."
0x003572E4,gfl2::Fade::FadeManager::GetFade,1,48,,YELLOW,GPT_SOURCE_REFERENCE,UNRUN,"Queued with private historical source, Ghidra evidence, and independent GPT review."
0x00498930,gfl2::ui::DeviceManager::GetCrossKey,1,48,,YELLOW,GPT_SOURCE_REFERENCE,UNRUN,"Queued with private historical source, Ghidra evidence, and independent GPT review."
0x004989E4,gfl2::ui::DeviceManager::GetStick,1,48,,YELLOW,GPT_SOURCE_REFERENCE,UNRUN,"Queued with private historical source, Ghidra evidence, and independent GPT review."
0x001049C8,gfl2::ui::DeviceManager::GetButton,1,48,,YELLOW,GPT_SOURCE_REFERENCE,UNRUN,"Queued with private historical source, Ghidra evidence, and independent GPT review."
0x00474B28,Regulation::GetTimeLimitType,1,48,,YELLOW,GPT_SOURCE_REFERENCE,UNRUN,"Queued with private historical source, Ghidra evidence, and independent GPT review."
0x00474B58,Regulation::GetBackGroundType,1,48,,YELLOW,GPT_SOURCE_REFERENCE,UNRUN,"Queued with private historical source, Ghidra evidence, and independent GPT review."
0x00474BB8,Regulation::GetLevelRangeType,1,48,,YELLOW,GPT_SOURCE_REFERENCE,UNRUN,"Queued with private historical source, Ghidra evidence, and independent GPT review."
0x0048EE48,app::util::G2DUtil::GetPaneVisible,1,48,,YELLOW,GPT_SOURCE_REFERENCE,UNRUN,"Queued with private historical source, Ghidra evidence, and independent GPT review."
0x00474B88,Regulation::GetBattleCategory,1,48,,YELLOW,GPT_SOURCE_REFERENCE,UNRUN,"Queued with private historical source, Ghidra evidence, and independent GPT review."
0x00474974,Regulation::GetBattleRule,1,48,,YELLOW,GPT_SOURCE_REFERENCE,UNRUN,"Queued with private historical source, Ghidra evidence, and independent GPT review."
0x00383560,Field::FieldScript::Work::GetChildGlobalParam,1,52,,YELLOW,GPT_SOURCE_REFERENCE,UNRUN,"Queued with private historical source, Ghidra evidence, and independent GPT review."
0x003835CC,Field::FieldScript::Work::GetParentGlobalParam,1,52,,YELLOW,GPT_SOURCE_REFERENCE,UNRUN,"Queued with private historical source, Ghidra evidence, and independent GPT review."
0x004AACC8,NetAppLib::JoinFesta::JoinFestaPersonalData::GetPacketGameStatus1,1,52,,YELLOW,GPT_SOURCE_REFERENCE,UNRUN,"Queued with private historical source, Ghidra evidence, and independent GPT review."
0x004AAD94,NetAppLib::JoinFesta::JoinFestaPersonalData::GetPacketGameStatus5,1,52,,YELLOW,GPT_SOURCE_REFERENCE,UNRUN,"Queued with private historical source, Ghidra evidence, and independent GPT review."
0x00438A6C,Savedata::ResortSave::GetGimKindPowerID,1,56,,YELLOW,GPT_SOURCE_REFERENCE,UNRUN,"Queued with private historical source, Ghidra evidence, and independent GPT review."
0x0043A120,Savedata::WeatherSave::GetWeather,1,56,,YELLOW,GPT_SOURCE_REFERENCE,UNRUN,"Queued with private historical source, Ghidra evidence, and independent GPT review."
0x0049E198,Field::World::GetZoneInfo,1,56,,YELLOW,GPT_SOURCE_REFERENCE,UNRUN,"Queued with private historical source, Ghidra evidence, and independent GPT review."
0x004A6B00,PokeTool::RemaindSkill::GetWazaNo,1,56,,YELLOW,GPT_SOURCE_REFERENCE,UNRUN,"Queued with private historical source, Ghidra evidence, and independent GPT review."
0x0030FD40,app::util::G2DUtil::SetPaneVisible,1,56,,YELLOW,GPT_SOURCE_REFERENCE,UNRUN,"Queued with private historical source, Ghidra evidence, and independent GPT review."
0x00456FAC,NetAppLib::BattleVideoPlayer::VideoDataManager::InitSerialNoData,1,60,,YELLOW,GPT_SOURCE_REFERENCE,UNRUN,"Queued with private historical source, Ghidra evidence, and independent GPT review."
0x0049D624,Field::ZoneDataAccessor::IsTownmapMode,1,60,,YELLOW,GPT_SOURCE_REFERENCE,UNRUN,"Queued with private historical source, Ghidra evidence, and independent GPT review."
0x0049D6D0,Field::ZoneDataAccessor::IsReverbEnable,1,60,,YELLOW,GPT_SOURCE_REFERENCE,UNRUN,"Queued with private historical source, Ghidra evidence, and independent GPT review."
0x0049D70C,Field::ZoneDataAccessor::IsSkyboxEnable,1,60,,YELLOW,GPT_SOURCE_REFERENCE,UNRUN,"Queued with private historical source, Ghidra evidence, and independent GPT review."
0x0049D92C,Field::ZoneDataAccessor::IsSubscreenSleep,1,60,,YELLOW,GPT_SOURCE_REFERENCE,UNRUN,"Queued with private historical source, Ghidra evidence, and independent GPT review."
0x0049DA7C,Field::ZoneDataAccessor::IsPokeRideFlyEnable,1,60,,YELLOW,GPT_SOURCE_REFERENCE,UNRUN,"Queued with private historical source, Ghidra evidence, and independent GPT review."
0x0049DB8C,Field::ZoneDataAccessor::IsMoveModelDrawNumControl,1,60,,YELLOW,GPT_SOURCE_REFERENCE,UNRUN,"Queued with private historical source, Ghidra evidence, and independent GPT review."
0x0049DBC8,Field::ZoneDataAccessor::IsSubscreenOutsideMapMode,1,60,,YELLOW,GPT_SOURCE_REFERENCE,UNRUN,"Queued with private historical source, Ghidra evidence, and independent GPT review."
0x0049DC6C,Field::ZoneDataAccessor::IsDispLowPriorityForTraffic,1,60,,YELLOW,GPT_SOURCE_REFERENCE,UNRUN,"Queued with private historical source, Ghidra evidence, and independent GPT review."
0x0049EF80,Field::EventList::EventListDataManager::GetMainList,1,64,,YELLOW,GPT_SOURCE_REFERENCE,UNRUN,"Queued with private historical source, Ghidra evidence, and independent GPT review."
0x004A8A90,Savedata::FieldMenu::GetMenuIconID,1,64,,YELLOW,GPT_SOURCE_REFERENCE,UNRUN,"Queued with private historical source, Ghidra evidence, and independent GPT review."
0x0045688C,NetAppLib::BattleVideoPlayer::VideoDataManager::GetListData,1,64,,YELLOW,GPT_SOURCE_REFERENCE,UNRUN,"Queued with private historical source, Ghidra evidence, and independent GPT review."
0x002F6418,app::tool::AppCommonGrpIconData::Initialize,1,64,,YELLOW,GPT_SOURCE_REFERENCE,UNRUN,"Queued with private historical source, Ghidra evidence, and independent GPT review."
0x0043EB04,Savedata::JoinFestaDataSave::GetGlobalAttractionData,1,68,,YELLOW,GPT_SOURCE_REFERENCE,UNRUN,"Queued with private historical source, Ghidra evidence, and independent GPT review."
0x004A8B18,Savedata::FieldMenu::IsMenuPageEnable,1,68,,YELLOW,GPT_SOURCE_REFERENCE,UNRUN,"Queued with private historical source, Ghidra evidence, and independent GPT review."
0x002FA4B4,app::tool::ModelViewerSequence::InitFunc,1,72,,YELLOW,GPT_SOURCE_REFERENCE,UNRUN,"Queued with private historical source, Ghidra evidence, and independent GPT review."
0x0045693C,NetAppLib::BattleVideoPlayer::VideoDataManager::GetDataDelFlg,1,76,,YELLOW,GPT_SOURCE_REFERENCE,UNRUN,"Queued with private historical source, Ghidra evidence, and independent GPT review."
0x0043E798,Savedata::JoinFestaDataSave::GetFacilitiesData,1,80,,YELLOW,GPT_SOURCE_REFERENCE,UNRUN,"Queued with private historical source, Ghidra evidence, and independent GPT review."
0x004998E0,gfl2::lyt::LytSys::GetResource,1,80,,YELLOW,GPT_SOURCE_REFERENCE,UNRUN,"Queued with private historical source, Ghidra evidence, and independent GPT review."
0x00471774,NetAppLib::JoinFesta::JoinFestaAttractionManager::IsQuestionAnswerScoreUp,1,84,,YELLOW,GPT_SOURCE_REFERENCE,UNRUN,"Queued with private historical source, Ghidra evidence, and independent GPT review."
0x00474BE8,Regulation::CheckParamLanguage,1,88,,YELLOW,GPT_SOURCE_REFERENCE,UNRUN,"Queued with private historical source, Ghidra evidence, and independent GPT review."
0x00474918,Regulation::CheckParamRom,1,92,,YELLOW,GPT_SOURCE_REFERENCE,UNRUN,"Queued with private historical source, Ghidra evidence, and independent GPT review."
0x0043F364,Savedata::JoinFestaDataSave::AddCoin,1,96,,YELLOW,GPT_SOURCE_REFERENCE,UNRUN,"Queued with private historical source, Ghidra evidence, and independent GPT review."
0x003E8F44,System::Camera::CModelViewerInFrame::SetFrame,1,100,,YELLOW,GPT_SOURCE_REFERENCE,UNRUN,"Queued with private historical source, Ghidra evidence, and independent GPT review."
0x0043ECE8,Savedata::JoinFestaDataSave::FacilitiesFakeChangeStart,1,108,,YELLOW,GPT_SOURCE_REFERENCE,UNRUN,"Queued with private historical source, Ghidra evidence, and independent GPT review."
0x00465DD0,NetAppLib::JoinFesta::JoinFestaPacketUtil::IsValidFriendKey,1,36,,YELLOW,GPT_SOURCE_REFERENCE,UNRUN,"Queued with private historical source, Ghidra evidence, and independent GPT review."
0x004AB434,NetAppLib::JoinFesta::JoinFestaPersonalData::IsEnable,1,36,,YELLOW,GPT_SOURCE_REFERENCE,UNRUN,"Queued with private historical source, Ghidra evidence, and independent GPT review."
0x00328A70,gfl2::renderingengine::scenegraph::instance::CullingObjectNode::SetWorldTransformDirty,1,40,,YELLOW,GPT_SOURCE_REFERENCE,UNRUN,"Queued with private historical source, Ghidra evidence, and independent GPT review."
0x0039A410,Field::EventWork::DecMushiyokeCount,1,48,,YELLOW,GPT_SOURCE_REFERENCE,UNRUN,"Queued with private historical source, Ghidra evidence, and independent GPT review."
0x002EA018,app::tool::MenuWindow::IsModuleFree,1,52,,YELLOW,GPT_SOURCE_REFERENCE,UNRUN,"Queued with private historical source, Ghidra evidence, and independent GPT review."
0x00354314,gfl2::str::StrBuf::Clear,1,72,,YELLOW,GPT_SOURCE_REFERENCE,UNRUN,"Queued with private historical source, Ghidra evidence, and independent GPT review."
0x00306F54,app::util::GetPaneHelper::Pop,1,88,,YELLOW,GPT_SOURCE_REFERENCE,UNRUN,"Queued with private historical source, Ghidra evidence, and independent GPT review."
0x0043E6BC,Savedata::JoinFestaDataSave::SetFacilitiesBuy,1,96,,YELLOW,GPT_SOURCE_REFERENCE,UNRUN,"Queued with private historical source, Ghidra evidence, and independent GPT review."
0x004578C0,NetAppLib::BattleVideoPlayer::VideoDataManager::StartUploadCancel,1,96,,YELLOW,GPT_SOURCE_REFERENCE,UNRUN,"Queued with private historical source, Ghidra evidence, and independent GPT review."
0x003E392C,System::MotionBlur::SetColorFilter,1,128,,YELLOW,GPT_SOURCE_REFERENCE,UNRUN,"Queued with private historical source, Ghidra evidence, and independent GPT review."
0x002C7D04,App::Box::BoxAppSetup::GetMoveMode,1,80,,YELLOW,GPT_SOURCE_REFERENCE,UNRUN,"Queued with private historical source, Ghidra evidence, and independent GPT review."
0x002C7D80,App::Box::BoxAppSetup::GetSelectMode,1,80,,YELLOW,GPT_SOURCE_REFERENCE,UNRUN,"Queued with private historical source, Ghidra evidence, and independent GPT review."
0x002FCD94,app::tool::AppToolTrainerIconRendering::IsLoadedObject,1,84,,YELLOW,GPT_SOURCE_REFERENCE,UNRUN,"Queued with private historical source, Ghidra evidence, and independent GPT review."
0x002FCF34,app::tool::AppToolTrainerIconRendering::GetIconObjectData,1,84,,YELLOW,GPT_SOURCE_REFERENCE,UNRUN,"Queued with private historical source, Ghidra evidence, and independent GPT review."
0x00493638,pml::pokepara::CoreParam::GetWazaNo,0,8,,YELLOW,GPT_SOURCE_REFERENCE,UNRUN,"Queued with private historical source, Ghidra evidence, and independent GPT review."
0x00465FEC,NetAppLib::JoinFesta::JoinFestaPacketUtil::SetOfflineJoinFestaPersonalAll,0,8,,YELLOW,GPT_SOURCE_REFERENCE,UNRUN,"Queued with private historical source, Ghidra evidence, and independent GPT review."
0x004935AC,pml::pokepara::CoreParam::GetMonsNo,0,8,,YELLOW,GPT_SOURCE_REFERENCE,UNRUN,"Queued with private historical source, Ghidra evidence, and independent GPT review."
0x0045C130,NetAppLib::Util::NetAppEntryChecker::CheckTradePenalty,0,12,,YELLOW,GPT_SOURCE_REFERENCE,UNRUN,"Queued with private historical source, Ghidra evidence, and independent GPT review."
0x00320830,gfl2::devicecamera::DeviceCamera::Start,0,12,,YELLOW,GPT_SOURCE_REFERENCE,UNRUN,"Queued with private historical source, Ghidra evidence, and independent GPT review."
0x00443498,Savedata::GtsData::SetUploadGtsIndexData,0,12,,YELLOW,GPT_SOURCE_REFERENCE,UNRUN,"Queued with private historical source, Ghidra evidence, and independent GPT review."
0x0045C23C,NetAppLib::Util::NetAppEntryChecker::CheckPokemonCountForGtsPlay,0,16,,YELLOW,GPT_SOURCE_REFERENCE,UNRUN,"Queued with private historical source, Ghidra evidence, and independent GPT review."
0x0045C2B8,NetAppLib::Util::NetAppEntryChecker::CheckPokemonCountForDoubleBattle,0,16,,YELLOW,GPT_SOURCE_REFERENCE,UNRUN,"Queued with private historical source, Ghidra evidence, and independent GPT review."
0x0045E87C,NetAppLib::System::NetAppFrameBase::UpdateSave,0,16,,YELLOW,GPT_SOURCE_REFERENCE,UNRUN,"Queued with private historical source, Ghidra evidence, and independent GPT review."
0x0045FFF4,NetAppLib::System::ApplicationSystemBase::End,0,16,,YELLOW,GPT_SOURCE_REFERENCE,UNRUN,"Queued with private historical source, Ghidra evidence, and independent GPT review."
0x0043A77C,Savedata::UnionPokemon::GetPokemon,0,16,,YELLOW,GPT_SOURCE_REFERENCE,UNRUN,"Queued with private historical source, Ghidra evidence, and independent GPT review."
0x00443CE4,Savedata::MyStatus::CopyFrom,0,16,,YELLOW,GPT_SOURCE_REFERENCE,UNRUN,"Queued with private historical source, Ghidra evidence, and independent GPT review."
0x002FAB8C,app::tool::AppCommonGrpIconData::AppCommonGrpIconData,1,20,,YELLOW,GPT_SOURCE_REFERENCE,UNRUN,"Queued with private historical source, Ghidra evidence, and independent GPT review."
0x004254FC,NetEvent::JoinFestaCloseEvent::StartEvent,1,20,,YELLOW,GPT_SOURCE_REFERENCE,UNRUN,"Queued with private historical source, Ghidra evidence, and independent GPT review."
0x0045B0A4,NetAppLib::UI::NetAppCommonMessageWindowManipulator::NetAppCommonMessageWindowManipulator,1,20,,YELLOW,GPT_SOURCE_REFERENCE,UNRUN,"Queued with private historical source, Ghidra evidence, and independent GPT review."
0x004433E8,Savedata::Fashion::IsOwned,1,24,,YELLOW,GPT_SOURCE_REFERENCE,UNRUN,"Queued with private historical source, Ghidra evidence, and independent GPT review."
0x0045C0E8,NetAppLib::Util::NetAppEffectBG::~NetAppEffectBG,1,24,,YELLOW,GPT_SOURCE_REFERENCE,UNRUN,"Queued with private historical source, Ghidra evidence, and independent GPT review."
0x002D2270,App::Tool::CommonMessageWindowView::Update,1,24,,YELLOW,GPT_SOURCE_REFERENCE,UNRUN,"Queued with private historical source, Ghidra evidence, and independent GPT review."
0x0042E0A0,PokeTool::NatsukiManager::Calc,1,24,,YELLOW,GPT_SOURCE_REFERENCE,UNRUN,"Queued with private historical source, Ghidra evidence, and independent GPT review."
0x0046AA98,NetAppLib::JoinFesta::JoinFestaAttractionManager::FinishRequest,1,24,,YELLOW,GPT_SOURCE_REFERENCE,UNRUN,"Queued with private historical source, Ghidra evidence, and independent GPT review."
0x002C91C8,App::Tool::MapManager::ResetMapData,1,24,,YELLOW,GPT_SOURCE_REFERENCE,UNRUN,"Queued with private historical source, Ghidra evidence, and independent GPT review."
0x003E4B80,System::EnvAccessor::EnvAccessor,1,28,,YELLOW,GPT_SOURCE_REFERENCE,UNRUN,"Queued with private historical source, Ghidra evidence, and independent GPT review."
0x0045A888,NetAppLib::UI::NetAppPokePartyUtility::NetAppPokePartyUtility,1,28,,YELLOW,GPT_SOURCE_REFERENCE,UNRUN,"Queued with private historical source, Ghidra evidence, and independent GPT review."
0x0042E084,PokeTool::NatsukiManager::CalcWhenResortHotSpa,1,28,,YELLOW,GPT_SOURCE_REFERENCE,UNRUN,"Queued with private historical source, Ghidra evidence, and independent GPT review."
0x0030F4A4,app::util::Heap::~Heap,1,32,,YELLOW,GPT_SOURCE_REFERENCE,UNRUN,"Queued with private historical source, Ghidra evidence, and independent GPT review."
0x002D23A8,App::Tool::CommonMessageWindowManipulator::SetFinishMode_UserInput,1,32,,YELLOW,GPT_SOURCE_REFERENCE,UNRUN,"Queued with private historical source, Ghidra evidence, and independent GPT review."
0x0040D4A0,poke_3d::model::BaseCamera::ChangeAnimationLocalByResourceNode,1,32,,YELLOW,GPT_SOURCE_REFERENCE,UNRUN,"Queued with private historical source, Ghidra evidence, and independent GPT review."
0x0040D4C0,poke_3d::model::BaseCamera::ChangeAnimationGlobalByResourceNode,1,32,,YELLOW,GPT_SOURCE_REFERENCE,UNRUN,"Queued with private historical source, Ghidra evidence, and independent GPT review."
0x002EE7B0,app::tool::CursorManager::~CursorManager,1,36,,YELLOW,GPT_SOURCE_REFERENCE,UNRUN,"Queued with private historical source, Ghidra evidence, and independent GPT review."
0x0031DD60,pml::pokepara::CoreParam::ClearDirt,1,36,,YELLOW,GPT_SOURCE_REFERENCE,UNRUN,"Queued with private historical source, Ghidra evidence, and independent GPT review."
0x00439F08,Savedata::FishingSpot::ResetFishingSpot,1,36,,YELLOW,GPT_SOURCE_REFERENCE,UNRUN,"Queued with private historical source, Ghidra evidence, and independent GPT review."
0x002EB8F4,app::tool::FingerCursor::IsEndPushAnime,1,36,,YELLOW,GPT_SOURCE_REFERENCE,UNRUN,"Queued with private historical source, Ghidra evidence, and independent GPT review."
0x004490B0,NetAppLib::JoinFestaUI::JoinFestaAttractionData::JoinFestaAttractionData,1,36,,YELLOW,GPT_SOURCE_REFERENCE,UNRUN,"Queued with private historical source, Ghidra evidence, and independent GPT review."
0x00373CD4,Field::EventXMenu::EventXMenu,1,36,,YELLOW,GPT_SOURCE_REFERENCE,UNRUN,"Queued with private historical source, Ghidra evidence, and independent GPT review."
0x002F1EF8,app::tool::CharaSimpleModel::SetVisible,1,36,,YELLOW,GPT_SOURCE_REFERENCE,UNRUN,"Queued with private historical source, Ghidra evidence, and independent GPT review."
0x00159E70,BattleInst::BattleInst::WordSetBinstTrainerTypeNameFromTrainerNo,1,40,,YELLOW,GPT_SOURCE_REFERENCE,UNRUN,"Queued with private historical source, Ghidra evidence, and independent GPT review."
0x003D08C8,Savedata::MyStatus::Deserialize,1,40,,YELLOW,GPT_SOURCE_REFERENCE,UNRUN,"Queued with private historical source, Ghidra evidence, and independent GPT review."
0x0040D4E0,poke_3d::model::BaseCamera::ChangeAnimationLocalSmoothByResourceNode,1,40,,YELLOW,GPT_SOURCE_REFERENCE,UNRUN,"Queued with private historical source, Ghidra evidence, and independent GPT review."
0x0031A430,pml::pokepara::CoreParam::SetHp,1,44,,YELLOW,GPT_SOURCE_REFERENCE,UNRUN,"Queued with private historical source, Ghidra evidence, and independent GPT review."
0x00381450,Field::FieldScript::FieldScriptSystem::ForceEnd,1,44,,YELLOW,GPT_SOURCE_REFERENCE,UNRUN,"Queued with private historical source, Ghidra evidence, and independent GPT review."
0x00452AA8,NetAppLib::JoinFestaUI::JoinFestaAttractionSelectLowerView::SetEntryList,1,44,,YELLOW,GPT_SOURCE_REFERENCE,UNRUN,"Queued with private historical source, Ghidra evidence, and independent GPT review."
0x00468F0C,NetAppLib::JoinFesta::JoinFestaPersonalData::Copy,1,48,,YELLOW,GPT_SOURCE_REFERENCE,UNRUN,"Queued with private historical source, Ghidra evidence, and independent GPT review."
0x0031CA00,pml::pokepara::CoreParam::AddEffortPower,1,48,,YELLOW,GPT_SOURCE_REFERENCE,UNRUN,"Queued with private historical source, Ghidra evidence, and independent GPT review."
0x00497BAC,gfl2::fs::ArcFile::GetMaxDataSize,1,52,,YELLOW,GPT_SOURCE_REFERENCE,UNRUN,"Queued with private historical source, Ghidra evidence, and independent GPT review."
0x003CEF3C,NetApp::NBR::NBRNet::SendBattleStart,1,56,,YELLOW,GPT_SOURCE_REFERENCE,UNRUN,"Queued with private historical source, Ghidra evidence, and independent GPT review."
0x002E9098,app::tool::PokeIcon::CopyTextureBuffer,1,56,,YELLOW,GPT_SOURCE_REFERENCE,UNRUN,"Queued with private historical source, Ghidra evidence, and independent GPT review."
0x0031ED28,BattleInst::BattleInst::SetCommVsTrainer,1,56,,YELLOW,GPT_SOURCE_REFERENCE,UNRUN,"Queued with private historical source, Ghidra evidence, and independent GPT review."
0x00468348,NetAppLib::JoinFesta::JoinFestaPersonalData::SetRequestRecieveTrade,1,56,,YELLOW,GPT_SOURCE_REFERENCE,UNRUN,"Queued with private historical source, Ghidra evidence, and independent GPT review."
0x004939F0,BattleInst::BattleInst::GetCommVsTrainer,1,60,,YELLOW,GPT_SOURCE_REFERENCE,UNRUN,"Queued with private historical source, Ghidra evidence, and independent GPT review."
0x004508E4,NetAppLib::JoinFestaUI::JoinFestaPlayerListBGLowerView::JoinFestaPlayerListBGLowerView,1,64,,YELLOW,GPT_SOURCE_REFERENCE,UNRUN,"Queued with private historical source, Ghidra evidence, and independent GPT review."
0x00450974,NetAppLib::JoinFestaUI::JoinFestaPlayerListBGUpperView::JoinFestaPlayerListBGUpperView,1,68,,YELLOW,GPT_SOURCE_REFERENCE,UNRUN,"Queued with private historical source, Ghidra evidence, and independent GPT review."
0x002CEBFC,NetAppLib::UI::NetAppMessageMenu::Setup,1,72,,YELLOW,GPT_SOURCE_REFERENCE,UNRUN,"Queued with private historical source, Ghidra evidence, and independent GPT review."
0x00459BCC,NetAppLib::UI::NetAppMessageMenu::NetAppMessageMenu,1,72,,YELLOW,GPT_SOURCE_REFERENCE,UNRUN,"Queued with private historical source, Ghidra evidence, and independent GPT review."
0x002E9DA0,app::tool::MenuCursor::MenuCursor,1,72,,YELLOW,GPT_SOURCE_REFERENCE,UNRUN,"Queued with private historical source, Ghidra evidence, and independent GPT review."
0x00394E88,Field::Event::EventPokeFinderForPlacement::Initialize,1,76,,YELLOW,GPT_SOURCE_REFERENCE,UNRUN,"Queued with private historical source, Ghidra evidence, and independent GPT review."
0x002F9650,app::tool::InfoWindowSheetType::InfoWindowSheetType,1,84,,YELLOW,GPT_SOURCE_REFERENCE,UNRUN,"Queued with private historical source, Ghidra evidence, and independent GPT review."
0x004428A8,Savedata::MyItem::MyItem,1,92,,YELLOW,GPT_SOURCE_REFERENCE,UNRUN,"Queued with private historical source, Ghidra evidence, and independent GPT review."
0x00449044,NetAppLib::JoinFestaUI::JoinFestaAttractionData::JoinFestaAttractionData,1,100,,YELLOW,GPT_SOURCE_REFERENCE,UNRUN,"Queued with private historical source, Ghidra evidence, and independent GPT review."
0x003D5DBC,NetLib::P2P::P2pPacketTransfer::P2pPacketTransfer,1,112,,YELLOW,GPT_SOURCE_REFERENCE,UNRUN,"Queued with private historical source, Ghidra evidence, and independent GPT review."
0x00301BC0,app::tool::PaneList::MakeTouchArea,1,116,,YELLOW,GPT_SOURCE_REFERENCE,UNRUN,"Queued with private historical source, Ghidra evidence, and independent GPT review."
0x00374820,Field::FieldSound::SetReverb,1,120,,YELLOW,GPT_SOURCE_REFERENCE,UNRUN,"Queued with private historical source, Ghidra evidence, and independent GPT review."
0x003D3010,NetLib::P2P::P2pSyncSave::P2pSyncSave,1,128,,YELLOW,GPT_SOURCE_REFERENCE,UNRUN,"Queued with private historical source, Ghidra evidence, and independent GPT review."
0x00493EB4,pml::PokeParty::GetMemberPointerConst,1,40,,YELLOW,GPT_SOURCE_REFERENCE,UNRUN,"Queued with private historical source, Ghidra evidence, and independent GPT review."
0x0031EF08,pml::PokeParty::GetMemberPointer,1,40,,YELLOW,GPT_SOURCE_REFERENCE,UNRUN,"Queued with private historical source, Ghidra evidence, and independent GPT review."
0x002E9C80,app::tool::MenuCursor::SetPos,1,68,,YELLOW,GPT_SOURCE_REFERENCE,UNRUN,"Queued with private historical source, Ghidra evidence, and independent GPT review."
0x002D4634,App::Event::ShopBuyEvent::PreDrawFunc,1,24,,YELLOW,GPT_SOURCE_REFERENCE,UNRUN,"Queued with private historical source, Ghidra evidence, and independent GPT review."
0x00459518,NetAppLib::UI::NetAppCursorView::CursorMoveToIndex,1,24,,YELLOW,GPT_SOURCE_REFERENCE,UNRUN,"Queued with private historical source, Ghidra evidence, and independent GPT review."
0x0048E19C,app::tool::CursorController::Cleanup,1,24,,YELLOW,GPT_SOURCE_REFERENCE,UNRUN,"Queued with private historical source, Ghidra evidence, and independent GPT review."
0x0048D444,app::ui::UIView::IsDrawing,1,28,,YELLOW,GPT_SOURCE_REFERENCE,UNRUN,"Queued with private historical source, Ghidra evidence, and independent GPT review."
0x004AA58C,NetAppLib::UI::NetAppMenuCursor::CanDestroy,1,28,,YELLOW,GPT_SOURCE_REFERENCE,UNRUN,"Queued with private historical source, Ghidra evidence, and independent GPT review."
0x0048D354,app::ui::UIResponder::IsButtonAnimation,1,32,,YELLOW,GPT_SOURCE_REFERENCE,UNRUN,"Queued with private historical source, Ghidra evidence, and independent GPT review."
0x0043F3EC,Savedata::JoinFestaDataSave::SetTheme,1,36,,YELLOW,GPT_SOURCE_REFERENCE,UNRUN,"Queued with private historical source, Ghidra evidence, and independent GPT review."
0x002F1184,app::tool::PokeSimpleModel::UpdateMegaGangarEffectState,1,36,,YELLOW,GPT_SOURCE_REFERENCE,UNRUN,"Queued with private historical source, Ghidra evidence, and independent GPT review."
0x004A7F84,Savedata::MyItem::IsNew,1,36,,YELLOW,GPT_SOURCE_REFERENCE,UNRUN,"Queued with private historical source, Ghidra evidence, and independent GPT review."
0x004421EC,Savedata::MyItem::IsRegisterFreeSpace,1,40,,YELLOW,GPT_SOURCE_REFERENCE,UNRUN,"Queued with private historical source, Ghidra evidence, and independent GPT review."
0x0015ED7C,PokeRegulation::SetRegulation,1,40,,YELLOW,GPT_SOURCE_REFERENCE,UNRUN,"Queued with private historical source, Ghidra evidence, and independent GPT review."
0x003803D0,Field::FieldScript::FieldScriptSystem::SetMsgUpdateFunc,1,40,,YELLOW,GPT_SOURCE_REFERENCE,UNRUN,"Queued with private historical source, Ghidra evidence, and independent GPT review."
0x0015D91C,ExtSavedata::BattleRecorderSaveData::GetBattleRecDataDirect,1,44,,YELLOW,GPT_SOURCE_REFERENCE,UNRUN,"Queued with private historical source, Ghidra evidence, and independent GPT review."
0x00474FF8,ExtSavedata::BattleRecorderSaveData::GetBattleRecUploadData,1,44,,YELLOW,GPT_SOURCE_REFERENCE,UNRUN,"Queued with private historical source, Ghidra evidence, and independent GPT review."
0x0038063C,Field::FieldScript::FieldScriptSystem::SetBgPartsVisible,1,44,,YELLOW,GPT_SOURCE_REFERENCE,UNRUN,"Queued with private historical source, Ghidra evidence, and independent GPT review."
0x002F1120,app::tool::PokeSimpleModel::SetAnimeType,1,44,,YELLOW,GPT_SOURCE_REFERENCE,UNRUN,"Queued with private historical source, Ghidra evidence, and independent GPT review."
0x00354ED4,gfl2::str::StrWin::SetFinishMode,1,44,,YELLOW,GPT_SOURCE_REFERENCE,UNRUN,"Queued with private historical source, Ghidra evidence, and independent GPT review."
0x002E81E0,app::bag::PlayData::SetPocketData,1,44,,YELLOW,GPT_SOURCE_REFERENCE,UNRUN,"Queued with private historical source, Ghidra evidence, and independent GPT review."
0x00311F6C,app::util::ScrollBar::ChangeParam,1,48,,YELLOW,GPT_SOURCE_REFERENCE,UNRUN,"Queued with private historical source, Ghidra evidence, and independent GPT review."
0x0045506C,NetAppLib::JoinFestaUI::JoinFestaPlayerListSelectLowerViewBase::CallBack_CursorMove,1,48,,YELLOW,GPT_SOURCE_REFERENCE,UNRUN,"Queued with private historical source, Ghidra evidence, and independent GPT review."
0x00310DD8,app::util::G2DUtil::SetTextBoxPaneColor,1,48,,YELLOW,GPT_SOURCE_REFERENCE,UNRUN,"Queued with private historical source, Ghidra evidence, and independent GPT review."
0x0048D758,app::tool::PaneListView::GetUpdateResult,1,52,,YELLOW,GPT_SOURCE_REFERENCE,UNRUN,"Queued with private historical source, Ghidra evidence, and independent GPT review."
0x004AF4F8,NetAppLib::JoinFestaUI::JoinFestaPlayerListSelectLowerViewBase::CallBack_CursorMove,1,52,,YELLOW,GPT_SOURCE_REFERENCE,UNRUN,"Queued with private historical source, Ghidra evidence, and independent GPT review."
0x00444F50,Savedata::FieldMenu::SetMenuPage,1,56,,YELLOW,GPT_SOURCE_REFERENCE,UNRUN,"Queued with private historical source, Ghidra evidence, and independent GPT review."
0x004466D8,Savedata::ZukanData::SetZukanMode,1,72,,YELLOW,GPT_SOURCE_REFERENCE,UNRUN,"Queued with private historical source, Ghidra evidence, and independent GPT review."
0x00446814,Savedata::ZukanData::SetZukanOSVersion,1,72,,YELLOW,GPT_SOURCE_REFERENCE,UNRUN,"Queued with private historical source, Ghidra evidence, and independent GPT review."
0x0040C9F4,itemman::ITEM_MANAGER::IsFileOpen,1,72,,YELLOW,GPT_SOURCE_REFERENCE,UNRUN,"Queued with private historical source, Ghidra evidence, and independent GPT review."
0x0040CA44,itemman::ITEM_MANAGER::IsFileClose,1,72,,YELLOW,GPT_SOURCE_REFERENCE,UNRUN,"Queued with private historical source, Ghidra evidence, and independent GPT review."
0x004926D8,pml::pokepara::CoreParam::IsTrainingDone,1,76,,YELLOW,GPT_SOURCE_REFERENCE,UNRUN,"Queued with private historical source, Ghidra evidence, and independent GPT review."
0x002F3370,app::tool::CursorController::OnDraw,1,80,,YELLOW,GPT_SOURCE_REFERENCE,UNRUN,"Queued with private historical source, Ghidra evidence, and independent GPT review."
0x00474EB4,Regulation::CheckCrc,1,88,,YELLOW,GPT_SOURCE_REFERENCE,UNRUN,"Queued with private historical source, Ghidra evidence, and independent GPT review."
0x0043810C,Savedata::ResortSave::SetGimPokemon,1,88,,YELLOW,GPT_SOURCE_REFERENCE,UNRUN,"Queued with private historical source, Ghidra evidence, and independent GPT review."
0x002F6880,app::tool::InfoWindowBookType::StartClose,1,96,,YELLOW,GPT_SOURCE_REFERENCE,UNRUN,"Queued with private historical source, Ghidra evidence, and independent GPT review."
0x004389FC,Savedata::ResortSave::SetHotSpaPokemon,1,108,,YELLOW,GPT_SOURCE_REFERENCE,UNRUN,"Queued with private historical source, Ghidra evidence, and independent GPT review."
0x00336818,gfl2::renderingengine::renderer::RenderingPipeLine::SceneRenderPath::ClearRenderTargetOverride,1,124,,YELLOW,GPT_SOURCE_REFERENCE,UNRUN,"Queued with private historical source, Ghidra evidence, and independent GPT review."
0x00471874,NetAppLib::JoinFesta::JoinFestaAttractionManager::IsKentarosuRideRockBreakerAllBreak,1,32,,YELLOW,GPT_SOURCE_REFERENCE,UNRUN,"Queued with private historical source, Ghidra evidence, and independent GPT review."
0x003F9C48,gflnet2::nex::NexRankingClient::CancelConnecting,1,48,,YELLOW,GPT_SOURCE_REFERENCE,UNRUN,"Queued with private historical source, Ghidra evidence, and independent GPT review."
0x003FB054,gflnet2::nex::NexDataStoreClient::CancelConnecting,1,48,,YELLOW,GPT_SOURCE_REFERENCE,UNRUN,"Queued with private historical source, Ghidra evidence, and independent GPT review."
0x003FD048,gflnet2::nex::NexMatchMakingClient::CancelConnecting,1,48,,YELLOW,GPT_SOURCE_REFERENCE,UNRUN,"Queued with private historical source, Ghidra evidence, and independent GPT review."
0x00310E08,app::util::G2DUtil::CreateAppLytAccessor,1,36,,YELLOW,GPT_SOURCE_REFERENCE,UNRUN,"Queued with private historical source, Ghidra evidence, and independent GPT review."
0x0035F0EC,gfl2::thread::Event::Initialize,1,36,,YELLOW,GPT_SOURCE_REFERENCE,UNRUN,"Queued with private historical source, Ghidra evidence, and independent GPT review."
0x0030FF6C,app::util::G2DUtil::CreateMsgCursor,1,44,,YELLOW,GPT_SOURCE_REFERENCE,UNRUN,"Queued with private historical source, Ghidra evidence, and independent GPT review."
0x00471AB0,NetAppLib::JoinFesta::JoinFestaAttractionManager::AddScore,1,48,,YELLOW,GPT_SOURCE_REFERENCE,UNRUN,"Queued with private historical source, Ghidra evidence, and independent GPT review."
0x00492464,pml::pokepara::CoreParam::CanMegaEvolve,1,52,,YELLOW,GPT_SOURCE_REFERENCE,UNRUN,"Queued with private historical source, Ghidra evidence, and independent GPT review."
0x00459778,NetAppLib::UI::NetAppCursorView::~NetAppCursorView,1,56,,YELLOW,GPT_SOURCE_REFERENCE,UNRUN,"Queued with private historical source, Ghidra evidence, and independent GPT review."
0x00464C98,NetAppLib::P2PTrade::P2PTradeRequestClient::AddSendMessageIDRequest,1,56,,YELLOW,GPT_SOURCE_REFERENCE,UNRUN,"Queued with private historical source, Ghidra evidence, and independent GPT review."
0x0042DD2C,PokeTool::RemaindSkill::RemaindSkill,1,64,,YELLOW,GPT_SOURCE_REFERENCE,UNRUN,"Queued with private historical source, Ghidra evidence, and independent GPT review."
0x002D23EC,App::Tool::CommonMessageWindowManipulator::Setup,1,68,,YELLOW,GPT_SOURCE_REFERENCE,UNRUN,"Queued with private historical source, Ghidra evidence, and independent GPT review."
0x00157AF8,BattleInst::BattleInst::SelectVsPokemonForComm,1,72,,YELLOW,GPT_SOURCE_REFERENCE,UNRUN,"Queued with private historical source, Ghidra evidence, and independent GPT review."
0x0044BF8C,NetAppLib::JoinFestaUI::JoinFestaPlayerListManager::SortList,1,72,,YELLOW,GPT_SOURCE_REFERENCE,UNRUN,"Queued with private historical source, Ghidra evidence, and independent GPT review."
0x00459E70,NetAppLib::UI::RegulationDrawInfo::RegulationDrawInfo,1,84,,YELLOW,GPT_SOURCE_REFERENCE,UNRUN,"Queued with private historical source, Ghidra evidence, and independent GPT review."
0x00459EC8,NetAppLib::UI::RegulationDrawInfo::RegulationDrawInfo,1,88,,YELLOW,GPT_SOURCE_REFERENCE,UNRUN,"Queued with private historical source, Ghidra evidence, and independent GPT review."
0x00161094,RegulationScriptChecker::RegulationScriptChecker,1,96,,YELLOW,GPT_SOURCE_REFERENCE,UNRUN,"Queued with private historical source, Ghidra evidence, and independent GPT review."
0x00459F24,NetAppLib::UI::RegulationDrawInfo::RegulationDrawInfo,1,96,,YELLOW,GPT_SOURCE_REFERENCE,UNRUN,"Queued with private historical source, Ghidra evidence, and independent GPT review."
0x002C98E0,App::Tool::MapManager::PutEventIcon,1,124,,YELLOW,GPT_SOURCE_REFERENCE,UNRUN,"Queued with private historical source, Ghidra evidence, and independent GPT review."
0x0043C2E4,Savedata::MysteryGiftSave::WriteBackClone,1,40,,YELLOW,GPT_SOURCE_REFERENCE,UNRUN,"Queued with private historical source, Ghidra evidence, and independent GPT review."
0x002C7D54,App::Box::BoxAppSetup::BinLinkClose,1,44,,YELLOW,GPT_SOURCE_REFERENCE,UNRUN,"Queued with private historical source, Ghidra evidence, and independent GPT review."
0x003D05DC,NetLib::Validation::PokemonValidation::ReplaceMonsName,1,48,,YELLOW,GPT_SOURCE_REFERENCE,UNRUN,"Queued with private historical source, Ghidra evidence, and independent GPT review."
0x002D4778,App::Event::ShopBuyEvent::DrawFunc,1,52,,YELLOW,GPT_SOURCE_REFERENCE,UNRUN,"Queued with private historical source, Ghidra evidence, and independent GPT review."
0x0042BDAC,PokeTool::PokemonSort::OrderByMonsName,1,60,,YELLOW,GPT_SOURCE_REFERENCE,UNRUN,"Queued with private historical source, Ghidra evidence, and independent GPT review."
0x0043EB48,Savedata::JoinFestaDataSave::SetGlobalAttractionData,1,60,,YELLOW,GPT_SOURCE_REFERENCE,UNRUN,"Queued with private historical source, Ghidra evidence, and independent GPT review."
0x004A2B20,NetApp::Live::LiveNet::GetMyStatus_Mine,1,60,,YELLOW,GPT_SOURCE_REFERENCE,UNRUN,"Queued with private historical source, Ghidra evidence, and independent GPT review."
0x003BE618,print::ItemMessage::ItemMessage,1,64,,YELLOW,GPT_SOURCE_REFERENCE,UNRUN,"Queued with private historical source, Ghidra evidence, and independent GPT review."
0x0031A270,pml::pokepara::CoreParam::SubOriginalFamiliarity,1,68,,YELLOW,GPT_SOURCE_REFERENCE,UNRUN,"Queued with private historical source, Ghidra evidence, and independent GPT review."
0x0031C094,pml::pokepara::CoreParam::RemoveDirtPos,1,76,,YELLOW,GPT_SOURCE_REFERENCE,UNRUN,"Queued with private historical source, Ghidra evidence, and independent GPT review."
0x00353D50,gfl2::ngc::NGWordChecker::NGWordChecker,1,88,,YELLOW,GPT_SOURCE_REFERENCE,UNRUN,"Queued with private historical source, Ghidra evidence, and independent GPT review."
0x002FF8F4,app::tool::ItemIcon::ItemIcon,1,100,,YELLOW,GPT_SOURCE_REFERENCE,UNRUN,"Queued with private historical source, Ghidra evidence, and independent GPT review."
0x00305550,app::tool::PokeIcon::PokeIcon,1,120,,YELLOW,GPT_SOURCE_REFERENCE,UNRUN,"Queued with private historical source, Ghidra evidence, and independent GPT review."
0x00352930,gfl2::lyt::LytSys::LytSys,1,128,,YELLOW,GPT_SOURCE_REFERENCE,UNRUN,"Queued with private historical source, Ghidra evidence, and independent GPT review."
0x003D6250,NetLib::P2P::P2pConnectionManager::IsTimingEnd,1,48,,YELLOW,GPT_SOURCE_REFERENCE,UNRUN,"Queued with private historical source, Ghidra evidence, and independent GPT review."
0x0045DC1C,NetAppLib::Util::NetAppTrainerIconUtility::IsEndIconObjectData,1,60,,YELLOW,GPT_SOURCE_REFERENCE,UNRUN,"Queued with private historical source, Ghidra evidence, and independent GPT review."
0x002E6A70,app::ui::UIResponder::SetButtonEnable,1,40,,YELLOW,GPT_SOURCE_REFERENCE,UNRUN,"Queued with private historical source, Ghidra evidence, and independent GPT review."
0x003746F8,Field::FieldSound::ChangeFieldBGMByZoneChange,1,64,,YELLOW,GPT_SOURCE_REFERENCE,UNRUN,"Queued with private historical source, Ghidra evidence, and independent GPT review."
0x0045B418,NetAppLib::Util::NetAppTimeout::Suspend,1,76,,YELLOW,GPT_SOURCE_REFERENCE,UNRUN,"Queued with private historical source, Ghidra evidence, and independent GPT review."
0x003DAB98,NetLib::Wifi::WifiConnectRunner::Finalize,1,76,,YELLOW,GPT_SOURCE_REFERENCE,UNRUN,"Queued with private historical source, Ghidra evidence, and independent GPT review."
0x00336394,gfl2::renderingengine::renderer::RenderingPipeLine::SceneRenderPath::DrawManagerDraw,1,76,,YELLOW,GPT_SOURCE_REFERENCE,UNRUN,"Queued with private historical source, Ghidra evidence, and independent GPT review."
0x004692C8,NetAppLib::JoinFesta::JoinFestaPersonalData::JoinFestaPersonalData,1,104,,YELLOW,GPT_SOURCE_REFERENCE,UNRUN,"Queued with private historical source, Ghidra evidence, and independent GPT review."
0x00455228,NetAppLib::JoinFestaUI::JoinFestaPlayerListSelectLowerViewBase::SetList,1,108,,YELLOW,GPT_SOURCE_REFERENCE,UNRUN,"Queued with private historical source, Ghidra evidence, and independent GPT review."
0x0045B314,NetAppLib::Util::NetAppTimeout::TimeOutStart,1,124,,YELLOW,GPT_SOURCE_REFERENCE,UNRUN,"Queued with private historical source, Ghidra evidence, and independent GPT review."
0x0040CD0C,itemman::ITEM_MANAGER::GetParam,1,96,,YELLOW,GPT_SOURCE_REFERENCE,UNRUN,"Queued with private historical source, Ghidra evidence, and independent GPT review."
0x0043DD20,Savedata::QRReaderSaveData::UseBatteryOnQRScan,1,100,,YELLOW,GPT_SOURCE_REFERENCE,UNRUN,"Queued with private historical source, Ghidra evidence, and independent GPT review."
0x0043DCA8,Savedata::QRReaderSaveData::ActivateFieldScan,1,116,,YELLOW,GPT_SOURCE_REFERENCE,UNRUN,"Queued with private historical source, Ghidra evidence, and independent GPT review."
0x00490960,pml::pokepara::CoreParam::GetParentName,1,60,,YELLOW,GPT_SOURCE_REFERENCE,UNRUN,"Queued with private historical source, Ghidra evidence, and independent GPT review."
0x00317DB8,pml::pokepara::PokemonParam::PokemonParam,1,76,,YELLOW,GPT_SOURCE_REFERENCE,UNRUN,"Queued with private historical source, Ghidra evidence, and independent GPT review."
0x0031DE10,pml::pokepara::CoreParam::CoreParam,1,92,,YELLOW,GPT_SOURCE_REFERENCE,UNRUN,"Queued with private historical source, Ghidra evidence, and independent GPT review."
0x00468430,NetAppLib::JoinFesta::JoinFestaPersonalData::SetRequestInvitingTrade,1,100,,YELLOW,GPT_SOURCE_REFERENCE,UNRUN,"Queued with private historical source, Ghidra evidence, and independent GPT review."
0x0045B39C,NetAppLib::Util::NetAppTimeout::Resume,1,120,,YELLOW,GPT_SOURCE_REFERENCE,UNRUN,"Queued with private historical source, Ghidra evidence, and independent GPT review."
0x003163F4,pml::pokepara::CoreParam::CheckWazaMachine,1,116,,YELLOW,GPT_SOURCE_REFERENCE,UNRUN,"Queued with private historical source, Ghidra evidence, and independent GPT review."
0x0015D324,ExtSavedata::BattleRecorderSaveData::LiveCupLoadData,1,108,,YELLOW,GPT_SOURCE_REFERENCE,UNRUN,"Queued with private historical source, Ghidra evidence, and independent GPT review."
0x0047077C,NetAppLib::JoinFesta::JoinFestaAttractionManager::JoinRequest,1,32,,YELLOW,GPT_SOURCE_REFERENCE,UNRUN,"Queued with private historical source, Ghidra evidence, and independent GPT review."
0x002D2078,App::Tool::CommonMessageWindowView::~CommonMessageWindowView,1,76,,YELLOW,GPT_SOURCE_REFERENCE,UNRUN,"Queued with private historical source, Ghidra evidence, and independent GPT review."
0x00317FB4,pml::pokepara::PokemonParam::PokemonParam,1,104,,YELLOW,GPT_SOURCE_REFERENCE,UNRUN,"Queued with private historical source, Ghidra evidence, and independent GPT review."
0x0031DF64,pml::pokepara::CoreParam::CoreParam,1,128,,YELLOW,GPT_SOURCE_REFERENCE,UNRUN,"Queued with private historical source, Ghidra evidence, and independent GPT review."
0x002E6B00,app::ui::UIResponder::SetInputEnabled,1,16,,YELLOW,GPT_SOURCE_REFERENCE,UNRUN,"Queued with private historical source, Ghidra evidence, and independent GPT review."
0x002E7394,app::ui::UIView::UpdateTree,1,20,,YELLOW,GPT_SOURCE_REFERENCE,UNRUN,"Queued with private historical source, Ghidra evidence, and independent GPT review."
0x00464CD0,NetAppLib::P2PTrade::P2PTradeRequestClient::CancelFinalTradeRequest,1,32,,YELLOW,GPT_SOURCE_REFERENCE,UNRUN,"Queued with private historical source, Ghidra evidence, and independent GPT review."
0x003E07A4,NetLib::Delivery::DeliveryManager::Update,1,36,,YELLOW,GPT_SOURCE_REFERENCE,UNRUN,"Queued with private historical source, Ghidra evidence, and independent GPT review."
0x00459644,NetAppLib::UI::NetAppCursorView::Update,1,48,,YELLOW,GPT_SOURCE_REFERENCE,UNRUN,"Queued with private historical source, Ghidra evidence, and independent GPT review."
0x003203D0,gfl2::devicecamera::DeviceCamera::Setup,4,1088,,YELLOW,GPT_SOURCE_REFERENCE,UNRUN,"Queued with private historical source, Ghidra evidence, and independent GPT review."
0x00382118,Field::FieldScript::ScriptEffectManager::TranslateId,4,360,,YELLOW,GPT_SOURCE_REFERENCE,UNRUN,"Queued with private historical source, Ghidra evidence, and independent GPT review."
0x0045A940,NetAppLib::UI::NetAppRegulationUpperView::SetRegulationDrawInfo,4,1376,,YELLOW,GPT_SOURCE_REFERENCE,UNRUN,"Queued with private historical source, Ghidra evidence, and independent GPT review."
0x0040FE10,poke_3d::model::PokemonModel::SetSpringDownForce,1,44,,YELLOW,GPT_SOURCE_REFERENCE,UNRUN,"Queued with private historical source, Ghidra evidence, and independent GPT review."
0x00158418,BattleInst::BattleInst::WaitModelLoad,1,32,,YELLOW,GPT_SOURCE_REFERENCE,UNRUN,"Queued with private historical source, Ghidra evidence, and independent GPT review."
0x0032689C,gfl2::renderingengine::scenegraph::instance::DrawableNode::SetBillboardRotation,4,2004,,YELLOW,GPT_SOURCE_REFERENCE,UNRUN,"Queued with private historical source, Ghidra evidence, and independent GPT review."
0x0030BA38,app::util::AppRenderingManager::PreDraw,4,1220,,YELLOW,GPT_SOURCE_REFERENCE,UNRUN,"Queued with private historical source, Ghidra evidence, and independent GPT review."
0x00308570,app::util::AppRenderingManager::StartAsyncCreate,4,932,,YELLOW,GPT_SOURCE_REFERENCE,UNRUN,"Queued with private historical source, Ghidra evidence, and independent GPT review."
0x003D5F1C,NetLib::P2P::P2pConnectionManager::Initialize,4,708,,YELLOW,GPT_SOURCE_REFERENCE,UNRUN,"Queued with private historical source, Ghidra evidence, and independent GPT review."
0x00325A18,gfl2::renderingengine::scenegraph::instance::DrawEnvNode::UpdateFog,4,2276,,YELLOW,GPT_SOURCE_REFERENCE,UNRUN,"Queued with private historical source, Ghidra evidence, and independent GPT review."
0x0044DC9C,NetAppLib::JoinFestaUI::JoinFestaRecordRankingManager::UpdateRankingList,4,4612,,YELLOW,GPT_SOURCE_REFERENCE,UNRUN,"Queued with private historical source, Ghidra evidence, and independent GPT review."
0x004357F4,PokeTool::PokeModel::Create,4,1144,,YELLOW,GPT_SOURCE_REFERENCE,UNRUN,"Queued with private historical source, Ghidra evidence, and independent GPT review."
0x0015E720,WordSetLoader::WordSetLoader,3,284,,YELLOW,GPT_SOURCE_REFERENCE,UNRUN,"Queued with private historical source, Ghidra evidence, and independent GPT review."
0x0045ED6C,NetAppLib::System::ResourceManager::AddLoadRequest,4,368,,YELLOW,GPT_SOURCE_REFERENCE,UNRUN,"Queued with private historical source, Ghidra evidence, and independent GPT review."
0x00442750,Savedata::MyItem::Insert,3,308,,YELLOW,GPT_SOURCE_REFERENCE,UNRUN,"Queued with private historical source, Ghidra evidence, and independent GPT review."
0x0042F8B0,PokeTool::PokeModelSystem::CreateModelSimple,4,352,,YELLOW,GPT_SOURCE_REFERENCE,UNRUN,"Queued with private historical source, Ghidra evidence, and independent GPT review."
0x00407A74,gflnet2::p2p::NetGame::Finalize,4,252,,YELLOW,GPT_SOURCE_REFERENCE,UNRUN,"Queued with private historical source, Ghidra evidence, and independent GPT review."
0x003C2080,print::WordSet::RegisterTrTypeNameAndTrainerName,4,652,,YELLOW,GPT_SOURCE_REFERENCE,UNRUN,"Queued with private historical source, Ghidra evidence, and independent GPT review."
0x0033EA04,gfl2::fs::AsyncFileManager::SyncArcFileOpen,4,952,,YELLOW,GPT_SOURCE_REFERENCE,UNRUN,"Queued with private historical source, Ghidra evidence, and independent GPT review."
0x0033EFB0,gfl2::fs::AsyncFileManager::SyncArcFileClose,4,832,,YELLOW,GPT_SOURCE_REFERENCE,UNRUN,"Queued with private historical source, Ghidra evidence, and independent GPT review."
0x0031D380,pml::pokepara::CoreParam::LearnNewWazaOnCurrentLevel,4,624,,YELLOW,GPT_SOURCE_REFERENCE,UNRUN,"Queued with private historical source, Ghidra evidence, and independent GPT review."
0x00364B94,gfl2::animation::AnimationController::Initialize,4,284,,YELLOW,GPT_SOURCE_REFERENCE,UNRUN,"Queued with private historical source, Ghidra evidence, and independent GPT review."
0x002C84C4,App::Tool::ItemEffect::GetFormChangeEffectType,3,208,,YELLOW,GPT_SOURCE_REFERENCE,UNRUN,"Queued with private historical source, Ghidra evidence, and independent GPT review."
0x0044CDAC,NetAppLib::JoinFestaUI::JoinFestaSurveyListManager::SetupSurveyDataList,4,504,,YELLOW,GPT_SOURCE_REFERENCE,UNRUN,"Queued with private historical source, Ghidra evidence, and independent GPT review."
0x00450234,NetAppLib::JoinFestaUI::JoinFestaAttractionListManager::SortList,4,492,,YELLOW,GPT_SOURCE_REFERENCE,UNRUN,"Queued with private historical source, Ghidra evidence, and independent GPT review."
0x0036AED4,gfl2::animation::DrawEnvAnimationController::Update,4,780,,YELLOW,GPT_SOURCE_REFERENCE,UNRUN,"Queued with private historical source, Ghidra evidence, and independent GPT review."
0x003E6440,System::DressUpParamSaveData::ConvertToDressUpParam,4,900,,YELLOW,GPT_SOURCE_REFERENCE,UNRUN,"Queued with private historical source, Ghidra evidence, and independent GPT review."
0x00307528,app::util::AppRenderingManager::SyncCreate,4,1676,,YELLOW,GPT_SOURCE_REFERENCE,UNRUN,"Queued with private historical source, Ghidra evidence, and independent GPT review."
0x0040B49C,gflnet2::util::Base64Utility::Encode,3,328,,YELLOW,GPT_SOURCE_REFERENCE,UNRUN,"Queued with private historical source, Ghidra evidence, and independent GPT review."
0x002FE580,app::tool::AppToolTrainerIconRendering::IsDelete,4,304,,YELLOW,GPT_SOURCE_REFERENCE,UNRUN,"Queued with private historical source, Ghidra evidence, and independent GPT review."
0x0031C254,pml::pokepara::CoreParam::SetDefaultWaza,4,640,,YELLOW,GPT_SOURCE_REFERENCE,UNRUN,"Queued with private historical source, Ghidra evidence, and independent GPT review."
0x0036A85C,gfl2::animation::DrawEnvAnimationController::Initialize,4,308,,YELLOW,GPT_SOURCE_REFERENCE,UNRUN,"Queued with private historical source, Ghidra evidence, and independent GPT review."
0x003A4BCC,Field::MoveModel::FieldMoveModelManager::InitializeManagerResource,4,892,,YELLOW,GPT_SOURCE_REFERENCE,UNRUN,"Queued with private historical source, Ghidra evidence, and independent GPT review."
0x00446348,Savedata::ZukanData::SetDrawData,4,896,,YELLOW,GPT_SOURCE_REFERENCE,UNRUN,"Queued with private historical source, Ghidra evidence, and independent GPT review."
0x0043C444,Savedata::MysteryGiftSave::PushBackGiftData,4,1116,,YELLOW,GPT_SOURCE_REFERENCE,UNRUN,"Queued with private historical source, Ghidra evidence, and independent GPT review."
0x00158070,BattleInst::BattleInst::SelectTrainer,4,716,,YELLOW,GPT_SOURCE_REFERENCE,UNRUN,"Queued with private historical source, Ghidra evidence, and independent GPT review."
0x0049C200,item::ITEM_DATA::GetParam,4,688,,YELLOW,GPT_SOURCE_REFERENCE,UNRUN,"Queued with private historical source, Ghidra evidence, and independent GPT review."
0x003D4034,NetLib::P2P::NexRatingClient::SetReportStatusInfo,4,856,,YELLOW,GPT_SOURCE_REFERENCE,UNRUN,"Queued with private historical source, Ghidra evidence, and independent GPT review."
0x002F2434,app::tool::CharaSimpleModel::Update,4,1740,,YELLOW,GPT_SOURCE_REFERENCE,UNRUN,"Queued with private historical source, Ghidra evidence, and independent GPT review."
0x0031B9A0,pml::pokepara::CoreParam::SetMemories,4,776,,YELLOW,GPT_SOURCE_REFERENCE,UNRUN,"Queued with private historical source, Ghidra evidence, and independent GPT review."
0x003D4AD4,NetLib::P2P::P2pPacketTransfer::GetReceivedData,4,692,,YELLOW,GPT_SOURCE_REFERENCE,UNRUN,"Queued with private historical source, Ghidra evidence, and independent GPT review."
0x0030AC78,app::util::AppRenderingManager::Draw,4,2300,,YELLOW,GPT_SOURCE_REFERENCE,UNRUN,"Queued with private historical source, Ghidra evidence, and independent GPT review."
0x002F1168,app::tool::PokeSimpleModel::CheckCanOneshotMotion,4,884,,YELLOW,GPT_SOURCE_REFERENCE,UNRUN,"Queued with private historical source, Ghidra evidence, and independent GPT review."
0x0036C140,gfl2::collision::CollisionModel::GetIntersection,4,1260,,YELLOW,GPT_SOURCE_REFERENCE,UNRUN,"Queued with private historical source, Ghidra evidence, and independent GPT review."
0x0035D784,gfl2::Effect::EffectRenderPath::Execute,4,1036,,YELLOW,GPT_SOURCE_REFERENCE,UNRUN,"Queued with private historical source, Ghidra evidence, and independent GPT review."
0x00327748,gfl2::renderingengine::scenegraph::instance::InstanceCreator::CreateCameraNode,4,1532,,YELLOW,GPT_SOURCE_REFERENCE,UNRUN,"Queued with private historical source, Ghidra evidence, and independent GPT review."
0x003F512C,gflnet2::ServerClient::ServerClientRequestManager::Finalize,4,668,,YELLOW,GPT_SOURCE_REFERENCE,UNRUN,"Queued with private historical source, Ghidra evidence, and independent GPT review."
0x0047296C,NetAppLib::JoinFesta::JoinFestaPersonalDataManager::RemoveListAndSave,4,504,,YELLOW,GPT_SOURCE_REFERENCE,UNRUN,"Queued with private historical source, Ghidra evidence, and independent GPT review."
0x00454BE8,NetAppLib::JoinFestaUI::JoinFestaPlayerListSelectLowerViewBase::OnLayoutPaneEvent,4,468,,YELLOW,GPT_SOURCE_REFERENCE,UNRUN,"Queued with private historical source, Ghidra evidence, and independent GPT review."
0x00461584,NetAppLib::Message::MessageUtility::~MessageUtility,4,284,,YELLOW,GPT_SOURCE_REFERENCE,UNRUN,"Queued with private historical source, Ghidra evidence, and independent GPT review."
0x0035F554,gfl2::imagedb::ImageDBAccessor::SaveToSDCard,4,744,,YELLOW,GPT_SOURCE_REFERENCE,UNRUN,"Queued with private historical source, Ghidra evidence, and independent GPT review."
0x002FD9E0,app::tool::AppToolTrainerIconRendering::Update,4,1488,,YELLOW,GPT_SOURCE_REFERENCE,UNRUN,"Queued with private historical source, Ghidra evidence, and independent GPT review."
0x003363E4,gfl2::renderingengine::renderer::RenderingPipeLine::SceneRenderPath::SetDrawableNode,4,912,,YELLOW,GPT_SOURCE_REFERENCE,UNRUN,"Queued with private historical source, Ghidra evidence, and independent GPT review."
0x003E0848,NetLib::Delivery::DeliveryManager::StartRecv,4,640,,YELLOW,GPT_SOURCE_REFERENCE,UNRUN,"Queued with private historical source, Ghidra evidence, and independent GPT review."
0x002E0CF4,App::PokeList::IntermediateData::SetParameter,4,588,,YELLOW,GPT_SOURCE_REFERENCE,UNRUN,"Queued with private historical source, Ghidra evidence, and independent GPT review."
0x00329B24,gfl2::renderingengine::scenegraph::instance::ModelInstanceNode::UpdateDrawTag,4,1312,,YELLOW,GPT_SOURCE_REFERENCE,UNRUN,"Queued with private historical source, Ghidra evidence, and independent GPT review."
0x00162434,FullPowerEffectRenderPath0::AddRenderingTarget,4,740,,YELLOW,GPT_SOURCE_REFERENCE,UNRUN,"Queued with private historical source, Ghidra evidence, and independent GPT review."
0x00162864,FullPowerEffectRenderPath1::AddRenderingTarget,4,1008,,YELLOW,GPT_SOURCE_REFERENCE,UNRUN,"Queued with private historical source, Ghidra evidence, and independent GPT review."
0x003D4DFC,NetLib::P2P::P2pPacketTransfer::Update,4,1444,,YELLOW,GPT_SOURCE_REFERENCE,UNRUN,"Queued with private historical source, Ghidra evidence, and independent GPT review."
0x0033443C,gfl2::renderingengine::renderer::DrawManager::Draw,4,548,,YELLOW,GPT_SOURCE_REFERENCE,UNRUN,"Queued with private historical source, Ghidra evidence, and independent GPT review."
0x003283F4,gfl2::renderingengine::scenegraph::instance::InstanceCreator::SetupModelInstanceNode,4,580,,YELLOW,GPT_SOURCE_REFERENCE,UNRUN,"Queued with private historical source, Ghidra evidence, and independent GPT review."
0x003347B8,gfl2::renderingengine::renderer::DrawManager::Update,4,1808,,YELLOW,GPT_SOURCE_REFERENCE,UNRUN,"Queued with private historical source, Ghidra evidence, and independent GPT review."
0x0046DAA0,NetAppLib::JoinFesta::JoinFestaAttractionUtil::CreateFieldPersonalListForAttraction,4,4496,,YELLOW,GPT_SOURCE_REFERENCE,UNRUN,"Queued with private historical source, Ghidra evidence, and independent GPT review."
0x003E872C,System::Camera::CModelViewerInFrame::Update,4,2028,,YELLOW,GPT_SOURCE_REFERENCE,UNRUN,"Queued with private historical source, Ghidra evidence, and independent GPT review."
0x003054A8,app::tool::PokeIcon::CancelLoadTextureRequest,4,680,,YELLOW,GPT_SOURCE_REFERENCE,UNRUN,"Queued with private historical source, Ghidra evidence, and independent GPT review."
0x004349B4,PokeTool::PokeModel::NoLoadFormChange,4,532,,YELLOW,GPT_SOURCE_REFERENCE,UNRUN,"Queued with private historical source, Ghidra evidence, and independent GPT review."
0x0036BBE4,gfl2::animation::DrawEnvAnimationController::Finalize,4,496,,YELLOW,GPT_SOURCE_REFERENCE,UNRUN,"Queued with private historical source, Ghidra evidence, and independent GPT review."
0x0036BE9C,gfl2::animation::DrawEnvAnimationController::~DrawEnvAnimationController,4,576,,YELLOW,GPT_SOURCE_REFERENCE,UNRUN,"Queued with private historical source, Ghidra evidence, and independent GPT review."
0x0045BC34,NetAppLib::Util::NetAppEffectBG::Setup,4,1060,,YELLOW,GPT_SOURCE_REFERENCE,UNRUN,"Queued with private historical source, Ghidra evidence, and independent GPT review."
0x00336E6C,gfl2::renderingengine::renderer::RenderingPipeLine::SceneRenderPath::~SceneRenderPath,4,188,,YELLOW,GPT_SOURCE_REFERENCE,UNRUN,"Queued with private historical source, Ghidra evidence, and independent GPT review."
0x002EDFD4,app::tool::ButtonManager::Update,4,252,,YELLOW,GPT_SOURCE_REFERENCE,UNRUN,"Queued with private historical source, Ghidra evidence, and independent GPT review."
0x00399B4C,Field::EventList::EventListDataManager::Initialize,4,308,,YELLOW,GPT_SOURCE_REFERENCE,UNRUN,"Queued with private historical source, Ghidra evidence, and independent GPT review."
0x002E772C,App::Tool::TalkWindow::End,4,236,,YELLOW,GPT_SOURCE_REFERENCE,UNRUN,"Queued with private historical source, Ghidra evidence, and independent GPT review."
0x003E40D8,System::MotionBlur::Terminate,4,312,,YELLOW,GPT_SOURCE_REFERENCE,UNRUN,"Queued with private historical source, Ghidra evidence, and independent GPT review."
0x002F2E90,app::tool::CursorController::OnKeyAction,4,388,,YELLOW,GPT_SOURCE_REFERENCE,UNRUN,"Queued with private historical source, Ghidra evidence, and independent GPT review."
0x0042F750,PokeTool::PokeModelSystem::TermSystemAsync,4,352,,YELLOW,GPT_SOURCE_REFERENCE,UNRUN,"Queued with private historical source, Ghidra evidence, and independent GPT review."
0x002D34C4,App::Tool::ListMenu::Start,4,200,,YELLOW,GPT_SOURCE_REFERENCE,UNRUN,"Queued with private historical source, Ghidra evidence, and independent GPT review."
0x0039FEC0,Field::MoveModel::FieldMoveModelPlayer::RideOnMoveModel,4,340,,YELLOW,GPT_SOURCE_REFERENCE,UNRUN,"Queued with private historical source, Ghidra evidence, and independent GPT review."
0x00350360,gfl2::lyt::LayoutRenderPath::LayoutRenderPath,4,544,,YELLOW,GPT_SOURCE_REFERENCE,UNRUN,"Queued with private historical source, Ghidra evidence, and independent GPT review."
0x004607B0,NetAppLib::System::ApplicationSystemBase::Update,4,416,,YELLOW,GPT_SOURCE_REFERENCE,UNRUN,"Queued with private historical source, Ghidra evidence, and independent GPT review."
0x0042F0D0,PokeTool::PokeModelSystem::CreateSystem,4,1044,,YELLOW,GPT_SOURCE_REFERENCE,UNRUN,"Queued with private historical source, Ghidra evidence, and independent GPT review."
0x00327D5C,gfl2::renderingengine::scenegraph::instance::InstanceCreator::CreateDrawEnvNode,4,932,,YELLOW,GPT_SOURCE_REFERENCE,UNRUN,"Queued with private historical source, Ghidra evidence, and independent GPT review."
0x003EB7FC,System::Skybox::Skybox::DestroyAll,4,260,,YELLOW,GPT_SOURCE_REFERENCE,UNRUN,"Queued with private historical source, Ghidra evidence, and independent GPT review."
0x003EBF50,System::Skybox::Skybox::Update,4,528,,YELLOW,GPT_SOURCE_REFERENCE,UNRUN,"Queued with private historical source, Ghidra evidence, and independent GPT review."
0x00366730,gfl2::animation::AnimationController::Finalize,4,568,,YELLOW,GPT_SOURCE_REFERENCE,UNRUN,"Queued with private historical source, Ghidra evidence, and independent GPT review."
0x0032315C,gfl2::renderingengine::scenegraph::SceneGraphManager::RemoveChild,4,496,,YELLOW,GPT_SOURCE_REFERENCE,UNRUN,"Queued with private historical source, Ghidra evidence, and independent GPT review."
0x003A6E30,Field::MoveModel::FieldMoveModelShadowManager::UpdateShadow,4,5012,,YELLOW,GPT_SOURCE_REFERENCE,UNRUN,"Queued with private historical source, Ghidra evidence, and independent GPT review."
0x003A03BC,Field::MoveModel::FieldMoveModelPlayer::RideOffMoveModel,4,332,,YELLOW,GPT_SOURCE_REFERENCE,UNRUN,"Queued with private historical source, Ghidra evidence, and independent GPT review."
0x003FA5D0,gflnet2::nex::NexRankingClient::Finalize,4,336,,YELLOW,GPT_SOURCE_REFERENCE,UNRUN,"Queued with private historical source, Ghidra evidence, and independent GPT review."
0x003EDD58,applib::frame::Manager::Main,4,812,,YELLOW,GPT_SOURCE_REFERENCE,UNRUN,"Queued with private historical source, Ghidra evidence, and independent GPT review."
0x00460950,NetAppLib::System::ApplicationSystemBase::Destroy,4,360,,YELLOW,GPT_SOURCE_REFERENCE,UNRUN,"Queued with private historical source, Ghidra evidence, and independent GPT review."
0x00305E50,NetAppLib::Util::NetAppEffectBG::Cleanup,4,372,,YELLOW,GPT_SOURCE_REFERENCE,UNRUN,"Queued with private historical source, Ghidra evidence, and independent GPT review."
0x00460278,NetAppLib::System::ApplicationSystemBase::Build,4,512,,YELLOW,GPT_SOURCE_REFERENCE,UNRUN,"Queued with private historical source, Ghidra evidence, and independent GPT review."
0x00360E88,System::MotionBlur::InitializeMotionBlur,4,1752,,YELLOW,GPT_SOURCE_REFERENCE,UNRUN,"Queued with private historical source, Ghidra evidence, and independent GPT review."
0x0032CFE8,gfl2::renderingengine::scenegraph::resource::ResourceManager::createResourceNode_,4,436,,YELLOW,GPT_SOURCE_REFERENCE,UNRUN,"Queued with private historical source, Ghidra evidence, and independent GPT review."
0x00323B7C,gfl2::renderingengine::scenegraph::SceneGraphManager::AddChild,4,556,,YELLOW,GPT_SOURCE_REFERENCE,UNRUN,"Queued with private historical source, Ghidra evidence, and independent GPT review."
0x0032B1D0,gfl2::renderingengine::scenegraph::instance::ModelInstanceNode::~ModelInstanceNode,4,488,,YELLOW,GPT_SOURCE_REFERENCE,UNRUN,"Queued with private historical source, Ghidra evidence, and independent GPT review."
0x00460ABC,NetAppLib::System::ApplicationSystemBase::Loading,4,688,,YELLOW,GPT_SOURCE_REFERENCE,UNRUN,"Queued with private historical source, Ghidra evidence, and independent GPT review."
0x003FF048,gflnet2::nex::NexMatchMakingClient::Finalize,4,1268,,YELLOW,GPT_SOURCE_REFERENCE,UNRUN,"Queued with private historical source, Ghidra evidence, and independent GPT review."
