module,file,kind,index,name,demangled_name,segment,offset,segment_name,classification,provenance
AnaiTest,AnaiTest.cro,named,0,nnroControlObject_,nnroControlObject_,0,0,.text,CONTROL_OBJECT,RETAIL_ORIGINAL_SYMBOL
AppDemo,AppDemo.cro,named,0,nnroControlObject_,nnroControlObject_,0,7556,.text,CONTROL_OBJECT,RETAIL_ORIGINAL_SYMBOL
ArakiTest,ArakiTest.cro,named,0,nnroControlObject_,nnroControlObject_,0,0,.text,CONTROL_OBJECT,RETAIL_ORIGINAL_SYMBOL
AriizumiTest,AriizumiTest.cro,named,0,nnroControlObject_,nnroControlObject_,0,728,.text,CONTROL_OBJECT,RETAIL_ORIGINAL_SYMBOL
Background,Background.cro,named,0,nnroControlObject_,nnroControlObject_,0,10976,.text,CONTROL_OBJECT,RETAIL_ORIGINAL_SYMBOL
Background,Background.cro,named,1,_ZN3btl8BgSystem8IsEnalbeEv,btl::BgSystem::IsEnalbe(),0,7820,.text,FUNCTION,RETAIL_ORIGINAL_SYMBOL
Background,Background.cro,named,2,_ZN3btl8BgSystem9IsVisibleEv,btl::BgSystem::IsVisible(),0,7828,.text,FUNCTION,RETAIL_ORIGINAL_SYMBOL
Bag,Bag.cro,named,0,nnroControlObject_,nnroControlObject_,0,85696,.text,CONTROL_OBJECT,RETAIL_ORIGINAL_SYMBOL
Battle,Battle.cro,named,0,nnroControlObject_,nnroControlObject_,0,1009292,.text,CONTROL_OBJECT,RETAIL_ORIGINAL_SYMBOL
Battle,Battle.cro,named,1,_ZN3btl8BgSystem8IsEnalbeEv,btl::BgSystem::IsEnalbe(),0,899144,.text,FUNCTION,RETAIL_ORIGINAL_SYMBOL
Battle,Battle.cro,named,2,_ZN3btl8BgSystem9IsVisibleEv,btl::BgSystem::IsVisible(),0,899152,.text,FUNCTION,RETAIL_ORIGINAL_SYMBOL
BattleRoyalResult,BattleRoyalResult.cro,named,0,nnroControlObject_,nnroControlObject_,0,17176,.text,CONTROL_OBJECT,RETAIL_ORIGINAL_SYMBOL
BattleSpot,BattleSpot.cro,named,0,nnroControlObject_,nnroControlObject_,0,113356,.text,CONTROL_OBJECT,RETAIL_ORIGINAL_SYMBOL
BattleTree,BattleTree.cro,named,0,nnroControlObject_,nnroControlObject_,0,23272,.text,CONTROL_OBJECT,RETAIL_ORIGINAL_SYMBOL
BattleVideoPlayer,BattleVideoPlayer.cro,named,0,nnroControlObject_,nnroControlObject_,0,59088,.text,CONTROL_OBJECT,RETAIL_ORIGINAL_SYMBOL
BattleVideoRecording,BattleVideoRecording.cro,named,0,nnroControlObject_,nnroControlObject_,0,13620,.text,CONTROL_OBJECT,RETAIL_ORIGINAL_SYMBOL
Box,Box.cro,named,0,nnroControlObject_,nnroControlObject_,0,182784,.text,CONTROL_OBJECT,RETAIL_ORIGINAL_SYMBOL
BoxSearch,BoxSearch.cro,named,0,nnroControlObject_,nnroControlObject_,0,34636,.text,CONTROL_OBJECT,RETAIL_ORIGINAL_SYMBOL
CaptureTutorial,CaptureTutorial.cro,named,0,nnroControlObject_,nnroControlObject_,0,22388,.text,CONTROL_OBJECT,RETAIL_ORIGINAL_SYMBOL
CaptureTutorial,CaptureTutorial.cro,named,1,_ZN3btl8BgSystem8IsEnalbeEv,btl::BgSystem::IsEnalbe(),0,15832,.text,FUNCTION,RETAIL_ORIGINAL_SYMBOL
CaptureTutorial,CaptureTutorial.cro,named,2,_ZN3btl8BgSystem9IsVisibleEv,btl::BgSystem::IsVisible(),0,15840,.text,FUNCTION,RETAIL_ORIGINAL_SYMBOL
CharaViewer,CharaViewer.cro,named,0,nnroControlObject_,nnroControlObject_,0,0,.text,CONTROL_OBJECT,RETAIL_ORIGINAL_SYMBOL
Config,Config.cro,named,0,nnroControlObject_,nnroControlObject_,0,21836,.text,CONTROL_OBJECT,RETAIL_ORIGINAL_SYMBOL
Connection,Connection.cro,named,0,nnroControlObject_,nnroControlObject_,0,26456,.text,CONTROL_OBJECT,RETAIL_ORIGINAL_SYMBOL
DebugBattle,DebugBattle.cro,named,0,nnroControlObject_,nnroControlObject_,0,0,.text,CONTROL_OBJECT,RETAIL_ORIGINAL_SYMBOL
DebugItemMake,DebugItemMake.cro,named,0,nnroControlObject_,nnroControlObject_,0,0,.text,CONTROL_OBJECT,RETAIL_ORIGINAL_SYMBOL
DebugKeyboard,DebugKeyboard.cro,named,0,nnroControlObject_,nnroControlObject_,0,0,.text,CONTROL_OBJECT,RETAIL_ORIGINAL_SYMBOL
DebugNumInput,DebugNumInput.cro,named,0,nnroControlObject_,nnroControlObject_,0,0,.text,CONTROL_OBJECT,RETAIL_ORIGINAL_SYMBOL
DebugPokeMake,DebugPokeMake.cro,named,0,nnroControlObject_,nnroControlObject_,0,0,.text,CONTROL_OBJECT,RETAIL_ORIGINAL_SYMBOL
DebugWordSet,DebugWordSet.cro,named,0,nnroControlObject_,nnroControlObject_,0,0,.text,CONTROL_OBJECT,RETAIL_ORIGINAL_SYMBOL
DendouDemo,DendouDemo.cro,named,0,nnroControlObject_,nnroControlObject_,0,20448,.text,CONTROL_OBJECT,RETAIL_ORIGINAL_SYMBOL
DrawUtilTextTest,DrawUtilTextTest.cro,named,0,nnroControlObject_,nnroControlObject_,0,0,.text,CONTROL_OBJECT,RETAIL_ORIGINAL_SYMBOL
EggHatching,EggHatching.cro,named,0,nnroControlObject_,nnroControlObject_,0,14560,.text,CONTROL_OBJECT,RETAIL_ORIGINAL_SYMBOL
EndRoll,EndRoll.cro,named,0,nnroControlObject_,nnroControlObject_,0,11860,.text,CONTROL_OBJECT,RETAIL_ORIGINAL_SYMBOL
Evolution,Evolution.cro,named,0,nnroControlObject_,nnroControlObject_,0,21164,.text,CONTROL_OBJECT,RETAIL_ORIGINAL_SYMBOL
FieldBag,FieldBag.cro,named,0,nnroControlObject_,nnroControlObject_,0,12284,.text,CONTROL_OBJECT,RETAIL_ORIGINAL_SYMBOL
FieldBattleInstEvent,FieldBattleInstEvent.cro,named,0,nnroControlObject_,nnroControlObject_,0,5776,.text,CONTROL_OBJECT,RETAIL_ORIGINAL_SYMBOL
FieldDebug,FieldDebug.cro,named,0,nnroControlObject_,nnroControlObject_,0,1724,.text,CONTROL_OBJECT,RETAIL_ORIGINAL_SYMBOL
FieldDemo,FieldDemo.cro,named,0,nnroControlObject_,nnroControlObject_,0,2320,.text,CONTROL_OBJECT,RETAIL_ORIGINAL_SYMBOL
FieldGimmickBattleInst,FieldGimmickBattleInst.cro,named,0,nnroControlObject_,nnroControlObject_,0,10428,.text,CONTROL_OBJECT,RETAIL_ORIGINAL_SYMBOL
FieldGimmickJoinFesta,FieldGimmickJoinFesta.cro,named,0,nnroControlObject_,nnroControlObject_,0,3536,.text,CONTROL_OBJECT,RETAIL_ORIGINAL_SYMBOL
FieldGimmickJoinFestaRoom,FieldGimmickJoinFestaRoom.cro,named,0,nnroControlObject_,nnroControlObject_,0,3228,.text,CONTROL_OBJECT,RETAIL_ORIGINAL_SYMBOL
FieldGimmickLift,FieldGimmickLift.cro,named,0,nnroControlObject_,nnroControlObject_,0,3748,.text,CONTROL_OBJECT,RETAIL_ORIGINAL_SYMBOL
FieldGimmickPokecen,FieldGimmickPokecen.cro,named,0,nnroControlObject_,nnroControlObject_,0,10440,.text,CONTROL_OBJECT,RETAIL_ORIGINAL_SYMBOL
FieldMenu,FieldMenu.cro,named,0,nnroControlObject_,nnroControlObject_,0,74676,.text,CONTROL_OBJECT,RETAIL_ORIGINAL_SYMBOL
FieldMenu,FieldMenu.cro,named,1,_ZN3btl8BgSystem8IsEnalbeEv,btl::BgSystem::IsEnalbe(),0,60812,.text,FUNCTION,RETAIL_ORIGINAL_SYMBOL
FieldMenu,FieldMenu.cro,named,2,_ZN3btl8BgSystem9IsVisibleEv,btl::BgSystem::IsVisible(),0,60820,.text,FUNCTION,RETAIL_ORIGINAL_SYMBOL
FieldRo,FieldRo.cro,named,0,nnroControlObject_,nnroControlObject_,0,823760,.text,CONTROL_OBJECT,RETAIL_ORIGINAL_SYMBOL
FieldRo,FieldRo.cro,named,1,_ZN3btl8BgSystem8IsEnalbeEv,btl::BgSystem::IsEnalbe(),0,18336,.text,FUNCTION,RETAIL_ORIGINAL_SYMBOL
FieldRo,FieldRo.cro,named,2,_ZN3btl8BgSystem9IsVisibleEv,btl::BgSystem::IsVisible(),0,18344,.text,FUNCTION,RETAIL_ORIGINAL_SYMBOL
Finder,Finder.cro,named,0,nnroControlObject_,nnroControlObject_,0,44164,.text,CONTROL_OBJECT,RETAIL_ORIGINAL_SYMBOL
FinderMenu,FinderMenu.cro,named,0,nnroControlObject_,nnroControlObject_,0,34928,.text,CONTROL_OBJECT,RETAIL_ORIGINAL_SYMBOL
FontViewer,FontViewer.cro,named,0,nnroControlObject_,nnroControlObject_,0,0,.text,CONTROL_OBJECT,RETAIL_ORIGINAL_SYMBOL
FukushimaTest,FukushimaTest.cro,named,0,nnroControlObject_,nnroControlObject_,0,0,.text,CONTROL_OBJECT,RETAIL_ORIGINAL_SYMBOL
GTS,GTS.cro,named,0,nnroControlObject_,nnroControlObject_,0,145756,.text,CONTROL_OBJECT,RETAIL_ORIGINAL_SYMBOL
GameClearSave,GameClearSave.cro,named,0,nnroControlObject_,nnroControlObject_,0,7204,.text,CONTROL_OBJECT,RETAIL_ORIGINAL_SYMBOL
GameOver,GameOver.cro,named,0,nnroControlObject_,nnroControlObject_,0,6540,.text,CONTROL_OBJECT,RETAIL_ORIGINAL_SYMBOL
GameSync,GameSync.cro,named,0,nnroControlObject_,nnroControlObject_,0,29240,.text,CONTROL_OBJECT,RETAIL_ORIGINAL_SYMBOL
HeroSelect,HeroSelect.cro,named,0,nnroControlObject_,nnroControlObject_,0,15328,.text,CONTROL_OBJECT,RETAIL_ORIGINAL_SYMBOL
IshiguroTest,IshiguroTest.cro,named,0,nnroControlObject_,nnroControlObject_,0,0,.text,CONTROL_OBJECT,RETAIL_ORIGINAL_SYMBOL
IslandTest,IslandTest.cro,named,0,nnroControlObject_,nnroControlObject_,0,0,.text,CONTROL_OBJECT,RETAIL_ORIGINAL_SYMBOL
JoinFesta,JoinFesta.cro,named,0,nnroControlObject_,nnroControlObject_,0,82676,.text,CONTROL_OBJECT,RETAIL_ORIGINAL_SYMBOL
JoinFestaAttractionListSelect,JoinFestaAttractionListSelect.cro,named,0,nnroControlObject_,nnroControlObject_,0,17976,.text,CONTROL_OBJECT,RETAIL_ORIGINAL_SYMBOL
JoinFestaAttractionResult,JoinFestaAttractionResult.cro,named,0,nnroControlObject_,nnroControlObject_,0,16416,.text,CONTROL_OBJECT,RETAIL_ORIGINAL_SYMBOL
JoinFestaBeacon,JoinFestaBeacon.cro,named,0,nnroControlObject_,nnroControlObject_,0,23112,.text,CONTROL_OBJECT,RETAIL_ORIGINAL_SYMBOL
JoinFestaGlobalAttraction,JoinFestaGlobalAttraction.cro,named,0,nnroControlObject_,nnroControlObject_,0,31044,.text,CONTROL_OBJECT,RETAIL_ORIGINAL_SYMBOL
JoinFestaOpenList,JoinFestaOpenList.cro,named,0,nnroControlObject_,nnroControlObject_,0,15148,.text,CONTROL_OBJECT,RETAIL_ORIGINAL_SYMBOL
JoinFestaPlayerDetail,JoinFestaPlayerDetail.cro,named,0,nnroControlObject_,nnroControlObject_,0,12696,.text,CONTROL_OBJECT,RETAIL_ORIGINAL_SYMBOL
JoinFestaPlayerListSelect,JoinFestaPlayerListSelect.cro,named,0,nnroControlObject_,nnroControlObject_,0,12652,.text,CONTROL_OBJECT,RETAIL_ORIGINAL_SYMBOL
JoinFestaPlayerListSelectForScript,JoinFestaPlayerListSelectForScript.cro,named,0,nnroControlObject_,nnroControlObject_,0,14964,.text,CONTROL_OBJECT,RETAIL_ORIGINAL_SYMBOL
JoinFestaPlayerListSelectMulti,JoinFestaPlayerListSelectMulti.cro,named,0,nnroControlObject_,nnroControlObject_,0,16084,.text,CONTROL_OBJECT,RETAIL_ORIGINAL_SYMBOL
JoinFestaPlayerListShow,JoinFestaPlayerListShow.cro,named,0,nnroControlObject_,nnroControlObject_,0,18284,.text,CONTROL_OBJECT,RETAIL_ORIGINAL_SYMBOL
JoinFestaProfile,JoinFestaProfile.cro,named,0,nnroControlObject_,nnroControlObject_,0,25196,.text,CONTROL_OBJECT,RETAIL_ORIGINAL_SYMBOL
JoinFestaSelectWord,JoinFestaSelectWord.cro,named,0,nnroControlObject_,nnroControlObject_,0,23276,.text,CONTROL_OBJECT,RETAIL_ORIGINAL_SYMBOL
JoinFestaSubScreen,JoinFestaSubScreen.cro,named,0,nnroControlObject_,nnroControlObject_,0,46444,.text,CONTROL_OBJECT,RETAIL_ORIGINAL_SYMBOL
KawadaTest,KawadaTest.cro,named,0,nnroControlObject_,nnroControlObject_,0,0,.text,CONTROL_OBJECT,RETAIL_ORIGINAL_SYMBOL
Kawaigari,Kawaigari.cro,named,0,nnroControlObject_,nnroControlObject_,0,158192,.text,CONTROL_OBJECT,RETAIL_ORIGINAL_SYMBOL
Kawaigari,Kawaigari.cro,named,1,_ZN3btl8BgSystem8IsEnalbeEv,btl::BgSystem::IsEnalbe(),0,136976,.text,FUNCTION,RETAIL_ORIGINAL_SYMBOL
Kawaigari,Kawaigari.cro,named,2,_ZN3btl8BgSystem9IsVisibleEv,btl::BgSystem::IsVisible(),0,136984,.text,FUNCTION,RETAIL_ORIGINAL_SYMBOL
Kisekae,Kisekae.cro,named,0,nnroControlObject_,nnroControlObject_,0,52720,.text,CONTROL_OBJECT,RETAIL_ORIGINAL_SYMBOL
KisekaeData,KisekaeData.cro,named,0,nnroControlObject_,nnroControlObject_,0,2004,.text,CONTROL_OBJECT,RETAIL_ORIGINAL_SYMBOL
LangSelect,LangSelect.cro,named,0,nnroControlObject_,nnroControlObject_,0,20728,.text,CONTROL_OBJECT,RETAIL_ORIGINAL_SYMBOL
LayoutArcTest,LayoutArcTest.cro,named,0,nnroControlObject_,nnroControlObject_,0,0,.text,CONTROL_OBJECT,RETAIL_ORIGINAL_SYMBOL
Live,Live.cro,named,0,nnroControlObject_,nnroControlObject_,0,50988,.text,CONTROL_OBJECT,RETAIL_ORIGINAL_SYMBOL
MenuFrameTest,MenuFrameTest.cro,named,0,nnroControlObject_,nnroControlObject_,0,0,.text,CONTROL_OBJECT,RETAIL_ORIGINAL_SYMBOL
MiracleTrade,MiracleTrade.cro,named,0,nnroControlObject_,nnroControlObject_,0,29500,.text,CONTROL_OBJECT,RETAIL_ORIGINAL_SYMBOL
MovieLib,MovieLib.cro,named,0,nnroControlObject_,nnroControlObject_,0,36712,.text,CONTROL_OBJECT,RETAIL_ORIGINAL_SYMBOL
MutoTest,MutoTest.cro,named,0,nnroControlObject_,nnroControlObject_,0,0,.text,CONTROL_OBJECT,RETAIL_ORIGINAL_SYMBOL
MysteryGift,MysteryGift.cro,named,0,nnroControlObject_,nnroControlObject_,0,96720,.text,CONTROL_OBJECT,RETAIL_ORIGINAL_SYMBOL
NBR,NBR.cro,named,0,nnroControlObject_,nnroControlObject_,0,69724,.text,CONTROL_OBJECT,RETAIL_ORIGINAL_SYMBOL
NakahiroTest,NakahiroTest.cro,named,0,nnroControlObject_,nnroControlObject_,0,0,.text,CONTROL_OBJECT,RETAIL_ORIGINAL_SYMBOL
NumberInput,NumberInput.cro,named,0,nnroControlObject_,nnroControlObject_,0,8320,.text,CONTROL_OBJECT,RETAIL_ORIGINAL_SYMBOL
ObataTest,ObataTest.cro,named,0,nnroControlObject_,nnroControlObject_,0,0,.text,CONTROL_OBJECT,RETAIL_ORIGINAL_SYMBOL
Object,Object.cro,named,0,nnroControlObject_,nnroControlObject_,0,54940,.text,CONTROL_OBJECT,RETAIL_ORIGINAL_SYMBOL
P2PTrade,P2PTrade.cro,named,0,nnroControlObject_,nnroControlObject_,0,19556,.text,CONTROL_OBJECT,RETAIL_ORIGINAL_SYMBOL
ParurePokeList,ParurePokeList.cro,named,0,nnroControlObject_,nnroControlObject_,0,10676,.text,CONTROL_OBJECT,RETAIL_ORIGINAL_SYMBOL
ParurePokeList,ParurePokeList.cro,named,1,_ZN3btl8BgSystem8IsEnalbeEv,btl::BgSystem::IsEnalbe(),0,8276,.text,FUNCTION,RETAIL_ORIGINAL_SYMBOL
ParurePokeList,ParurePokeList.cro,named,2,_ZN3btl8BgSystem9IsVisibleEv,btl::BgSystem::IsVisible(),0,8284,.text,FUNCTION,RETAIL_ORIGINAL_SYMBOL
PeteTest,PeteTest.cro,named,0,nnroControlObject_,nnroControlObject_,0,0,.text,CONTROL_OBJECT,RETAIL_ORIGINAL_SYMBOL
PokeIconView,PokeIconView.cro,named,0,nnroControlObject_,nnroControlObject_,0,0,.text,CONTROL_OBJECT,RETAIL_ORIGINAL_SYMBOL
PokeViewer,PokeViewer.cro,named,0,nnroControlObject_,nnroControlObject_,0,0,.text,CONTROL_OBJECT,RETAIL_ORIGINAL_SYMBOL
QRReader,QRReader.cro,named,0,nnroControlObject_,nnroControlObject_,0,52384,.text,CONTROL_OBJECT,RETAIL_ORIGINAL_SYMBOL
QuickMatch,QuickMatch.cro,named,0,nnroControlObject_,nnroControlObject_,0,21876,.text,CONTROL_OBJECT,RETAIL_ORIGINAL_SYMBOL
RaderChart,RaderChart.cro,named,0,nnroControlObject_,nnroControlObject_,0,9788,.text,CONTROL_OBJECT,RETAIL_ORIGINAL_SYMBOL
RegulationSelect,RegulationSelect.cro,named,0,nnroControlObject_,nnroControlObject_,0,49508,.text,CONTROL_OBJECT,RETAIL_ORIGINAL_SYMBOL
Resort,Resort.cro,named,0,nnroControlObject_,nnroControlObject_,0,161132,.text,CONTROL_OBJECT,RETAIL_ORIGINAL_SYMBOL
RoTest,RoTest.cro,named,0,nnroControlObject_,nnroControlObject_,0,0,.text,CONTROL_OBJECT,RETAIL_ORIGINAL_SYMBOL
SeqEditor,SeqEditor.cro,named,0,nnroControlObject_,nnroControlObject_,0,2636,.text,CONTROL_OBJECT,RETAIL_ORIGINAL_SYMBOL
SequencePlayer,SequencePlayer.cro,named,0,nnroControlObject_,nnroControlObject_,0,113972,.text,CONTROL_OBJECT,RETAIL_ORIGINAL_SYMBOL
Shop,Shop.cro,named,0,nnroControlObject_,nnroControlObject_,0,16956,.text,CONTROL_OBJECT,RETAIL_ORIGINAL_SYMBOL
SimpleAppTest,SimpleAppTest.cro,named,0,nnroControlObject_,nnroControlObject_,0,0,.text,CONTROL_OBJECT,RETAIL_ORIGINAL_SYMBOL
SoundTest,SoundTest.cro,named,0,nnroControlObject_,nnroControlObject_,0,0,.text,CONTROL_OBJECT,RETAIL_ORIGINAL_SYMBOL
Staffroll,Staffroll.cro,named,0,nnroControlObject_,nnroControlObject_,0,23276,.text,CONTROL_OBJECT,RETAIL_ORIGINAL_SYMBOL
Status,Status.cro,named,0,nnroControlObject_,nnroControlObject_,0,57980,.text,CONTROL_OBJECT,RETAIL_ORIGINAL_SYMBOL
StatusUpper,StatusUpper.cro,named,0,nnroControlObject_,nnroControlObject_,0,8320,.text,CONTROL_OBJECT,RETAIL_ORIGINAL_SYMBOL
StrInput,StrInput.cro,named,0,nnroControlObject_,nnroControlObject_,0,35208,.text,CONTROL_OBJECT,RETAIL_ORIGINAL_SYMBOL
SuperTraining,SuperTraining.cro,named,0,nnroControlObject_,nnroControlObject_,0,20616,.text,CONTROL_OBJECT,RETAIL_ORIGINAL_SYMBOL
TakedaTest,TakedaTest.cro,named,0,nnroControlObject_,nnroControlObject_,0,0,.text,CONTROL_OBJECT,RETAIL_ORIGINAL_SYMBOL
TeamSelect,TeamSelect.cro,named,0,nnroControlObject_,nnroControlObject_,0,43612,.text,CONTROL_OBJECT,RETAIL_ORIGINAL_SYMBOL
Title,Title.cro,named,0,nnroControlObject_,nnroControlObject_,0,11400,.text,CONTROL_OBJECT,RETAIL_ORIGINAL_SYMBOL
TitleMenu,TitleMenu.cro,named,0,nnroControlObject_,nnroControlObject_,0,17148,.text,CONTROL_OBJECT,RETAIL_ORIGINAL_SYMBOL
TownMap,TownMap.cro,named,0,nnroControlObject_,nnroControlObject_,0,11204,.text,CONTROL_OBJECT,RETAIL_ORIGINAL_SYMBOL
TownMapParts,TownMapParts.cro,named,0,nnroControlObject_,nnroControlObject_,0,18080,.text,CONTROL_OBJECT,RETAIL_ORIGINAL_SYMBOL
TrainerPass,TrainerPass.cro,named,0,nnroControlObject_,nnroControlObject_,0,12932,.text,CONTROL_OBJECT,RETAIL_ORIGINAL_SYMBOL
TrainerPhoto,TrainerPhoto.cro,named,0,nnroControlObject_,nnroControlObject_,0,22312,.text,CONTROL_OBJECT,RETAIL_ORIGINAL_SYMBOL
UIUnitTest,UIUnitTest.cro,named,0,nnroControlObject_,nnroControlObject_,0,0,.text,CONTROL_OBJECT,RETAIL_ORIGINAL_SYMBOL
WazaOmoidasi,WazaOmoidasi.cro,named,0,nnroControlObject_,nnroControlObject_,0,19696,.text,CONTROL_OBJECT,RETAIL_ORIGINAL_SYMBOL
WazaOshie,WazaOshie.cro,named,0,nnroControlObject_,nnroControlObject_,0,24124,.text,CONTROL_OBJECT,RETAIL_ORIGINAL_SYMBOL
Zukan,Zukan.cro,named,0,nnroControlObject_,nnroControlObject_,0,192260,.text,CONTROL_OBJECT,RETAIL_ORIGINAL_SYMBOL
|static|,static.crs,named,0,__aeabi_vec_ctor_nocookie_nodtor,__aeabi_vec_ctor_nocookie_nodtor,0,81,.text,FUNCTION,RETAIL_ORIGINAL_SYMBOL
|static|,static.crs,named,1,__c89vsnprintf,__c89vsnprintf,0,453,.text,FUNCTION,RETAIL_ORIGINAL_SYMBOL
|static|,static.crs,named,2,__2sprintf,__2sprintf,0,609,.text,FUNCTION,RETAIL_ORIGINAL_SYMBOL
|static|,static.crs,named,3,__2snprintf,__2snprintf,0,661,.text,FUNCTION,RETAIL_ORIGINAL_SYMBOL
|static|,static.crs,named,4,__2swprintf,__2swprintf,0,729,.text,FUNCTION,RETAIL_ORIGINAL_SYMBOL
|static|,static.crs,named,5,_printf_int_dec,_printf_int_dec,0,897,.text,FUNCTION,RETAIL_ORIGINAL_SYMBOL
|static|,static.crs,named,6,_printf_longlong_hex,_printf_longlong_hex,0,1533,.text,FUNCTION,RETAIL_ORIGINAL_SYMBOL
|static|,static.crs,named,7,memcmp,memcmp,0,3193,.text,FUNCTION,RETAIL_ORIGINAL_SYMBOL
|static|,static.crs,named,8,__aeabi_vec_dtor,__aeabi_vec_dtor,0,3869,.text,FUNCTION,RETAIL_ORIGINAL_SYMBOL
|static|,static.crs,named,9,_ZN4__rw15__rw_facet_base12_C_initfacetERKSt6locale,__rw::__rw_facet_base::_C_initfacet(std::locale const&),0,12685,.text,FUNCTION,RETAIL_ORIGINAL_SYMBOL
|static|,static.crs,named,10,_ZN4__rw15__rw_locale_impC1ERKS0_PKcj,"__rw::__rw_locale_imp::__rw_locale_imp(__rw::__rw_locale_imp const&, char const*, unsigned int)",0,12749,.text,FUNCTION,RETAIL_ORIGINAL_SYMBOL
|static|,static.crs,named,11,_ZN4__rw15__rw_locale_impC2ERKS0_PKcj,"__rw::__rw_locale_imp::__rw_locale_imp(__rw::__rw_locale_imp const&, char const*, unsigned int)",0,12749,.text,FUNCTION,RETAIL_ORIGINAL_SYMBOL
|static|,static.crs,named,12,_ZN4__rw15__rw_punct_dataIcED1Ev,__rw::__rw_punct_data<char>::~__rw_punct_data(),0,12929,.text,FUNCTION,RETAIL_ORIGINAL_SYMBOL
|static|,static.crs,named,13,_ZN4__rw15__rw_punct_dataIcED2Ev,__rw::__rw_punct_data<char>::~__rw_punct_data(),0,12929,.text,FUNCTION,RETAIL_ORIGINAL_SYMBOL
|static|,static.crs,named,14,_ZN4__rw23__rw_numpunct_impl_dataIcED1Ev,__rw::__rw_numpunct_impl_data<char>::~__rw_numpunct_impl_data(),0,12941,.text,FUNCTION,RETAIL_ORIGINAL_SYMBOL
|static|,static.crs,named,15,_ZN4__rw23__rw_numpunct_impl_dataIcED2Ev,__rw::__rw_numpunct_impl_data<char>::~__rw_numpunct_impl_data(),0,12941,.text,FUNCTION,RETAIL_ORIGINAL_SYMBOL
|static|,static.crs,named,16,_ZNKSt14__rw_exception4whatEv,std::__rw_exception::what() const,0,13121,.text,FUNCTION,RETAIL_ORIGINAL_SYMBOL
|static|,static.crs,named,17,_ZNKSt14codecvt_bynameIwcSt11__mbstate_tE10do_unshiftERS0_PcS3_RS3_,"std::codecvt_byname<wchar_t, char, std::__mbstate_t>::do_unshift(std::__mbstate_t&, char*, char*, char*&) const",0,13125,.text,FUNCTION,RETAIL_ORIGINAL_SYMBOL
|static|,static.crs,named,18,_ZNKSt14codecvt_bynameIwcSt11__mbstate_tE11do_encodingEv,"std::codecvt_byname<wchar_t, char, std::__mbstate_t>::do_encoding() const",0,13161,.text,FUNCTION,RETAIL_ORIGINAL_SYMBOL
|static|,static.crs,named,19,_ZNKSt14codecvt_bynameIwcSt11__mbstate_tE13do_max_lengthEv,"std::codecvt_byname<wchar_t, char, std::__mbstate_t>::do_max_length() const",0,13189,.text,FUNCTION,RETAIL_ORIGINAL_SYMBOL
|static|,static.crs,named,20,_ZNKSt14codecvt_bynameIwcSt11__mbstate_tE16do_always_noconvEv,"std::codecvt_byname<wchar_t, char, std::__mbstate_t>::do_always_noconv() const",0,13197,.text,FUNCTION,RETAIL_ORIGINAL_SYMBOL
|static|,static.crs,named,21,_ZNKSt5ctypeIcE10do_tolowerEPcPKc,"std::ctype<char>::do_tolower(char*, char const*) const",0,13885,.text,FUNCTION,RETAIL_ORIGINAL_SYMBOL
|static|,static.crs,named,22,_ZNKSt5ctypeIcE10do_tolowerEc,std::ctype<char>::do_tolower(char) const,0,13931,.text,FUNCTION,RETAIL_ORIGINAL_SYMBOL
|static|,static.crs,named,23,_ZNKSt5ctypeIcE10do_toupperEPcPKc,"std::ctype<char>::do_toupper(char*, char const*) const",0,13963,.text,FUNCTION,RETAIL_ORIGINAL_SYMBOL
|static|,static.crs,named,24,_ZNKSt5ctypeIcE10do_toupperEc,std::ctype<char>::do_toupper(char) const,0,14009,.text,FUNCTION,RETAIL_ORIGINAL_SYMBOL
|static|,static.crs,named,25,_ZNKSt5ctypeIcE8do_widenEPKcS2_Pc,"std::ctype<char>::do_widen(char const*, char const*, char*) const",0,14041,.text,FUNCTION,RETAIL_ORIGINAL_SYMBOL
|static|,static.crs,named,26,_ZNKSt5ctypeIcE8do_widenEc,std::ctype<char>::do_widen(char) const,0,14057,.text,FUNCTION,RETAIL_ORIGINAL_SYMBOL
|static|,static.crs,named,27,_ZNKSt5ctypeIcE9do_narrowEPKcS2_cPc,"std::ctype<char>::do_narrow(char const*, char const*, char, char*) const",0,14061,.text,FUNCTION,RETAIL_ORIGINAL_SYMBOL
|static|,static.crs,named,28,_ZNKSt5ctypeIcE9do_narrowEcc,"std::ctype<char>::do_narrow(char, char) const",0,14077,.text,FUNCTION,RETAIL_ORIGINAL_SYMBOL
|static|,static.crs,named,29,_ZNKSt7codecvtIwcSt11__mbstate_tE9do_lengthERKS0_PKcS5_j,"std::codecvt<wchar_t, char, std::__mbstate_t>::do_length(std::__mbstate_t const&, char const*, char const*, unsigned int) const",0,14397,.text,FUNCTION,RETAIL_ORIGINAL_SYMBOL
|static|,static.crs,named,30,_ZNSt12ctype_bynameIcED0Ev,std::ctype_byname<char>::~ctype_byname(),0,14941,.text,FUNCTION,RETAIL_ORIGINAL_SYMBOL
|static|,static.crs,named,31,_ZNSt12ctype_bynameIcED1Ev,std::ctype_byname<char>::~ctype_byname(),0,14953,.text,FUNCTION,RETAIL_ORIGINAL_SYMBOL
|static|,static.crs,named,32,_ZNSt12ctype_bynameIcED2Ev,std::ctype_byname<char>::~ctype_byname(),0,14953,.text,FUNCTION,RETAIL_ORIGINAL_SYMBOL
|static|,static.crs,named,33,_ZNSt14__rw_exceptionC1Ev,std::__rw_exception::__rw_exception(),0,15097,.text,FUNCTION,RETAIL_ORIGINAL_SYMBOL
|static|,static.crs,named,34,_ZNSt14__rw_exceptionC2Ev,std::__rw_exception::__rw_exception(),0,15097,.text,FUNCTION,RETAIL_ORIGINAL_SYMBOL
|static|,static.crs,named,35,_ZNSt14__rw_exceptionD0Ev,std::__rw_exception::~__rw_exception(),0,15117,.text,FUNCTION,RETAIL_ORIGINAL_SYMBOL
|static|,static.crs,named,36,_ZNSt14__rw_exceptionD1Ev,std::__rw_exception::~__rw_exception(),0,15129,.text,FUNCTION,RETAIL_ORIGINAL_SYMBOL
|static|,static.crs,named,37,_ZNSt14__rw_exceptionD2Ev,std::__rw_exception::~__rw_exception(),0,15129,.text,FUNCTION,RETAIL_ORIGINAL_SYMBOL
|static|,static.crs,named,38,_ZNSt14codecvt_bynameIwcSt11__mbstate_tED0Ev,"std::codecvt_byname<wchar_t, char, std::__mbstate_t>::~codecvt_byname()",0,15157,.text,FUNCTION,RETAIL_ORIGINAL_SYMBOL
|static|,static.crs,named,39,_ZNSt14codecvt_bynameIwcSt11__mbstate_tED1Ev,"std::codecvt_byname<wchar_t, char, std::__mbstate_t>::~codecvt_byname()",0,15165,.text,FUNCTION,RETAIL_ORIGINAL_SYMBOL
|static|,static.crs,named,40,_ZNSt14codecvt_bynameIwcSt11__mbstate_tED2Ev,"std::codecvt_byname<wchar_t, char, std::__mbstate_t>::~codecvt_byname()",0,15165,.text,FUNCTION,RETAIL_ORIGINAL_SYMBOL
|static|,static.crs,named,41,_ZNSt14collate_bynameIcED0Ev,std::collate_byname<char>::~collate_byname(),0,15167,.text,FUNCTION,RETAIL_ORIGINAL_SYMBOL
|static|,static.crs,named,42,_ZNSt14collate_bynameIcED1Ev,std::collate_byname<char>::~collate_byname(),0,15181,.text,FUNCTION,RETAIL_ORIGINAL_SYMBOL
|static|,static.crs,named,43,_ZNSt14collate_bynameIcED2Ev,std::collate_byname<char>::~collate_byname(),0,15181,.text,FUNCTION,RETAIL_ORIGINAL_SYMBOL
|static|,static.crs,named,44,_ZNSt18__rw_open_cat_dataC1Ev,std::__rw_open_cat_data::__rw_open_cat_data(),0,15205,.text,FUNCTION,RETAIL_ORIGINAL_SYMBOL
|static|,static.crs,named,45,_ZNSt18__rw_open_cat_dataC2Ev,std::__rw_open_cat_data::__rw_open_cat_data(),0,15205,.text,FUNCTION,RETAIL_ORIGINAL_SYMBOL
|static|,static.crs,named,46,_ZNSt18__rw_open_cat_dataD1Ev,std::__rw_open_cat_data::~__rw_open_cat_data(),0,15231,.text,FUNCTION,RETAIL_ORIGINAL_SYMBOL
|static|,static.crs,named,47,_ZNSt18__rw_open_cat_dataD2Ev,std::__rw_open_cat_data::~__rw_open_cat_data(),0,15231,.text,FUNCTION,RETAIL_ORIGINAL_SYMBOL
|static|,static.crs,named,48,_ZNSt5ctypeIcED0Ev,std::ctype<char>::~ctype(),0,15525,.text,FUNCTION,RETAIL_ORIGINAL_SYMBOL
|static|,static.crs,named,49,_ZNSt6locale16_C_remove_facetsEi,std::locale::_C_remove_facets(int),0,15537,.text,FUNCTION,RETAIL_ORIGINAL_SYMBOL
|static|,static.crs,named,50,_ZNSt6locale5facetD0Ev,std::locale::facet::~facet(),0,15621,.text,FUNCTION,RETAIL_ORIGINAL_SYMBOL
|static|,static.crs,named,51,_ZNSt6locale5facetD1Ev,std::locale::facet::~facet(),0,15629,.text,FUNCTION,RETAIL_ORIGINAL_SYMBOL
|static|,static.crs,named,52,_ZNSt6locale5facetD2Ev,std::locale::facet::~facet(),0,15629,.text,FUNCTION,RETAIL_ORIGINAL_SYMBOL
|static|,static.crs,named,53,_ZNSt6localeC1ERKS_,std::locale::locale(std::locale const&),0,15631,.text,FUNCTION,RETAIL_ORIGINAL_SYMBOL
|static|,static.crs,named,54,_ZNSt6localeC2ERKS_,std::locale::locale(std::locale const&),0,15631,.text,FUNCTION,RETAIL_ORIGINAL_SYMBOL
|static|,static.crs,named,55,_ZNSt6localeC1Ev,std::locale::locale(),0,15645,.text,FUNCTION,RETAIL_ORIGINAL_SYMBOL
|static|,static.crs,named,56,_ZNSt6localeC2Ev,std::locale::locale(),0,15645,.text,FUNCTION,RETAIL_ORIGINAL_SYMBOL
|static|,static.crs,named,57,_ZNSt7collateIcED0Ev,std::collate<char>::~collate(),0,15681,.text,FUNCTION,RETAIL_ORIGINAL_SYMBOL
|static|,static.crs,named,58,_ZNSt7collateIcED1Ev,std::collate<char>::~collate(),0,15689,.text,FUNCTION,RETAIL_ORIGINAL_SYMBOL
|static|,static.crs,named,59,_ZNSt7collateIcED2Ev,std::collate<char>::~collate(),0,15689,.text,FUNCTION,RETAIL_ORIGINAL_SYMBOL
|static|,static.crs,named,60,_ZNSt8messagesIcED0Ev,std::messages<char>::~messages(),0,15691,.text,FUNCTION,RETAIL_ORIGINAL_SYMBOL
|static|,static.crs,named,61,_ZNSt8messagesIcED1Ev,std::messages<char>::~messages(),0,15703,.text,FUNCTION,RETAIL_ORIGINAL_SYMBOL
|static|,static.crs,named,62,_ZNSt8messagesIcED2Ev,std::messages<char>::~messages(),0,15703,.text,FUNCTION,RETAIL_ORIGINAL_SYMBOL
|static|,static.crs,named,63,_ZNSt8numpunctIcED0Ev,std::numpunct<char>::~numpunct(),0,15717,.text,FUNCTION,RETAIL_ORIGINAL_SYMBOL
|static|,static.crs,named,64,_ZNSt8numpunctIcED1Ev,std::numpunct<char>::~numpunct(),0,15729,.text,FUNCTION,RETAIL_ORIGINAL_SYMBOL
|static|,static.crs,named,65,_ZNSt8numpunctIcED2Ev,std::numpunct<char>::~numpunct(),0,15729,.text,FUNCTION,RETAIL_ORIGINAL_SYMBOL
|static|,static.crs,named,66,_ZdlPvS_,"operator delete(void*, void*)",0,15771,.text,FUNCTION,RETAIL_ORIGINAL_SYMBOL
|static|,static.crs,named,67,_ZnwjPv,"operator new(unsigned int, void*)",0,15773,.text,FUNCTION,RETAIL_ORIGINAL_SYMBOL
|static|,static.crs,named,68,__cxa_guard_release,__cxa_guard_release,0,15969,.text,FUNCTION,RETAIL_ORIGINAL_SYMBOL
|static|,static.crs,named,69,__cxa_pure_virtual,__cxa_pure_virtual,0,15971,.text,FUNCTION,RETAIL_ORIGINAL_SYMBOL
|static|,static.crs,named,70,_ZN4__rw16__rw_facet_makerISt5ctypeIcEE13_C_maker_funcEiPKcj,"__rw::__rw_facet_maker<std::ctype<char> >::_C_maker_func(int, char const*, unsigned int)",0,16129,.text,FUNCTION,RETAIL_ORIGINAL_SYMBOL
|static|,static.crs,named,71,_ZN4__rw18__rw_locale_vectorIPNS_15__rw_facet_baseEED1Ev,__rw::__rw_locale_vector<__rw::__rw_facet_base*>::~__rw_locale_vector(),0,16201,.text,FUNCTION,RETAIL_ORIGINAL_SYMBOL
|static|,static.crs,named,72,_ZN4__rw18__rw_locale_vectorIPNS_15__rw_facet_baseEED2Ev,__rw::__rw_locale_vector<__rw::__rw_facet_base*>::~__rw_locale_vector(),0,16201,.text,FUNCTION,RETAIL_ORIGINAL_SYMBOL
|static|,static.crs,named,73,_ZN4__rw18__rw_locale_vectorIPNS_8__rw_catEED1Ev,__rw::__rw_locale_vector<__rw::__rw_cat*>::~__rw_locale_vector(),0,16215,.text,FUNCTION,RETAIL_ORIGINAL_SYMBOL
|static|,static.crs,named,74,_ZN4__rw18__rw_locale_vectorIPNS_8__rw_catEED2Ev,__rw::__rw_locale_vector<__rw::__rw_cat*>::~__rw_locale_vector(),0,16215,.text,FUNCTION,RETAIL_ORIGINAL_SYMBOL
|static|,static.crs,named,75,_ZN4__rw18__rw_locale_vectorISsEixEj,"__rw::__rw_locale_vector<std::basic_string<char, std::char_traits<char>, std::allocator<char> > >::operator[](unsigned int)",0,16229,.text,FUNCTION,RETAIL_ORIGINAL_SYMBOL
|static|,static.crs,named,76,_ZN4__rw18__rw_locale_vectorISt18__rw_open_cat_dataE6resizeEj,__rw::__rw_locale_vector<std::__rw_open_cat_data>::resize(unsigned int),0,16237,.text,FUNCTION,RETAIL_ORIGINAL_SYMBOL
|static|,static.crs,named,77,_ZN4__rw18__rw_locale_vectorISt18__rw_open_cat_dataED1Ev,__rw::__rw_locale_vector<std::__rw_open_cat_data>::~__rw_locale_vector(),0,16365,.text,FUNCTION,RETAIL_ORIGINAL_SYMBOL
|static|,static.crs,named,78,_ZN4__rw18__rw_locale_vectorISt18__rw_open_cat_dataED2Ev,__rw::__rw_locale_vector<std::__rw_open_cat_data>::~__rw_locale_vector(),0,16365,.text,FUNCTION,RETAIL_ORIGINAL_SYMBOL
|static|,static.crs,named,79,_ZNKSt7collateIcE10do_compareEPKcS2_S2_S2_,"std::collate<char>::do_compare(char const*, char const*, char const*, char const*) const",0,16385,.text,FUNCTION,RETAIL_ORIGINAL_SYMBOL
|static|,static.crs,named,80,_ZNKSt7collateIcE12do_transformEPKcS2_,"std::collate<char>::do_transform(char const*, char const*) const",0,16479,.text,FUNCTION,RETAIL_ORIGINAL_SYMBOL
|static|,static.crs,named,81,_ZNKSt7collateIcE7do_hashEPKcS2_,"std::collate<char>::do_hash(char const*, char const*) const",0,16543,.text,FUNCTION,RETAIL_ORIGINAL_SYMBOL
|static|,static.crs,named,82,_ZNKSt8messagesIcE6do_getEiiiRKSs,"std::messages<char>::do_get(int, int, int, std::basic_string<char, std::char_traits<char>, std::allocator<char> > const&) const",0,16613,.text,FUNCTION,RETAIL_ORIGINAL_SYMBOL
|static|,static.crs,named,83,_ZNKSt8messagesIcE7do_openERKSsRKSt6locale,"std::messages<char>::do_open(std::basic_string<char, std::char_traits<char>, std::allocator<char> > const&, std::locale const&) const",0,16753,.text,FUNCTION,RETAIL_ORIGINAL_SYMBOL
|static|,static.crs,named,84,_ZNKSt8messagesIcE8do_closeEi,std::messages<char>::do_close(int) const,0,16763,.text,FUNCTION,RETAIL_ORIGINAL_SYMBOL
|static|,static.crs,named,85,_ZNKSt8numpunctIcE11do_groupingEv,std::numpunct<char>::do_grouping() const,0,16773,.text,FUNCTION,RETAIL_ORIGINAL_SYMBOL
|static|,static.crs,named,86,_ZNKSt8numpunctIcE11do_truenameEv,std::numpunct<char>::do_truename() const,0,16783,.text,FUNCTION,RETAIL_ORIGINAL_SYMBOL
|static|,static.crs,named,87,_ZNKSt8numpunctIcE12do_falsenameEv,std::numpunct<char>::do_falsename() const,0,16793,.text,FUNCTION,RETAIL_ORIGINAL_SYMBOL
|static|,static.crs,named,88,_ZNKSt8numpunctIcE16do_decimal_pointEv,std::numpunct<char>::do_decimal_point() const,0,16803,.text,FUNCTION,RETAIL_ORIGINAL_SYMBOL
|static|,static.crs,named,89,_ZNKSt8numpunctIcE16do_thousands_sepEv,std::numpunct<char>::do_thousands_sep() const,0,16807,.text,FUNCTION,RETAIL_ORIGINAL_SYMBOL
|static|,static.crs,named,90,_ZNSaIN4__rw12__string_refIcSt11char_traitsIcESaIcEEEEC1IcEERKSaIT_E,"std::allocator<__rw::__string_ref<char, std::char_traits<char>, std::allocator<char> > >::allocator<char>(std::allocator<char> const&)",0,16811,.text,FUNCTION,RETAIL_ORIGINAL_SYMBOL
|static|,static.crs,named,91,_ZNSaIN4__rw12__string_refIcSt11char_traitsIcESaIcEEEEC2IcEERKSaIT_E,"std::allocator<__rw::__string_ref<char, std::char_traits<char>, std::allocator<char> > >::allocator<char>(std::allocator<char> const&)",0,16811,.text,FUNCTION,RETAIL_ORIGINAL_SYMBOL
|static|,static.crs,named,92,_ZNSaIcEC1ERKS_,std::allocator<char>::allocator(std::allocator<char> const&),0,16813,.text,FUNCTION,RETAIL_ORIGINAL_SYMBOL
|static|,static.crs,named,93,_ZNSaIcEC2ERKS_,std::allocator<char>::allocator(std::allocator<char> const&),0,16813,.text,FUNCTION,RETAIL_ORIGINAL_SYMBOL
|static|,static.crs,named,94,_ZNSaIcEC1Ev,std::allocator<char>::allocator(),0,16815,.text,FUNCTION,RETAIL_ORIGINAL_SYMBOL
|static|,static.crs,named,95,_ZNSaIcEC2Ev,std::allocator<char>::allocator(),0,16815,.text,FUNCTION,RETAIL_ORIGINAL_SYMBOL
|static|,static.crs,named,96,_ZNSs11_C_allocateEjjj,"std::basic_string<char, std::char_traits<char>, std::allocator<char> >::_C_allocate(unsigned int, unsigned int, unsigned int)",0,16817,.text,FUNCTION,RETAIL_ORIGINAL_SYMBOL
|static|,static.crs,named,97,_ZNSs7replaceEjjPKcjjj,"std::basic_string<char, std::char_traits<char>, std::allocator<char> >::replace(unsigned int, unsigned int, char const*, unsigned int, unsigned int, unsigned int)",0,16869,.text,FUNCTION,RETAIL_ORIGINAL_SYMBOL
|static|,static.crs,named,98,_ZNSsaSEPKc,"std::basic_string<char, std::char_traits<char>, std::allocator<char> >::operator=(char const*)",0,17249,.text,FUNCTION,RETAIL_ORIGINAL_SYMBOL
|static|,static.crs,named,99,_ZNSt8numpunctIcE12_C_initfacetERKSt6locale,std::numpunct<char>::_C_initfacet(std::locale const&),0,17329,.text,FUNCTION,RETAIL_ORIGINAL_SYMBOL
|static|,static.crs,named,100,_printf_percent,_printf_percent,0,17460,.text,FUNCTION,RETAIL_ORIGINAL_SYMBOL
|static|,static.crs,named,101,_printf_i,_printf_i,0,17520,.text,FUNCTION,RETAIL_ORIGINAL_SYMBOL
|static|,static.crs,named,102,_printf_d,_printf_d,0,17528,.text,FUNCTION,RETAIL_ORIGINAL_SYMBOL
|static|,static.crs,named,103,_printf_u,_printf_u,0,17536,.text,FUNCTION,RETAIL_ORIGINAL_SYMBOL
|static|,static.crs,named,104,_printf_llx,_printf_llx,0,17592,.text,FUNCTION,RETAIL_ORIGINAL_SYMBOL
|static|,static.crs,named,105,_ZN4gfl24base17SingletonAccessorIN7GameSys11GameManagerEE11GetInstanceEv,gfl2::base::SingletonAccessor<GameSys::GameManager>::GetInstance(),0,18612,.text,FUNCTION,RETAIL_ORIGINAL_SYMBOL
|static|,static.crs,named,106,_ZNK4gfl22ui13DeviceManager9GetButtonEh,gfl2::ui::DeviceManager::GetButton(unsigned char) const,0,18888,.text,FUNCTION,RETAIL_ORIGINAL_SYMBOL
|static|,static.crs,named,107,_ZNK4gfl22ui6Button6IsHoldEjNS1_12InputStateIDE,"gfl2::ui::Button::IsHold(unsigned int, gfl2::ui::Button::InputStateID) const",0,18936,.text,FUNCTION,RETAIL_ORIGINAL_SYMBOL
|static|,static.crs,named,108,_ZNK7GameSys11GameManager18GetUiDeviceManagerEv,GameSys::GameManager::GetUiDeviceManager() const,0,19008,.text,FUNCTION,RETAIL_ORIGINAL_SYMBOL
|static|,static.crs,named,109,_ZnwjPN4gfl24heap11CtrHeapBaseE,"operator new(unsigned int, gfl2::heap::CtrHeapBase*)",0,21760,.text,FUNCTION,RETAIL_ORIGINAL_SYMBOL
|static|,static.crs,named,110,_ZN2nn3err3CTR16ThrowFatalErrAllENS_6ResultEj,"nn::err::CTR::ThrowFatalErrAll(nn::Result, unsigned int)",0,23352,.text,FUNCTION,RETAIL_ORIGINAL_SYMBOL
|static|,static.crs,named,111,_ZN2nn3svc11CreateEventEPNS_6HandleENS_2os9ResetTypeE,"nn::svc::CreateEvent(nn::Handle*, nn::os::ResetType)",0,25376,.text,FUNCTION,RETAIL_ORIGINAL_SYMBOL
|static|,static.crs,named,112,_ZN2nn2os15CriticalSection10InitializeEv,nn::os::CriticalSection::Initialize(),0,25496,.text,FUNCTION,RETAIL_ORIGINAL_SYMBOL
|static|,static.crs,named,113,_ZN2nn2os6Thread25TryInitializeAndStartImplERKNS1_8TypeInfoEPFvjEPKvjiib,"nn::os::Thread::TryInitializeAndStartImpl(nn::os::Thread::TypeInfo const&, void (*)(unsigned int), void const*, unsigned int, int, int, bool)",0,25700,.text,FUNCTION,RETAIL_ORIGINAL_SYMBOL
|static|,static.crs,named,114,_ZN4gfl24heap7Manager15GetHeapByHeapIdEi,gfl2::heap::Manager::GetHeapByHeapId(int),0,29556,.text,FUNCTION,RETAIL_ORIGINAL_SYMBOL
|static|,static.crs,named,115,_ZN4gfl25debug13GFLassertStopEPKcjS2_,"gfl2::debug::GFLassertStop(char const*, unsigned int, char const*)",0,29884,.text,FUNCTION,RETAIL_ORIGINAL_SYMBOL
|static|,static.crs,named,116,_ZN2nn2os10LightEvent6SignalEv,nn::os::LightEvent::Signal(),0,30096,.text,FUNCTION,RETAIL_ORIGINAL_SYMBOL
|static|,static.crs,named,117,_ZN2nn2os15CriticalSection5EnterEv,nn::os::CriticalSection::Enter(),0,30376,.text,FUNCTION,RETAIL_ORIGINAL_SYMBOL
|static|,static.crs,named,118,_ZN2nn2os15CriticalSection5LeaveEv,nn::os::CriticalSection::Leave(),0,30512,.text,FUNCTION,RETAIL_ORIGINAL_SYMBOL
|static|,static.crs,named,119,_ZN2nn2os3CTR6detail19HandleInternalErrorENS_6ResultE,nn::os::CTR::detail::HandleInternalError(nn::Result),0,30544,.text,FUNCTION,RETAIL_ORIGINAL_SYMBOL
|static|,static.crs,named,120,nndbgPanic,nndbgPanic,0,33292,.text,FUNCTION,RETAIL_ORIGINAL_SYMBOL
|static|,static.crs,named,121,_ZN2nn2os6Thread9SleepImplENS_3fnd8TimeSpanE,nn::os::Thread::SleepImpl(nn::fnd::TimeSpan),0,33476,.text,FUNCTION,RETAIL_ORIGINAL_SYMBOL
|static|,static.crs,named,122,_ZN2nn2os10LightEvent10InitializeEb,nn::os::LightEvent::Initialize(bool),0,33488,.text,FUNCTION,RETAIL_ORIGINAL_SYMBOL
|static|,static.crs,named,123,_ZN2nn2os10LightEvent4WaitEv,nn::os::LightEvent::Wait(),0,33540,.text,FUNCTION,RETAIL_ORIGINAL_SYMBOL
|static|,static.crs,named,124,_ZN2nn2os10LightEvent11ClearSignalEv,nn::os::LightEvent::ClearSignal(),0,33764,.text,FUNCTION,RETAIL_ORIGINAL_SYMBOL
|static|,static.crs,named,125,_ZN4gfl24heap23GflHeapAllocMemoryBlockEPNS0_11CtrHeapBaseEi,"gfl2::heap::GflHeapAllocMemoryBlock(gfl2::heap::CtrHeapBase*, int)",0,35280,.text,FUNCTION,RETAIL_ORIGINAL_SYMBOL
|static|,static.crs,named,126,__aeabi_memclr,__aeabi_memclr,0,35440,.text,FUNCTION,RETAIL_ORIGINAL_SYMBOL
|static|,static.crs,named,127,__aeabi_memcpy4,__aeabi_memcpy4,0,35716,.text,FUNCTION,RETAIL_ORIGINAL_SYMBOL
|static|,static.crs,named,128,_ZN2nn2os6Thread12FinalizeImplEv,nn::os::Thread::FinalizeImpl(),0,36184,.text,FUNCTION,RETAIL_ORIGINAL_SYMBOL
|static|,static.crs,named,129,_ZN2nn4math5ARMv612MTX34MultAsmEPNS0_5MTX34EPKS2_S5_,"nn::math::ARMv6::MTX34MultAsm(nn::math::MTX34*, nn::math::MTX34 const*, nn::math::MTX34 const*)",0,36692,.text,FUNCTION,RETAIL_ORIGINAL_SYMBOL
|static|,static.crs,named,130,_ZN2nn4math5ARMv612MTX34CopyAsmEPNS0_5MTX34EPKS2_,"nn::math::ARMv6::MTX34CopyAsm(nn::math::MTX34*, nn::math::MTX34 const*)",0,36920,.text,FUNCTION,RETAIL_ORIGINAL_SYMBOL
|static|,static.crs,named,131,_ZN2nn4math5ARMv616VEC3TransformAsmEPNS0_4VEC3EPKNS0_5MTX34EPKS2_,"nn::math::ARMv6::VEC3TransformAsm(nn::math::VEC3*, nn::math::MTX34 const*, nn::math::VEC3 const*)",0,37236,.text,FUNCTION,RETAIL_ORIGINAL_SYMBOL
|static|,static.crs,named,132,_ZN2nn4math5ARMv612MTX44MultAsmEPNS0_5MTX44EPKS2_S5_,"nn::math::ARMv6::MTX44MultAsm(nn::math::MTX44*, nn::math::MTX44 const*, nn::math::MTX44 const*)",0,37324,.text,FUNCTION,RETAIL_ORIGINAL_SYMBOL
|static|,static.crs,named,133,_ZN2nn2gr3CTR19CopyMtx34WithHeaderEPfPKNS_4math5MTX34Ej,"nn::gr::CTR::CopyMtx34WithHeader(float*, nn::math::MTX34 const*, unsigned int)",0,37672,.text,FUNCTION,RETAIL_ORIGINAL_SYMBOL
|static|,static.crs,named,134,_ZN2nn2gr3CTR19CopyMtx44WithHeaderEPfPKNS_4math5MTX44Ej,"nn::gr::CTR::CopyMtx44WithHeader(float*, nn::math::MTX44 const*, unsigned int)",0,37732,.text,FUNCTION,RETAIL_ORIGINAL_SYMBOL
|static|,static.crs,named,135,_ZN2nn3svc10ClearEventENS_6HandleE,nn::svc::ClearEvent(nn::Handle),0,61204,.text,FUNCTION,RETAIL_ORIGINAL_SYMBOL
|static|,static.crs,named,136,_ZN2nn3svc11CloseHandleENS_6HandleE,nn::svc::CloseHandle(nn::Handle),0,61212,.text,FUNCTION,RETAIL_ORIGINAL_SYMBOL
|static|,static.crs,named,137,_ZN2nn3svc13GetSystemTickEv,nn::svc::GetSystemTick(),0,61328,.text,FUNCTION,RETAIL_ORIGINAL_SYMBOL
|static|,static.crs,named,138,_ZN2nn3svc11SignalEventENS_6HandleE,nn::svc::SignalEvent(nn::Handle),0,61384,.text,FUNCTION,RETAIL_ORIGINAL_SYMBOL
|static|,static.crs,named,139,_ZN2nn3svc20WaitSynchronization1ENS_6HandleEx,"nn::svc::WaitSynchronization1(nn::Handle, long long)",0,61596,.text,FUNCTION,RETAIL_ORIGINAL_SYMBOL
|static|,static.crs,named,140,__aeabi_uldivmod,__aeabi_uldivmod,0,94284,.text,FUNCTION,RETAIL_ORIGINAL_SYMBOL
|static|,static.crs,named,141,__aeabi_lasr,__aeabi_lasr,0,95076,.text,FUNCTION,RETAIL_ORIGINAL_SYMBOL
|static|,static.crs,named,142,__aeabi_ldivmod,__aeabi_ldivmod,0,95116,.text,FUNCTION,RETAIL_ORIGINAL_SYMBOL
|static|,static.crs,named,143,_ZN4gfl24core7Utility7StrncmpEPKcS3_j,"gfl2::core::Utility::Strncmp(char const*, char const*, unsigned int)",0,95196,.text,FUNCTION,RETAIL_ORIGINAL_SYMBOL
|static|,static.crs,named,144,strncmp,strncmp,0,95200,.text,FUNCTION,RETAIL_ORIGINAL_SYMBOL
|static|,static.crs,named,145,__aeabi_memmove4,__aeabi_memmove4,0,95640,.text,FUNCTION,RETAIL_ORIGINAL_SYMBOL
|static|,static.crs,named,146,__aeabi_memset,__aeabi_memset,0,95780,.text,FUNCTION,RETAIL_ORIGINAL_SYMBOL
|static|,static.crs,named,147,__aeabi_uidivmod,__aeabi_uidivmod,0,95920,.text,FUNCTION,RETAIL_ORIGINAL_SYMBOL
|static|,static.crs,named,148,_Z17BATTLE_SETUP_CommP18BATTLE_SETUP_PARAMPN7GameSys11GameManagerEPK19BTL_FIELD_SITUATIONhhPN4gfl24heap11CtrHeapBaseE,"BATTLE_SETUP_Comm(BATTLE_SETUP_PARAM*, GameSys::GameManager*, BTL_FIELD_SITUATION const*, unsigned char, unsigned char, gfl2::heap::CtrHeapBase*)",0,312092,.text,FUNCTION,RETAIL_ORIGINAL_SYMBOL
|static|,static.crs,named,149,_Z17BATTLE_SETUP_InitP18BATTLE_SETUP_PARAM,BATTLE_SETUP_Init(BATTLE_SETUP_PARAM*),0,312428,.text,FUNCTION,RETAIL_ORIGINAL_SYMBOL
|static|,static.crs,named,150,_Z18BATTLE_SETUP_ClearP18BATTLE_SETUP_PARAM,BATTLE_SETUP_Clear(BATTLE_SETUP_PARAM*),0,316888,.text,FUNCTION,RETAIL_ORIGINAL_SYMBOL
|static|,static.crs,named,151,_Z22BATTLE_EFFECT_GetParam14BattleEffectIdP17BSP_BATTLE_EFFECT,"BATTLE_EFFECT_GetParam(BattleEffectId, BSP_BATTLE_EFFECT*)",0,330820,.text,FUNCTION,RETAIL_ORIGINAL_SYMBOL
|static|,static.crs,named,152,_Z22BTL_SETUP_GetDebugFlagPK18BATTLE_SETUP_PARAM12BtlDebugFlag,"BTL_SETUP_GetDebugFlag(BATTLE_SETUP_PARAM const*, BtlDebugFlag)",0,330848,.text,FUNCTION,RETAIL_ORIGINAL_SYMBOL
|static|,static.crs,named,153,_Z25DEFAULT_POWERUP_DESC_CopyP18DefaultPowerUpDescRKS_,"DEFAULT_POWERUP_DESC_Copy(DefaultPowerUpDesc*, DefaultPowerUpDesc const&)",0,341084,.text,FUNCTION,RETAIL_ORIGINAL_SYMBOL
|static|,static.crs,named,154,_Z26DEFAULT_POWERUP_DESC_ClearP18DefaultPowerUpDesc,DEFAULT_POWERUP_DESC_Clear(DefaultPowerUpDesc*),0,344484,.text,FUNCTION,RETAIL_ORIGINAL_SYMBOL
|static|,static.crs,named,155,_Z28BATTLE_PARAM_SetBattleEffectP18BATTLE_SETUP_PARAM14BattleEffectId,"BATTLE_PARAM_SetBattleEffect(BATTLE_SETUP_PARAM*, BattleEffectId)",0,347880,.text,FUNCTION,RETAIL_ORIGINAL_SYMBOL
|static|,static.crs,named,156,_Z29GetCornerColorFromBtlClientId13BTL_CLIENT_ID,GetCornerColorFromBtlClientId(BTL_CLIENT_ID),0,348636,.text,FUNCTION,RETAIL_ORIGINAL_SYMBOL
|static|,static.crs,named,157,_Z29INTRUDE_BATTLE_PARAM_IsEnableRK18IntrudeBattleParam,INTRUDE_BATTLE_PARAM_IsEnable(IntrudeBattleParam const&),0,348708,.text,FUNCTION,RETAIL_ORIGINAL_SYMBOL
|static|,static.crs,named,158,_Z31REINFORCE_BATTLE_PARAM_IsEnableRK20ReinforceBattleParam,REINFORCE_BATTLE_PARAM_IsEnable(ReinforceBattleParam const&),0,348768,.text,FUNCTION,RETAIL_ORIGINAL_SYMBOL
|static|,static.crs,named,159,_ZN10BattleInst10BattleInst11AddWinCountEv,BattleInst::BattleInst::AddWinCount(),0,357860,.text,FUNCTION,RETAIL_ORIGINAL_SYMBOL
|static|,static.crs,named,160,_ZN10BattleInst10BattleInst11IsBossRoyalEv,BattleInst::BattleInst::IsBossRoyal(),0,358184,.text,FUNCTION,RETAIL_ORIGINAL_SYMBOL
|static|,static.crs,named,161,_ZN10BattleInst10BattleInst11SetCommDataEPNS0_12CommSendDataE,BattleInst::BattleInst::SetCommData(BattleInst::BattleInst::CommSendData*),0,358336,.text,FUNCTION,RETAIL_ORIGINAL_SYMBOL
|static|,static.crs,named,162,_ZN10BattleInst10BattleInst11StartBattleEbb,"BattleInst::BattleInst::StartBattle(bool, bool)",0,358388,.text,FUNCTION,RETAIL_ORIGINAL_SYMBOL
|static|,static.crs,named,163,_ZN10BattleInst10BattleInst12GetTrainerIDEi,BattleInst::BattleInst::GetTrainerID(int),0,359148,.text,FUNCTION,RETAIL_ORIGINAL_SYMBOL
|static|,static.crs,named,164,_ZN10BattleInst10BattleInst22SelectVsPokemonForCommEv,BattleInst::BattleInst::SelectVsPokemonForComm(),0,359160,.text,FUNCTION,RETAIL_ORIGINAL_SYMBOL
|static|,static.crs,named,165,_ZN10BattleInst10BattleInst13AddTrainerObjEN5Field21BATTLE_INST_POS_INDEXEifff,"BattleInst::BattleInst::AddTrainerObj(Field::BATTLE_INST_POS_INDEX, int, float, float, float)",0,359832,.text,FUNCTION,RETAIL_ORIGINAL_SYMBOL
|static|,static.crs,named,166,_ZN10BattleInst10BattleInst13MakeAiPartnerEv,BattleInst::BattleInst::MakeAiPartner(),0,360072,.text,FUNCTION,RETAIL_ORIGINAL_SYMBOL
|static|,static.crs,named,167,_ZN10BattleInst10BattleInst13SelectTrainerEi,BattleInst::BattleInst::SelectTrainer(int),0,360560,.text,FUNCTION,RETAIL_ORIGINAL_SYMBOL
|static|,static.crs,named,168,_ZN10BattleInst10BattleInst13SetupSendDataEv,BattleInst::BattleInst::SetupSendData(),0,361288,.text,FUNCTION,RETAIL_ORIGINAL_SYMBOL
|static|,static.crs,named,169,_ZN10BattleInst10BattleInst13WaitModelLoadEv,BattleInst::BattleInst::WaitModelLoad(),0,361496,.text,FUNCTION,RETAIL_ORIGINAL_SYMBOL
|static|,static.crs,named,170,_ZN10BattleInst10BattleInst14ClearModelDataEv,BattleInst::BattleInst::ClearModelData(),0,361524,.text,FUNCTION,RETAIL_ORIGINAL_SYMBOL
|static|,static.crs,named,171,_ZN10BattleInst10BattleInst14CreateForRoyalEv,BattleInst::BattleInst::CreateForRoyal(),0,361756,.text,FUNCTION,RETAIL_ORIGINAL_SYMBOL
|static|,static.crs,named,172,_ZN10BattleInst10BattleInst14DeleteForRoyalEv,BattleInst::BattleInst::DeleteForRoyal(),0,361840,.text,FUNCTION,RETAIL_ORIGINAL_SYMBOL
|static|,static.crs,named,173,_ZN10BattleInst10BattleInst14GetCharacterIDEi,BattleInst::BattleInst::GetCharacterID(int),0,361884,.text,FUNCTION,RETAIL_ORIGINAL_SYMBOL
|static|,static.crs,named,174,_ZN10BattleInst10BattleInst15GetSendCommDataEPNS0_12CommSendDataE,BattleInst::BattleInst::GetSendCommData(BattleInst::BattleInst::CommSendData*),0,361980,.text,FUNCTION,RETAIL_ORIGINAL_SYMBOL
|static|,static.crs,named,175,_ZN10BattleInst10BattleInst15SetCommWinCountEi,BattleInst::BattleInst::SetCommWinCount(int),0,362416,.text,FUNCTION,RETAIL_ORIGINAL_SYMBOL
|static|,static.crs,named,176,_ZN10BattleInst10BattleInst16StartBattleRoyalEv,BattleInst::BattleInst::StartBattleRoyal(),0,362480,.text,FUNCTION,RETAIL_ORIGINAL_SYMBOL
|static|,static.crs,named,177,_ZN10BattleInst10BattleInst17SetNoEntryTrainerEii,"BattleInst::BattleInst::SetNoEntryTrainer(int, int)",0,363776,.text,FUNCTION,RETAIL_ORIGINAL_SYMBOL
|static|,static.crs,named,178,_ZN10BattleInst10BattleInst18GetSelectRankRoyalEv,BattleInst::BattleInst::GetSelectRankRoyal(),0,364040,.text,FUNCTION,RETAIL_ORIGINAL_SYMBOL
|static|,static.crs,named,179,_ZN10BattleInst10BattleInst19GetBattleStartMsgIdEi,BattleInst::BattleInst::GetBattleStartMsgId(int),0,365416,.text,FUNCTION,RETAIL_ORIGINAL_SYMBOL
|static|,static.crs,named,180,_ZN10BattleInst10BattleInst19SetPokeSelectResultEv,BattleInst::BattleInst::SetPokeSelectResult(),0,365444,.text,FUNCTION,RETAIL_ORIGINAL_SYMBOL
|static|,static.crs,named,181,_ZN10BattleInst10BattleInst20AddDressupTrainerObjEN5Field21BATTLE_INST_POS_INDEXEfff,"BattleInst::BattleInst::AddDressupTrainerObj(Field::BATTLE_INST_POS_INDEX, float, float, float)",0,365536,.text,FUNCTION,RETAIL_ORIGINAL_SYMBOL
|static|,static.crs,named,182,_ZN10BattleInst10BattleInst20ScountCurrentTrainerEv,BattleInst::BattleInst::ScountCurrentTrainer(),0,365976,.text,FUNCTION,RETAIL_ORIGINAL_SYMBOL
|static|,static.crs,named,183,_ZN10BattleInst10BattleInst21GetPartnerCharacterIDEv,BattleInst::BattleInst::GetPartnerCharacterID(),0,366472,.text,FUNCTION,RETAIL_ORIGINAL_SYMBOL
|static|,static.crs,named,184,_ZN10BattleInst10BattleInst23MakeTrainerDataWithBossEii,"BattleInst::BattleInst::MakeTrainerDataWithBoss(int, int)",0,366580,.text,FUNCTION,RETAIL_ORIGINAL_SYMBOL
|static|,static.crs,named,185,_ZN10BattleInst10BattleInst36WordSetBinstTrainerNameFromTrainerNoEtt,"BattleInst::BattleInst::WordSetBinstTrainerNameFromTrainerNo(unsigned short, unsigned short)",0,368184,.text,FUNCTION,RETAIL_ORIGINAL_SYMBOL
|static|,static.crs,named,186,_ZN10BattleInst10BattleInst40WordSetBinstTrainerTypeNameFromTrainerNoEtt,"BattleInst::BattleInst::WordSetBinstTrainerTypeNameFromTrainerNo(unsigned short, unsigned short)",0,368240,.text,FUNCTION,RETAIL_ORIGINAL_SYMBOL
|static|,static.crs,named,187,_ZN10BattleInst10BattleInst5IsWinEv,BattleInst::BattleInst::IsWin(),0,368284,.text,FUNCTION,RETAIL_ORIGINAL_SYMBOL
|static|,static.crs,named,188,_ZN10BattleInst10BattleInst6IsBossEv,BattleInst::BattleInst::IsBoss(),0,368484,.text,FUNCTION,RETAIL_ORIGINAL_SYMBOL
|static|,static.crs,named,189,_ZN10BattleInst10BattleInst7SetRuleEN10Regulation15BATTLE_CATEGORYENS1_11BATTLE_RULEE,"BattleInst::BattleInst::SetRule(Regulation::BATTLE_CATEGORY, Regulation::BATTLE_RULE)",0,368492,.text,FUNCTION,RETAIL_ORIGINAL_SYMBOL
|static|,static.crs,named,190,_ZN10BattleInst10BattleInst9SetRibbonEjN8Savedata14BattleInstModeE,"BattleInst::BattleInst::SetRibbon(unsigned int, Savedata::BattleInstMode)",0,368716,.text,FUNCTION,RETAIL_ORIGINAL_SYMBOL
|static|,static.crs,named,191,_ZN10BattleInst17BattleInstManager12GetModelDataEi,BattleInst::BattleInstManager::GetModelData(int),0,370528,.text,FUNCTION,RETAIL_ORIGINAL_SYMBOL
|static|,static.crs,named,192,_ZN10BattleInst17BattleInstManager6CreateEPN7GameSys11GameManagerE,BattleInst::BattleInstManager::Create(GameSys::GameManager*),0,370560,.text,FUNCTION,RETAIL_ORIGINAL_SYMBOL
|static|,static.crs,named,193,_ZN10BattleInst17BattleInstManager6DeleteEv,BattleInst::BattleInstManager::Delete(),0,370744,.text,FUNCTION,RETAIL_ORIGINAL_SYMBOL
|static|,static.crs,named,194,_ZN10BattleInst17BattleInstManagerC1Ev,BattleInst::BattleInstManager::BattleInstManager(),0,370824,.text,FUNCTION,RETAIL_ORIGINAL_SYMBOL
|static|,static.crs,named,195,_ZN10BattleInst17BattleInstManagerD1Ev,BattleInst::BattleInstManager::~BattleInstManager(),0,370840,.text,FUNCTION,RETAIL_ORIGINAL_SYMBOL
|static|,static.crs,named,196,_ZN10Regulation10DeleteDataEv,Regulation::DeleteData(),0,370900,.text,FUNCTION,RETAIL_ORIGINAL_SYMBOL
|static|,static.crs,named,197,_ZN10Regulation11DeserializeEPKvj,"Regulation::Deserialize(void const*, unsigned int)",0,370944,.text,FUNCTION,RETAIL_ORIGINAL_SYMBOL
|static|,static.crs,named,198,_ZN10Regulation7SetDataEPKvj,"Regulation::SetData(void const*, unsigned int)",0,372304,.text,FUNCTION,RETAIL_ORIGINAL_SYMBOL
|static|,static.crs,named,199,_ZN10Regulation8LoadDataENS_6PRESETE,Regulation::LoadData(Regulation::PRESET),0,372400,.text,FUNCTION,RETAIL_ORIGINAL_SYMBOL
|static|,static.crs,named,200,_ZN10RegulationC1EPN4gfl24heap11CtrHeapBaseE,Regulation::Regulation(gfl2::heap::CtrHeapBase*),0,372576,.text,FUNCTION,RETAIL_ORIGINAL_SYMBOL
|static|,static.crs,named,201,_ZN10RegulationD1Ev,Regulation::~Regulation(),0,372668,.text,FUNCTION,RETAIL_ORIGINAL_SYMBOL
|static|,static.crs,named,202,_ZN11ExtSavedata17NijiExtSaveSystem12IsFatalErrorEN4gfl22fs11ExtSaveFile6ResultE,ExtSavedata::NijiExtSaveSystem::IsFatalError(gfl2::fs::ExtSaveFile::Result),0,373192,.text,FUNCTION,RETAIL_ORIGINAL_SYMBOL
|static|,static.crs,named,203,_ZN11ExtSavedata21RegulationExtSaveData22IsExistsRegulationDataENS0_15REGULATION_TYPEE,ExtSavedata::RegulationExtSaveData::IsExistsRegulationData(ExtSavedata::RegulationExtSaveData::REGULATION_TYPE),0,373296,.text,FUNCTION,RETAIL_ORIGINAL_SYMBOL
|static|,static.crs,named,204,_ZN11ExtSavedata17NijiExtSaveSystem15WaitBootProcessEv,ExtSavedata::NijiExtSaveSystem::WaitBootProcess(),0,374308,.text,FUNCTION,RETAIL_ORIGINAL_SYMBOL
|static|,static.crs,named,205,_ZN11ExtSavedata17NijiExtSaveSystem16StartBootProcessEPN4gfl24heap11CtrHeapBaseE,ExtSavedata::NijiExtSaveSystem::StartBootProcess(gfl2::heap::CtrHeapBase*),0,374532,.text,FUNCTION,RETAIL_ORIGINAL_SYMBOL
|static|,static.crs,named,206,_ZN11ExtSavedata21RegulationExtSaveData12IsFatalErrorEv,ExtSavedata::RegulationExtSaveData::IsFatalError(),0,376664,.text,FUNCTION,RETAIL_ORIGINAL_SYMBOL
|static|,static.crs,named,207,_ZN11ExtSavedata21RegulationExtSaveData18LoadRegulationDataENS0_15REGULATION_TYPEER10Regulation,"ExtSavedata::RegulationExtSaveData::LoadRegulationData(ExtSavedata::RegulationExtSaveData::REGULATION_TYPE, Regulation&)",0,376672,.text,FUNCTION,RETAIL_ORIGINAL_SYMBOL
|static|,static.crs,named,208,_ZN11ExtSavedata21RegulationExtSaveData18SaveRegulationDataENS0_15REGULATION_TYPEERK10Regulation,"ExtSavedata::RegulationExtSaveData::SaveRegulationData(ExtSavedata::RegulationExtSaveData::REGULATION_TYPE, Regulation const&)",0,376872,.text,FUNCTION,RETAIL_ORIGINAL_SYMBOL
|static|,static.crs,named,209,_ZN11ExtSavedata21RegulationExtSaveData20DeleteRegulationDataENS0_15REGULATION_TYPEE,ExtSavedata::RegulationExtSaveData::DeleteRegulationData(ExtSavedata::RegulationExtSaveData::REGULATION_TYPE),0,377240,.text,FUNCTION,RETAIL_ORIGINAL_SYMBOL
|static|,static.crs,named,210,_ZN11ExtSavedata21RegulationExtSaveData23StartLoadRegulationDataENS0_15REGULATION_TYPEER10Regulation,"ExtSavedata::RegulationExtSaveData::StartLoadRegulationData(ExtSavedata::RegulationExtSaveData::REGULATION_TYPE, Regulation&)",0,377376,.text,FUNCTION,RETAIL_ORIGINAL_SYMBOL
|static|,static.crs,named,211,_ZN11ExtSavedata21RegulationExtSaveData25StartCreateRegulationDataENS0_15REGULATION_TYPEERK10Regulation,"ExtSavedata::RegulationExtSaveData::StartCreateRegulationData(ExtSavedata::RegulationExtSaveData::REGULATION_TYPE, Regulation const&)",0,377448,.text,FUNCTION,RETAIL_ORIGINAL_SYMBOL
|static|,static.crs,named,212,_ZN11ExtSavedata21RegulationExtSaveData25StartDeleteRegulationDataENS0_15REGULATION_TYPEE,ExtSavedata::RegulationExtSaveData::StartDeleteRegulationData(ExtSavedata::RegulationExtSaveData::REGULATION_TYPE),0,377528,.text,FUNCTION,RETAIL_ORIGINAL_SYMBOL
|static|,static.crs,named,213,_ZN11ExtSavedata21RegulationExtSaveData6UpdateEv,ExtSavedata::RegulationExtSaveData::Update(),0,377608,.text,FUNCTION,RETAIL_ORIGINAL_SYMBOL
|static|,static.crs,named,214,_ZN11ExtSavedata21RegulationExtSaveDataC1EPN4gfl24heap11CtrHeapBaseE,ExtSavedata::RegulationExtSaveData::RegulationExtSaveData(gfl2::heap::CtrHeapBase*),0,378328,.text,FUNCTION,RETAIL_ORIGINAL_SYMBOL
|static|,static.crs,named,215,_ZN11ExtSavedata21RegulationExtSaveDataD1Ev,ExtSavedata::RegulationExtSaveData::~RegulationExtSaveData(),0,378500,.text,FUNCTION,RETAIL_ORIGINAL_SYMBOL
|static|,static.crs,named,216,_ZN11ExtSavedata22BattleRecorderSaveData11GetMyStatusE13BTL_CLIENT_IDPN4gfl24heap11CtrHeapBaseE,"ExtSavedata::BattleRecorderSaveData::GetMyStatus(BTL_CLIENT_ID, gfl2::heap::CtrHeapBase*)",0,378572,.text,FUNCTION,RETAIL_ORIGINAL_SYMBOL
|static|,static.crs,named,217,_ZN11ExtSavedata22BattleRecorderSaveData12GetPokePartyE13BTL_CLIENT_IDPN4gfl24heap11CtrHeapBaseE,"ExtSavedata::BattleRecorderSaveData::GetPokeParty(BTL_CLIENT_ID, gfl2::heap::CtrHeapBase*)",0,378688,.text,FUNCTION,RETAIL_ORIGINAL_SYMBOL
|static|,static.crs,named,218,_ZN11ExtSavedata22BattleRecorderSaveData15LiveCupLoadDataEv,ExtSavedata::BattleRecorderSaveData::LiveCupLoadData(),0,381732,.text,FUNCTION,RETAIL_ORIGINAL_SYMBOL
|static|,static.crs,named,219,_ZN11ExtSavedata22BattleRecorderSaveData15LiveCupSaveDataEv,ExtSavedata::BattleRecorderSaveData::LiveCupSaveData(),0,381840,.text,FUNCTION,RETAIL_ORIGINAL_SYMBOL
|static|,static.crs,named,220,_ZN11ExtSavedata22BattleRecorderSaveData17LiveCupDeleteDataEv,ExtSavedata::BattleRecorderSaveData::LiveCupDeleteData(),0,382380,.text,FUNCTION,RETAIL_ORIGINAL_SYMBOL
|static|,static.crs,named,221,_ZN11ExtSavedata22BattleRecorderSaveData21ClearBattleSetupParamEP18BATTLE_SETUP_PARAM,ExtSavedata::BattleRecorderSaveData::ClearBattleSetupParam(BATTLE_SETUP_PARAM*),0,382428,.text,FUNCTION,RETAIL_ORIGINAL_SYMBOL
|static|,static.crs,named,222,_ZN11ExtSavedata22BattleRecorderSaveData22CreateBattleSetupParamEP18BATTLE_SETUP_PARAMPKN8Savedata10ConfigSaveE,"ExtSavedata::BattleRecorderSaveData::CreateBattleSetupParam(BATTLE_SETUP_PARAM*, Savedata::ConfigSave const*)",0,382528,.text,FUNCTION,RETAIL_ORIGINAL_SYMBOL
|static|,static.crs,named,223,_ZN11ExtSavedata22BattleRecorderSaveData22GetBattleRecDataDirectEv,ExtSavedata::BattleRecorderSaveData::GetBattleRecDataDirect(),0,383260,.text,FUNCTION,RETAIL_ORIGINAL_SYMBOL
|static|,static.crs,named,224,_ZN11ExtSavedata22BattleRecorderSaveData28CheckLiveCupSaveDataValidityEPN4gfl24heap11CtrHeapBaseE,ExtSavedata::BattleRecorderSaveData::CheckLiveCupSaveDataValidity(gfl2::heap::CtrHeapBase*),0,383436,.text,FUNCTION,RETAIL_ORIGINAL_SYMBOL
|static|,static.crs,named,225,_ZN11ExtSavedata22BattleRecorderSaveData32CheckAllSaveDataValidityContinueEPN4gfl24heap11CtrHeapBaseEPbib,"ExtSavedata::BattleRecorderSaveData::CheckAllSaveDataValidityContinue(gfl2::heap::CtrHeapBase*, bool*, int, bool)",0,383660,.text,FUNCTION,RETAIL_ORIGINAL_SYMBOL
|static|,static.crs,named,226,_ZN11ExtSavedata22BattleRecorderSaveData8SaveDataEb,ExtSavedata::BattleRecorderSaveData::SaveData(bool),0,384204,.text,FUNCTION,RETAIL_ORIGINAL_SYMBOL
|static|,static.crs,named,227,_ZN11ExtSavedata22BattleRecorderSaveData9WaitAsyncEb,ExtSavedata::BattleRecorderSaveData::WaitAsync(bool),0,384964,.text,FUNCTION,RETAIL_ORIGINAL_SYMBOL
|static|,static.crs,named,228,_ZN13WordSetLoader10GetMsgDataEj,WordSetLoader::GetMsgData(unsigned int),0,385324,.text,FUNCTION,RETAIL_ORIGINAL_SYMBOL
|static|,static.crs,named,229,_ZN13WordSetLoader7ReleaseEv,WordSetLoader::Release(),0,386068,.text,FUNCTION,RETAIL_ORIGINAL_SYMBOL
|static|,static.crs,named,230,_ZN13WordSetLoader8WaitLoadEv,WordSetLoader::WaitLoad(),0,386260,.text,FUNCTION,RETAIL_ORIGINAL_SYMBOL
|static|,static.crs,named,231,_ZN13WordSetLoader9StartLoadEPN4gfl24heap11CtrHeapBaseE,WordSetLoader::StartLoad(gfl2::heap::CtrHeapBase*),0,386464,.text,FUNCTION,RETAIL_ORIGINAL_SYMBOL
|static|,static.crs,named,232,_ZN13WordSetLoaderC1EPN4gfl24heap11CtrHeapBaseEj,"WordSetLoader::WordSetLoader(gfl2::heap::CtrHeapBase*, unsigned int)",0,386848,.text,FUNCTION,RETAIL_ORIGINAL_SYMBOL
|static|,static.crs,named,233,_ZN13WordSetLoaderD1Ev,WordSetLoader::~WordSetLoader(),0,387140,.text,FUNCTION,RETAIL_ORIGINAL_SYMBOL
|static|,static.crs,named,234,_ZN14PokeRegulation11CheckLegendEth,"PokeRegulation::CheckLegend(unsigned short, unsigned char)",0,388388,.text,FUNCTION,RETAIL_ORIGINAL_SYMBOL
|static|,static.crs,named,235,_ZN14PokeRegulation13SetRegulationEP10Regulation,PokeRegulation::SetRegulation(Regulation*),0,388476,.text,FUNCTION,RETAIL_ORIGINAL_SYMBOL
|static|,static.crs,named,236,_ZN14PokeRegulation14CheckSubLegendEt,PokeRegulation::CheckSubLegend(unsigned short),0,389660,.text,FUNCTION,RETAIL_ORIGINAL_SYMBOL
|static|,static.crs,named,237,_ZN14PokeRegulation24CheckPokePartyForBtlTeamEPN3pml9PokePartyERNS_16ViolationDetailsE,"PokeRegulation::CheckPokePartyForBtlTeam(pml::PokeParty*, PokeRegulation::ViolationDetails&)",0,391288,.text,FUNCTION,RETAIL_ORIGINAL_SYMBOL
|static|,static.crs,named,238,_ZN14PokeRegulationC1EPN4gfl24heap11CtrHeapBaseE,PokeRegulation::PokeRegulation(gfl2::heap::CtrHeapBase*),0,393700,.text,FUNCTION,RETAIL_ORIGINAL_SYMBOL
|static|,static.crs,named,239,_ZN14PokeRegulationD1Ev,PokeRegulation::~PokeRegulation(),0,393728,.text,FUNCTION,RETAIL_ORIGINAL_SYMBOL
|static|,static.crs,named,240,_ZN16BSP_TRAINER_DATA11DeserializeEPKNS_14SERIALIZE_DATAE,BSP_TRAINER_DATA::Deserialize(BSP_TRAINER_DATA::SERIALIZE_DATA const*),0,393860,.text,FUNCTION,RETAIL_ORIGINAL_SYMBOL
|static|,static.crs,named,241,_ZN16BSP_TRAINER_DATAC1EPN4gfl24heap11CtrHeapBaseE,BSP_TRAINER_DATA::BSP_TRAINER_DATA(gfl2::heap::CtrHeapBase*),0,394336,.text,FUNCTION,RETAIL_ORIGINAL_SYMBOL
|static|,static.crs,named,242,_ZN16BSP_TRAINER_DATAD1Ev,BSP_TRAINER_DATA::~BSP_TRAINER_DATA(),0,394468,.text,FUNCTION,RETAIL_ORIGINAL_SYMBOL
|static|,static.crs,named,243,_ZN23RegulationScriptChecker10CheckStartEP10RegulationPN3pml9PokePartyENS_4ModeE,"RegulationScriptChecker::CheckStart(Regulation*, pml::PokeParty*, RegulationScriptChecker::Mode)",0,396376,.text,FUNCTION,RETAIL_ORIGINAL_SYMBOL
|static|,static.crs,named,244,_ZN23RegulationScriptCheckerC1EPN4gfl24heap11CtrHeapBaseE,RegulationScriptChecker::RegulationScriptChecker(gfl2::heap::CtrHeapBase*),0,397460,.text,FUNCTION,RETAIL_ORIGINAL_SYMBOL
|static|,static.crs,named,245,_ZN23RegulationScriptCheckerD1Ev,RegulationScriptChecker::~RegulationScriptChecker(),0,397672,.text,FUNCTION,RETAIL_ORIGINAL_SYMBOL
|static|,static.crs,named,246,_ZN26FullPowerEffectRenderPath011SetResourceEPN4gfl23gfx12IGLAllocatorEPv,"FullPowerEffectRenderPath0::SetResource(gfl2::gfx::IGLAllocator*, void*)",0,398120,.text,FUNCTION,RETAIL_ORIGINAL_SYMBOL
|static|,static.crs,named,247,_ZN26FullPowerEffectRenderPath018DeleteManagedModelEPN4gfl215renderingengine10scenegraph8instance12DrawableNodeE,FullPowerEffectRenderPath0::DeleteManagedModel(gfl2::renderingengine::scenegraph::instance::DrawableNode*),0,398288,.text,FUNCTION,RETAIL_ORIGINAL_SYMBOL
|static|,static.crs,named,248,_ZN26FullPowerEffectRenderPath021RemoveRenderingTargetEPN4gfl215renderingengine10scenegraph8instance12DrawableNodeE,FullPowerEffectRenderPath0::RemoveRenderingTarget(gfl2::renderingengine::scenegraph::instance::DrawableNode*),0,398384,.text,FUNCTION,RETAIL_ORIGINAL_SYMBOL
|static|,static.crs,named,249,_ZN26FullPowerEffectRenderPath0C1EPN4gfl23gfx12IGLAllocatorE,FullPowerEffectRenderPath0::FullPowerEffectRenderPath0(gfl2::gfx::IGLAllocator*),0,399396,.text,FUNCTION,RETAIL_ORIGINAL_SYMBOL
|static|,static.crs,named,250,_ZN26FullPowerEffectRenderPath111SetResourceEPN4gfl23gfx12IGLAllocatorEPv,"FullPowerEffectRenderPath1::SetResource(gfl2::gfx::IGLAllocator*, void*)",0,399708,.text,FUNCTION,RETAIL_ORIGINAL_SYMBOL
|static|,static.crs,named,251,_ZN26FullPowerEffectRenderPath118DeleteManagedModelEPN4gfl215renderingengine10scenegraph8instance12DrawableNodeE,FullPowerEffectRenderPath1::DeleteManagedModel(gfl2::renderingengine::scenegraph::instance::DrawableNode*),0,399876,.text,FUNCTION,RETAIL_ORIGINAL_SYMBOL
|static|,static.crs,named,252,_ZN26FullPowerEffectRenderPath121RemoveRenderingTargetEPN4gfl215renderingengine10scenegraph8instance12DrawableNodeE,FullPowerEffectRenderPath1::RemoveRenderingTarget(gfl2::renderingengine::scenegraph::instance::DrawableNode*),0,400124,.text,FUNCTION,RETAIL_ORIGINAL_SYMBOL
|static|,static.crs,named,253,_ZN26FullPowerEffectRenderPath1C1EPN4gfl23gfx12IGLAllocatorE,FullPowerEffectRenderPath1::FullPowerEffectRenderPath1(gfl2::gfx::IGLAllocator*),0,402004,.text,FUNCTION,RETAIL_ORIGINAL_SYMBOL
|static|,static.crs,named,254,_ZN26FullPowerEffectRenderPath018AddRenderingTargetEPN4gfl24heap11CtrHeapBaseEPNS0_15renderingengine10scenegraph8instance12DrawableNodeEPN28FullPowerEffectRimMdlManager16mdlStatusSettingE,"FullPowerEffectRenderPath0::AddRenderingTarget(gfl2::heap::CtrHeapBase*, gfl2::renderingengine::scenegraph::instance::DrawableNode*, FullPowerEffectRimMdlManager::mdlStatusSetting*)",0,402484,.text,FUNCTION,RETAIL_ORIGINAL_SYMBOL
|static|,static.crs,named,255,_ZN26FullPowerEffectRenderPath118AddRenderingTargetEPN4gfl24heap11CtrHeapBaseEPNS0_15renderingengine10scenegraph8instance12DrawableNodeEPN29FullPowerEffectAuraMdlManager16mdlStatusSettingE,"FullPowerEffectRenderPath1::AddRenderingTarget(gfl2::heap::CtrHeapBase*, gfl2::renderingengine::scenegraph::instance::DrawableNode*, FullPowerEffectAuraMdlManager::mdlStatusSetting*)",0,403556,.text,FUNCTION,RETAIL_ORIGINAL_SYMBOL
|static|,static.crs,named,256,_ZN2mw3qrd9QRDecoder10InitializeEPvj,"mw::qrd::QRDecoder::Initialize(void*, unsigned int)",0,406388,.text,FUNCTION,RETAIL_ORIGINAL_SYMBOL
|static|,static.crs,named,257,_ZN2mw3qrd9QRDecoder13ExecuteDecodeEPNS0_10DecodeDataEPKNS0_9ImageInfoE,"mw::qrd::QRDecoder::ExecuteDecode(mw::qrd::DecodeData*, mw::qrd::ImageInfo const*)",0,406480,.text,FUNCTION,RETAIL_ORIGINAL_SYMBOL
|static|,static.crs,named,258,_ZN2mw3qrd9QRDecoder19GetDecodeBufferSizeEtt,"mw::qrd::QRDecoder::GetDecodeBufferSize(unsigned short, unsigned short)",0,408048,.text,FUNCTION,RETAIL_ORIGINAL_SYMBOL
|static|,static.crs,named,259,_ZN2mw3qrd9QRDecoder8FinalizeEv,mw::qrd::QRDecoder::Finalize(),0,408100,.text,FUNCTION,RETAIL_ORIGINAL_SYMBOL
|static|,static.crs,named,260,_ZN2mw3qrd9QRDecoderC1Ev,mw::qrd::QRDecoder::QRDecoder(),0,408144,.text,FUNCTION,RETAIL_ORIGINAL_SYMBOL
|static|,static.crs,named,261,_ZN2mw3qrd9QRDecoderD1Ev,mw::qrd::QRDecoder::~QRDecoder(),0,408164,.text,FUNCTION,RETAIL_ORIGINAL_SYMBOL
|static|,static.crs,named,262,_ZN2mw3qre9QREncoder10InitMemoryEPvj,"mw::qre::QREncoder::InitMemory(void*, unsigned int)",0,408168,.text,FUNCTION,RETAIL_ORIGINAL_SYMBOL
|static|,static.crs,named,263,_ZN2mw3qre9QREncoder11GetDivCountEv,mw::qre::QREncoder::GetDivCount(),0,408232,.text,FUNCTION,RETAIL_ORIGINAL_SYMBOL
|static|,static.crs,named,264,_ZN2mw3qre9QREncoder12GetQRBMPDataEPhjjPNS0_4RectE,"mw::qre::QREncoder::GetQRBMPData(unsigned char*, unsigned int, unsigned int, mw::qre::Rect*)",0,408244,.text,FUNCTION,RETAIL_ORIGINAL_SYMBOL
|static|,static.crs,named,265,_ZN2mw3qre9QREncoder15EncodeWithImageEPNS0_10EncodeDataEPKNS0_9ImageInfoE,"mw::qre::QREncoder::EncodeWithImage(mw::qre::EncodeData*, mw::qre::ImageInfo const*)",0,408272,.text,FUNCTION,RETAIL_ORIGINAL_SYMBOL
|static|,static.crs,named,266,_ZN2mw3qre9QREncoder19GetEncodeBufferSizeEjjj,"mw::qre::QREncoder::GetEncodeBufferSize(unsigned int, unsigned int, unsigned int)",0,408284,.text,FUNCTION,RETAIL_ORIGINAL_SYMBOL
|static|,static.crs,named,267,_ZN2mw3qre9QREncoder6EncodeEPNS0_10EncodeDataE,mw::qre::QREncoder::Encode(mw::qre::EncodeData*),0,408356,.text,FUNCTION,RETAIL_ORIGINAL_SYMBOL
|static|,static.crs,named,268,_ZN2mw3qre9QREncoder9GetQRDataEPNS0_9ImageInfoEj,"mw::qre::QREncoder::GetQRData(mw::qre::ImageInfo*, unsigned int)",0,408368,.text,FUNCTION,RETAIL_ORIGINAL_SYMBOL
|static|,static.crs,named,269,_ZN2mw3qre9QREncoder9GetQRSizeEjb,"mw::qre::QREncoder::GetQRSize(unsigned int, bool)",0,408380,.text,FUNCTION,RETAIL_ORIGINAL_SYMBOL
|static|,static.crs,named,270,_ZN2mw3qre9QREncoderC1Ev,mw::qre::QREncoder::QREncoder(),0,408392,.text,FUNCTION,RETAIL_ORIGINAL_SYMBOL
|static|,static.crs,named,271,_ZN2mw3qre9QREncoderD1Ev,mw::qre::QREncoder::~QREncoder(),0,408480,.text,FUNCTION,RETAIL_ORIGINAL_SYMBOL
|static|,static.crs,named,272,_ZN4gfl22cx19GetUncompressedSizeEPKvj,"gfl2::cx::GetUncompressedSize(void const*, unsigned int)",0,418560,.text,FUNCTION,RETAIL_ORIGINAL_SYMBOL
|static|,static.crs,named,273,_ZN2nn2fs3CTR6MPCore6detail14UserFileSystem11TryOpenFileEPPvPKwj,"nn::fs::CTR::MPCore::detail::UserFileSystem::TryOpenFile(void**, wchar_t const*, unsigned int)",0,429840,.text,FUNCTION,RETAIL_ORIGINAL_SYMBOL
|static|,static.crs,named,274,_ZN2nn2fs3CTR6MPCore6detail14UserFileSystem9CloseFileEPv,nn::fs::CTR::MPCore::detail::UserFileSystem::CloseFile(void*),0,431412,.text,FUNCTION,RETAIL_ORIGINAL_SYMBOL
|static|,static.crs,named,275,_ZN2nn2fs6detail8FileBase14TrySetPositionEx,nn::fs::detail::FileBase::TrySetPosition(long long),0,440560,.text,FUNCTION,RETAIL_ORIGINAL_SYMBOL
|static|,static.crs,named,276,_ZN2nn2fs6detail8FileBase7TryReadEPiPvj,"nn::fs::detail::FileBase::TryRead(int*, void*, unsigned int)",0,440728,.text,FUNCTION,RETAIL_ORIGINAL_SYMBOL
|static|,static.crs,named,277,_ZN2nn2fs6detail8FileBase7TrySeekExNS0_12PositionBaseE,"nn::fs::detail::FileBase::TrySeek(long long, nn::fs::PositionBase)",0,440864,.text,FUNCTION,RETAIL_ORIGINAL_SYMBOL
|static|,static.crs,named,278,_ZN2nn2os10WaitObject12WaitMultipleEPiPPS1_ibx,"nn::os::WaitObject::WaitMultiple(int*, nn::os::WaitObject**, int, bool, long long)",0,460456,.text,FUNCTION,RETAIL_ORIGINAL_SYMBOL
|static|,static.crs,named,279,_ZN2nn2os11StackMemory8FinalizeEv,nn::os::StackMemory::Finalize(),0,461068,.text,FUNCTION,RETAIL_ORIGINAL_SYMBOL
|static|,static.crs,named,280,_ZN2nn2os16StackMemoryBlock10InitializeEj,nn::os::StackMemoryBlock::Initialize(unsigned int),0,461984,.text,FUNCTION,RETAIL_ORIGINAL_SYMBOL
|static|,static.crs,named,281,_ZN2nn2os16StackMemoryBlock8FinalizeEv,nn::os::StackMemoryBlock::Finalize(),0,462072,.text,FUNCTION,RETAIL_ORIGINAL_SYMBOL
|static|,static.crs,named,282,_ZN2nn2os6Thread39TryInitializeAndStartImplUsingAutoStackERKNS1_8TypeInfoEPFvjEPKvjii,"nn::os::Thread::TryInitializeAndStartImplUsingAutoStack(nn::os::Thread::TypeInfo const&, void (*)(unsigned int), void const*, unsigned int, int, int)",0,464936,.text,FUNCTION,RETAIL_ORIGINAL_SYMBOL
|static|,static.crs,named,283,_ZN2nn3cfg3CTR17GetTransferableIdEj,nn::cfg::CTR::GetTransferableId(unsigned int),0,470384,.text,FUNCTION,RETAIL_ORIGINAL_SYMBOL
|static|,static.crs,named,284,_ZN6NetLib17NijiNetworkSystem26IsParentalModeOnlyInternetEv,NetLib::NijiNetworkSystem::IsParentalModeOnlyInternet(),0,471032,.text,FUNCTION,RETAIL_ORIGINAL_SYMBOL
|static|,static.crs,named,285,_ZN2nn3snd3CTR14FlushDataCacheEjj,"nn::snd::CTR::FlushDataCache(unsigned int, unsigned int)",0,475688,.text,FUNCTION,RETAIL_ORIGINAL_SYMBOL
|static|,static.crs,named,286,_ZN2nn3dsp3CTR14FlushDataCacheEjj,"nn::dsp::CTR::FlushDataCache(unsigned int, unsigned int)",0,475692,.text,FUNCTION,RETAIL_ORIGINAL_SYMBOL
|static|,static.crs,named,287,_ZN2nn3fnd11ExpHeapBase4FreeEPv,nn::fnd::ExpHeapBase::Free(void*),0,478040,.text,FUNCTION,RETAIL_ORIGINAL_SYMBOL
|static|,static.crs,named,288,_ZN2nn3fnd11ExpHeapBase8AllocateEjihNS1_14AllocationModeEb,"nn::fnd::ExpHeapBase::Allocate(unsigned int, int, unsigned char, nn::fnd::ExpHeapBase::AllocationMode, bool)",0,478104,.text,FUNCTION,RETAIL_ORIGINAL_SYMBOL
|static|,static.crs,named,289,_ZNK2nn3fnd11ExpHeapBase9GetSizeOfEPKv,nn::fnd::ExpHeapBase::GetSizeOf(void const*) const,0,480444,.text,FUNCTION,RETAIL_ORIGINAL_SYMBOL
|static|,static.crs,named,290,_ZN2nn3nex10RootObjectdlEPv,nn::nex::RootObject::operator delete(void*),0,501068,.text,FUNCTION,RETAIL_ORIGINAL_SYMBOL
|static|,static.crs,named,291,_ZN2nn3nex10RootObjectnwEj,nn::nex::RootObject::operator new(unsigned int),0,501104,.text,FUNCTION,RETAIL_ORIGINAL_SYMBOL
|static|,static.crs,named,292,_ZN2nn3nex11CallContext26RegisterCompletionCallbackEPNS0_12CallbackRootEbb,"nn::nex::CallContext::RegisterCompletionCallback(nn::nex::CallbackRoot*, bool, bool)",0,509460,.text,FUNCTION,RETAIL_ORIGINAL_SYMBOL
|static|,static.crs,named,293,_ZN2nn3nex11CallContext6CancelENS1_5StateE,nn::nex::CallContext::Cancel(nn::nex::CallContext::State),0,510112,.text,FUNCTION,RETAIL_ORIGINAL_SYMBOL
|static|,static.crs,named,294,_ZN2nn3nex11CallContext7SetFlagEj,nn::nex::CallContext::SetFlag(unsigned int),0,510348,.text,FUNCTION,RETAIL_ORIGINAL_SYMBOL
|static|,static.crs,named,295,_ZN2nn3nex12StringStream12StreamNumberEj,nn::nex::StringStream::StreamNumber(unsigned int),0,580492,.text,FUNCTION,RETAIL_ORIGINAL_SYMBOL
|static|,static.crs,named,296,_ZN2nn3nex12StringStreamC1Ev,nn::nex::StringStream::StringStream(),0,580880,.text,FUNCTION,RETAIL_ORIGINAL_SYMBOL
|static|,static.crs,named,297,_ZN2nn3nex12StringStreamD1Ev,nn::nex::StringStream::~StringStream(),0,580992,.text,FUNCTION,RETAIL_ORIGINAL_SYMBOL
|static|,static.crs,named,298,_ZN2nn3nex12StringStreamlsEPKw,nn::nex::StringStream::operator<<(wchar_t const*),0,581196,.text,FUNCTION,RETAIL_ORIGINAL_SYMBOL
|static|,static.crs,named,299,_ZN2nn3nex13MemoryManager4FreeEPv,nn::nex::MemoryManager::Free(void*),0,593268,.text,FUNCTION,RETAIL_ORIGINAL_SYMBOL
|static|,static.crs,named,300,_ZN2nn3nex13MemoryManager8AllocateEj,nn::nex::MemoryManager::Allocate(unsigned int),0,593308,.text,FUNCTION,RETAIL_ORIGINAL_SYMBOL
|static|,static.crs,named,301,_ZN2nn3nex16RefCountedObjectC1Ev,nn::nex::RefCountedObject::RefCountedObject(),0,823840,.text,FUNCTION,RETAIL_ORIGINAL_SYMBOL
|static|,static.crs,named,302,_ZN2nn3nex16_DDL_ResultRangeaSERKS1_,nn::nex::_DDL_ResultRange::operator=(nn::nex::_DDL_ResultRange const&),0,828292,.text,FUNCTION,RETAIL_ORIGINAL_SYMBOL
|static|,static.crs,named,303,_ZN7gflnet23nex8NexError19GetNetworkErrorCodeERKN2nn3nex7qResultE,gflnet2::nex::NexError::GetNetworkErrorCode(nn::nex::qResult const&),0,859736,.text,FUNCTION,RETAIL_ORIGINAL_SYMBOL
|static|,static.crs,named,304,_ZN2nn3nex24_DDL_DataStorePermissionaSERKS1_,nn::nex::_DDL_DataStorePermission::operator=(nn::nex::_DDL_DataStorePermission const&),0,1133228,.text,FUNCTION,RETAIL_ORIGINAL_SYMBOL
|static|,static.crs,named,305,_ZN2nn3nex29_DDL_DataStoreChangeMetaParamaSERKS1_,nn::nex::_DDL_DataStoreChangeMetaParam::operator=(nn::nex::_DDL_DataStoreChangeMetaParam const&),0,1200252,.text,FUNCTION,RETAIL_ORIGINAL_SYMBOL
|static|,static.crs,named,306,_ZN2nn3nex29_DDL_DataStoreRatingInitParamaSERKS1_,nn::nex::_DDL_DataStoreRatingInitParam::operator=(nn::nex::_DDL_DataStoreRatingInitParam const&),0,1202036,.text,FUNCTION,RETAIL_ORIGINAL_SYMBOL
|static|,static.crs,named,307,_ZN2nn3nex31_DDL_DataStorePersistenceTargetaSERKS1_,nn::nex::_DDL_DataStorePersistenceTarget::operator=(nn::nex::_DDL_DataStorePersistenceTarget const&),0,1223296,.text,FUNCTION,RETAIL_ORIGINAL_SYMBOL
|static|,static.crs,named,308,_ZN2nn3nex31_DDL_GlobalTradeStationTradeKey3AddEPNS0_7MessageERKS1_,"nn::nex::_DDL_GlobalTradeStationTradeKey::Add(nn::nex::Message*, nn::nex::_DDL_GlobalTradeStationTradeKey const&)",0,1223324,.text,FUNCTION,RETAIL_ORIGINAL_SYMBOL
|static|,static.crs,named,309,_ZN2nn3nex31_DDL_GlobalTradeStationTradeKey7ExtractEPNS0_7MessageEPS1_,"nn::nex::_DDL_GlobalTradeStationTradeKey::Extract(nn::nex::Message*, nn::nex::_DDL_GlobalTradeStationTradeKey*)",0,1223540,.text,FUNCTION,RETAIL_ORIGINAL_SYMBOL
|static|,static.crs,named,310,_ZN2nn3nex31_DDL_GlobalTradeStationTradeKeyaSERKS1_,nn::nex::_DDL_GlobalTradeStationTradeKey::operator=(nn::nex::_DDL_GlobalTradeStationTradeKey const&),0,1223744,.text,FUNCTION,RETAIL_ORIGINAL_SYMBOL
|static|,static.crs,named,311,_ZN2nn3nex32_DDL_GlobalTradeStationRecordKey3AddEPNS0_7MessageERKS1_,"nn::nex::_DDL_GlobalTradeStationRecordKey::Add(nn::nex::Message*, nn::nex::_DDL_GlobalTradeStationRecordKey const&)",0,1238528,.text,FUNCTION,RETAIL_ORIGINAL_SYMBOL
|static|,static.crs,named,312,_ZN2nn3nex32_DDL_GlobalTradeStationRecordKey7ExtractEPNS0_7MessageEPS1_,"nn::nex::_DDL_GlobalTradeStationRecordKey::Extract(nn::nex::Message*, nn::nex::_DDL_GlobalTradeStationRecordKey*)",0,1238744,.text,FUNCTION,RETAIL_ORIGINAL_SYMBOL
|static|,static.crs,named,313,_ZN2nn3nex32_DDL_GlobalTradeStationRecordKeyaSERKS1_,nn::nex::_DDL_GlobalTradeStationRecordKey::operator=(nn::nex::_DDL_GlobalTradeStationRecordKey const&),0,1238948,.text,FUNCTION,RETAIL_ORIGINAL_SYMBOL
|static|,static.crs,named,314,_ZN2nn3nex34_DDL_DataStorePersistenceInitParamaSERKS1_,nn::nex::_DDL_DataStorePersistenceInitParam::operator=(nn::nex::_DDL_DataStorePersistenceInitParam const&),0,1241960,.text,FUNCTION,RETAIL_ORIGINAL_SYMBOL
|static|,static.crs,named,315,_ZN2nn3nex36_DDL_DataStoreChangeMetaCompareParamaSERKS1_,nn::nex::_DDL_DataStoreChangeMetaCompareParam::operator=(nn::nex::_DDL_DataStoreChangeMetaCompareParam const&),0,1243596,.text,FUNCTION,RETAIL_ORIGINAL_SYMBOL
|static|,static.crs,named,316,_ZN2nn3nex37_DDL_DataStoreRatingInitParamWithSlotaSERKS1_,nn::nex::_DDL_DataStoreRatingInitParamWithSlot::operator=(nn::nex::_DDL_DataStoreRatingInitParamWithSlot const&),0,1244696,.text,FUNCTION,RETAIL_ORIGINAL_SYMBOL
|static|,static.crs,named,317,_ZN2nn3nex6Buffer10AppendDataEPKvjj,"nn::nex::Buffer::AppendData(void const*, unsigned int, unsigned int)",0,1262600,.text,FUNCTION,RETAIL_ORIGINAL_SYMBOL
|static|,static.crs,named,318,_ZN2nn3nex6Buffer10InitializeEjh,"nn::nex::Buffer::Initialize(unsigned int, unsigned char)",0,1262732,.text,FUNCTION,RETAIL_ORIGINAL_SYMBOL
|static|,static.crs,named,319,_ZN2nn3nex6Buffer20GetDefaultBufferSizeEv,nn::nex::Buffer::GetDefaultBufferSize(),0,1263800,.text,FUNCTION,RETAIL_ORIGINAL_SYMBOL
|static|,static.crs,named,320,_ZN2nn3nex6BufferD1Ev,nn::nex::Buffer::~Buffer(),0,1264520,.text,FUNCTION,RETAIL_ORIGINAL_SYMBOL
|static|,static.crs,named,321,_ZN2nn3nex6StringC1EPKw,nn::nex::String::String(wchar_t const*),0,1273556,.text,FUNCTION,RETAIL_ORIGINAL_SYMBOL
|static|,static.crs,named,322,_ZN2nn3nex6StringC1ERKS1_,nn::nex::String::String(nn::nex::String const&),0,1273600,.text,FUNCTION,RETAIL_ORIGINAL_SYMBOL
|static|,static.crs,named,323,_ZN2nn3nex6StringC1Ev,nn::nex::String::String(),0,1273640,.text,FUNCTION,RETAIL_ORIGINAL_SYMBOL
|static|,static.crs,named,324,_ZN2nn3nex6StringD1Ev,nn::nex::String::~String(),0,1273732,.text,FUNCTION,RETAIL_ORIGINAL_SYMBOL
|static|,static.crs,named,325,_ZN2nn3nex6StringaSERKS1_,nn::nex::String::operator=(nn::nex::String const&),0,1274028,.text,FUNCTION,RETAIL_ORIGINAL_SYMBOL
|static|,static.crs,named,326,_ZN2nn3nex7Message9GetBufferEv,nn::nex::Message::GetBuffer(),0,1280236,.text,FUNCTION,RETAIL_ORIGINAL_SYMBOL
|static|,static.crs,named,327,_ZN2nn3nex7MessageC1EPNS0_6BufferE,nn::nex::Message::Message(nn::nex::Buffer*),0,1280256,.text,FUNCTION,RETAIL_ORIGINAL_SYMBOL
|static|,static.crs,named,328,_ZN2nn3nex7MessageC1Ev,nn::nex::Message::Message(),0,1280452,.text,FUNCTION,RETAIL_ORIGINAL_SYMBOL
|static|,static.crs,named,329,_ZN2nn3nex7MessageD1Ev,nn::nex::Message::~Message(),0,1280820,.text,FUNCTION,RETAIL_ORIGINAL_SYMBOL
|static|,static.crs,named,330,_ZN2nn3nex7qBuffer5clearEv,nn::nex::qBuffer::clear(),0,1312952,.text,FUNCTION,RETAIL_ORIGINAL_SYMBOL
|static|,static.crs,named,331,_ZN2nn3nex7qBuffer9push_backEPKhj,"nn::nex::qBuffer::push_back(unsigned char const*, unsigned int)",0,1313196,.text,FUNCTION,RETAIL_ORIGINAL_SYMBOL
|static|,static.crs,named,332,_ZN2nn3nex7qBufferC1ERKS1_,nn::nex::qBuffer::qBuffer(nn::nex::qBuffer const&),0,1313324,.text,FUNCTION,RETAIL_ORIGINAL_SYMBOL
|static|,static.crs,named,333,_ZN2nn3nex7qBufferC1Ejj,"nn::nex::qBuffer::qBuffer(unsigned int, unsigned int)",0,1313504,.text,FUNCTION,RETAIL_ORIGINAL_SYMBOL
|static|,static.crs,named,334,_ZN2nn3nex7qBufferD1Ev,nn::nex::qBuffer::~qBuffer(),0,1313696,.text,FUNCTION,RETAIL_ORIGINAL_SYMBOL
|static|,static.crs,named,335,_ZN2nn3nex7qResultC1ERKb,nn::nex::qResult::qResult(bool const&),0,1313884,.text,FUNCTION,RETAIL_ORIGINAL_SYMBOL
|static|,static.crs,named,336,_ZN2nn3nex7qResultC1ERKi,nn::nex::qResult::qResult(int const&),0,1313936,.text,FUNCTION,RETAIL_ORIGINAL_SYMBOL
|static|,static.crs,named,337,_ZN2nn3nex8DateTimeC1ERKS1_,nn::nex::DateTime::DateTime(nn::nex::DateTime const&),0,1318464,.text,FUNCTION,RETAIL_ORIGINAL_SYMBOL
|static|,static.crs,named,338,_ZN2nn3nex8DateTimeC1Ev,nn::nex::DateTime::DateTime(),0,1318716,.text,FUNCTION,RETAIL_ORIGINAL_SYMBOL
|static|,static.crs,named,339,_ZN2nn3nex8DateTimeaSERKS1_,nn::nex::DateTime::operator=(nn::nex::DateTime const&),0,1318732,.text,FUNCTION,RETAIL_ORIGINAL_SYMBOL
|static|,static.crs,named,340,_ZN2nn3nexlsERNS0_12StringStreamERKNS0_7qResultE,"nn::nex::operator<<(nn::nex::StringStream&, nn::nex::qResult const&)",0,1347524,.text,FUNCTION,RETAIL_ORIGINAL_SYMBOL
|static|,static.crs,named,341,_ZN2nn3snd3CTR10AllocVoiceEiPFvPNS1_5VoiceEjEj,"nn::snd::CTR::AllocVoice(int, void (*)(nn::snd::CTR::Voice*, unsigned int), unsigned int)",0,1414132,.text,FUNCTION,RETAIL_ORIGINAL_SYMBOL
|static|,static.crs,named,342,_ZN2nn3snd3CTR14WaitForDspSyncEv,nn::snd::CTR::WaitForDspSync(),0,1421728,.text,FUNCTION,RETAIL_ORIGINAL_SYMBOL
|static|,static.crs,named,343,_ZN2nn3snd3CTR15GetSampleLengthEiNS1_12SampleFormatEi,"nn::snd::CTR::GetSampleLength(int, nn::snd::CTR::SampleFormat, int)",0,1422344,.text,FUNCTION,RETAIL_ORIGINAL_SYMBOL
|static|,static.crs,named,344,_ZN2nn3snd3CTR15SetMasterVolumeEf,nn::snd::CTR::SetMasterVolume(float),0,1422432,.text,FUNCTION,RETAIL_ORIGINAL_SYMBOL
|static|,static.crs,named,345,_ZN2nn3snd3CTR18SendParameterToDspEv,nn::snd::CTR::SendParameterToDsp(),0,1424852,.text,FUNCTION,RETAIL_ORIGINAL_SYMBOL
|static|,static.crs,named,346,_ZN2nn3snd3CTR20InitializeWaveBufferEPNS1_10WaveBufferE,nn::snd::CTR::InitializeWaveBuffer(nn::snd::CTR::WaveBuffer*),0,1425288,.text,FUNCTION,RETAIL_ORIGINAL_SYMBOL
|static|,static.crs,named,347,_ZN2nn3snd3CTR5Voice8SetPitchEf,nn::snd::CTR::Voice::SetPitch(float),0,1425900,.text,FUNCTION,RETAIL_ORIGINAL_SYMBOL
|static|,static.crs,named,348,_ZN2nn3snd3CTR9FreeVoiceEPNS1_5VoiceE,nn::snd::CTR::FreeVoice(nn::snd::CTR::Voice*),0,1435076,.text,FUNCTION,RETAIL_ORIGINAL_SYMBOL
|static|,static.crs,named,349,_ZN2nn3snd3CTR5Voice11SetMixParamERKNS1_8MixParamE,nn::snd::CTR::Voice::SetMixParam(nn::snd::CTR::MixParam const&),0,1435396,.text,FUNCTION,RETAIL_ORIGINAL_SYMBOL
|static|,static.crs,named,350,_ZN2nn3snd3CTR5Voice13SetSampleRateEi,nn::snd::CTR::Voice::SetSampleRate(int),0,1436920,.text,FUNCTION,RETAIL_ORIGINAL_SYMBOL
|static|,static.crs,named,351,_ZN2nn3snd3CTR5Voice15SetChannelCountEi,nn::snd::CTR::Voice::SetChannelCount(int),0,1437488,.text,FUNCTION,RETAIL_ORIGINAL_SYMBOL
|static|,static.crs,named,352,_ZN2nn3snd3CTR5Voice15SetSampleFormatENS1_12SampleFormatE,nn::snd::CTR::Voice::SetSampleFormat(nn::snd::CTR::SampleFormat),0,1437520,.text,FUNCTION,RETAIL_ORIGINAL_SYMBOL
|static|,static.crs,named,353,_ZN2nn3snd3CTR5Voice16AppendWaveBufferEPNS1_10WaveBufferE,nn::snd::CTR::Voice::AppendWaveBuffer(nn::snd::CTR::WaveBuffer*),0,1437556,.text,FUNCTION,RETAIL_ORIGINAL_SYMBOL
|static|,static.crs,named,354,_ZN2nn3snd3CTR5Voice8SetStateENS2_5StateE,nn::snd::CTR::Voice::SetState(nn::snd::CTR::Voice::State),0,1438224,.text,FUNCTION,RETAIL_ORIGINAL_SYMBOL
|static|,static.crs,named,355,_ZN2nn3snd3CTR5Voice9SetVolumeEf,nn::snd::CTR::Voice::SetVolume(float),0,1438376,.text,FUNCTION,RETAIL_ORIGINAL_SYMBOL
|static|,static.crs,named,356,_ZN2nn3y2r3CTR6detail11SetRotationENS1_8RotationE,nn::y2r::CTR::detail::SetRotation(nn::y2r::CTR::Rotation),0,1448680,.text,FUNCTION,RETAIL_ORIGINAL_SYMBOL
|static|,static.crs,named,357,_ZN2nn3y2r3CTR6detail11SetSendingUEjjss,"nn::y2r::CTR::detail::SetSendingU(unsigned int, unsigned int, short, short)",0,1448708,.text,FUNCTION,RETAIL_ORIGINAL_SYMBOL
|static|,static.crs,named,358,_ZN2nn3y2r3CTR6detail11SetSendingVEjjss,"nn::y2r::CTR::detail::SetSendingV(unsigned int, unsigned int, short, short)",0,1448892,.text,FUNCTION,RETAIL_ORIGINAL_SYMBOL
|static|,static.crs,named,359,_ZN2nn3y2r3CTR6detail11SetSendingYEjjss,"nn::y2r::CTR::detail::SetSendingY(unsigned int, unsigned int, short, short)",0,1449076,.text,FUNCTION,RETAIL_ORIGINAL_SYMBOL
|static|,static.crs,named,360,_ZN2nn3y2r3CTR6detail12FinalizeBaseEPNS_6HandleE,nn::y2r::CTR::detail::FinalizeBase(nn::Handle*),0,1449260,.text,FUNCTION,RETAIL_ORIGINAL_SYMBOL
|static|,static.crs,named,361,_ZN2nn3y2r3CTR6detail12SetReceivingEjjss,"nn::y2r::CTR::detail::SetReceiving(unsigned int, unsigned int, short, short)",0,1449320,.text,FUNCTION,RETAIL_ORIGINAL_SYMBOL
|static|,static.crs,named,362,_ZN2nn3y2r3CTR6detail13SetInputLinesEs,nn::y2r::CTR::detail::SetInputLines(short),0,1449504,.text,FUNCTION,RETAIL_ORIGINAL_SYMBOL
|static|,static.crs,named,363,_ZN2nn3y2r3CTR6detail13SetSendingYuvEjjss,"nn::y2r::CTR::detail::SetSendingYuv(unsigned int, unsigned int, short, short)",0,1449532,.text,FUNCTION,RETAIL_ORIGINAL_SYMBOL
|static|,static.crs,named,364,_ZN2nn3y2r3CTR6detail14InitializeBaseEPNS_6HandleEPKc,"nn::y2r::CTR::detail::InitializeBase(nn::Handle*, char const*)",0,1449716,.text,FUNCTION,RETAIL_ORIGINAL_SYMBOL
|static|,static.crs,named,365,_ZN2nn3y2r3CTR6detail14SetInputFormatENS1_11InputFormatE,nn::y2r::CTR::detail::SetInputFormat(nn::y2r::CTR::InputFormat),0,1449884,.text,FUNCTION,RETAIL_ORIGINAL_SYMBOL
|static|,static.crs,named,366,_ZN2nn3y2r3CTR6detail14StopConversionEv,nn::y2r::CTR::detail::StopConversion(),0,1449912,.text,FUNCTION,RETAIL_ORIGINAL_SYMBOL
|static|,static.crs,named,367,_ZN2nn3y2r3CTR6detail15SetOutputFormatENS1_12OutputFormatE,nn::y2r::CTR::detail::SetOutputFormat(nn::y2r::CTR::OutputFormat),0,1449940,.text,FUNCTION,RETAIL_ORIGINAL_SYMBOL
|static|,static.crs,named,368,_ZN2nn3y2r3CTR6detail15StartConversionEv,nn::y2r::CTR::detail::StartConversion(),0,1449968,.text,FUNCTION,RETAIL_ORIGINAL_SYMBOL
|static|,static.crs,named,369,_ZN2nn3y2r3CTR6detail16IsBusyConversionEv,nn::y2r::CTR::detail::IsBusyConversion(),0,1450008,.text,FUNCTION,RETAIL_ORIGINAL_SYMBOL
|static|,static.crs,named,370,_ZN2nn3y2r3CTR6detail17SetBlockAlignmentENS1_14BlockAlignmentE,nn::y2r::CTR::detail::SetBlockAlignment(nn::y2r::CTR::BlockAlignment),0,1450036,.text,FUNCTION,RETAIL_ORIGINAL_SYMBOL
|static|,static.crs,named,371,_ZN2nn3y2r3CTR6detail17SetInputLineWidthEs,nn::y2r::CTR::detail::SetInputLineWidth(short),0,1450064,.text,FUNCTION,RETAIL_ORIGINAL_SYMBOL
|static|,static.crs,named,372,_ZN2nn3y2r3CTR6detail19GetTransferEndEventEPNS_2os5EventE,nn::y2r::CTR::detail::GetTransferEndEvent(nn::os::Event*),0,1450256,.text,FUNCTION,RETAIL_ORIGINAL_SYMBOL
|static|,static.crs,named,373,_ZN2nn3y2r3CTR6detail22SetStandardCoefficientENS1_19StandardCoefficientE,nn::y2r::CTR::detail::SetStandardCoefficient(nn::y2r::CTR::StandardCoefficient),0,1450348,.text,FUNCTION,RETAIL_ORIGINAL_SYMBOL
|static|,static.crs,named,374,_ZN2nn3y2r3CTR6detail23SetTransferEndInterruptEb,nn::y2r::CTR::detail::SetTransferEndInterrupt(bool),0,1450376,.text,FUNCTION,RETAIL_ORIGINAL_SYMBOL
|static|,static.crs,named,375,_ZN2nn3y2r3CTR6detail8SetAlphaEs,nn::y2r::CTR::detail::SetAlpha(short),0,1451788,.text,FUNCTION,RETAIL_ORIGINAL_SYMBOL
|static|,static.crs,named,376,_ZN2nn4jpeg3CTR13JpegMpDecoder10InitializeEPvj,"nn::jpeg::CTR::JpegMpDecoder::Initialize(void*, unsigned int)",0,1479152,.text,FUNCTION,RETAIL_ORIGINAL_SYMBOL
|static|,static.crs,named,377,_ZN2nn4jpeg3CTR13JpegMpDecoder16StartJpegDecoderEPvjPKhjjjNS1_11PixelFormatEb,"nn::jpeg::CTR::JpegMpDecoder::StartJpegDecoder(void*, unsigned int, unsigned char const*, unsigned int, unsigned int, unsigned int, nn::jpeg::CTR::PixelFormat, bool)",0,1479552,.text,FUNCTION,RETAIL_ORIGINAL_SYMBOL
|static|,static.crs,named,378,_ZN2nn4jpeg3CTR13JpegMpDecoder17GetWorkBufferSizeEv,nn::jpeg::CTR::JpegMpDecoder::GetWorkBufferSize(),0,1479708,.text,FUNCTION,RETAIL_ORIGINAL_SYMBOL
|static|,static.crs,named,379,_ZN2nn4jpeg3CTR13JpegMpDecoder22StartJpegDecoderShrinkEPvjPKhjjjNS1_11PixelFormatEbj,"nn::jpeg::CTR::JpegMpDecoder::StartJpegDecoderShrink(void*, unsigned int, unsigned char const*, unsigned int, unsigned int, unsigned int, nn::jpeg::CTR::PixelFormat, bool, unsigned int)",0,1479720,.text,FUNCTION,RETAIL_ORIGINAL_SYMBOL
|static|,static.crs,named,380,_ZN2nn4jpeg3CTR13JpegMpEncoder10InitializeEPvjj,"nn::jpeg::CTR::JpegMpEncoder::Initialize(void*, unsigned int, unsigned int)",0,1480228,.text,FUNCTION,RETAIL_ORIGINAL_SYMBOL
|static|,static.crs,named,381,_ZN2nn4jpeg3CTR13JpegMpEncoder16StartJpegEncoderEPhjPKvjjjNS1_13PixelSamplingENS1_11PixelFormatEb,"nn::jpeg::CTR::JpegMpEncoder::StartJpegEncoder(unsigned char*, unsigned int, void const*, unsigned int, unsigned int, unsigned int, nn::jpeg::CTR::PixelSampling, nn::jpeg::CTR::PixelFormat, bool)",0,1480752,.text,FUNCTION,RETAIL_ORIGINAL_SYMBOL
|static|,static.crs,named,382,_ZN2nn4jpeg3CTR13JpegMpEncoder17GetWorkBufferSizeEj,nn::jpeg::CTR::JpegMpEncoder::GetWorkBufferSize(unsigned int),0,1480856,.text,FUNCTION,RETAIL_ORIGINAL_SYMBOL
|static|,static.crs,named,383,_ZN2nn4math10SinCosFIdxEPfS1_f,"nn::math::SinCosFIdx(float*, float*, float)",0,1535296,.text,FUNCTION,RETAIL_ORIGINAL_SYMBOL
|static|,static.crs,named,384,_ZN2nn4math7CosFIdxEf,nn::math::CosFIdx(float),0,1536868,.text,FUNCTION,RETAIL_ORIGINAL_SYMBOL
|static|,static.crs,named,385,_ZN2nn4math7SinFIdxEf,nn::math::SinFIdx(float),0,1536960,.text,FUNCTION,RETAIL_ORIGINAL_SYMBOL
|static|,static.crs,named,386,_ZN2nn4math9Atan2FIdxEff,"nn::math::Atan2FIdx(float, float)",0,1537084,.text,FUNCTION,RETAIL_ORIGINAL_SYMBOL
|static|,static.crs,named,387,nngxGetPhysicalAddr,nngxGetPhysicalAddr,0,1542188,.text,FUNCTION,RETAIL_ORIGINAL_SYMBOL
|static|,static.crs,named,388,nngxStartLcdDisplay,nngxStartLcdDisplay,0,1542488,.text,FUNCTION,RETAIL_ORIGINAL_SYMBOL
|static|,static.crs,named,389,_ZN2nn6aacdec3CTR10InitializeENS1_4FormENS1_2FsENS1_7CrcFlagENS1_15ReversePlayFlagE,"nn::aacdec::CTR::Initialize(nn::aacdec::CTR::Form, nn::aacdec::CTR::Fs, nn::aacdec::CTR::CrcFlag, nn::aacdec::CTR::ReversePlayFlag)",0,1545256,.text,FUNCTION,RETAIL_ORIGINAL_SYMBOL
|static|,static.crs,named,390,_ZN2nn6aacdec3CTR16GetAdtsFrameSizeEPKh,nn::aacdec::CTR::GetAdtsFrameSize(unsigned char const*),0,1545616,.text,FUNCTION,RETAIL_ORIGINAL_SYMBOL
|static|,static.crs,named,391,_ZN2nn6aacdec3CTR4WaitEv,nn::aacdec::CTR::Wait(),0,1546032,.text,FUNCTION,RETAIL_ORIGINAL_SYMBOL
|static|,static.crs,named,392,_ZN2nn6aacdec3CTR6DecodeEPKhPsS4_i,"nn::aacdec::CTR::Decode(unsigned char const*, short*, short*, int)",0,1546432,.text,FUNCTION,RETAIL_ORIGINAL_SYMBOL
|static|,static.crs,named,393,_ZN2nn6aacdec3CTR8FinalizeEv,nn::aacdec::CTR::Finalize(),0,1547272,.text,FUNCTION,RETAIL_ORIGINAL_SYMBOL
|static|,static.crs,named,394,_ZN6System6GflUse16IsEshopAvailableEv,System::GflUse::IsEshopAvailable(),0,1552756,.text,FUNCTION,RETAIL_ORIGINAL_SYMBOL
|static|,static.crs,named,395,_ZN2nn7friends3CTR6detail16GetMyPrincipalIdEv,nn::friends::CTR::detail::GetMyPrincipalId(),0,1601012,.text,FUNCTION,RETAIL_ORIGINAL_SYMBOL
|static|,static.crs,named,396,_ZN2nw2ut8internal12LinkListImpl6insertENS2_8iteratorEPNS0_12LinkListNodeE,"nw::ut::internal::LinkListImpl::insert(nw::ut::internal::LinkListImpl::iterator, nw::ut::LinkListNode*)",0,1605532,.text,FUNCTION,RETAIL_ORIGINAL_SYMBOL
|static|,static.crs,named,397,_ZN2nw3eft10EmitterSet11SetStopCalcEb,nw::eft::EmitterSet::SetStopCalc(bool),0,1606508,.text,FUNCTION,RETAIL_ORIGINAL_SYMBOL
|static|,static.crs,named,398,_ZN2nw3eft10EmitterSet11SetStopDrawEb,nw::eft::EmitterSet::SetStopDraw(bool),0,1606516,.text,FUNCTION,RETAIL_ORIGINAL_SYMBOL
|static|,static.crs,named,399,_ZN2nw3eft10EmitterSet6SetMtxERKN2nn4math5MTX34E,nw::eft::EmitterSet::SetMtx(nn::math::MTX34 const&),0,1606524,.text,FUNCTION,RETAIL_ORIGINAL_SYMBOL
|static|,static.crs,named,400,_ZN2nw3eft10EmitterSet9ForceCalcEi,nw::eft::EmitterSet::ForceCalc(int),0,1606920,.text,FUNCTION,RETAIL_ORIGINAL_SYMBOL
|static|,static.crs,named,401,_ZN4gfl26Effect6System10BeginFrameEv,gfl2::Effect::System::BeginFrame(),0,1679428,.text,FUNCTION,RETAIL_ORIGINAL_SYMBOL
|static|,static.crs,named,402,_ZN4gfl26Effect6System13ClearResourceEPN2nw3eft4HeapEi,"gfl2::Effect::System::ClearResource(nw::eft::Heap*, int)",0,1682952,.text,FUNCTION,RETAIL_ORIGINAL_SYMBOL
|static|,static.crs,named,403,_ZN2nw3eft10EmitterSet4KillEv,nw::eft::EmitterSet::Kill(),0,1683248,.text,FUNCTION,RETAIL_ORIGINAL_SYMBOL
|static|,static.crs,named,404,_ZN2nw3lyt11LoadTextureEPNS0_11TextureInfoEPKvj,"nw::lyt::LoadTexture(nw::lyt::TextureInfo*, void const*, unsigned int)",0,1695172,.text,FUNCTION,RETAIL_ORIGINAL_SYMBOL
|static|,static.crs,named,405,_ZN2nw3lyt13DeleteTextureERKNS0_11TextureInfoE,nw::lyt::DeleteTexture(nw::lyt::TextureInfo const&),0,1696572,.text,FUNCTION,RETAIL_ORIGINAL_SYMBOL
|static|,static.crs,named,406,_ZN2nw3lyt4Pane11AppendChildEPS1_,nw::lyt::Pane::AppendChild(nw::lyt::Pane*),0,1706548,.text,FUNCTION,RETAIL_ORIGINAL_SYMBOL
|static|,static.crs,named,407,_ZN2nw3lyt4Pane11RemoveChildEPS1_,nw::lyt::Pane::RemoveChild(nw::lyt::Pane*),0,1706656,.text,FUNCTION,RETAIL_ORIGINAL_SYMBOL
|static|,static.crs,named,408,_ZN2nw3lyt4PaneC1ERKS1_,nw::lyt::Pane::Pane(nw::lyt::Pane const&),0,1710008,.text,FUNCTION,RETAIL_ORIGINAL_SYMBOL
|static|,static.crs,named,409,_ZN2nw3lyt6Layout12SetAllocatorEPNS_2os10IAllocatorE,nw::lyt::Layout::SetAllocator(nw::os::IAllocator*),0,1727956,.text,FUNCTION,RETAIL_ORIGINAL_SYMBOL
|static|,static.crs,named,410,_ZN2nw3lyt6TexMap3SetEPKNS0_11TextureInfoE,nw::lyt::TexMap::Set(nw::lyt::TextureInfo const*),0,1732896,.text,FUNCTION,RETAIL_ORIGINAL_SYMBOL
|static|,static.crs,named,411,_ZN2nw3lyt7PictureC1ERKS1_,nw::lyt::Picture::Picture(nw::lyt::Picture const&),0,1735880,.text,FUNCTION,RETAIL_ORIGINAL_SYMBOL
|static|,static.crs,named,412,_ZN2nw3lyt7TextBox7SetFontEPKNS_4font4FontE,nw::lyt::TextBox::SetFont(nw::font::Font const*),0,1738972,.text,FUNCTION,RETAIL_ORIGINAL_SYMBOL
|static|,static.crs,named,413,_ZN2nw3snd8internal6driver11SoundThread11GetInstanceEv,nw::snd::internal::driver::SoundThread::GetInstance(),0,1808348,.text,FUNCTION,RETAIL_ORIGINAL_SYMBOL
|static|,static.crs,named,414,_ZN2nw4font7ResFont11SetResourceEPv,nw::font::ResFont::SetResource(void*),0,1862244,.text,FUNCTION,RETAIL_ORIGINAL_SYMBOL
|static|,static.crs,named,415,_ZN2nw4font7ResFontC1Ev,nw::font::ResFont::ResFont(),0,1863068,.text,FUNCTION,RETAIL_ORIGINAL_SYMBOL
|static|,static.crs,named,416,_ZN3App11TrainerPass8PlayData12GetStampPageEv,App::TrainerPass::PlayData::GetStampPage(),0,1866356,.text,FUNCTION,RETAIL_ORIGINAL_SYMBOL
|static|,static.crs,named,417,_ZN3App11TrainerPass8PlayData12SetStampPageEi,App::TrainerPass::PlayData::SetStampPage(int),0,1866364,.text,FUNCTION,RETAIL_ORIGINAL_SYMBOL
|static|,static.crs,named,418,_ZN3App3Box11BoxAppSetup11BinLinkLoadEPN3app4util4HeapE,App::Box::BoxAppSetup::BinLinkLoad(app::util::Heap*),0,1866912,.text,FUNCTION,RETAIL_ORIGINAL_SYMBOL
|static|,static.crs,named,419,_ZN3App3Box11BoxAppSetup11GetMoveModeEv,App::Box::BoxAppSetup::GetMoveMode(),0,1867012,.text,FUNCTION,RETAIL_ORIGINAL_SYMBOL
|static|,static.crs,named,420,_ZN3App3Box11BoxAppSetup12BinLinkCloseEPN3app4util4HeapE,App::Box::BoxAppSetup::BinLinkClose(app::util::Heap*),0,1867092,.text,FUNCTION,RETAIL_ORIGINAL_SYMBOL
|static|,static.crs,named,421,_ZN3App3Box11BoxAppSetup13GetSelectModeEv,App::Box::BoxAppSetup::GetSelectMode(),0,1867136,.text,FUNCTION,RETAIL_ORIGINAL_SYMBOL
|static|,static.crs,named,422,_ZN3App3Box11BoxAppSetup13IsBinLinkLoadEv,App::Box::BoxAppSetup::IsBinLinkLoad(),0,1867216,.text,FUNCTION,RETAIL_ORIGINAL_SYMBOL
|static|,static.crs,named,423,_ZN3App3Box11BoxAppSetup14GetArcReadBuffEi,App::Box::BoxAppSetup::GetArcReadBuff(int),0,1867268,.text,FUNCTION,RETAIL_ORIGINAL_SYMBOL
|static|,static.crs,named,424,_ZN3App3Box11BoxAppSetup15GetOtherMessageEv,App::Box::BoxAppSetup::GetOtherMessage(),0,1867280,.text,FUNCTION,RETAIL_ORIGINAL_SYMBOL
|static|,static.crs,named,425,_ZN3App3Box11BoxAppSetup15SetOtherMessageEi,App::Box::BoxAppSetup::SetOtherMessage(int),0,1867288,.text,FUNCTION,RETAIL_ORIGINAL_SYMBOL
|static|,static.crs,named,426,_ZN3App3Box11BoxAppSetup16IsResourceLoadedEi,App::Box::BoxAppSetup::IsResourceLoaded(int),0,1867612,.text,FUNCTION,RETAIL_ORIGINAL_SYMBOL
|static|,static.crs,named,427,_ZN3App3Box11BoxAppSetup16ProcResourceFreeEv,App::Box::BoxAppSetup::ProcResourceFree(),0,1867632,.text,FUNCTION,RETAIL_ORIGINAL_SYMBOL
|static|,static.crs,named,428,_ZN3App3Box11BoxAppSetup16ProcResourceReadEiPN3app4util4HeapEPN4gfl22fs16AsyncFileManagerE,"App::Box::BoxAppSetup::ProcResourceRead(int, app::util::Heap*, gfl2::fs::AsyncFileManager*)",0,1867696,.text,FUNCTION,RETAIL_ORIGINAL_SYMBOL
|static|,static.crs,named,429,_ZN3App3Box11BoxAppSetup24CreateMenuWindowResourceEPN4gfl22fs16AsyncFileManagerEPN3app4util4HeapE,"App::Box::BoxAppSetup::CreateMenuWindowResource(gfl2::fs::AsyncFileManager*, app::util::Heap*)",0,1867880,.text,FUNCTION,RETAIL_ORIGINAL_SYMBOL
|static|,static.crs,named,430,_ZN3App3Box11BoxAppSetup26IsMenuWindowResourceLoadedEPN4gfl22fs16AsyncFileManagerEPN3app4util4HeapE,"App::Box::BoxAppSetup::IsMenuWindowResourceLoaded(gfl2::fs::AsyncFileManager*, app::util::Heap*)",0,1868036,.text,FUNCTION,RETAIL_ORIGINAL_SYMBOL
|static|,static.crs,named,431,_ZN3App3Box11BoxAppSetup6UpdateEPN4gfl22fs16AsyncFileManagerE,App::Box::BoxAppSetup::Update(gfl2::fs::AsyncFileManager*),0,1868480,.text,FUNCTION,RETAIL_ORIGINAL_SYMBOL
|static|,static.crs,named,432,_ZN3App4Tool10ItemEffect10InitializeEb,App::Tool::ItemEffect::Initialize(bool),0,1868640,.text,FUNCTION,RETAIL_ORIGINAL_SYMBOL
|static|,static.crs,named,433,_ZN3App4Tool10ItemEffect14IsUpdateTimingEj,App::Tool::ItemEffect::IsUpdateTiming(unsigned int),0,1868944,.text,FUNCTION,RETAIL_ORIGINAL_SYMBOL
|static|,static.crs,named,434,_ZN3App4Tool10ItemEffect23GetFormChangeEffectTypeE6MonsNohj,"App::Tool::ItemEffect::GetFormChangeEffectType(MonsNo, unsigned char, unsigned int)",0,1868996,.text,FUNCTION,RETAIL_ORIGINAL_SYMBOL
|static|,static.crs,named,435,_ZN3App4Tool10ItemEffect5IsEndEj,App::Tool::ItemEffect::IsEnd(unsigned int),0,1869756,.text,FUNCTION,RETAIL_ORIGINAL_SYMBOL
|static|,static.crs,named,436,_ZN3App4Tool10ItemEffect5StartEv,App::Tool::ItemEffect::Start(),0,1869800,.text,FUNCTION,RETAIL_ORIGINAL_SYMBOL
|static|,static.crs,named,437,_ZN3App4Tool10ItemEffect6CreateEjNS1_4TypeEPN4gfl24math22ExtendedVectorTemplateINS4_33SpecializedExtendedVectorTemplateIN2nn4math4VEC3EEEEEb,"App::Tool::ItemEffect::Create(unsigned int, App::Tool::ItemEffect::Type, gfl2::math::ExtendedVectorTemplate<gfl2::math::SpecializedExtendedVectorTemplate<nn::math::VEC3> >*, bool)",0,1870332,.text,FUNCTION,RETAIL_ORIGINAL_SYMBOL
|static|,static.crs,named,438,_ZN3App4Tool10ItemEffect6DeleteEj,App::Tool::ItemEffect::Delete(unsigned int),0,1870600,.text,FUNCTION,RETAIL_ORIGINAL_SYMBOL
|static|,static.crs,named,439,_ZN3App4Tool10ItemEffect6UpdateEv,App::Tool::ItemEffect::Update(),0,1870720,.text,FUNCTION,RETAIL_ORIGINAL_SYMBOL
|static|,static.crs,named,440,_ZN3App4Tool10ItemEffect8IsCreateEj,App::Tool::ItemEffect::IsCreate(unsigned int),0,1870908,.text,FUNCTION,RETAIL_ORIGINAL_SYMBOL
|static|,static.crs,named,441,_ZN3App4Tool10ItemEffect9TerminateEb,App::Tool::ItemEffect::Terminate(bool),0,1871088,.text,FUNCTION,RETAIL_ORIGINAL_SYMBOL
|static|,static.crs,named,442,_ZN3App4Tool10ItemEffectC1EPN3app4util4HeapEPNS3_19AppRenderingManagerENS6_15RenderPlaceType3TagE,"App::Tool::ItemEffect::ItemEffect(app::util::Heap*, app::util::AppRenderingManager*, app::util::AppRenderingManager::RenderPlaceType::Tag)",0,1871308,.text,FUNCTION,RETAIL_ORIGINAL_SYMBOL
|static|,static.crs,named,443,_ZN3App4Tool10ItemEffectD1Ev,App::Tool::ItemEffect::~ItemEffect(),0,1871452,.text,FUNCTION,RETAIL_ORIGINAL_SYMBOL
|static|,static.crs,named,444,_ZN3App4Tool10MapManager10InitializeEv,App::Tool::MapManager::Initialize(),0,1871456,.text,FUNCTION,RETAIL_ORIGINAL_SYMBOL
|static|,static.crs,named,445,_ZN3App4Tool10MapManager10SetVisibleEb,App::Tool::MapManager::SetVisible(bool),0,1872140,.text,FUNCTION,RETAIL_ORIGINAL_SYMBOL
|static|,static.crs,named,446,_ZN3App4Tool10MapManager12ResetMapDataEjff,"App::Tool::MapManager::ResetMapData(unsigned int, float, float)",0,1872328,.text,FUNCTION,RETAIL_ORIGINAL_SYMBOL
|static|,static.crs,named,447,_ZN3App4Tool10MapManager11PutHeroIconEfff,"App::Tool::MapManager::PutHeroIcon(float, float, float)",0,1872980,.text,FUNCTION,RETAIL_ORIGINAL_SYMBOL
|static|,static.crs,named,448,_ZN3App4Tool10MapManager12GetCenterPosEPfS2_,"App::Tool::MapManager::GetCenterPos(float*, float*)",0,1873836,.text,FUNCTION,RETAIL_ORIGINAL_SYMBOL
|static|,static.crs,named,449,_ZN3App4Tool10MapManager12PutEventIconENS1_11EventIconIDEff,"App::Tool::MapManager::PutEventIcon(App::Tool::MapManager::EventIconID, float, float)",0,1874144,.text,FUNCTION,RETAIL_ORIGINAL_SYMBOL
|static|,static.crs,named,450,_ZN3App4Tool10MapManager12SetCenterSRTEPN4gfl24math22ExtendedVectorTemplateINS3_33SpecializedExtendedVectorTemplateIN2nn4math4VEC2EEEEEPNS4_INS5_INS7_4VEC3EEEEESF_,"App::Tool::MapManager::SetCenterSRT(gfl2::math::ExtendedVectorTemplate<gfl2::math::SpecializedExtendedVectorTemplate<nn::math::VEC2> >*, gfl2::math::ExtendedVectorTemplate<gfl2::math::SpecializedExtendedVectorTemplate<nn::math::VEC3> >*, gfl2::math::ExtendedVectorTemplate<gfl2::math::SpecializedExtendedVectorTemplate<nn::math::VEC3> >*)",0,1874276,.text,FUNCTION,RETAIL_ORIGINAL_SYMBOL
|static|,static.crs,named,451,_ZN3App4Tool10MapManager14ChangeHeroIconENS1_10HeroIconIDE,App::Tool::MapManager::ChangeHeroIcon(App::Tool::MapManager::HeroIconID),0,1874388,.text,FUNCTION,RETAIL_ORIGINAL_SYMBOL
|static|,static.crs,named,452,_ZN3App4Tool10MapManager14SetupEventAreaEv,App::Tool::MapManager::SetupEventArea(),0,1874660,.text,FUNCTION,RETAIL_ORIGINAL_SYMBOL
|static|,static.crs,named,453,_ZN3App4Tool10MapManager14SetupPlayerSexEj,App::Tool::MapManager::SetupPlayerSex(unsigned int),0,1874752,.text,FUNCTION,RETAIL_ORIGINAL_SYMBOL
|static|,static.crs,named,454,_ZN3App4Tool10MapManager12MovePositionEff,"App::Tool::MapManager::MovePosition(float, float)",0,1874760,.text,FUNCTION,RETAIL_ORIGINAL_SYMBOL
|static|,static.crs,named,455,_ZN3App4Tool10MapManager14UpdatePositionEjff,"App::Tool::MapManager::UpdatePosition(unsigned int, float, float)",0,1874784,.text,FUNCTION,RETAIL_ORIGINAL_SYMBOL
|static|,static.crs,named,456,_ZN3App4Tool10MapManager15GetMapDataIndexE16SubScreenMapType,App::Tool::MapManager::GetMapDataIndex(SubScreenMapType),0,1874924,.text,FUNCTION,RETAIL_ORIGINAL_SYMBOL
|static|,static.crs,named,457,_ZN3App4Tool10MapManager15SetPaneSizeNaviEv,App::Tool::MapManager::SetPaneSizeNavi(),0,1875036,.text,FUNCTION,RETAIL_ORIGINAL_SYMBOL
|static|,static.crs,named,458,_ZN3App4Tool10MapManager16CalcIconPositionEPfS2_ff,"App::Tool::MapManager::CalcIconPosition(float*, float*, float, float)",0,1875264,.text,FUNCTION,RETAIL_ORIGINAL_SYMBOL
|static|,static.crs,named,459,_ZN3App4Tool10MapManager18SetVisibleHeroIconEb,App::Tool::MapManager::SetVisibleHeroIcon(bool),0,1875488,.text,FUNCTION,RETAIL_ORIGINAL_SYMBOL
|static|,static.crs,named,460,_ZN3App4Tool10MapManager19IsMapTextureReplaceEv,App::Tool::MapManager::IsMapTextureReplace(),0,1875528,.text,FUNCTION,RETAIL_ORIGINAL_SYMBOL
|static|,static.crs,named,461,_ZN3App4Tool10MapManager19SetVisibleEventIconENS1_11EventIconIDEb,"App::Tool::MapManager::SetVisibleEventIcon(App::Tool::MapManager::EventIconID, bool)",0,1875540,.text,FUNCTION,RETAIL_ORIGINAL_SYMBOL
|static|,static.crs,named,462,_ZN3App4Tool10MapManager19SetVisibleHeroArrowEb,App::Tool::MapManager::SetVisibleHeroArrow(bool),0,1875604,.text,FUNCTION,RETAIL_ORIGINAL_SYMBOL
|static|,static.crs,named,463,_ZN3App4Tool10MapManager4DrawEPN3app4util19AppRenderingManagerEN4gfl23gfx12CtrDisplayNoEhj,"App::Tool::MapManager::Draw(app::util::AppRenderingManager*, gfl2::gfx::CtrDisplayNo, unsigned char, unsigned int)",0,1876044,.text,FUNCTION,RETAIL_ORIGINAL_SYMBOL
|static|,static.crs,named,464,_ZN3App4Tool10MapManager5SetupEjff,"App::Tool::MapManager::Setup(unsigned int, float, float)",0,1876120,.text,FUNCTION,RETAIL_ORIGINAL_SYMBOL
|static|,static.crs,named,465,_ZN3App4Tool10MapManager6UpdateEv,App::Tool::MapManager::Update(),0,1876656,.text,FUNCTION,RETAIL_ORIGINAL_SYMBOL
|static|,static.crs,named,466,_ZN3App4Tool10MapManager9TerminateEv,App::Tool::MapManager::Terminate(),0,1876700,.text,FUNCTION,RETAIL_ORIGINAL_SYMBOL
|static|,static.crs,named,467,_ZN3App4Tool10MapManagerC1EPN3app4util4HeapEPNS3_7G2DUtilEb,"App::Tool::MapManager::MapManager(app::util::Heap*, app::util::G2DUtil*, bool)",0,1877112,.text,FUNCTION,RETAIL_ORIGINAL_SYMBOL
|static|,static.crs,named,468,_ZN3App4Tool10TalkWindow10CallMsgWinEv,App::Tool::TalkWindow::CallMsgWin(),0,1877536,.text,FUNCTION,RETAIL_ORIGINAL_SYMBOL
|static|,static.crs,named,469,_ZN3App4Tool10TalkWindow10SetMessageEPKN4gfl23str6StrBufE,App::Tool::TalkWindow::SetMessage(gfl2::str::StrBuf const*),0,1877572,.text,FUNCTION,RETAIL_ORIGINAL_SYMBOL
|static|,static.crs,named,470,_ZN3App4Tool10TalkWindow10SetMessageEjPN4gfl23str6StrBufE,"App::Tool::TalkWindow::SetMessage(unsigned int, gfl2::str::StrBuf*)",0,1877892,.text,FUNCTION,RETAIL_ORIGINAL_SYMBOL
|static|,static.crs,named,471,_ZN3App4Tool10TalkWindow11InitMsgDataEPN4gfl23str7MsgDataE,App::Tool::TalkWindow::InitMsgData(gfl2::str::MsgData*),0,1878420,.text,FUNCTION,RETAIL_ORIGINAL_SYMBOL
|static|,static.crs,named,472,_ZN3App4Tool10TalkWindow11InitMsgDataEjj,"App::Tool::TalkWindow::InitMsgData(unsigned int, unsigned int)",0,1878480,.text,FUNCTION,RETAIL_ORIGINAL_SYMBOL
|static|,static.crs,named,473,_ZN3App4Tool10TalkWindow12SetWindowPosEPKN4gfl24math7Vector3E,App::Tool::TalkWindow::SetWindowPos(gfl2::math::Vector3 const*),0,1879788,.text,FUNCTION,RETAIL_ORIGINAL_SYMBOL
|static|,static.crs,named,474,_ZN3App4Tool10TalkWindow13SetWindowTypeENS0_14TalkWindowTypeE,App::Tool::TalkWindow::SetWindowType(App::Tool::TalkWindowType),0,1879836,.text,FUNCTION,RETAIL_ORIGINAL_SYMBOL
|static|,static.crs,named,475,_ZN3App4Tool10TalkWindow5SetupEPvj,"App::Tool::TalkWindow::Setup(void*, unsigned int)",0,1879848,.text,FUNCTION,RETAIL_ORIGINAL_SYMBOL
|static|,static.crs,named,476,_ZN3App4Tool10TalkWindow15SetMessageSpeedEN8Savedata10ConfigSave9MSG_SPEEDE,App::Tool::TalkWindow::SetMessageSpeed(Savedata::ConfigSave::MSG_SPEED),0,1880400,.text,FUNCTION,RETAIL_ORIGINAL_SYMBOL
|static|,static.crs,named,477,_ZN3App4Tool10TalkWindow18InitTrainerMsgDataEPN4gfl23str7MsgDataE,App::Tool::TalkWindow::InitTrainerMsgData(gfl2::str::MsgData*),0,1880636,.text,FUNCTION,RETAIL_ORIGINAL_SYMBOL
|static|,static.crs,named,478,_ZN3App4Tool10TalkWindow18InitTrainerMsgDataEv,App::Tool::TalkWindow::InitTrainerMsgData(),0,1880696,.text,FUNCTION,RETAIL_ORIGINAL_SYMBOL
|static|,static.crs,named,479,_ZN3App4Tool10TalkWindow19SetVisibleTimerIconEb,App::Tool::TalkWindow::SetVisibleTimerIcon(bool),0,1880812,.text,FUNCTION,RETAIL_ORIGINAL_SYMBOL
|static|,static.crs,named,480,_ZN3App4Tool10TalkWindow20SetMessageFinishModeEN4gfl23str6StrWin10FinishTypeEh,"App::Tool::TalkWindow::SetMessageFinishMode(gfl2::str::StrWin::FinishType, unsigned char)",0,1880948,.text,FUNCTION,RETAIL_ORIGINAL_SYMBOL
|static|,static.crs,named,481,_ZN3App4Tool10TalkWindow21SetEnableMessageBoostEb,App::Tool::TalkWindow::SetEnableMessageBoost(bool),0,1881020,.text,FUNCTION,RETAIL_ORIGINAL_SYMBOL
|static|,static.crs,named,482,_ZN3App4Tool10TalkWindow22IsTimerIconOutAnimeEndEv,App::Tool::TalkWindow::IsTimerIconOutAnimeEnd(),0,1881064,.text,FUNCTION,RETAIL_ORIGINAL_SYMBOL
|static|,static.crs,named,483,_ZN3App4Tool10TalkWindow4DrawEN4gfl23gfx12CtrDisplayNoEhj,"App::Tool::TalkWindow::Draw(gfl2::gfx::CtrDisplayNo, unsigned char, unsigned int)",0,1881196,.text,FUNCTION,RETAIL_ORIGINAL_SYMBOL
|static|,static.crs,named,484,_ZN3App4Tool10TalkWindow8SetTimerEi,App::Tool::TalkWindow::SetTimer(int),0,1881916,.text,FUNCTION,RETAIL_ORIGINAL_SYMBOL
|static|,static.crs,named,485,_ZN3App4Tool10TalkWindowC1EPN3app4util4HeapEPNS3_19AppRenderingManagerE,"App::Tool::TalkWindow::TalkWindow(app::util::Heap*, app::util::AppRenderingManager*)",0,1881924,.text,FUNCTION,RETAIL_ORIGINAL_SYMBOL
|static|,static.crs,named,486,_ZN3App4Tool11NewPaneList10GetListPosEv,App::Tool::NewPaneList::GetListPos(),0,1882060,.text,FUNCTION,RETAIL_ORIGINAL_SYMBOL
|static|,static.crs,named,487,_ZN3App4Tool11NewPaneList10InitializeEv,App::Tool::NewPaneList::Initialize(),0,1882084,.text,FUNCTION,RETAIL_ORIGINAL_SYMBOL
|static|,static.crs,named,488,_ZN3App4Tool11NewPaneList11SetExScrollENS1_10ScrollModeE,App::Tool::NewPaneList::SetExScroll(App::Tool::NewPaneList::ScrollMode),0,1883584,.text,FUNCTION,RETAIL_ORIGINAL_SYMBOL
|static|,static.crs,named,489,_ZN3App4Tool11NewPaneList11SetupNoLoopEv,App::Tool::NewPaneList::SetupNoLoop(),0,1883688,.text,FUNCTION,RETAIL_ORIGINAL_SYMBOL
|static|,static.crs,named,490,_ZN3App4Tool11NewPaneList13SetupSkipModeENS1_8SkipModeE,App::Tool::NewPaneList::SetupSkipMode(App::Tool::NewPaneList::SkipMode),0,1884576,.text,FUNCTION,RETAIL_ORIGINAL_SYMBOL
|static|,static.crs,named,491,_ZN3App4Tool11NewPaneList14IsModuleActionEv,App::Tool::NewPaneList::IsModuleAction(),0,1884584,.text,FUNCTION,RETAIL_ORIGINAL_SYMBOL
|static|,static.crs,named,492,_ZN3App4Tool11NewPaneList14SetupInputModeEbbb,"App::Tool::NewPaneList::SetupInputMode(bool, bool, bool)",0,1884604,.text,FUNCTION,RETAIL_ORIGINAL_SYMBOL
|static|,static.crs,named,493,_ZN3App4Tool11NewPaneList14SetupTouchAreaEssss,"App::Tool::NewPaneList::SetupTouchArea(short, short, short, short)",0,1884620,.text,FUNCTION,RETAIL_ORIGINAL_SYMBOL
|static|,static.crs,named,494,_ZN3App4Tool11NewPaneList15CreateScrollBarEPKN3app4util9ScrollBar11SETUP_PARAME,App::Tool::NewPaneList::CreateScrollBar(app::util::ScrollBar::SETUP_PARAM const*),0,1885300,.text,FUNCTION,RETAIL_ORIGINAL_SYMBOL
|static|,static.crs,named,495,_ZN3App4Tool11NewPaneList15DeleteScrollBarEv,App::Tool::NewPaneList::DeleteScrollBar(),0,1885452,.text,FUNCTION,RETAIL_ORIGINAL_SYMBOL
|static|,static.crs,named,496,_ZN3App4Tool11NewPaneList15SetupEffectModeENS1_10EffectModeE,App::Tool::NewPaneList::SetupEffectMode(App::Tool::NewPaneList::EffectMode),0,1885492,.text,FUNCTION,RETAIL_ORIGINAL_SYMBOL
|static|,static.crs,named,497,_ZN3App4Tool11NewPaneList15SetupInsertPaneEPN2nw3lyt4PaneE,App::Tool::NewPaneList::SetupInsertPane(nw::lyt::Pane*),0,1885500,.text,FUNCTION,RETAIL_ORIGINAL_SYMBOL
|static|,static.crs,named,498,_ZN3App4Tool11NewPaneList16SetupScrollParamEPKNS1_11ScrollParamE,App::Tool::NewPaneList::SetupScrollParam(App::Tool::NewPaneList::ScrollParam const*),0,1885508,.text,FUNCTION,RETAIL_ORIGINAL_SYMBOL
|static|,static.crs,named,499,_ZN3App4Tool11NewPaneList7SetupSEEjj,"App::Tool::NewPaneList::SetupSE(unsigned int, unsigned int)",0,1890780,.text,FUNCTION,RETAIL_ORIGINAL_SYMBOL
|static|,static.crs,named,500,_ZN3App4Tool11NewPaneList9TerminateEv,App::Tool::NewPaneList::Terminate(),0,1890792,.text,FUNCTION,RETAIL_ORIGINAL_SYMBOL
|static|,static.crs,named,501,_ZN3App4Tool11NewPaneListC1EPN3app4util4HeapEPKNS1_11SETUP_PARAMEPNS1_12ListListenerE,"App::Tool::NewPaneList::NewPaneList(app::util::Heap*, App::Tool::NewPaneList::SETUP_PARAM const*, App::Tool::NewPaneList::ListListener*)",0,1890912,.text,FUNCTION,RETAIL_ORIGINAL_SYMBOL
|static|,static.crs,named,502,_ZN3App4Tool11SlideScroll11UpdateSlideEPN4gfl22ui10TouchPanelEb,"App::Tool::SlideScroll::UpdateSlide(gfl2::ui::TouchPanel*, bool)",0,1891520,.text,FUNCTION,RETAIL_ORIGINAL_SYMBOL
|static|,static.crs,named,503,_ZN3App4Tool11SlideScroll12SetTouchAreaEffff,"App::Tool::SlideScroll::SetTouchArea(float, float, float, float)",0,1892076,.text,FUNCTION,RETAIL_ORIGINAL_SYMBOL
|static|,static.crs,named,504,_ZN3App4Tool11SlideScroll14InitUpdateWorkEv,App::Tool::SlideScroll::InitUpdateWork(),0,1892144,.text,FUNCTION,RETAIL_ORIGINAL_SYMBOL
|static|,static.crs,named,505,_ZN3App4Tool11SlideScrollC1ENS1_9SlideModeE,App::Tool::SlideScroll::SlideScroll(App::Tool::SlideScroll::SlideMode),0,1892216,.text,FUNCTION,RETAIL_ORIGINAL_SYMBOL
|static|,static.crs,named,506,_ZN3App4Tool15MessageMenuView10SelectMenuEj,App::Tool::MessageMenuView::SelectMenu(unsigned int),0,1892308,.text,FUNCTION,RETAIL_ORIGINAL_SYMBOL
|static|,static.crs,named,507,_ZN3App4Tool15MessageMenuView11ShowMessageERKN4gfl23str7MsgDataEjbbb,"App::Tool::MessageMenuView::ShowMessage(gfl2::str::MsgData const&, unsigned int, bool, bool, bool)",0,1892488,.text,FUNCTION,RETAIL_ORIGINAL_SYMBOL
|static|,static.crs,named,508,_ZN3App4Tool15MessageMenuView13SetYNListModeEbj,"App::Tool::MessageMenuView::SetYNListMode(bool, unsigned int)",0,1892600,.text,FUNCTION,RETAIL_ORIGINAL_SYMBOL
|static|,static.crs,named,509,_ZN9NetAppLib11JoinFestaUI39JoinFestaPlayerListMessageMenuLowerView25SetMessageMenuBlackFilterEjPKwjj,"NetAppLib::JoinFestaUI::JoinFestaPlayerListMessageMenuLowerView::SetMessageMenuBlackFilter(unsigned int, wchar_t const*, unsigned int, unsigned int)",0,1892616,.text,FUNCTION,RETAIL_ORIGINAL_SYMBOL
|static|,static.crs,named,510,_ZN3App4Tool15MessageMenuView23ShowMessageWithListMenuEPKN4gfl23str6StrBufEbPNS1_15IAddItemHandlerE,"App::Tool::MessageMenuView::ShowMessageWithListMenu(gfl2::str::StrBuf const*, bool, App::Tool::MessageMenuView::IAddItemHandler*)",0,1892776,.text,FUNCTION,RETAIL_ORIGINAL_SYMBOL
|static|,static.crs,named,511,_ZN3App4Tool15MessageMenuView23ShowMessageWithListMenuEPKN4gfl23str6StrBufEbRKNS3_7MsgDataEjjjjjj,"App::Tool::MessageMenuView::ShowMessageWithListMenu(gfl2::str::StrBuf const*, bool, gfl2::str::MsgData const&, unsigned int, unsigned int, unsigned int, unsigned int, unsigned int, unsigned int)",0,1892952,.text,FUNCTION,RETAIL_ORIGINAL_SYMBOL
|static|,static.crs,named,512,_ZN3App4Tool15MessageMenuView23ShowMessageWithListMenuEPKN4gfl23str6StrBufEbS6_S6_S6_S6_S6_S6_,"App::Tool::MessageMenuView::ShowMessageWithListMenu(gfl2::str::StrBuf const*, bool, gfl2::str::StrBuf const*, gfl2::str::StrBuf const*, gfl2::str::StrBuf const*, gfl2::str::StrBuf const*, gfl2::str::StrBuf const*, gfl2::str::StrBuf const*)",0,1893576,.text,FUNCTION,RETAIL_ORIGINAL_SYMBOL
|static|,static.crs,named,513,_ZN3App4Tool15MessageMenuView29CreateCommonMessageWindowViewERKNS0_23CommonMessageWindowView5PARAMEPNS2_13IEventHandlerE,"App::Tool::MessageMenuView::CreateCommonMessageWindowView(App::Tool::CommonMessageWindowView::PARAM const&, App::Tool::CommonMessageWindowView::IEventHandler*)",0,1894804,.text,FUNCTION,RETAIL_ORIGINAL_SYMBOL
|static|,static.crs,named,514,_ZThn132_N3App4Tool15MessageMenuView31CommonMessageWindowView_OnEventENS0_23CommonMessageWindowView13IEventHandler9EventCodeE,non-virtual thunk to App::Tool::MessageMenuView::CommonMessageWindowView_OnEvent(App::Tool::CommonMessageWindowView::IEventHandler::EventCode),0,1894860,.text,FUNCTION,RETAIL_ORIGINAL_SYMBOL
|static|,static.crs,named,515,_ZN3App4Tool15MessageMenuView31CommonMessageWindowView_OnEventENS0_23CommonMessageWindowView13IEventHandler9EventCodeE,App::Tool::MessageMenuView::CommonMessageWindowView_OnEvent(App::Tool::CommonMessageWindowView::IEventHandler::EventCode),0,1894868,.text,FUNCTION,RETAIL_ORIGINAL_SYMBOL
|static|,static.crs,named,516,_ZN9NetAppLib2UI17NetAppMessageMenu5SetupEjPNS_7Message14MessageUtilityE,"NetAppLib::UI::NetAppMessageMenu::Setup(unsigned int, NetAppLib::Message::MessageUtility*)",0,1895188,.text,FUNCTION,RETAIL_ORIGINAL_SYMBOL
|static|,static.crs,named,517,_ZN9NetAppLib2UI17NetAppMessageMenu5SetupEjjPNS_7Message14MessageUtilityE,"NetAppLib::UI::NetAppMessageMenu::Setup(unsigned int, unsigned int, NetAppLib::Message::MessageUtility*)",0,1895420,.text,FUNCTION,RETAIL_ORIGINAL_SYMBOL
|static|,static.crs,named,518,_ZN3App4Tool15MessageMenuView5SetupEPvS2_,"App::Tool::MessageMenuView::Setup(void*, void*)",0,1895492,.text,FUNCTION,RETAIL_ORIGINAL_SYMBOL
|static|,static.crs,named,519,_ZN3App4Tool15MessageMenuView7AddItemEPN4gfl23str7MsgDataEjbbj,"App::Tool::MessageMenuView::AddItem(gfl2::str::MsgData*, unsigned int, bool, bool, unsigned int)",0,1895688,.text,FUNCTION,RETAIL_ORIGINAL_SYMBOL
|static|,static.crs,named,520,_ZN3App4Tool15MessageMenuView7AddItemERKN4gfl23str6StrBufEbbj,"App::Tool::MessageMenuView::AddItem(gfl2::str::StrBuf const&, bool, bool, unsigned int)",0,1895760,.text,FUNCTION,RETAIL_ORIGINAL_SYMBOL
|static|,static.crs,named,521,_ZN3App4Tool15MessageMenuView7AddItemERN4gfl23str6StrBufEbbj,"App::Tool::MessageMenuView::AddItem(gfl2::str::StrBuf&, bool, bool, unsigned int)",0,1895784,.text,FUNCTION,RETAIL_ORIGINAL_SYMBOL
|static|,static.crs,named,522,_ZN3App4Tool15MessageMenuViewC1ERKNS1_5PARAMEPNS1_13IEventHandlerE,"App::Tool::MessageMenuView::MessageMenuView(App::Tool::MessageMenuView::PARAM const&, App::Tool::MessageMenuView::IEventHandler*)",0,1895808,.text,FUNCTION,RETAIL_ORIGINAL_SYMBOL
|static|,static.crs,named,523,_ZN9NetAppLib2UI17NetAppMessageMenuD1Ev,NetAppLib::UI::NetAppMessageMenu::~NetAppMessageMenu(),0,1895928,.text,FUNCTION,RETAIL_ORIGINAL_SYMBOL
|static|,static.crs,named,524,_ZN3App4Tool15PokeIconTexData18ReplectPaneTextureEPN2nw3lyt7PictureEjj,"App::Tool::PokeIconTexData::ReplectPaneTexture(nw::lyt::Picture*, unsigned int, unsigned int)",0,1896064,.text,FUNCTION,RETAIL_ORIGINAL_SYMBOL
|static|,static.crs,named,525,_ZN3App4Tool15PokeIconTexDataC1EPN4gfl24heap11CtrHeapBaseE,App::Tool::PokeIconTexData::PokeIconTexData(gfl2::heap::CtrHeapBase*),0,1896380,.text,FUNCTION,RETAIL_ORIGINAL_SYMBOL
|static|,static.crs,named,526,_ZN3App4Tool15PokeIconTexPool14CreatePokeDataEPNS0_15PokeIconTexDataEPN4gfl24heap11CtrHeapBaseERKN8PokeTool11SimpleParamEb,"App::Tool::PokeIconTexPool::CreatePokeData(App::Tool::PokeIconTexData*, gfl2::heap::CtrHeapBase*, PokeTool::SimpleParam const&, bool)",0,1896792,.text,FUNCTION,RETAIL_ORIGINAL_SYMBOL
|static|,static.crs,named,527,_ZN3App4Tool15PokeIconTexPool7EndFuncEv,App::Tool::PokeIconTexPool::EndFunc(),0,1897220,.text,FUNCTION,RETAIL_ORIGINAL_SYMBOL
|static|,static.crs,named,528,_ZN3App4Tool15PokeIconTexPool8InitFuncEv,App::Tool::PokeIconTexPool::InitFunc(),0,1897464,.text,FUNCTION,RETAIL_ORIGINAL_SYMBOL
|static|,static.crs,named,529,_ZN3App4Tool15PokeIconTexPoolC1EPN4gfl24heap11CtrHeapBaseEPNS2_2fs16AsyncFileManagerE,"App::Tool::PokeIconTexPool::PokeIconTexPool(gfl2::heap::CtrHeapBase*, gfl2::fs::AsyncFileManager*)",0,1898052,.text,FUNCTION,RETAIL_ORIGINAL_SYMBOL
|static|,static.crs,named,530,_ZN3App4Tool23CommonMessageWindowView11HideMessageEv,App::Tool::CommonMessageWindowView::HideMessage(),0,1907928,.text,FUNCTION,RETAIL_ORIGINAL_SYMBOL
|static|,static.crs,named,531,_ZN3App4Tool23CommonMessageWindowView11ShowMessageEPKN4gfl23str6StrBufEbbb,"App::Tool::CommonMessageWindowView::ShowMessage(gfl2::str::StrBuf const*, bool, bool, bool)",0,1907972,.text,FUNCTION,RETAIL_ORIGINAL_SYMBOL
|static|,static.crs,named,532,_ZN3App4Tool15MessageMenuView15SetMessageSpeedEN8Savedata10ConfigSave9MSG_SPEEDE,App::Tool::MessageMenuView::SetMessageSpeed(Savedata::ConfigSave::MSG_SPEED),0,1908128,.text,FUNCTION,RETAIL_ORIGINAL_SYMBOL
|static|,static.crs,named,533,_ZN3App4Tool23CommonMessageWindowView38CommonMessageWindowManipulator_OnEventENS0_30CommonMessageWindowManipulator7EventIDE,App::Tool::CommonMessageWindowView::CommonMessageWindowManipulator_OnEvent(App::Tool::CommonMessageWindowManipulator::EventID),0,1908144,.text,FUNCTION,RETAIL_ORIGINAL_SYMBOL
|static|,static.crs,named,534,_ZN3App4Tool23CommonMessageWindowViewC1ERKNS1_5PARAMEPNS1_13IEventHandlerE,"App::Tool::CommonMessageWindowView::CommonMessageWindowView(App::Tool::CommonMessageWindowView::PARAM const&, App::Tool::CommonMessageWindowView::IEventHandler*)",0,1908644,.text,FUNCTION,RETAIL_ORIGINAL_SYMBOL
|static|,static.crs,named,535,_ZN3App4Tool23CommonMessageWindowViewD1Ev,App::Tool::CommonMessageWindowView::~CommonMessageWindowView(),0,1908856,.text,FUNCTION,RETAIL_ORIGINAL_SYMBOL
|static|,static.crs,named,536,_ZN3App4Tool30CommonMessageWindowManipulator11ShowMessageEjbb,"App::Tool::CommonMessageWindowManipulator::ShowMessage(unsigned int, bool, bool)",0,1908936,.text,FUNCTION,RETAIL_ORIGINAL_SYMBOL
|static|,static.crs,named,537,_ZN3App4Tool30CommonMessageWindowManipulator11ShowMessageEPKN4gfl23str6StrBufEbb,"App::Tool::CommonMessageWindowManipulator::ShowMessage(gfl2::str::StrBuf const*, bool, bool)",0,1909032,.text,FUNCTION,RETAIL_ORIGINAL_SYMBOL
|static|,static.crs,named,538,_ZN3App4Tool23CommonMessageWindowView6UpdateEv,App::Tool::CommonMessageWindowView::Update(),0,1909360,.text,FUNCTION,RETAIL_ORIGINAL_SYMBOL
|static|,static.crs,named,539,_ZN3App4Tool30CommonMessageWindowManipulator12UpdateWindowEv,App::Tool::CommonMessageWindowManipulator::UpdateWindow(),0,1909384,.text,FUNCTION,RETAIL_ORIGINAL_SYMBOL
|static|,static.crs,named,540,_ZN3App4Tool30CommonMessageWindowManipulator13SetSuspendKeyEb,App::Tool::CommonMessageWindowManipulator::SetSuspendKey(bool),0,1909516,.text,FUNCTION,RETAIL_ORIGINAL_SYMBOL
|static|,static.crs,named,541,_ZN3App4Tool30CommonMessageWindowManipulator15SetMessageSpeedEN8Savedata10ConfigSave9MSG_SPEEDE,App::Tool::CommonMessageWindowManipulator::SetMessageSpeed(Savedata::ConfigSave::MSG_SPEED),0,1909572,.text,FUNCTION,RETAIL_ORIGINAL_SYMBOL
|static|,static.crs,named,542,_ZN3App4Tool30CommonMessageWindowManipulator19SetFinishMode_TimerEh,App::Tool::CommonMessageWindowManipulator::SetFinishMode_Timer(unsigned char),0,1909636,.text,FUNCTION,RETAIL_ORIGINAL_SYMBOL
|static|,static.crs,named,543,_ZN3App4Tool30CommonMessageWindowManipulator23SetFinishMode_UserInputEv,App::Tool::CommonMessageWindowManipulator::SetFinishMode_UserInput(),0,1909672,.text,FUNCTION,RETAIL_ORIGINAL_SYMBOL
|static|,static.crs,named,544,_ZN3App4Tool30CommonMessageWindowManipulator30SetFinishMode_UserInputOrTimerEh,App::Tool::CommonMessageWindowManipulator::SetFinishMode_UserInputOrTimer(unsigned char),0,1909704,.text,FUNCTION,RETAIL_ORIGINAL_SYMBOL
|static|,static.crs,named,545,_ZN3App4Tool30CommonMessageWindowManipulator5SetupERKNS1_11_SSetupInfoE,App::Tool::CommonMessageWindowManipulator::Setup(App::Tool::CommonMessageWindowManipulator::_SSetupInfo const&),0,1909740,.text,FUNCTION,RETAIL_ORIGINAL_SYMBOL
|static|,static.crs,named,546,_ZN3App4Tool30CommonMessageWindowManipulator5SetupERKNS1_11_SSetupInfoEPN2nw3lyt5PartsE,"App::Tool::CommonMessageWindowManipulator::Setup(App::Tool::CommonMessageWindowManipulator::_SSetupInfo const&, nw::lyt::Parts*)",0,1909808,.text,FUNCTION,RETAIL_ORIGINAL_SYMBOL
|static|,static.crs,named,547,_ZN3App4Tool30CommonMessageWindowManipulatorC1Ev,App::Tool::CommonMessageWindowManipulator::CommonMessageWindowManipulator(),0,1910508,.text,FUNCTION,RETAIL_ORIGINAL_SYMBOL
|static|,static.crs,named,548,_ZN9NetAppLib2UI36NetAppCommonMessageWindowManipulatorD1Ev,NetAppLib::UI::NetAppCommonMessageWindowManipulator::~NetAppCommonMessageWindowManipulator(),0,1910620,.text,FUNCTION,RETAIL_ORIGINAL_SYMBOL
|static|,static.crs,named,549,_ZN3App4Tool30CommonMessageWindowManipulatorD1Ev,App::Tool::CommonMessageWindowManipulator::~CommonMessageWindowManipulator(),0,1910624,.text,FUNCTION,RETAIL_ORIGINAL_SYMBOL
|static|,static.crs,named,550,_ZN3App4Tool8ListMenu10DeleteMenuEv,App::Tool::ListMenu::DeleteMenu(),0,1910628,.text,FUNCTION,RETAIL_ORIGINAL_SYMBOL
|static|,static.crs,named,551,_ZN3App4Tool8ListMenu16IsInstanceDeleteEv,App::Tool::ListMenu::IsInstanceDelete(),0,1913020,.text,FUNCTION,RETAIL_ORIGINAL_SYMBOL
|static|,static.crs,named,552,_ZN3App4Tool8ListMenu5StartEv,App::Tool::ListMenu::Start(),0,1914052,.text,FUNCTION,RETAIL_ORIGINAL_SYMBOL
|static|,static.crs,named,553,_ZN3App4Tool8ListMenu7AddItemEjPN4gfl23str6StrBufE,"App::Tool::ListMenu::AddItem(unsigned int, gfl2::str::StrBuf*)",0,1914692,.text,FUNCTION,RETAIL_ORIGINAL_SYMBOL
|static|,static.crs,named,554,_ZN3App4Tool8ListMenuC1EPKNS1_5PARAME,App::Tool::ListMenu::ListMenu(App::Tool::ListMenu::PARAM const*),0,1915260,.text,FUNCTION,RETAIL_ORIGINAL_SYMBOL
|static|,static.crs,named,555,_ZN3App4Tool8TimeIcon10StartAnimeEPN4gfl23lyt5LytWkEjN7GameSys9FrameModeE,"App::Tool::TimeIcon::StartAnime(gfl2::lyt::LytWk*, unsigned int, GameSys::FrameMode)",0,1916228,.text,FUNCTION,RETAIL_ORIGINAL_SYMBOL
|static|,static.crs,named,556,_ZN3App4Tool9TimeLimit14GetProgressionEv,App::Tool::TimeLimit::GetProgression(),0,1916592,.text,FUNCTION,RETAIL_ORIGINAL_SYMBOL
|static|,static.crs,named,557,_ZN3App4Tool9TimeLimit5SetupEyNS1_8UnitTypeE,"App::Tool::TimeLimit::Setup(unsigned long long, App::Tool::TimeLimit::UnitType)",0,1916832,.text,FUNCTION,RETAIL_ORIGINAL_SYMBOL
|static|,static.crs,named,558,_ZN3App4Tool9TimeLimit6UpdateEv,App::Tool::TimeLimit::Update(),0,1916964,.text,FUNCTION,RETAIL_ORIGINAL_SYMBOL
|static|,static.crs,named,559,_ZN3App4Tool9TimeLimitD1Ev,App::Tool::TimeLimit::~TimeLimit(),0,1917708,.text,FUNCTION,RETAIL_ORIGINAL_SYMBOL
|static|,static.crs,named,560,_ZN3App5Event12ShopBuyEvent10StartEventEPN7GameSys11GameManagerE,App::Event::ShopBuyEvent::StartEvent(GameSys::GameManager*),0,1918324,.text,FUNCTION,RETAIL_ORIGINAL_SYMBOL
|static|,static.crs,named,561,_ZN3App5Event12ShopBuyEvent11PreDrawFuncEv,App::Event::ShopBuyEvent::PreDrawFunc(),0,1918516,.text,FUNCTION,RETAIL_ORIGINAL_SYMBOL
|static|,static.crs,named,562,_ZN3App5Event12ShopBuyEvent15SetupParamForFCENS_4Shop8ShopTypeEjjjjjjjjPNS2_20IShopFeatureDelegateE,"App::Event::ShopBuyEvent::SetupParamForFC(App::Shop::ShopType, unsigned int, unsigned int, unsigned int, unsigned int, unsigned int, unsigned int, unsigned int, unsigned int, App::Shop::IShopFeatureDelegate*)",0,1918540,.text,FUNCTION,RETAIL_ORIGINAL_SYMBOL
|static|,static.crs,named,563,_ZN3App5Event12ShopBuyEvent8DrawFuncEN4gfl23gfx12CtrDisplayNoE,App::Event::ShopBuyEvent::DrawFunc(gfl2::gfx::CtrDisplayNo),0,1918840,.text,FUNCTION,RETAIL_ORIGINAL_SYMBOL
|static|,static.crs,named,564,_ZN3App5Event12ShopBuyEvent9SetupHeapEPN4gfl24heap11CtrHeapBaseE,App::Event::ShopBuyEvent::SetupHeap(gfl2::heap::CtrHeapBase*),0,1919720,.text,FUNCTION,RETAIL_ORIGINAL_SYMBOL
|static|,static.crs,named,565,_ZN3App5Event15PokeParureEvent17IsNoHungryPokemonE6MonsNo,App::Event::PokeParureEvent::IsNoHungryPokemon(MonsNo),0,1928316,.text,FUNCTION,RETAIL_ORIGINAL_SYMBOL
|static|,static.crs,named,566,_ZN3App6Resort17ResortDataManager11ReleaseStopEv,App::Resort::ResortDataManager::ReleaseStop(),0,1934040,.text,FUNCTION,RETAIL_ORIGINAL_SYMBOL
|static|,static.crs,named,567,_ZN3App6Resort17ResortDataManager17GetStaticInstanceEv,App::Resort::ResortDataManager::GetStaticInstance(),0,1934060,.text,FUNCTION,RETAIL_ORIGINAL_SYMBOL
|static|,static.crs,named,568,_ZN3App6Resort17ResortDataManager17SetStaticInstanceEPS1_,App::Resort::ResortDataManager::SetStaticInstance(App::Resort::ResortDataManager*),0,1934076,.text,FUNCTION,RETAIL_ORIGINAL_SYMBOL
|static|,static.crs,named,569,_ZN3App6Resort17ResortDataManager19UnsetStaticInstanceEv,App::Resort::ResortDataManager::UnsetStaticInstance(),0,1934160,.text,FUNCTION,RETAIL_ORIGINAL_SYMBOL
|static|,static.crs,named,570,_ZN3App6Resort17ResortDataManager6CreateEPN4gfl24heap11CtrHeapBaseE,App::Resort::ResortDataManager::Create(gfl2::heap::CtrHeapBase*),0,1934216,.text,FUNCTION,RETAIL_ORIGINAL_SYMBOL
|static|,static.crs,named,571,_ZN3App6Resort17ResortDataManager7DestroyEv,App::Resort::ResortDataManager::Destroy(),0,1935472,.text,FUNCTION,RETAIL_ORIGINAL_SYMBOL
|static|,static.crs,named,572,_ZN3App6Resort17ResortDataManagerC1Ev,App::Resort::ResortDataManager::ResortDataManager(),0,1935728,.text,FUNCTION,RETAIL_ORIGINAL_SYMBOL
|static|,static.crs,named,573,_ZN3App6Resort17ResortDataManagerD1Ev,App::Resort::ResortDataManager::~ResortDataManager(),0,1935944,.text,FUNCTION,RETAIL_ORIGINAL_SYMBOL
|static|,static.crs,named,574,_ZN3App8PokeList16IntermediateData12GetPokeConstEh,App::PokeList::IntermediateData::GetPokeConst(unsigned char),0,1969336,.text,FUNCTION,RETAIL_ORIGINAL_SYMBOL
|static|,static.crs,named,575,_ZN3App8PokeList16IntermediateData12GetPokePartyEv,App::PokeList::IntermediateData::GetPokeParty(),0,1969388,.text,FUNCTION,RETAIL_ORIGINAL_SYMBOL
|static|,static.crs,named,576,_ZN3App8PokeList16IntermediateData12SetParameterEPKN3btl9BTL_PARTYEPN4gfl24heap11CtrHeapBaseE,"App::PokeList::IntermediateData::SetParameter(btl::BTL_PARTY const*, gfl2::heap::CtrHeapBase*)",0,1969396,.text,FUNCTION,RETAIL_ORIGINAL_SYMBOL
|static|,static.crs,named,577,_ZN3App8PokeList16IntermediateData12SetParameterEPN3pml9PokePartyE,App::PokeList::IntermediateData::SetParameter(pml::PokeParty*),0,1969984,.text,FUNCTION,RETAIL_ORIGINAL_SYMBOL
|static|,static.crs,named,578,_ZN3App8PokeList16IntermediateData13IsSickMoudokuEh,App::PokeList::IntermediateData::IsSickMoudoku(unsigned char),0,1969992,.text,FUNCTION,RETAIL_ORIGINAL_SYMBOL
|static|,static.crs,named,579,_ZN3App8PokeList16IntermediateData14GetMemberCountEv,App::PokeList::IntermediateData::GetMemberCount(),0,1970080,.text,FUNCTION,RETAIL_ORIGINAL_SYMBOL
|static|,static.crs,named,580,_ZN3App8PokeList16IntermediateData16DeleteBattleDataEv,App::PokeList::IntermediateData::DeleteBattleData(),0,1970208,.text,FUNCTION,RETAIL_ORIGINAL_SYMBOL
|static|,static.crs,named,581,_ZN3App8PokeList16IntermediateData7GetPokeEh,App::PokeList::IntermediateData::GetPoke(unsigned char),0,1970292,.text,FUNCTION,RETAIL_ORIGINAL_SYMBOL
|static|,static.crs,named,582,_ZN3App8PokeList16IntermediateDataC1Ev,App::PokeList::IntermediateData::IntermediateData(),0,1970352,.text,FUNCTION,RETAIL_ORIGINAL_SYMBOL
|static|,static.crs,named,583,_ZN3App8PokeList16IntermediateDataD1Ev,App::PokeList::IntermediateData::~IntermediateData(),0,1970424,.text,FUNCTION,RETAIL_ORIGINAL_SYMBOL
|static|,static.crs,named,584,_ZN3App8PokeList17PokeListBaseFrame14RebootPokeListERNS0_13CONTEXT_PARAME,App::PokeList::PokeListBaseFrame::RebootPokeList(App::PokeList::CONTEXT_PARAM&),0,1971448,.text,FUNCTION,RETAIL_ORIGINAL_SYMBOL
|static|,static.crs,named,585,_ZN3App8PokeList17PokeListBaseFrame5SetupEPNS0_9APP_PARAMEPNS0_13CONTEXT_PARAME,"App::PokeList::PokeListBaseFrame::Setup(App::PokeList::APP_PARAM*, App::PokeList::CONTEXT_PARAM*)",0,1977700,.text,FUNCTION,RETAIL_ORIGINAL_SYMBOL
|static|,static.crs,named,586,_ZN3App8PokeList19PokeListSimpleFrameC1Ev,App::PokeList::PokeListSimpleFrame::PokeListSimpleFrame(),0,1984416,.text,FUNCTION,RETAIL_ORIGINAL_SYMBOL
|static|,static.crs,named,587,_ZN3App9FieldMenu8PlayData12GetCursorPosEv,App::FieldMenu::PlayData::GetCursorPos(),0,1992104,.text,FUNCTION,RETAIL_ORIGINAL_SYMBOL
|static|,static.crs,named,588,_ZN3App9FieldMenu8PlayData12SetCursorPosEj,App::FieldMenu::PlayData::SetCursorPos(unsigned int),0,1992112,.text,FUNCTION,RETAIL_ORIGINAL_SYMBOL
|static|,static.crs,named,589,_ZN3App9FieldMenu8PlayData12SetRideParamEPNS0_10RIDE_PARAME,App::FieldMenu::PlayData::SetRideParam(App::FieldMenu::RIDE_PARAM*),0,1992120,.text,FUNCTION,RETAIL_ORIGINAL_SYMBOL
|static|,static.crs,named,590,_ZN3App9FieldMenu8PlayData15GetEndInputModeEv,App::FieldMenu::PlayData::GetEndInputMode(),0,1992128,.text,FUNCTION,RETAIL_ORIGINAL_SYMBOL
|static|,static.crs,named,591,_ZN3App9FieldMenu8PlayData15SetEndInputModeEb,App::FieldMenu::PlayData::SetEndInputMode(bool),0,1992136,.text,FUNCTION,RETAIL_ORIGINAL_SYMBOL
|static|,static.crs,named,592,_ZN3App9FieldMenu8PlayData15SetRotomMessageENS1_13RotomMsgIndexEjjb,"App::FieldMenu::PlayData::SetRotomMessage(App::FieldMenu::PlayData::RotomMsgIndex, unsigned int, unsigned int, bool)",0,1992144,.text,FUNCTION,RETAIL_ORIGINAL_SYMBOL
|static|,static.crs,named,593,_ZN3App9FieldMenu8PlayData15SetSelectRideIDEj,App::FieldMenu::PlayData::SetSelectRideID(unsigned int),0,1992212,.text,FUNCTION,RETAIL_ORIGINAL_SYMBOL
|static|,static.crs,named,594,_ZN3App9FieldMenu8PlayData16GetRideCursorPosEv,App::FieldMenu::PlayData::GetRideCursorPos(),0,1992220,.text,FUNCTION,RETAIL_ORIGINAL_SYMBOL
|static|,static.crs,named,595,_ZN3App9FieldMenu8PlayData16InitRotomMessageEj,App::FieldMenu::PlayData::InitRotomMessage(unsigned int),0,1992228,.text,FUNCTION,RETAIL_ORIGINAL_SYMBOL
|static|,static.crs,named,596,_ZN3App9FieldMenu8PlayData16SetRideCursorPosEj,App::FieldMenu::PlayData::SetRideCursorPos(unsigned int),0,1992260,.text,FUNCTION,RETAIL_ORIGINAL_SYMBOL
|static|,static.crs,named,597,_ZN3App9FieldMenu8PlayData19GetRotomMessageTextEj,App::FieldMenu::PlayData::GetRotomMessageText(unsigned int),0,1992268,.text,FUNCTION,RETAIL_ORIGINAL_SYMBOL
|static|,static.crs,named,598,_ZN3App9FieldMenu8PlayData19GetRotomMessageWorkEj,App::FieldMenu::PlayData::GetRotomMessageWork(unsigned int),0,1992284,.text,FUNCTION,RETAIL_ORIGINAL_SYMBOL
|static|,static.crs,named,599,_ZN3App9FieldMenu8PlayData23GetEnableRottomMsgIndexEv,App::FieldMenu::PlayData::GetEnableRottomMsgIndex(),0,1992296,.text,FUNCTION,RETAIL_ORIGINAL_SYMBOL
|static|,static.crs,named,600,_ZN3App9FieldMenu8PlayData23GetRotomMessageIsUpdateEj,App::FieldMenu::PlayData::GetRotomMessageIsUpdate(unsigned int),0,1992368,.text,FUNCTION,RETAIL_ORIGINAL_SYMBOL
|static|,static.crs,named,601,_ZN3App9FieldMenu8PlayData25IsEndContinueRotomMessageEv,App::FieldMenu::PlayData::IsEndContinueRotomMessage(),0,1992388,.text,FUNCTION,RETAIL_ORIGINAL_SYMBOL
|static|,static.crs,named,602,_ZN3App9FieldMenu8PlayData25ResetRotomMessageIsUpdateEj,App::FieldMenu::PlayData::ResetRotomMessageIsUpdate(unsigned int),0,1992396,.text,FUNCTION,RETAIL_ORIGINAL_SYMBOL
|static|,static.crs,named,603,_ZN3App9FieldMenu8PlayData26SetEndContinueRotomMessageEv,App::FieldMenu::PlayData::SetEndContinueRotomMessage(),0,1992416,.text,FUNCTION,RETAIL_ORIGINAL_SYMBOL
|static|,static.crs,named,604,_ZN3app2ui11UIResponder15SetButtonEnableEjbb,"app::ui::UIResponder::SetButtonEnable(unsigned int, bool, bool)",0,1993328,.text,FUNCTION,RETAIL_ORIGINAL_SYMBOL
|static|,static.crs,named,605,_ZN3App4Tool15MessageMenuView11HideMessageEv,App::Tool::MessageMenuView::HideMessage(),0,1993368,.text,FUNCTION,RETAIL_ORIGINAL_SYMBOL
|static|,static.crs,named,606,_ZN3app2ui11UIResponder15SetInputEnabledEb,app::ui::UIResponder::SetInputEnabled(bool),0,1993472,.text,FUNCTION,RETAIL_ORIGINAL_SYMBOL
|static|,static.crs,named,607,_ZN3app2ui11UIResponder15SetTouchEnabledEb,app::ui::UIResponder::SetTouchEnabled(bool),0,1993488,.text,FUNCTION,RETAIL_ORIGINAL_SYMBOL
|static|,static.crs,named,608,_ZN3app2ui11UIResponder16GetButtonManagerEv,app::ui::UIResponder::GetButtonManager(),0,1993504,.text,FUNCTION,RETAIL_ORIGINAL_SYMBOL
|static|,static.crs,named,609,_ZN3app4tool12PaneListView14CreatePaneListEPKNS0_8PaneList11SETUP_PARAME,app::tool::PaneListView::CreatePaneList(app::tool::PaneList::SETUP_PARAM const*),0,1993512,.text,FUNCTION,RETAIL_ORIGINAL_SYMBOL
|static|,static.crs,named,610,_ZN3app2ui11UIResponder16SetInputListenerEPNS0_15UIInputListenerE,app::ui::UIResponder::SetInputListener(app::ui::UIInputListener*),0,1993624,.text,FUNCTION,RETAIL_ORIGINAL_SYMBOL
|static|,static.crs,named,611,_ZN3app2ui11UIResponder17OnSetInputEnabledEb,app::ui::UIResponder::OnSetInputEnabled(bool),0,1993632,.text,FUNCTION,RETAIL_ORIGINAL_SYMBOL
|static|,static.crs,named,612,_ZN3app2ui11UIResponder19CreateButtonManagerEPNS_4util4HeapEPKNS0_15ButtonInfoLytWkEj,"app::ui::UIResponder::CreateButtonManager(app::util::Heap*, app::ui::ButtonInfoLytWk const*, unsigned int)",0,1993636,.text,FUNCTION,RETAIL_ORIGINAL_SYMBOL
|static|,static.crs,named,613,_ZN3app2ui11UIResponder19CreateButtonManagerEPNS_4util4HeapEPN4gfl23lyt5LytWkEPKNS0_12ButtonInfoExEj,"app::ui::UIResponder::CreateButtonManager(app::util::Heap*, gfl2::lyt::LytWk*, app::ui::ButtonInfoEx const*, unsigned int)",0,1993832,.text,FUNCTION,RETAIL_ORIGINAL_SYMBOL
|static|,static.crs,named,614,_ZN3app2ui11UIResponder19ReloadButtonManagerEPNS_4util4HeapEPN4gfl23lyt5LytWkEPKNS0_12ButtonInfoExEj,"app::ui::UIResponder::ReloadButtonManager(app::util::Heap*, gfl2::lyt::LytWk*, app::ui::ButtonInfoEx const*, unsigned int)",0,1994020,.text,FUNCTION,RETAIL_ORIGINAL_SYMBOL
|static|,static.crs,named,615,_ZN3app2ui11UIResponder20ReleaseButtonManagerEv,app::ui::UIResponder::ReleaseButtonManager(),0,1994400,.text,FUNCTION,RETAIL_ORIGINAL_SYMBOL
|static|,static.crs,named,616,_ZN3app2ui11UIResponder21SetStickEmulationModeEb,app::ui::UIResponder::SetStickEmulationMode(bool),0,1994448,.text,FUNCTION,RETAIL_ORIGINAL_SYMBOL
|static|,static.crs,named,617,_ZN3app2ui11UIResponder28CallbackFuncOnButtonSelectedEj,app::ui::UIResponder::CallbackFuncOnButtonSelected(unsigned int),0,1994532,.text,FUNCTION,RETAIL_ORIGINAL_SYMBOL
|static|,static.crs,named,618,_ZN3app2ui11UIResponder31CallbackFuncOnButtonLongPressedEj,app::ui::UIResponder::CallbackFuncOnButtonLongPressed(unsigned int),0,1994588,.text,FUNCTION,RETAIL_ORIGINAL_SYMBOL
|static|,static.crs,named,619,_ZN3app2ui11UIResponder32CallBackFuncOnButtonTouchTriggerEj,app::ui::UIResponder::CallBackFuncOnButtonTouchTrigger(unsigned int),0,1994644,.text,FUNCTION,RETAIL_ORIGINAL_SYMBOL
|static|,static.crs,named,620,_ZN3app2ui11UIResponder37SetInputExclusiveKeyByButtonAnimationEb,app::ui::UIResponder::SetInputExclusiveKeyByButtonAnimation(bool),0,1994680,.text,FUNCTION,RETAIL_ORIGINAL_SYMBOL
|static|,static.crs,named,621,_ZN3app2ui11UIResponder39CallbackFuncOnButtonSelectedBeforeAnimeEj,app::ui::UIResponder::CallbackFuncOnButtonSelectedBeforeAnime(unsigned int),0,1994688,.text,FUNCTION,RETAIL_ORIGINAL_SYMBOL
|static|,static.crs,named,622,_ZN3app2ui13UIViewManager20SetTopPriorityUIViewEPNS0_6UIViewE,app::ui::UIViewManager::SetTopPriorityUIView(app::ui::UIView*),0,1995252,.text,FUNCTION,RETAIL_ORIGINAL_SYMBOL
|static|,static.crs,named,623,_ZN3app2ui13UIViewManager37GetInputExclusiveKeyByButtonAnimationEv,app::ui::UIViewManager::GetInputExclusiveKeyByButtonAnimation(),0,1995260,.text,FUNCTION,RETAIL_ORIGINAL_SYMBOL
|static|,static.crs,named,624,_ZN3app2ui13UIViewManager37SetInputExclusiveKeyByButtonAnimationEb,app::ui::UIViewManager::SetInputExclusiveKeyByButtonAnimation(bool),0,1995268,.text,FUNCTION,RETAIL_ORIGINAL_SYMBOL
|static|,static.crs,named,625,_ZN3app2ui6UIView10AddSubViewEPS1_,app::ui::UIView::AddSubView(app::ui::UIView*),0,1995540,.text,FUNCTION,RETAIL_ORIGINAL_SYMBOL
|static|,static.crs,named,626,_ZN3app2ui6UIView10SetVisibleEb,app::ui::UIView::SetVisible(bool),0,1995660,.text,FUNCTION,RETAIL_ORIGINAL_SYMBOL
|static|,static.crs,named,627,_ZN3app2ui6UIView10UpdateTreeEv,app::ui::UIView::UpdateTree(),0,1995668,.text,FUNCTION,RETAIL_ORIGINAL_SYMBOL
|static|,static.crs,named,628,_ZN3app2ui6UIView11Initalize2DEPNS_4util4HeapEPN4gfl23lyt6LytSysEjPKNS2_7G2DUtil10LytResDataEjPKNS9_9LytwkDataEjii,"app::ui::UIView::Initalize2D(app::util::Heap*, gfl2::lyt::LytSys*, unsigned int, app::util::G2DUtil::LytResData const*, unsigned int, app::util::G2DUtil::LytwkData const*, unsigned int, int, int)",0,1995688,.text,FUNCTION,RETAIL_ORIGINAL_SYMBOL
|static|,static.crs,named,629,_ZN3app2ui6UIView12GetSuperViewEv,app::ui::UIView::GetSuperView(),0,1995972,.text,FUNCTION,RETAIL_ORIGINAL_SYMBOL
|static|,static.crs,named,630,_ZN3app2ui6UIView13DoInputActionEv,app::ui::UIView::DoInputAction(),0,1995980,.text,FUNCTION,RETAIL_ORIGINAL_SYMBOL
|static|,static.crs,named,631,_ZN3app2ui6UIView13UpdateG2DUtilEv,app::ui::UIView::UpdateG2DUtil(),0,1996176,.text,FUNCTION,RETAIL_ORIGINAL_SYMBOL
|static|,static.crs,named,632,_ZN3app2ui6UIView14IsExistSubViewEPS1_,app::ui::UIView::IsExistSubView(app::ui::UIView*),0,1996228,.text,FUNCTION,RETAIL_ORIGINAL_SYMBOL
|static|,static.crs,named,633,_ZN3app2ui6UIView16RemoveAllSubViewEv,app::ui::UIView::RemoveAllSubView(),0,1996308,.text,FUNCTION,RETAIL_ORIGINAL_SYMBOL
|static|,static.crs,named,634,_ZN3app4tool10MenuWindow13RemoveSubViewEv,app::tool::MenuWindow::RemoveSubView(),0,1996476,.text,FUNCTION,RETAIL_ORIGINAL_SYMBOL
|static|,static.crs,named,635,_ZN3app2ui6UIView19RemoveFromSuperViewEv,app::ui::UIView::RemoveFromSuperView(),0,1996480,.text,FUNCTION,RETAIL_ORIGINAL_SYMBOL
|static|,static.crs,named,636,_ZN3app2ui6UIView20CreateGraphicsSystemEPNS_4util4HeapEb,"app::ui::UIView::CreateGraphicsSystem(app::util::Heap*, bool)",0,1996576,.text,FUNCTION,RETAIL_ORIGINAL_SYMBOL
|static|,static.crs,named,637,_ZN3App4Tool10TalkWindow3EndEv,App::Tool::TalkWindow::End(),0,1996588,.text,FUNCTION,RETAIL_ORIGINAL_SYMBOL
|static|,static.crs,named,638,_ZN3app2ui6UIView20DeleteGraphicsSystemEv,app::ui::UIView::DeleteGraphicsSystem(),0,1996824,.text,FUNCTION,RETAIL_ORIGINAL_SYMBOL
|static|,static.crs,named,639,_ZN3app2ui6UIView20SetTextboxPaneNumberEPN2nw3lyt7TextBoxEjjjjN5print14NumberDispTypeENS6_14NumberCodeTypeE,"app::ui::UIView::SetTextboxPaneNumber(nw::lyt::TextBox*, unsigned int, unsigned int, unsigned int, unsigned int, print::NumberDispType, print::NumberCodeType)",0,1996844,.text,FUNCTION,RETAIL_ORIGINAL_SYMBOL
|static|,static.crs,named,640,_ZN3app2ui6UIView20SetTextboxPaneStringEPN2nw3lyt7TextBoxEPN4gfl23str6StrBufE,"app::ui::UIView::SetTextboxPaneString(nw::lyt::TextBox*, gfl2::str::StrBuf*)",0,1996996,.text,FUNCTION,RETAIL_ORIGINAL_SYMBOL
|static|,static.crs,named,641,_ZN3app2ui6UIView21SetLayoutTransferAreaEN4gfl23lyt10MemoryAreaE,app::ui::UIView::SetLayoutTransferArea(gfl2::lyt::MemoryArea),0,1997036,.text,FUNCTION,RETAIL_ORIGINAL_SYMBOL
|static|,static.crs,named,642,_ZN3app2ui6UIView21SetTextboxPaneMessageEPN2nw3lyt7TextBoxEi,"app::ui::UIView::SetTextboxPaneMessage(nw::lyt::TextBox*, int)",0,1997080,.text,FUNCTION,RETAIL_ORIGINAL_SYMBOL
|static|,static.crs,named,643,_ZN3app2ui6UIView21SetTextboxPaneMessageEjji,"app::ui::UIView::SetTextboxPaneMessage(unsigned int, unsigned int, int)",0,1997184,.text,FUNCTION,RETAIL_ORIGINAL_SYMBOL
|static|,static.crs,named,644,_ZN3app2ui6UIView22SetInputEnabledAllViewEb,app::ui::UIView::SetInputEnabledAllView(bool),0,1997300,.text,FUNCTION,RETAIL_ORIGINAL_SYMBOL
|static|,static.crs,named,645,_ZN3app2ui6UIView6UpdateEv,app::ui::UIView::Update(),0,1997380,.text,FUNCTION,RETAIL_ORIGINAL_SYMBOL
|static|,static.crs,named,646,_ZN3app2ui6UIView8Create2DEPNS_4util4HeapEPN4gfl23lyt6LytSysEjPKNS2_7G2DUtil10LytResDataEjPKNS9_9LytwkDataEjPNS5_3str7MsgDataEPN5print7WordSetEiii,"app::ui::UIView::Create2D(app::util::Heap*, gfl2::lyt::LytSys*, unsigned int, app::util::G2DUtil::LytResData const*, unsigned int, app::util::G2DUtil::LytwkData const*, unsigned int, gfl2::str::MsgData*, print::WordSet*, int, int, int)",0,1997616,.text,FUNCTION,RETAIL_ORIGINAL_SYMBOL
|static|,static.crs,named,647,_ZN3app2ui6UIView8Create2DEPNS_4util4HeapEPN4gfl23lyt6LytSysEjPKNS2_7G2DUtil10LytResDataEjPKNS9_9LytwkDataEjjiii,"app::ui::UIView::Create2D(app::util::Heap*, gfl2::lyt::LytSys*, unsigned int, app::util::G2DUtil::LytResData const*, unsigned int, app::util::G2DUtil::LytwkData const*, unsigned int, unsigned int, int, int, int)",0,1997736,.text,FUNCTION,RETAIL_ORIGINAL_SYMBOL
|static|,static.crs,named,648,_ZN3app2ui6UIView8Create2DEPNS_4util4HeapEPN4gfl23lyt6LytSysEjPNS2_7G2DUtil11LAYOUT_WORKEjPNS6_13LytMultiResIDEPNS5_3str7MsgDataEPN5print7WordSetE,"app::ui::UIView::Create2D(app::util::Heap*, gfl2::lyt::LytSys*, unsigned int, app::util::G2DUtil::LAYOUT_WORK*, unsigned int, gfl2::lyt::LytMultiResID*, gfl2::str::MsgData*, print::WordSet*)",0,1998164,.text,FUNCTION,RETAIL_ORIGINAL_SYMBOL
|static|,static.crs,named,649,_ZN3app2ui6UIView8Delete2DEv,app::ui::UIView::Delete2D(),0,1998316,.text,FUNCTION,RETAIL_ORIGINAL_SYMBOL
|static|,static.crs,named,650,_ZN3app2ui6UIView8DrawTreeEN4gfl23gfx12CtrDisplayNoE,app::ui::UIView::DrawTree(gfl2::gfx::CtrDisplayNo),0,1998532,.text,FUNCTION,RETAIL_ORIGINAL_SYMBOL
|static|,static.crs,named,651,_ZN3App4Tool15MessageMenuView11ShowMessageEPKN4gfl23str6StrBufEbbb,"App::Tool::MessageMenuView::ShowMessage(gfl2::str::StrBuf const*, bool, bool, bool)",0,1998648,.text,FUNCTION,RETAIL_ORIGINAL_SYMBOL
|static|,static.crs,named,652,_ZN3app2ui6UIView8SetModalEb,app::ui::UIView::SetModal(bool),0,1998768,.text,FUNCTION,RETAIL_ORIGINAL_SYMBOL
|static|,static.crs,named,653,_ZN3app2ui6UIViewC2EPNS_4util4HeapEPN4gfl24heap11NwAllocatorES8_,"app::ui::UIView::UIView(app::util::Heap*, gfl2::heap::NwAllocator*, gfl2::heap::NwAllocator*)",0,1998776,.text,FUNCTION,RETAIL_ORIGINAL_SYMBOL
|static|,static.crs,named,654,_ZN3app2ui6UIViewD2Ev,app::ui::UIView::~UIView(),0,1998956,.text,FUNCTION,RETAIL_ORIGINAL_SYMBOL
|static|,static.crs,named,655,_ZN3app3bag8PlayData12SetPocketPosEj,app::bag::PlayData::SetPocketPos(unsigned int),0,1999268,.text,FUNCTION,RETAIL_ORIGINAL_SYMBOL
|static|,static.crs,named,656,_ZN3app3bag8PlayData13GetPocketDataEj,app::bag::PlayData::GetPocketData(unsigned int),0,1999276,.text,FUNCTION,RETAIL_ORIGINAL_SYMBOL
|static|,static.crs,named,657,_ZN3app3bag8PlayData13SetPocketDataEjjj,"app::bag::PlayData::SetPocketData(unsigned int, unsigned int, unsigned int)",0,1999328,.text,FUNCTION,RETAIL_ORIGINAL_SYMBOL
|static|,static.crs,named,658,_ZN3app4sort10StringItem9LoadSetupEPN4gfl24heap11CtrHeapBaseES5_,"app::sort::StringItem::LoadSetup(gfl2::heap::CtrHeapBase*, gfl2::heap::CtrHeapBase*)",0,1999440,.text,FUNCTION,RETAIL_ORIGINAL_SYMBOL
|static|,static.crs,named,659,_ZN3app4sort10StringItemC1Ev,app::sort::StringItem::StringItem(),0,1999476,.text,FUNCTION,RETAIL_ORIGINAL_SYMBOL
|static|,static.crs,named,660,_ZN3app4sort10StringWaza4LoadEPN4gfl24heap11CtrHeapBaseE,app::sort::StringWaza::Load(gfl2::heap::CtrHeapBase*),0,1999516,.text,FUNCTION,RETAIL_ORIGINAL_SYMBOL
|static|,static.crs,named,661,_ZN3app4sort10StringWaza9LoadSetupEPN4gfl24heap11CtrHeapBaseES5_,"app::sort::StringWaza::LoadSetup(gfl2::heap::CtrHeapBase*, gfl2::heap::CtrHeapBase*)",0,1999544,.text,FUNCTION,RETAIL_ORIGINAL_SYMBOL
|static|,static.crs,named,662,_ZN3app4sort10StringWazaC1Ev,app::sort::StringWaza::StringWaza(),0,1999580,.text,FUNCTION,RETAIL_ORIGINAL_SYMBOL
|static|,static.crs,named,663,_ZN3app4sort12StringBinary8LoadMainEv,app::sort::StringBinary::LoadMain(),0,1999772,.text,FUNCTION,RETAIL_ORIGINAL_SYMBOL
|static|,static.crs,named,664,_ZN3app4sort13StringTokusei4LoadEPN4gfl24heap11CtrHeapBaseE,app::sort::StringTokusei::Load(gfl2::heap::CtrHeapBase*),0,2000736,.text,FUNCTION,RETAIL_ORIGINAL_SYMBOL
|static|,static.crs,named,665,_ZN3app4sort13StringTokuseiC1Ev,app::sort::StringTokusei::StringTokusei(),0,2000764,.text,FUNCTION,RETAIL_ORIGINAL_SYMBOL
|static|,static.crs,named,666,_ZN3app4tool10IconObject10ReplaceTexEPN2nw3lyt7PictureEj,"app::tool::IconObject::ReplaceTex(nw::lyt::Picture*, unsigned int)",0,2000960,.text,FUNCTION,RETAIL_ORIGINAL_SYMBOL
|static|,static.crs,named,667,_ZN3app4tool10IconObject10UpdateFuncEv,app::tool::IconObject::UpdateFunc(),0,2001136,.text,FUNCTION,RETAIL_ORIGINAL_SYMBOL
|static|,static.crs,named,668,_ZN3app4tool10IconObject12IsReplaceTexEv,app::tool::IconObject::IsReplaceTex(),0,2001380,.text,FUNCTION,RETAIL_ORIGINAL_SYMBOL
|static|,static.crs,named,669,_ZN3app4tool10IconObject14GetTexDataCtrlEv,app::tool::IconObject::GetTexDataCtrl(),0,2001404,.text,FUNCTION,RETAIL_ORIGINAL_SYMBOL
|static|,static.crs,named,670,_ZN3app4tool10IconObject7EndFuncEv,app::tool::IconObject::EndFunc(),0,2001508,.text,FUNCTION,RETAIL_ORIGINAL_SYMBOL
|static|,static.crs,named,671,_ZN3app4tool10IconObject8InitFuncEv,app::tool::IconObject::InitFunc(),0,2001568,.text,FUNCTION,RETAIL_ORIGINAL_SYMBOL
|static|,static.crs,named,672,_ZN3app4tool10IconObjectC1ERKNS1_10INIT_PARAMEPN4gfl24heap11CtrHeapBaseE,"app::tool::IconObject::IconObject(app::tool::IconObject::INIT_PARAM const&, gfl2::heap::CtrHeapBase*)",0,2001576,.text,FUNCTION,RETAIL_ORIGINAL_SYMBOL
|static|,static.crs,named,673,_ZN3app4tool10LytTexData11LoadTextureEv,app::tool::LytTexData::LoadTexture(),0,2002684,.text,FUNCTION,RETAIL_ORIGINAL_SYMBOL
|static|,static.crs,named,674,_ZN3app4tool8PokeIcon17CopyTextureBufferEjj,"app::tool::PokeIcon::CopyTextureBuffer(unsigned int, unsigned int)",0,2003096,.text,FUNCTION,RETAIL_ORIGINAL_SYMBOL
|static|,static.crs,named,675,_ZN3app4tool10LytTexData17CopyTextureBufferEPS1_,app::tool::LytTexData::CopyTextureBuffer(app::tool::LytTexData*),0,2003152,.text,FUNCTION,RETAIL_ORIGINAL_SYMBOL
|static|,static.crs,named,676,_ZN3app4tool10LytTexData18AllocTextureBufferEv,app::tool::LytTexData::AllocTextureBuffer(),0,2003248,.text,FUNCTION,RETAIL_ORIGINAL_SYMBOL
|static|,static.crs,named,677,_ZN3app4tool10MenuCursor3PutEPN4gfl23lyt5LytWkEPN2nw3lyt4PaneE,"app::tool::MenuCursor::Put(gfl2::lyt::LytWk*, nw::lyt::Pane*)",0,2004476,.text,FUNCTION,RETAIL_ORIGINAL_SYMBOL
|static|,static.crs,named,678,_ZN3app4tool10MenuCursor10SetVisibleEbj,"app::tool::MenuCursor::SetVisible(bool, unsigned int)",0,2004508,.text,FUNCTION,RETAIL_ORIGINAL_SYMBOL
|static|,static.crs,named,679,_ZN3app4tool10MenuCursor10StartAnimeEv,app::tool::MenuCursor::StartAnime(),0,2004656,.text,FUNCTION,RETAIL_ORIGINAL_SYMBOL
|static|,static.crs,named,680,_ZN3app4tool10MenuCursor12IsModuleFreeEv,app::tool::MenuCursor::IsModuleFree(),0,2004784,.text,FUNCTION,RETAIL_ORIGINAL_SYMBOL
|static|,static.crs,named,681,_ZN3app4tool10MenuCursor12LoadResourceEv,app::tool::MenuCursor::LoadResource(),0,2004792,.text,FUNCTION,RETAIL_ORIGINAL_SYMBOL
|static|,static.crs,named,682,_ZN3app4tool10MenuCursor13GetLayoutWorkEv,app::tool::MenuCursor::GetLayoutWork(),0,2005096,.text,FUNCTION,RETAIL_ORIGINAL_SYMBOL
|static|,static.crs,named,683,_ZN3app4tool10MenuCursor13PutNonVisibleEPN4gfl23lyt5LytWkEPN2nw3lyt4PaneE,"app::tool::MenuCursor::PutNonVisible(gfl2::lyt::LytWk*, nw::lyt::Pane*)",0,2005104,.text,FUNCTION,RETAIL_ORIGINAL_SYMBOL
|static|,static.crs,named,684,_ZN3app4tool10MenuCursor14DeleteResourceEv,app::tool::MenuCursor::DeleteResource(),0,2005436,.text,FUNCTION,RETAIL_ORIGINAL_SYMBOL
|static|,static.crs,named,685,_ZN3app4tool10MenuCursor16CreateLayoutWorkEPN4gfl23lyt6LytSysEPKNS3_10LytWkSetUpEPNS_4util14AppLytAccessorENS1_10CursorSizeEb,"app::tool::MenuCursor::CreateLayoutWork(gfl2::lyt::LytSys*, gfl2::lyt::LytWkSetUp const*, app::util::AppLytAccessor*, app::tool::MenuCursor::CursorSize, bool)",0,2005492,.text,FUNCTION,RETAIL_ORIGINAL_SYMBOL
|static|,static.crs,named,686,_ZN3app4tool10MenuCursor16DeleteLayoutWorkEv,app::tool::MenuCursor::DeleteLayoutWork(),0,2005820,.text,FUNCTION,RETAIL_ORIGINAL_SYMBOL
|static|,static.crs,named,687,_ZN3app4tool10MenuCursor16LoadResourceSyncEv,app::tool::MenuCursor::LoadResourceSync(),0,2005912,.text,FUNCTION,RETAIL_ORIGINAL_SYMBOL
|static|,static.crs,named,688,_ZN3app4tool10MenuCursor4DrawEPNS_4util19AppRenderingManagerEN4gfl23gfx12CtrDisplayNoENS5_3lyt11DisplayTypeEhj,"app::tool::MenuCursor::Draw(app::util::AppRenderingManager*, gfl2::gfx::CtrDisplayNo, gfl2::lyt::DisplayType, unsigned char, unsigned int)",0,2006024,.text,FUNCTION,RETAIL_ORIGINAL_SYMBOL
|static|,static.crs,named,689,_ZN3app4tool10MenuCursor6SetPosEPN4gfl24math22ExtendedVectorTemplateINS3_33SpecializedExtendedVectorTemplateIN2nn4math4VEC3EEEEE,app::tool::MenuCursor::SetPos(gfl2::math::ExtendedVectorTemplate<gfl2::math::SpecializedExtendedVectorTemplate<nn::math::VEC3> >*),0,2006144,.text,FUNCTION,RETAIL_ORIGINAL_SYMBOL
|static|,static.crs,named,690,_ZN9NetAppLib2UI16NetAppMenuCursor6UpdateEv,NetAppLib::UI::NetAppMenuCursor::Update(),0,2006212,.text,FUNCTION,RETAIL_ORIGINAL_SYMBOL
|static|,static.crs,named,691,_ZN3app4tool10MenuCursor6UpdateEv,app::tool::MenuCursor::Update(),0,2006220,.text,FUNCTION,RETAIL_ORIGINAL_SYMBOL
|static|,static.crs,named,692,_ZN3app4tool10MenuCursor7SetSizeEPN2nw3lyt4PaneE,app::tool::MenuCursor::SetSize(nw::lyt::Pane*),0,2006240,.text,FUNCTION,RETAIL_ORIGINAL_SYMBOL
|static|,static.crs,named,693,_ZN3app4tool10MenuCursor9IsVisibleEj,app::tool::MenuCursor::IsVisible(unsigned int),0,2006348,.text,FUNCTION,RETAIL_ORIGINAL_SYMBOL
|static|,static.crs,named,694,_ZN3app4tool10MenuCursorC1EPNS_4util4HeapEPPv,"app::tool::MenuCursor::MenuCursor(app::util::Heap*, void**)",0,2006432,.text,FUNCTION,RETAIL_ORIGINAL_SYMBOL
|static|,static.crs,named,695,_ZN3app4tool10MenuWindow11SetListenerEPNS0_18MenuWindowListenerE,app::tool::MenuWindow::SetListener(app::tool::MenuWindowListener*),0,2007044,.text,FUNCTION,RETAIL_ORIGINAL_SYMBOL
|static|,static.crs,named,696,_ZN3app4tool10MenuWindow12IsModuleFreeEv,app::tool::MenuWindow::IsModuleFree(),0,2007064,.text,FUNCTION,RETAIL_ORIGINAL_SYMBOL
|static|,static.crs,named,697,_ZN3app4tool10MenuWindow14StartYesNoMenuEj,app::tool::MenuWindow::StartYesNoMenu(unsigned int),0,2007752,.text,FUNCTION,RETAIL_ORIGINAL_SYMBOL
|static|,static.crs,named,698,_ZN3app4tool10MenuWindow16StartMenuDisplayEjNS1_7PutTypeEii,"app::tool::MenuWindow::StartMenuDisplay(unsigned int, app::tool::MenuWindow::PutType, int, int)",0,2007776,.text,FUNCTION,RETAIL_ORIGINAL_SYMBOL
|static|,static.crs,named,699,_ZN3app4tool10MenuWindow6CreateEv,app::tool::MenuWindow::Create(),0,2008164,.text,FUNCTION,RETAIL_ORIGINAL_SYMBOL
|static|,static.crs,named,700,_ZN3app4tool10MenuWindow7AddItemEPN4gfl23str7MsgDataEjbbj,"app::tool::MenuWindow::AddItem(gfl2::str::MsgData*, unsigned int, bool, bool, unsigned int)",0,2008768,.text,FUNCTION,RETAIL_ORIGINAL_SYMBOL
|static|,static.crs,named,701,_ZN3app4tool10MenuWindow7AddItemERKN4gfl23str6StrBufEbbj,"app::tool::MenuWindow::AddItem(gfl2::str::StrBuf const&, bool, bool, unsigned int)",0,2008912,.text,FUNCTION,RETAIL_ORIGINAL_SYMBOL
|static|,static.crs,named,702,_ZN3app4tool10MenuWindow7EndMenuEb,app::tool::MenuWindow::EndMenu(bool),0,2009044,.text,FUNCTION,RETAIL_ORIGINAL_SYMBOL
|static|,static.crs,named,703,_ZN3App4Tool15MessageMenuView7IsSetupEv,App::Tool::MessageMenuView::IsSetup(),0,2009384,.text,FUNCTION,RETAIL_ORIGINAL_SYMBOL
|static|,static.crs,named,704,_ZN3app4tool10MenuWindow8IsCreateEv,app::tool::MenuWindow::IsCreate(),0,2009392,.text,FUNCTION,RETAIL_ORIGINAL_SYMBOL
|static|,static.crs,named,705,_ZN3app4tool10MenuWindow9StartMenuEjNS1_7PutTypeEff,"app::tool::MenuWindow::StartMenu(unsigned int, app::tool::MenuWindow::PutType, float, float)",0,2009836,.text,FUNCTION,RETAIL_ORIGINAL_SYMBOL
|static|,static.crs,named,706,_ZN3app4tool10MenuWindowC1EPNS_4util4HeapEPNS2_19AppRenderingManagerEPvNS2_7G2DUtil18SETUP_DISPLAY_TYPEE,"app::tool::MenuWindow::MenuWindow(app::util::Heap*, app::util::AppRenderingManager*, void*, app::util::G2DUtil::SETUP_DISPLAY_TYPE)",0,2010336,.text,FUNCTION,RETAIL_ORIGINAL_SYMBOL
|static|,static.crs,named,707,_ZN3app4tool10MenuWindowC1EPNS_4util4HeapEPNS2_19AppRenderingManagerEPvNS2_7G2DUtil18SETUP_DISPLAY_TYPEES7_,"app::tool::MenuWindow::MenuWindow(app::util::Heap*, app::util::AppRenderingManager*, void*, app::util::G2DUtil::SETUP_DISPLAY_TYPE, void*)",0,2010636,.text,FUNCTION,RETAIL_ORIGINAL_SYMBOL
|static|,static.crs,named,708,_ZN3app4tool12FingerCursor10StartAnimeENS1_8FormTypeE,app::tool::FingerCursor::StartAnime(app::tool::FingerCursor::FormType),0,2013336,.text,FUNCTION,RETAIL_ORIGINAL_SYMBOL
|static|,static.crs,named,709,_ZN3app4tool12FingerCursor14IsEndPushAnimeENS1_8FormTypeE,app::tool::FingerCursor::IsEndPushAnime(app::tool::FingerCursor::FormType),0,2013428,.text,FUNCTION,RETAIL_ORIGINAL_SYMBOL
|static|,static.crs,named,710,_ZN3app4tool12FingerCursor16CreateLytBinDataEPNS_4util4HeapE,app::tool::FingerCursor::CreateLytBinData(app::util::Heap*),0,2013468,.text,FUNCTION,RETAIL_ORIGINAL_SYMBOL
|static|,static.crs,named,711,_ZN3app4tool12FingerCursor16DeleteLytBinDataEPv,app::tool::FingerCursor::DeleteLytBinData(void*),0,2013640,.text,FUNCTION,RETAIL_ORIGINAL_SYMBOL
|static|,static.crs,named,712,_ZN3app4tool12FingerCursor9PushAnimeENS1_8FormTypeE,app::tool::FingerCursor::PushAnime(app::tool::FingerCursor::FormType),0,2013728,.text,FUNCTION,RETAIL_ORIGINAL_SYMBOL
|static|,static.crs,named,713,_ZN3app4tool12FingerCursorC1EPNS_4util4HeapEPvPNS2_19AppRenderingManagerENS2_7G2DUtil18SETUP_DISPLAY_TYPEEh,"app::tool::FingerCursor::FingerCursor(app::util::Heap*, void*, app::util::AppRenderingManager*, app::util::G2DUtil::SETUP_DISPLAY_TYPE, unsigned char)",0,2013824,.text,FUNCTION,RETAIL_ORIGINAL_SYMBOL
|static|,static.crs,named,714,_ZN3app4tool12PaneListView11GetPaneListEv,app::tool::PaneListView::GetPaneList(),0,2014136,.text,FUNCTION,RETAIL_ORIGINAL_SYMBOL
|static|,static.crs,named,715,_ZN3app4tool12PaneListView11SetListenerEPNS1_8ListenerE,app::tool::PaneListView::SetListener(app::tool::PaneListView::Listener*),0,2014172,.text,FUNCTION,RETAIL_ORIGINAL_SYMBOL
|static|,static.crs,named,716,_ZN3app4tool12PaneListView13ResetPaneListEPKNS0_8PaneList11SETUP_PARAME,app::tool::PaneListView::ResetPaneList(app::tool::PaneList::SETUP_PARAM const*),0,2014216,.text,FUNCTION,RETAIL_ORIGINAL_SYMBOL
|static|,static.crs,named,717,_ZN3app4tool12PaneListView14DeletePaneListEv,app::tool::PaneListView::DeletePaneList(),0,2014432,.text,FUNCTION,RETAIL_ORIGINAL_SYMBOL
|static|,static.crs,named,718,_ZN3app4tool12PaneListView15CreateScrollBarEPKNS_4util9ScrollBar11SETUP_PARAME,app::tool::PaneListView::CreateScrollBar(app::util::ScrollBar::SETUP_PARAM const*),0,2014472,.text,FUNCTION,RETAIL_ORIGINAL_SYMBOL
|static|,static.crs,named,719,_ZN3app4tool12PaneListView15DeleteScrollBarEv,app::tool::PaneListView::DeleteScrollBar(),0,2014624,.text,FUNCTION,RETAIL_ORIGINAL_SYMBOL
|static|,static.crs,named,720,_ZN3app4tool12PaneListViewC1EPNS_4util4HeapEb,"app::tool::PaneListView::PaneListView(app::util::Heap*, bool)",0,2014900,.text,FUNCTION,RETAIL_ORIGINAL_SYMBOL
|static|,static.crs,named,721,_ZN3app4tool13ButtonManager10LinkButtonEPKjj,"app::tool::ButtonManager::LinkButton(unsigned int const*, unsigned int)",0,2014992,.text,FUNCTION,RETAIL_ORIGINAL_SYMBOL
|static|,static.crs,named,722,_ZN3app4tool10MenuWindow12SetInputModeENS0_13ButtonManager9InputModeE,app::tool::MenuWindow::SetInputMode(app::tool::ButtonManager::InputMode),0,2015232,.text,FUNCTION,RETAIL_ORIGINAL_SYMBOL
|static|,static.crs,named,723,_ZN3app4tool13ButtonManager12SetInputModeENS1_9InputModeE,app::tool::ButtonManager::SetInputMode(app::tool::ButtonManager::InputMode),0,2015256,.text,FUNCTION,RETAIL_ORIGINAL_SYMBOL
|static|,static.crs,named,724,_ZN3app4tool13ButtonManager14ResetHoldStateEv,app::tool::ButtonManager::ResetHoldState(),0,2015312,.text,FUNCTION,RETAIL_ORIGINAL_SYMBOL
|static|,static.crs,named,725,_ZN3app4tool13ButtonManager14SetInputEnableEb,app::tool::ButtonManager::SetInputEnable(bool),0,2015328,.text,FUNCTION,RETAIL_ORIGINAL_SYMBOL
|static|,static.crs,named,726,_ZN9NetAppLib11JoinFestaUI38JoinFestaPlayerListSelectLowerViewBase21SetActiveDecideButtonEv,NetAppLib::JoinFestaUI::JoinFestaPlayerListSelectLowerViewBase::SetActiveDecideButton(),0,2015340,.text,FUNCTION,RETAIL_ORIGINAL_SYMBOL
|static|,static.crs,named,727,_ZN3app4tool13ButtonManager15SetButtonActiveEjb,"app::tool::ButtonManager::SetButtonActive(unsigned int, bool)",0,2015364,.text,FUNCTION,RETAIL_ORIGINAL_SYMBOL
|static|,static.crs,named,728,_ZN3app4tool13ButtonManager16SetButtonBindKeyEjjNS1_11BindKeyModeE,"app::tool::ButtonManager::SetButtonBindKey(unsigned int, unsigned int, app::tool::ButtonManager::BindKeyMode)",0,2015456,.text,FUNCTION,RETAIL_ORIGINAL_SYMBOL
|static|,static.crs,named,729,_ZN9NetAppLib11JoinFestaUI38JoinFestaPlayerListSelectLowerViewBase22SetPassiveDecideButtonEv,NetAppLib::JoinFestaUI::JoinFestaPlayerListSelectLowerViewBase::SetPassiveDecideButton(),0,2015524,.text,FUNCTION,RETAIL_ORIGINAL_SYMBOL
|static|,static.crs,named,730,_ZN3app4tool13ButtonManager16SetButtonPassiveEjb,"app::tool::ButtonManager::SetButtonPassive(unsigned int, bool)",0,2015548,.text,FUNCTION,RETAIL_ORIGINAL_SYMBOL
|static|,static.crs,named,731,_ZN3app4tool13ButtonManager16SetButtonVisibleEjb,"app::tool::ButtonManager::SetButtonVisible(unsigned int, bool)",0,2015640,.text,FUNCTION,RETAIL_ORIGINAL_SYMBOL
|static|,static.crs,named,732,_ZN3app4tool13ButtonManager16SetNotifyTimmingENS1_13NotifyTimmingE,app::tool::ButtonManager::SetNotifyTimming(app::tool::ButtonManager::NotifyTimming),0,2016028,.text,FUNCTION,RETAIL_ORIGINAL_SYMBOL
|static|,static.crs,named,733,_ZN3app4tool13ButtonManager16SetNotifyTimmingEjNS1_13NotifyTimmingE,"app::tool::ButtonManager::SetNotifyTimming(unsigned int, app::tool::ButtonManager::NotifyTimming)",0,2016076,.text,FUNCTION,RETAIL_ORIGINAL_SYMBOL
|static|,static.crs,named,734,_ZN3app4tool13ButtonManager16StartSelectedActEj,app::tool::ButtonManager::StartSelectedAct(unsigned int),0,2016172,.text,FUNCTION,RETAIL_ORIGINAL_SYMBOL
|static|,static.crs,named,735,_ZN3app4tool13ButtonManager17SetButtonSelectSEEjj,"app::tool::ButtonManager::SetButtonSelectSE(unsigned int, unsigned int)",0,2016200,.text,FUNCTION,RETAIL_ORIGINAL_SYMBOL
|static|,static.crs,named,736,_ZN3app4tool13ButtonManager18SetButtonInvisibleEj,app::tool::ButtonManager::SetButtonInvisible(unsigned int),0,2016500,.text,FUNCTION,RETAIL_ORIGINAL_SYMBOL
|static|,static.crs,named,737,_ZN3app4tool13ButtonManager20SetButtonActiveForceEjb,"app::tool::ButtonManager::SetButtonActiveForce(unsigned int, bool)",0,2016596,.text,FUNCTION,RETAIL_ORIGINAL_SYMBOL
|static|,static.crs,named,738,_ZN3app4tool13ButtonManager20SetButtonInputEnableEjb,"app::tool::ButtonManager::SetButtonInputEnable(unsigned int, bool)",0,2016680,.text,FUNCTION,RETAIL_ORIGINAL_SYMBOL
|static|,static.crs,named,739,_ZN3app4tool13ButtonManager21SetButtonPassiveForceEjb,"app::tool::ButtonManager::SetButtonPassiveForce(unsigned int, bool)",0,2017608,.text,FUNCTION,RETAIL_ORIGINAL_SYMBOL
|static|,static.crs,named,740,_ZN3app4tool13ButtonManager23ChangeButtonProcessModeENS1_13ButtonProcessEPN4gfl24heap11CtrHeapBaseE,"app::tool::ButtonManager::ChangeButtonProcessMode(app::tool::ButtonManager::ButtonProcess, gfl2::heap::CtrHeapBase*)",0,2018476,.text,FUNCTION,RETAIL_ORIGINAL_SYMBOL
|static|,static.crs,named,741,_ZN3app4tool13ButtonManager29SetButtonActiveAnimeFrameLastEj,app::tool::ButtonManager::SetButtonActiveAnimeFrameLast(unsigned int),0,2018744,.text,FUNCTION,RETAIL_ORIGINAL_SYMBOL
|static|,static.crs,named,742,_ZN3app4tool13ButtonManager30SetButtonPassiveAnimeFrameLastEj,app::tool::ButtonManager::SetButtonPassiveAnimeFrameLast(unsigned int),0,2018936,.text,FUNCTION,RETAIL_ORIGINAL_SYMBOL
|static|,static.crs,named,743,_ZN3app4tool13ButtonManager6UpdateEv,app::tool::ButtonManager::Update(),0,2023380,.text,FUNCTION,RETAIL_ORIGINAL_SYMBOL
|static|,static.crs,named,744,_ZN3app4tool13ButtonManager9AddButtonEPN4gfl24heap11CtrHeapBaseEjPNS2_3lyt5LytWkEPN2nw3lyt4PaneESC_jjjjjjPNS1_15IButtonCallbackE,"app::tool::ButtonManager::AddButton(gfl2::heap::CtrHeapBase*, unsigned int, gfl2::lyt::LytWk*, nw::lyt::Pane*, nw::lyt::Pane*, unsigned int, unsigned int, unsigned int, unsigned int, unsigned int, unsigned int, app::tool::ButtonManager::IButtonCallback*)",0,2023632,.text,FUNCTION,RETAIL_ORIGINAL_SYMBOL
|static|,static.crs,named,745,_ZN3app4tool13ButtonManagerC1EPN4gfl24heap11CtrHeapBaseEPKNS2_2ui13DeviceManagerEjj,"app::tool::ButtonManager::ButtonManager(gfl2::heap::CtrHeapBase*, gfl2::ui::DeviceManager const*, unsigned int, unsigned int)",0,2023968,.text,FUNCTION,RETAIL_ORIGINAL_SYMBOL
|static|,static.crs,named,746,_ZN3app4tool13CursorManager10MainRepeatEv,app::tool::CursorManager::MainRepeat(),0,2024572,.text,FUNCTION,RETAIL_ORIGINAL_SYMBOL
|static|,static.crs,named,747,_ZN3app4tool13CursorManager13SetMoveEnableEhb,"app::tool::CursorManager::SetMoveEnable(unsigned char, bool)",0,2024788,.text,FUNCTION,RETAIL_ORIGINAL_SYMBOL
|static|,static.crs,named,748,_ZN3app4tool13CursorManager6SetPosEh,app::tool::CursorManager::SetPos(unsigned char),0,2024852,.text,FUNCTION,RETAIL_ORIGINAL_SYMBOL
|static|,static.crs,named,749,_ZN3app4tool13CursorManagerC1EPKNS1_9MOVE_DATAEjhb,"app::tool::CursorManager::CursorManager(app::tool::CursorManager::MOVE_DATA const*, unsigned int, unsigned char, bool)",0,2025272,.text,FUNCTION,RETAIL_ORIGINAL_SYMBOL
|static|,static.crs,named,750,_ZN3app4tool13CursorManagerD1Ev,app::tool::CursorManager::~CursorManager(),0,2025392,.text,FUNCTION,RETAIL_ORIGINAL_SYMBOL
|static|,static.crs,named,751,_ZN3app4tool18InfoWindowBookType10SyncCreateEPNS_4util4HeapEPNS2_19AppRenderingManagerEjPNS0_21InfoWindowDataManagerE,"app::tool::InfoWindowBookType::SyncCreate(app::util::Heap*, app::util::AppRenderingManager*, unsigned int, app::tool::InfoWindowDataManager*)",0,2025876,.text,FUNCTION,RETAIL_ORIGINAL_SYMBOL
|static|,static.crs,named,752,_ZN3app4tool14InfoWindowBase12SetBgVisibleEb,app::tool::InfoWindowBase::SetBgVisible(bool),0,2026164,.text,FUNCTION,RETAIL_ORIGINAL_SYMBOL
|static|,static.crs,named,753,_ZN3app4tool18InfoWindowBookType16StartAsyncCreateEPNS_4util4HeapEPNS2_19AppRenderingManagerEjPNS0_21InfoWindowDataManagerE,"app::tool::InfoWindowBookType::StartAsyncCreate(app::util::Heap*, app::util::AppRenderingManager*, unsigned int, app::tool::InfoWindowDataManager*)",0,2026232,.text,FUNCTION,RETAIL_ORIGINAL_SYMBOL
|static|,static.crs,named,754,_ZN3app4tool14ItemIconToolEx10IsReplacedEj,app::tool::ItemIconToolEx::IsReplaced(unsigned int),0,2027188,.text,FUNCTION,RETAIL_ORIGINAL_SYMBOL
|static|,static.crs,named,755,_ZN3app4tool14ItemIconToolEx11ReplaceIconEjPN2nw3lyt7PictureE,"app::tool::ItemIconToolEx::ReplaceIcon(unsigned int, nw::lyt::Picture*)",0,2027284,.text,FUNCTION,RETAIL_ORIGINAL_SYMBOL
|static|,static.crs,named,756,_ZN3app4tool14ItemIconToolEx11SetItemIconEjtPN2nw3lyt7PictureE,"app::tool::ItemIconToolEx::SetItemIcon(unsigned int, unsigned short, nw::lyt::Picture*)",0,2027416,.text,FUNCTION,RETAIL_ORIGINAL_SYMBOL
|static|,static.crs,named,757,_ZN3app4tool14ItemIconToolEx11SetItemIconEjtjPN2nw3lyt5PartsE,"app::tool::ItemIconToolEx::SetItemIcon(unsigned int, unsigned short, unsigned int, nw::lyt::Parts*)",0,2027596,.text,FUNCTION,RETAIL_ORIGINAL_SYMBOL
|static|,static.crs,named,758,_ZN3app4tool14ItemIconToolEx12LoadItemIconEjt,"app::tool::ItemIconToolEx::LoadItemIcon(unsigned int, unsigned short)",0,2027824,.text,FUNCTION,RETAIL_ORIGINAL_SYMBOL
|static|,static.crs,named,759,_ZN3app4tool14ItemIconToolEx14IsLoadItemIconEj,app::tool::ItemIconToolEx::IsLoadItemIcon(unsigned int),0,2027952,.text,FUNCTION,RETAIL_ORIGINAL_SYMBOL
|static|,static.crs,named,760,_ZN3app4tool14ItemIconToolEx6UpdateEv,app::tool::ItemIconToolEx::Update(),0,2028052,.text,FUNCTION,RETAIL_ORIGINAL_SYMBOL
|static|,static.crs,named,761,_ZN3app4tool14ItemIconToolEx7EndFuncEv,app::tool::ItemIconToolEx::EndFunc(),0,2028368,.text,FUNCTION,RETAIL_ORIGINAL_SYMBOL
|static|,static.crs,named,762,_ZN3app4tool14ItemIconToolExC1ENS1_17ItemIconToolParamE,app::tool::ItemIconToolEx::ItemIconToolEx(app::tool::ItemIconToolEx::ItemIconToolParam),0,2028792,.text,FUNCTION,RETAIL_ORIGINAL_SYMBOL
|static|,static.crs,named,763,_ZN3app4tool14ItemIconToolExD1Ev,app::tool::ItemIconToolEx::~ItemIconToolEx(),0,2029368,.text,FUNCTION,RETAIL_ORIGINAL_SYMBOL
|static|,static.crs,named,764,_ZN3app4tool14PokeIconToolEx10IsReplacedEj,app::tool::PokeIconToolEx::IsReplaced(unsigned int),0,2029388,.text,FUNCTION,RETAIL_ORIGINAL_SYMBOL
|static|,static.crs,named,765,_ZN3app4tool14PokeIconToolEx11SetPokeIconEjPKN3pml8pokepara9CoreParamEPN2nw3lyt7PictureEb,"app::tool::PokeIconToolEx::SetPokeIcon(unsigned int, pml::pokepara::CoreParam const*, nw::lyt::Picture*, bool)",0,2029588,.text,FUNCTION,RETAIL_ORIGINAL_SYMBOL
|static|,static.crs,named,766,_ZN3app4tool14PokeIconToolEx11SetPokeIconEjPKN3pml8pokepara9CoreParamEjPN2nw3lyt5PartsEb,"app::tool::PokeIconToolEx::SetPokeIcon(unsigned int, pml::pokepara::CoreParam const*, unsigned int, nw::lyt::Parts*, bool)",0,2029784,.text,FUNCTION,RETAIL_ORIGINAL_SYMBOL
|static|,static.crs,named,767,_ZN3app4tool14PokeIconToolEx13IsAllReplacedEv,app::tool::PokeIconToolEx::IsAllReplaced(),0,2030216,.text,FUNCTION,RETAIL_ORIGINAL_SYMBOL
|static|,static.crs,named,768,_ZN3app4tool14PokeIconToolEx6UpdateEv,app::tool::PokeIconToolEx::Update(),0,2030372,.text,FUNCTION,RETAIL_ORIGINAL_SYMBOL
|static|,static.crs,named,769,_ZN3app4tool14PokeIconToolEx7EndFuncEv,app::tool::PokeIconToolEx::EndFunc(),0,2031048,.text,FUNCTION,RETAIL_ORIGINAL_SYMBOL
|static|,static.crs,named,770,_ZN3app4tool14PokeIconToolEx9StartAnimEjbb,"app::tool::PokeIconToolEx::StartAnim(unsigned int, bool, bool)",0,2031492,.text,FUNCTION,RETAIL_ORIGINAL_SYMBOL
|static|,static.crs,named,771,_ZN3app4tool14PokeIconToolExC1ENS1_17PokeIconToolParamE,app::tool::PokeIconToolEx::PokeIconToolEx(app::tool::PokeIconToolEx::PokeIconToolParam),0,2031528,.text,FUNCTION,RETAIL_ORIGINAL_SYMBOL
|static|,static.crs,named,772,_ZN3app4tool14PokeIconToolExD1Ev,app::tool::PokeIconToolEx::~PokeIconToolEx(),0,2032204,.text,FUNCTION,RETAIL_ORIGINAL_SYMBOL
|static|,static.crs,named,773,_ZN3app4tool14ResourceLoader11ObserveLoadEv,app::tool::ResourceLoader::ObserveLoad(),0,2032224,.text,FUNCTION,RETAIL_ORIGINAL_SYMBOL
|static|,static.crs,named,774,_ZN3app4tool14ResourceLoader11ReleaseDataEv,app::tool::ResourceLoader::ReleaseData(),0,2032584,.text,FUNCTION,RETAIL_ORIGINAL_SYMBOL
|static|,static.crs,named,775,_ZN3app4tool14ResourceLoader11RequestLoadEPNS_4util4HeapEjjbb,"app::tool::ResourceLoader::RequestLoad(app::util::Heap*, unsigned int, unsigned int, bool, bool)",0,2032664,.text,FUNCTION,RETAIL_ORIGINAL_SYMBOL
|static|,static.crs,named,776,_ZN3app4tool14ResourceLoaderC1Ev,app::tool::ResourceLoader::ResourceLoader(),0,2032836,.text,FUNCTION,RETAIL_ORIGINAL_SYMBOL
|static|,static.crs,named,777,_ZN3app4tool14ResourceLoaderD1Ev,app::tool::ResourceLoader::~ResourceLoader(),0,2032928,.text,FUNCTION,RETAIL_ORIGINAL_SYMBOL
|static|,static.crs,named,778,_ZN3app4tool14TwoButtonsView16SetTextBoxStringENS1_9TextBoxIDEPN4gfl23str6StrBufEb,"app::tool::TwoButtonsView::SetTextBoxString(app::tool::TwoButtonsView::TextBoxID, gfl2::str::StrBuf*, bool)",0,2033276,.text,FUNCTION,RETAIL_ORIGINAL_SYMBOL
|static|,static.crs,named,779,_ZN3app4tool14TwoButtonsView18SetButtonSE_PresetENS1_8SEPresetE,app::tool::TwoButtonsView::SetButtonSE_Preset(app::tool::TwoButtonsView::SEPreset),0,2033532,.text,FUNCTION,RETAIL_ORIGINAL_SYMBOL
|static|,static.crs,named,780,_ZN3app4tool14TwoButtonsView5SetupEPvS2_,"app::tool::TwoButtonsView::Setup(void*, void*)",0,2034196,.text,FUNCTION,RETAIL_ORIGINAL_SYMBOL
|static|,static.crs,named,781,_ZN3app4tool14TwoButtonsViewC1EPNS_4util4HeapEPNS2_19AppRenderingManagerEbNS2_7G2DUtil18SETUP_DISPLAY_TYPEE,"app::tool::TwoButtonsView::TwoButtonsView(app::util::Heap*, app::util::AppRenderingManager*, bool, app::util::G2DUtil::SETUP_DISPLAY_TYPE)",0,2035076,.text,FUNCTION,RETAIL_ORIGINAL_SYMBOL
|static|,static.crs,named,782,_ZN3app4tool15PokeSimpleModel10IsEndAnimeEv,app::tool::PokeSimpleModel::IsEndAnime(),0,2035724,.text,FUNCTION,RETAIL_ORIGINAL_SYMBOL
|static|,static.crs,named,783,_ZN3app4tool15PokeSimpleModel10PauseAnimeEb,app::tool::PokeSimpleModel::PauseAnime(bool),0,2035840,.text,FUNCTION,RETAIL_ORIGINAL_SYMBOL
|static|,static.crs,named,784,_ZN3app4tool15PokeSimpleModel12SetAnimeTypeEN8PokeTool15MODEL_ANIMETYPEE,app::tool::PokeSimpleModel::SetAnimeType(PokeTool::MODEL_ANIMETYPE),0,2036000,.text,FUNCTION,RETAIL_ORIGINAL_SYMBOL
|static|,static.crs,named,785,_ZN3app4tool15PokeSimpleModel20IsAvailableAnimationEN8PokeTool11MODEL_ANIMEE,app::tool::PokeSimpleModel::IsAvailableAnimation(PokeTool::MODEL_ANIME),0,2036044,.text,FUNCTION,RETAIL_ORIGINAL_SYMBOL
|static|,static.crs,named,786,_ZN3app4tool15PokeSimpleModel21CheckCanOneshotMotionEN8PokeTool11MODEL_ANIMEE,app::tool::PokeSimpleModel::CheckCanOneshotMotion(PokeTool::MODEL_ANIME),0,2036072,.text,FUNCTION,RETAIL_ORIGINAL_SYMBOL
|static|,static.crs,named,787,_ZN3app4tool15PokeSimpleModel27UpdateMegaGangarEffectStateEv,app::tool::PokeSimpleModel::UpdateMegaGangarEffectState(),0,2036100,.text,FUNCTION,RETAIL_ORIGINAL_SYMBOL
|static|,static.crs,named,788,_ZN3app4tool15PokeSimpleModel8SetAnimeEN8PokeTool11MODEL_ANIMEEbb,"app::tool::PokeSimpleModel::SetAnime(PokeTool::MODEL_ANIME, bool, bool)",0,2037016,.text,FUNCTION,RETAIL_ORIGINAL_SYMBOL
|static|,static.crs,named,789,_ZN3app4tool15PokeSimpleModel9StartLoadERKN8PokeTool11SimpleParamE,app::tool::PokeSimpleModel::StartLoad(PokeTool::SimpleParam const&),0,2037248,.text,FUNCTION,RETAIL_ORIGINAL_SYMBOL
|static|,static.crs,named,790,_ZN3app4tool15PokeSimpleModelC1ERKNS1_15_tag_init_paramE,app::tool::PokeSimpleModel::PokeSimpleModel(app::tool::PokeSimpleModel::_tag_init_param const&),0,2037488,.text,FUNCTION,RETAIL_ORIGINAL_SYMBOL
|static|,static.crs,named,791,_ZN3app4tool15TimerIconUIView10SetIconPosERN4gfl24math22ExtendedVectorTemplateINS3_33SpecializedExtendedVectorTemplateIN2nn4math4VEC3EEEEE,app::tool::TimerIconUIView::SetIconPos(gfl2::math::ExtendedVectorTemplate<gfl2::math::SpecializedExtendedVectorTemplate<nn::math::VEC3> >&),0,2037876,.text,FUNCTION,RETAIL_ORIGINAL_SYMBOL
|static|,static.crs,named,792,_ZN3app4tool15TimerIconUIView10StartAnimeEv,app::tool::TimerIconUIView::StartAnime(),0,2037932,.text,FUNCTION,RETAIL_ORIGINAL_SYMBOL
|static|,static.crs,named,793,_ZN3app4tool15TimerIconUIView12GetArcDataIdEv,app::tool::TimerIconUIView::GetArcDataId(),0,2038032,.text,FUNCTION,RETAIL_ORIGINAL_SYMBOL
|static|,static.crs,named,794,_ZN3app4tool15TimerIconUIView13IsArcDataCompEv,app::tool::TimerIconUIView::IsArcDataComp(),0,2038040,.text,FUNCTION,RETAIL_ORIGINAL_SYMBOL
|static|,static.crs,named,795,_ZN3app4tool15TimerIconUIView8EndAnimeEv,app::tool::TimerIconUIView::EndAnime(),0,2038540,.text,FUNCTION,RETAIL_ORIGINAL_SYMBOL
|static|,static.crs,named,796,_ZN3app4tool15TimerIconUIView8GetArcIdEv,app::tool::TimerIconUIView::GetArcId(),0,2038568,.text,FUNCTION,RETAIL_ORIGINAL_SYMBOL
|static|,static.crs,named,797,_ZN3app4tool15TimerIconUIViewC1EPNS_4util4HeapEPNS2_19AppRenderingManagerEPvNS2_7G2DUtil18SETUP_DISPLAY_TYPEE,"app::tool::TimerIconUIView::TimerIconUIView(app::util::Heap*, app::util::AppRenderingManager*, void*, app::util::G2DUtil::SETUP_DISPLAY_TYPE)",0,2038636,.text,FUNCTION,RETAIL_ORIGINAL_SYMBOL
|static|,static.crs,named,798,_ZN3app4tool16CharaSimpleModel10SetVisibleEb,app::tool::CharaSimpleModel::SetVisible(bool),0,2039544,.text,FUNCTION,RETAIL_ORIGINAL_SYMBOL
|static|,static.crs,named,799,_ZN3app4tool16CharaSimpleModel12GetBaseModelEv,app::tool::CharaSimpleModel::GetBaseModel(),0,2039868,.text,FUNCTION,RETAIL_ORIGINAL_SYMBOL
|static|,static.crs,named,800,_ZN3app4tool16CharaSimpleModel12PlayEyeAnimeEv,app::tool::CharaSimpleModel::PlayEyeAnime(),0,2039876,.text,FUNCTION,RETAIL_ORIGINAL_SYMBOL
|static|,static.crs,named,801,_ZN3app4tool16CharaSimpleModel12SetStopAnimeEb,app::tool::CharaSimpleModel::SetStopAnime(bool),0,2039964,.text,FUNCTION,RETAIL_ORIGINAL_SYMBOL
|static|,static.crs,named,802,_ZN3app4tool16CharaSimpleModel14SetMotionAnimeEijb,"app::tool::CharaSimpleModel::SetMotionAnime(int, unsigned int, bool)",0,2040076,.text,FUNCTION,RETAIL_ORIGINAL_SYMBOL
|static|,static.crs,named,803,_ZN3app4tool16CharaSimpleModel21GetCharaBattleCharaIdEj,app::tool::CharaSimpleModel::GetCharaBattleCharaId(unsigned int),0,2040172,.text,FUNCTION,RETAIL_ORIGINAL_SYMBOL
|static|,static.crs,named,804,_ZN3app4tool16CharaSimpleModel22GetNowMotionAnimeFrameEv,app::tool::CharaSimpleModel::GetNowMotionAnimeFrame(),0,2040184,.text,FUNCTION,RETAIL_ORIGINAL_SYMBOL
|static|,static.crs,named,805,_ZN3app4tool16CharaSimpleModel23CheckDressUpCombinationERKN7poke_3d5model12DressUpParamE,app::tool::CharaSimpleModel::CheckDressUpCombination(poke_3d::model::DressUpParam const&),0,2040288,.text,FUNCTION,RETAIL_ORIGINAL_SYMBOL
|static|,static.crs,named,806,_ZN3app4tool16CharaSimpleModel25GetCharaBattltAnimeWaitIdEj,app::tool::CharaSimpleModel::GetCharaBattltAnimeWaitId(unsigned int),0,2040348,.text,FUNCTION,RETAIL_ORIGINAL_SYMBOL
|static|,static.crs,named,807,_ZN3app4tool16CharaSimpleModel5SetupERNS1_11SETUP_PARAMEPN4gfl22fs16AsyncFileManagerEjPi,"app::tool::CharaSimpleModel::Setup(app::tool::CharaSimpleModel::SETUP_PARAM&, gfl2::fs::AsyncFileManager*, unsigned int, int*)",0,2040356,.text,FUNCTION,RETAIL_ORIGINAL_SYMBOL
|static|,static.crs,named,808,_ZN3app4tool16CharaSimpleModel6SetPosERKN4gfl24math7Vector3E,app::tool::CharaSimpleModel::SetPos(gfl2::math::Vector3 const&),0,2040764,.text,FUNCTION,RETAIL_ORIGINAL_SYMBOL
|static|,static.crs,named,809,_ZN3app4tool16CharaSimpleModel6SetRotERKN4gfl24math7Vector3E,app::tool::CharaSimpleModel::SetRot(gfl2::math::Vector3 const&),0,2040820,.text,FUNCTION,RETAIL_ORIGINAL_SYMBOL
|static|,static.crs,named,810,_ZN3app4tool16CharaSimpleModel6UpdateEv,app::tool::CharaSimpleModel::Update(),0,2040884,.text,FUNCTION,RETAIL_ORIGINAL_SYMBOL
|static|,static.crs,named,811,_ZN3app4tool16CharaSimpleModel7IsReadyEv,app::tool::CharaSimpleModel::IsReady(),0,2042640,.text,FUNCTION,RETAIL_ORIGINAL_SYMBOL
|static|,static.crs,named,812,_ZN3app4tool16CharaSimpleModel8IsDeleteEv,app::tool::CharaSimpleModel::IsDelete(),0,2042700,.text,FUNCTION,RETAIL_ORIGINAL_SYMBOL
|static|,static.crs,named,813,_ZN3app4tool16CharaSimpleModel9StartLoadEiRKN7poke_3d5model12DressUpParamE,"app::tool::CharaSimpleModel::StartLoad(int, poke_3d::model::DressUpParam const&)",0,2042840,.text,FUNCTION,RETAIL_ORIGINAL_SYMBOL
|static|,static.crs,named,814,_ZN3app4tool16CharaSimpleModel9TerminateEv,app::tool::CharaSimpleModel::Terminate(),0,2042956,.text,FUNCTION,RETAIL_ORIGINAL_SYMBOL
|static|,static.crs,named,815,_ZN3app4tool16CharaSimpleModelC1Ev,app::tool::CharaSimpleModel::CharaSimpleModel(),0,2042996,.text,FUNCTION,RETAIL_ORIGINAL_SYMBOL
|static|,static.crs,named,816,_ZN3app4tool16CharaSimpleModelD1Ev,app::tool::CharaSimpleModel::~CharaSimpleModel(),0,2043368,.text,FUNCTION,RETAIL_ORIGINAL_SYMBOL
|static|,static.crs,named,817,_ZN3app4tool16CursorController11OnKeyActionEPN4gfl22ui6ButtonEPNS3_12VectorDeviceES7_,"app::tool::CursorController::OnKeyAction(gfl2::ui::Button*, gfl2::ui::VectorDevice*, gfl2::ui::VectorDevice*)",0,2043536,.text,FUNCTION,RETAIL_ORIGINAL_SYMBOL
|static|,static.crs,named,818,_ZN9NetAppLib2UI16NetAppCursorView16SetCursorVisibleEb,NetAppLib::UI::NetAppCursorView::SetCursorVisible(bool),0,2044164,.text,FUNCTION,RETAIL_ORIGINAL_SYMBOL
|static|,static.crs,named,819,_ZN3app4tool16CursorController5SetupEPvPN4gfl23lyt6LytSysEPKNS4_10LytWkSetUpEPNS_4util14AppLytAccessorEb,"app::tool::CursorController::Setup(void*, gfl2::lyt::LytSys*, gfl2::lyt::LytWkSetUp const*, app::util::AppLytAccessor*, bool)",0,2044356,.text,FUNCTION,RETAIL_ORIGINAL_SYMBOL
|static|,static.crs,named,820,_ZN3app4tool14TwoButtonsView12CursorMoveToEj,app::tool::TwoButtonsView::CursorMoveTo(unsigned int),0,2044468,.text,FUNCTION,RETAIL_ORIGINAL_SYMBOL
|static|,static.crs,named,821,_ZN3app4tool16CursorController6MoveToEj,app::tool::CursorController::MoveTo(unsigned int),0,2044476,.text,FUNCTION,RETAIL_ORIGINAL_SYMBOL
|static|,static.crs,named,822,_ZN3app4tool16CursorController6OnDrawEN4gfl23gfx12CtrDisplayNoE,app::tool::CursorController::OnDraw(gfl2::gfx::CtrDisplayNo),0,2044784,.text,FUNCTION,RETAIL_ORIGINAL_SYMBOL
|static|,static.crs,named,823,_ZN3app4tool16CursorController8OnUpdateEv,app::tool::CursorController::OnUpdate(),0,2044904,.text,FUNCTION,RETAIL_ORIGINAL_SYMBOL
|static|,static.crs,named,824,_ZN3app4tool16CursorControllerC1EPNS_4util4HeapEPNS2_19AppRenderingManagerE,"app::tool::CursorController::CursorController(app::util::Heap*, app::util::AppRenderingManager*)",0,2044932,.text,FUNCTION,RETAIL_ORIGINAL_SYMBOL
|static|,static.crs,named,825,_ZN3app4tool16CursorControllerD1Ev,app::tool::CursorController::~CursorController(),0,2045084,.text,FUNCTION,RETAIL_ORIGINAL_SYMBOL
|static|,static.crs,named,826,_ZN3app4tool16GeneralLowerView12ObserveSetupEv,app::tool::GeneralLowerView::ObserveSetup(),0,2045456,.text,FUNCTION,RETAIL_ORIGINAL_SYMBOL
|static|,static.crs,named,827,_ZN3app4tool16GeneralLowerView13SetLayoutModeENS1_10LayoutModeEbb,"app::tool::GeneralLowerView::SetLayoutMode(app::tool::GeneralLowerView::LayoutMode, bool, bool)",0,2045724,.text,FUNCTION,RETAIL_ORIGINAL_SYMBOL
|static|,static.crs,named,828,_ZN3app4tool16GeneralLowerView15SetBGVisibilityEb,app::tool::GeneralLowerView::SetBGVisibility(bool),0,2046364,.text,FUNCTION,RETAIL_ORIGINAL_SYMBOL
|static|,static.crs,named,829,_ZN3app4tool16GeneralLowerView16SetTextBoxStringENS1_9TextBoxIDEPN4gfl23str6StrBufEb,"app::tool::GeneralLowerView::SetTextBoxString(app::tool::GeneralLowerView::TextBoxID, gfl2::str::StrBuf*, bool)",0,2046388,.text,FUNCTION,RETAIL_ORIGINAL_SYMBOL
|static|,static.crs,named,830,_ZN3app4tool16GeneralLowerView20SetButtonSEtoDefaultEv,app::tool::GeneralLowerView::SetButtonSEtoDefault(),0,2046660,.text,FUNCTION,RETAIL_ORIGINAL_SYMBOL
|static|,static.crs,named,831,_ZN3app4tool16GeneralLowerViewC1EPNS_4util4HeapEPNS2_19AppRenderingManagerENS2_7G2DUtil18SETUP_DISPLAY_TYPEE,"app::tool::GeneralLowerView::GeneralLowerView(app::util::Heap*, app::util::AppRenderingManager*, app::util::G2DUtil::SETUP_DISPLAY_TYPE)",0,2048320,.text,FUNCTION,RETAIL_ORIGINAL_SYMBOL
|static|,static.crs,named,832,_ZN3app4tool17ScrollPaneManager15SetInputEnabledEb,app::tool::ScrollPaneManager::SetInputEnabled(bool),0,2052232,.text,FUNCTION,RETAIL_ORIGINAL_SYMBOL
|static|,static.crs,named,833,_ZN3app4tool17ScrollPaneManager18SetInputKeyEnabledEb,app::tool::ScrollPaneManager::SetInputKeyEnabled(bool),0,2055044,.text,FUNCTION,RETAIL_ORIGINAL_SYMBOL
|static|,static.crs,named,834,_ZN3app4tool17ScrollPaneManager20SetVisibleMenuCursorEb,app::tool::ScrollPaneManager::SetVisibleMenuCursor(bool),0,2055340,.text,FUNCTION,RETAIL_ORIGINAL_SYMBOL
|static|,static.crs,named,835,_ZN3app4tool17ScrollPaneManagerC1ERKNS1_11DescriptionE,app::tool::ScrollPaneManager::ScrollPaneManager(app::tool::ScrollPaneManager::Description const&),0,2056252,.text,FUNCTION,RETAIL_ORIGINAL_SYMBOL
|static|,static.crs,named,836,_ZN3app4tool20AppCommonGrpIconData10InitializeEPNS_4util4HeapEN4gfl22fs10ToolDefine11ArcLangType3TagE,"app::tool::AppCommonGrpIconData::Initialize(app::util::Heap*, gfl2::fs::ToolDefine::ArcLangType::Tag)",0,2057240,.text,FUNCTION,RETAIL_ORIGINAL_SYMBOL
|static|,static.crs,named,837,_ZN3app4tool18AppToolBaseGrpFont10InitializeEPNS_4util4HeapENS1_8FontTypeEN4gfl22fs10ToolDefine11ArcLangType3TagE,"app::tool::AppToolBaseGrpFont::Initialize(app::util::Heap*, app::tool::AppToolBaseGrpFont::FontType, gfl2::fs::ToolDefine::ArcLangType::Tag)",0,2057304,.text,FUNCTION,RETAIL_ORIGINAL_SYMBOL
|static|,static.crs,named,838,_ZN3app4tool18AppToolBaseGrpFont18ReplacePaneTextureEjPN2nw3lyt7PictureEjj,"app::tool::AppToolBaseGrpFont::ReplacePaneTexture(unsigned int, nw::lyt::Picture*, unsigned int, unsigned int)",0,2057592,.text,FUNCTION,RETAIL_ORIGINAL_SYMBOL
|static|,static.crs,named,839,_ZN3app4tool18AppToolBaseGrpFont7IsReadyEv,app::tool::AppToolBaseGrpFont::IsReady(),0,2058052,.text,FUNCTION,RETAIL_ORIGINAL_SYMBOL
|static|,static.crs,named,840,_ZN3app4tool18AppToolBaseGrpFont9TerminateEv,app::tool::AppToolBaseGrpFont::Terminate(),0,2058200,.text,FUNCTION,RETAIL_ORIGINAL_SYMBOL
|static|,static.crs,named,841,_ZN3app4tool18AppToolBaseGrpFontC1Ev,app::tool::AppToolBaseGrpFont::AppToolBaseGrpFont(),0,2058288,.text,FUNCTION,RETAIL_ORIGINAL_SYMBOL
|static|,static.crs,named,842,_ZN3app4tool20AppCommonGrpIconDataD1Ev,app::tool::AppCommonGrpIconData::~AppCommonGrpIconData(),0,2058336,.text,FUNCTION,RETAIL_ORIGINAL_SYMBOL
|static|,static.crs,named,843,_ZN3app4tool18AppToolBaseGrpFontD1Ev,app::tool::AppToolBaseGrpFont::~AppToolBaseGrpFont(),0,2058340,.text,FUNCTION,RETAIL_ORIGINAL_SYMBOL
|static|,static.crs,named,844,_ZN3app4tool18InfoWindowBookType10StartCloseEv,app::tool::InfoWindowBookType::StartClose(),0,2058368,.text,FUNCTION,RETAIL_ORIGINAL_SYMBOL
|static|,static.crs,named,845,_ZN3app4tool18InfoWindowBookType12SetQRContentEjPKN2nw3lyt11TextureInfoEPKN4gfl23str6StrBufE,"app::tool::InfoWindowBookType::SetQRContent(unsigned int, nw::lyt::TextureInfo const*, gfl2::str::StrBuf const*)",0,2058668,.text,FUNCTION,RETAIL_ORIGINAL_SYMBOL
|static|,static.crs,named,846,_ZN3app4tool18InfoWindowBookType13ResetContentsEjb,"app::tool::InfoWindowBookType::ResetContents(unsigned int, bool)",0,2061916,.text,FUNCTION,RETAIL_ORIGINAL_SYMBOL
|static|,static.crs,named,847,_ZN3app4tool18InfoWindowBookType14SetTextContentEjPKN4gfl23str6StrBufES6_,"app::tool::InfoWindowBookType::SetTextContent(unsigned int, gfl2::str::StrBuf const*, gfl2::str::StrBuf const*)",0,2062424,.text,FUNCTION,RETAIL_ORIGINAL_SYMBOL
|static|,static.crs,named,848,_ZN3app4tool18InfoWindowBookType22SetCommandButtonActiveEb,app::tool::InfoWindowBookType::SetCommandButtonActive(bool),0,2064064,.text,FUNCTION,RETAIL_ORIGINAL_SYMBOL
|static|,static.crs,named,849,_ZN3app4tool18InfoWindowBookType24SetTextureAndTextContentEjPKN2nw3lyt11TextureInfoEPKN4gfl23str6StrBufESB_,"app::tool::InfoWindowBookType::SetTextureAndTextContent(unsigned int, nw::lyt::TextureInfo const*, gfl2::str::StrBuf const*, gfl2::str::StrBuf const*)",0,2064168,.text,FUNCTION,RETAIL_ORIGINAL_SYMBOL
|static|,static.crs,named,850,_ZN3app4tool18InfoWindowBookType9StartOpenEPNS0_26InfoWindowBookTypeListenerERKN4gfl24math7Vector3ENS1_8OpenTypeE,"app::tool::InfoWindowBookType::StartOpen(app::tool::InfoWindowBookTypeListener*, gfl2::math::Vector3 const&, app::tool::InfoWindowBookType::OpenType)",0,2066548,.text,FUNCTION,RETAIL_ORIGINAL_SYMBOL
|static|,static.crs,named,851,_ZN3app4tool18InfoWindowBookTypeC1EPNS_4util4HeapE,app::tool::InfoWindowBookType::InfoWindowBookType(app::util::Heap*),0,2066832,.text,FUNCTION,RETAIL_ORIGINAL_SYMBOL
|static|,static.crs,named,852,_ZN3app4tool19CommonMessageObject11HideMessageEv,app::tool::CommonMessageObject::HideMessage(),0,2067220,.text,FUNCTION,RETAIL_ORIGINAL_SYMBOL
|static|,static.crs,named,853,_ZN3app4tool19CommonMessageObject11ShowMessageERN4gfl23str6StrBufEb,"app::tool::CommonMessageObject::ShowMessage(gfl2::str::StrBuf&, bool)",0,2067344,.text,FUNCTION,RETAIL_ORIGINAL_SYMBOL
|static|,static.crs,named,854,_ZN3app4tool19CommonMessageObject19ShowMessageTextPaneEPPN4gfl23str6StrBufEj,"app::tool::CommonMessageObject::ShowMessageTextPane(gfl2::str::StrBuf**, unsigned int)",0,2067540,.text,FUNCTION,RETAIL_ORIGINAL_SYMBOL
|static|,static.crs,named,855,_ZN3app4tool19CommonMessageObject6UpdateEv,app::tool::CommonMessageObject::Update(),0,2067868,.text,FUNCTION,RETAIL_ORIGINAL_SYMBOL
|static|,static.crs,named,856,_ZN3app4tool19CommonMessageObject7EndFuncEv,app::tool::CommonMessageObject::EndFunc(),0,2067956,.text,FUNCTION,RETAIL_ORIGINAL_SYMBOL
|static|,static.crs,named,857,_ZN3app4tool19CommonMessageObject8InitFuncERKNS1_10INIT_PARAMEPN4gfl24heap11CtrHeapBaseE,"app::tool::CommonMessageObject::InitFunc(app::tool::CommonMessageObject::INIT_PARAM const&, gfl2::heap::CtrHeapBase*)",0,2068020,.text,FUNCTION,RETAIL_ORIGINAL_SYMBOL
|static|,static.crs,named,858,_ZN3app4tool19CommonMessageObjectC1Ev,app::tool::CommonMessageObject::CommonMessageObject(),0,2068444,.text,FUNCTION,RETAIL_ORIGINAL_SYMBOL
|static|,static.crs,named,859,_ZN3app4tool19InfoWindowSheetType10SyncCreateEPNS_4util4HeapEPNS2_19AppRenderingManagerEPNS0_21InfoWindowDataManagerE,"app::tool::InfoWindowSheetType::SyncCreate(app::util::Heap*, app::util::AppRenderingManager*, app::tool::InfoWindowDataManager*)",0,2068512,.text,FUNCTION,RETAIL_ORIGINAL_SYMBOL
|static|,static.crs,named,860,_ZN3app4tool19InfoWindowSheetType16StartAsyncCreateEPNS_4util4HeapEPNS2_19AppRenderingManagerEPNS0_21InfoWindowDataManagerE,"app::tool::InfoWindowSheetType::StartAsyncCreate(app::util::Heap*, app::util::AppRenderingManager*, app::tool::InfoWindowDataManager*)",0,2069148,.text,FUNCTION,RETAIL_ORIGINAL_SYMBOL
|static|,static.crs,named,861,_ZN3app4tool19InfoWindowSheetType9StartOpenEPNS0_27InfoWindowSheetTypeListenerERKN4gfl24math7Vector3EPKNS4_3str6StrBufESC_,"app::tool::InfoWindowSheetType::StartOpen(app::tool::InfoWindowSheetTypeListener*, gfl2::math::Vector3 const&, gfl2::str::StrBuf const*, gfl2::str::StrBuf const*)",0,2069884,.text,FUNCTION,RETAIL_ORIGINAL_SYMBOL
|static|,static.crs,named,862,_ZN3app4tool19InfoWindowSheetTypeC1EPNS_4util4HeapE,app::tool::InfoWindowSheetType::InfoWindowSheetType(app::util::Heap*),0,2070096,.text,FUNCTION,RETAIL_ORIGINAL_SYMBOL
|static|,static.crs,named,863,_ZN3app4tool19LytTexReplaceSystem11LoadTextureEPN4gfl24heap11CtrHeapBaseEjjjb,"app::tool::LytTexReplaceSystem::LoadTexture(gfl2::heap::CtrHeapBase*, unsigned int, unsigned int, unsigned int, bool)",0,2070272,.text,FUNCTION,RETAIL_ORIGINAL_SYMBOL
|static|,static.crs,named,864,_ZN3app4tool8ItemIcon12IsModuleFreeEv,app::tool::ItemIcon::IsModuleFree(),0,2070508,.text,FUNCTION,RETAIL_ORIGINAL_SYMBOL
|static|,static.crs,named,865,_ZN3app4tool19LytTexReplaceSystem14ReplaceTextureEjPN2nw3lyt7PictureEjj,"app::tool::LytTexReplaceSystem::ReplaceTexture(unsigned int, nw::lyt::Picture*, unsigned int, unsigned int)",0,2070588,.text,FUNCTION,RETAIL_ORIGINAL_SYMBOL
|static|,static.crs,named,866,_ZN9NetAppLib2UI15NetAppQRTexture26AssignTextureToPicturePaneEPN2nw3lyt7PictureE,NetAppLib::UI::NetAppQRTexture::AssignTextureToPicturePane(nw::lyt::Picture*),0,2071244,.text,FUNCTION,RETAIL_ORIGINAL_SYMBOL
|static|,static.crs,named,867,_ZN3app4tool19LytTexReplaceSystem20ReplaceTextureStaticEPKN2nw3lyt11TextureInfoEPNS3_7PictureEjj,"app::tool::LytTexReplaceSystem::ReplaceTextureStatic(nw::lyt::TextureInfo const*, nw::lyt::Picture*, unsigned int, unsigned int)",0,2071260,.text,FUNCTION,RETAIL_ORIGINAL_SYMBOL
|static|,static.crs,named,868,_ZN3app4tool19LytTexReplaceSystemC1EPN4gfl24heap11CtrHeapBaseES5_jjPNS2_2fs16AsyncFileManagerE,"app::tool::LytTexReplaceSystem::LytTexReplaceSystem(gfl2::heap::CtrHeapBase*, gfl2::heap::CtrHeapBase*, unsigned int, unsigned int, gfl2::fs::AsyncFileManager*)",0,2071516,.text,FUNCTION,RETAIL_ORIGINAL_SYMBOL
|static|,static.crs,named,869,_ZN3app4tool19ModelViewerSequence10UpdateFuncEv,app::tool::ModelViewerSequence::UpdateFunc(),0,2071920,.text,FUNCTION,RETAIL_ORIGINAL_SYMBOL
|static|,static.crs,named,870,_ZN3app4tool19ModelViewerSequence8ContinueERKNS1_11START_PARAME,app::tool::ModelViewerSequence::Continue(app::tool::ModelViewerSequence::START_PARAM const&),0,2072600,.text,FUNCTION,RETAIL_ORIGINAL_SYMBOL
|static|,static.crs,named,871,_ZN3app4tool19ModelViewerSequence5StartERKNS1_11START_PARAME,app::tool::ModelViewerSequence::Start(app::tool::ModelViewerSequence::START_PARAM const&),0,2073208,.text,FUNCTION,RETAIL_ORIGINAL_SYMBOL
|static|,static.crs,named,872,_ZN3app4tool19ModelViewerSequence7EndFuncEv,app::tool::ModelViewerSequence::EndFunc(),0,2073764,.text,FUNCTION,RETAIL_ORIGINAL_SYMBOL
|static|,static.crs,named,873,_ZN3app4tool19ModelViewerSequence8InitFuncEv,app::tool::ModelViewerSequence::InitFunc(),0,2073780,.text,FUNCTION,RETAIL_ORIGINAL_SYMBOL
|static|,static.crs,named,874,_ZN3app4tool19ModelViewerSequence9NoticeCmdENS1_5CmdIdERKNS1_8CMD_DATAE,"app::tool::ModelViewerSequence::NoticeCmd(app::tool::ModelViewerSequence::CmdId, app::tool::ModelViewerSequence::CMD_DATA const&)",0,2073860,.text,FUNCTION,RETAIL_ORIGINAL_SYMBOL
|static|,static.crs,named,875,_ZN3app4tool19ModelViewerSequenceC1Ev,app::tool::ModelViewerSequence::ModelViewerSequence(),0,2074668,.text,FUNCTION,RETAIL_ORIGINAL_SYMBOL
|static|,static.crs,named,876,_ZN3app4tool19ModelViewerSequenceD1Ev,app::tool::ModelViewerSequence::~ModelViewerSequence(),0,2074984,.text,FUNCTION,RETAIL_ORIGINAL_SYMBOL
|static|,static.crs,named,877,_ZN3app4tool20AppCommonGrpIconData27ReplacePaneTextureByNewIconEPN2nw3lyt7PictureE,app::tool::AppCommonGrpIconData::ReplacePaneTextureByNewIcon(nw::lyt::Picture*),0,2075012,.text,FUNCTION,RETAIL_ORIGINAL_SYMBOL
|static|,static.crs,named,878,_ZN3app4tool20AppCommonGrpIconData28ReplacePaneTextureByLangIconEjPN2nw3lyt7PictureE,"app::tool::AppCommonGrpIconData::ReplacePaneTextureByLangIcon(unsigned int, nw::lyt::Picture*)",0,2075080,.text,FUNCTION,RETAIL_ORIGINAL_SYMBOL
|static|,static.crs,named,879,_ZN3app4tool20AppCommonGrpIconData31ReplacePaneTextureByPokerusIconEPN2nw3lyt7PictureE,app::tool::AppCommonGrpIconData::ReplacePaneTextureByPokerusIcon(nw::lyt::Picture*),0,2075172,.text,FUNCTION,RETAIL_ORIGINAL_SYMBOL
|static|,static.crs,named,880,_ZN3app4tool20AppCommonGrpIconData32ReplacePaneTextureByPokeSickIconEN3pml8pokepara4SickEPN2nw3lyt7PictureE,"app::tool::AppCommonGrpIconData::ReplacePaneTextureByPokeSickIcon(pml::pokepara::Sick, nw::lyt::Picture*)",0,2075200,.text,FUNCTION,RETAIL_ORIGINAL_SYMBOL
|static|,static.crs,named,881,_ZN3app4tool20AppCommonGrpIconData32ReplacePaneTextureByWazaTypeIconE12PokeType_tagPN2nw3lyt7PictureE,"app::tool::AppCommonGrpIconData::ReplacePaneTextureByWazaTypeIcon(PokeType_tag, nw::lyt::Picture*)",0,2075292,.text,FUNCTION,RETAIL_ORIGINAL_SYMBOL
|static|,static.crs,named,882,_ZN3app4tool20AppCommonGrpIconData33ReplacePaneTextureByPokeParamIconEN3pml8pokepara7PowerIDEPN2nw3lyt7PictureE,"app::tool::AppCommonGrpIconData::ReplacePaneTextureByPokeParamIcon(pml::pokepara::PowerID, nw::lyt::Picture*)",0,2075384,.text,FUNCTION,RETAIL_ORIGINAL_SYMBOL
|static|,static.crs,named,883,_ZN3app4tool20AppCommonGrpIconData34ReplacePaneTextureByPokeHinshiIconEPN2nw3lyt7PictureE,app::tool::AppCommonGrpIconData::ReplacePaneTextureByPokeHinshiIcon(nw::lyt::Picture*),0,2075476,.text,FUNCTION,RETAIL_ORIGINAL_SYMBOL
|static|,static.crs,named,884,_ZN3app4tool20AppCommonGrpIconData36ReplacePaneTextureByPokeDokudokuIconEPN2nw3lyt7PictureE,app::tool::AppCommonGrpIconData::ReplacePaneTextureByPokeDokudokuIcon(nw::lyt::Picture*),0,2075504,.text,FUNCTION,RETAIL_ORIGINAL_SYMBOL
|static|,static.crs,named,885,_ZN3app4tool20AppCommonGrpIconDataC1Ev,app::tool::AppCommonGrpIconData::AppCommonGrpIconData(),0,2075532,.text,FUNCTION,RETAIL_ORIGINAL_SYMBOL
|static|,static.crs,named,886,_ZN3app4tool22PokeSimpleModelInFrame11InitInFrameEN6System6Camera13CModelInFrame7EScreenENS3_19CModelViewerInFrame14ETurnDirectionENS6_13EDrawPositionE,"app::tool::PokeSimpleModelInFrame::InitInFrame(System::Camera::CModelInFrame::EScreen, System::Camera::CModelViewerInFrame::ETurnDirection, System::Camera::CModelViewerInFrame::EDrawPosition)",0,2077584,.text,FUNCTION,RETAIL_ORIGINAL_SYMBOL
|static|,static.crs,named,887,_ZN3app4tool22PokeSimpleModelInFrame15SetInFrameFrameEiiii,"app::tool::PokeSimpleModelInFrame::SetInFrameFrame(int, int, int, int)",0,2077644,.text,FUNCTION,RETAIL_ORIGINAL_SYMBOL
|static|,static.crs,named,888,_ZN3app4tool22PokeSimpleModelInFrame22SetInFrameDrawPositionEN6System6Camera19CModelViewerInFrame13EDrawPositionE,app::tool::PokeSimpleModelInFrame::SetInFrameDrawPosition(System::Camera::CModelViewerInFrame::EDrawPosition),0,2077668,.text,FUNCTION,RETAIL_ORIGINAL_SYMBOL
|static|,static.crs,named,889,_ZN3app4tool22PokeSimpleModelInFrame23SetLightParamForInFrameEPN4gfl215renderingengine10scenegraph8instance9LightNodeEN6System6Camera19CModelViewerInFrame14ETurnDirectionE,"app::tool::PokeSimpleModelInFrame::SetLightParamForInFrame(gfl2::renderingengine::scenegraph::instance::LightNode*, System::Camera::CModelViewerInFrame::ETurnDirection)",0,2077676,.text,FUNCTION,RETAIL_ORIGINAL_SYMBOL
|static|,static.crs,named,890,_ZN3app4tool22PokeSimpleModelInFrameC1ERKNS0_15PokeSimpleModel15_tag_init_paramE,app::tool::PokeSimpleModelInFrame::PokeSimpleModelInFrame(app::tool::PokeSimpleModel::_tag_init_param const&),0,2077812,.text,FUNCTION,RETAIL_ORIGINAL_SYMBOL
|static|,static.crs,named,891,_ZN3app4tool23AppToolGaugePartsLayout6UpdateEv,app::tool::AppToolGaugePartsLayout::Update(),0,2078368,.text,FUNCTION,RETAIL_ORIGINAL_SYMBOL
|static|,static.crs,named,892,_ZN3app4tool23AppToolGaugePartsLayout9SetNumberEii,"app::tool::AppToolGaugePartsLayout::SetNumber(int, int)",0,2078460,.text,FUNCTION,RETAIL_ORIGINAL_SYMBOL
|static|,static.crs,named,893,_ZN3app4tool23AppToolGaugePartsLayoutC1ERKNS1_10INIT_PARAMEPN4gfl24heap11CtrHeapBaseE,"app::tool::AppToolGaugePartsLayout::AppToolGaugePartsLayout(app::tool::AppToolGaugePartsLayout::INIT_PARAM const&, gfl2::heap::CtrHeapBase*)",0,2078524,.text,FUNCTION,RETAIL_ORIGINAL_SYMBOL
|static|,static.crs,named,894,_ZN3app4tool25AppToolHPGaugePartsLayout10StartAnimeEiiii,"app::tool::AppToolHPGaugePartsLayout::StartAnime(int, int, int, int)",0,2078968,.text,FUNCTION,RETAIL_ORIGINAL_SYMBOL
|static|,static.crs,named,895,_ZN3app4tool25AppToolHPGaugePartsLayout14SetTextVisibleEb,app::tool::AppToolHPGaugePartsLayout::SetTextVisible(bool),0,2079552,.text,FUNCTION,RETAIL_ORIGINAL_SYMBOL
|static|,static.crs,named,896,_ZN3app4tool25AppToolHPGaugePartsLayout6UpdateEv,app::tool::AppToolHPGaugePartsLayout::Update(),0,2079616,.text,FUNCTION,RETAIL_ORIGINAL_SYMBOL
|static|,static.crs,named,897,_ZN3app4tool25AppToolHPGaugePartsLayout9SetNumberEii,"app::tool::AppToolHPGaugePartsLayout::SetNumber(int, int)",0,2079700,.text,FUNCTION,RETAIL_ORIGINAL_SYMBOL
|static|,static.crs,named,898,_ZN3app4tool25AppToolHPGaugePartsLayoutC1ERKNS1_10INIT_PARAMEPN4gfl24heap11CtrHeapBaseE,"app::tool::AppToolHPGaugePartsLayout::AppToolHPGaugePartsLayout(app::tool::AppToolHPGaugePartsLayout::INIT_PARAM const&, gfl2::heap::CtrHeapBase*)",0,2079756,.text,FUNCTION,RETAIL_ORIGINAL_SYMBOL
|static|,static.crs,named,899,_ZN3app4tool27AppToolTrainerIconRendering10InitializeEPNS_4util19AppRenderingManagerEPNS2_4HeapEPN4gfl22fs16AsyncFileManagerEjNS2_7G2DUtil18SETUP_DISPLAY_TYPEE,"app::tool::AppToolTrainerIconRendering::Initialize(app::util::AppRenderingManager*, app::util::Heap*, gfl2::fs::AsyncFileManager*, unsigned int, app::util::G2DUtil::SETUP_DISPLAY_TYPE)",0,2083480,.text,FUNCTION,RETAIL_ORIGINAL_SYMBOL
|static|,static.crs,named,900,_ZN3app4tool27AppToolTrainerIconRendering14IsLoadedObjectEj,app::tool::AppToolTrainerIconRendering::IsLoadedObject(unsigned int),0,2084244,.text,FUNCTION,RETAIL_ORIGINAL_SYMBOL
|static|,static.crs,named,901,_ZN3app4tool27AppToolTrainerIconRendering16GetHeroTrainerIdEj,app::tool::AppToolTrainerIconRendering::GetHeroTrainerId(unsigned int),0,2084328,.text,FUNCTION,RETAIL_ORIGINAL_SYMBOL
|static|,static.crs,named,902,_ZN3app4tool27AppToolTrainerIconRendering16ICON_OBJECT_DATA18ConvToMyStatusIconEPN8Savedata8MyStatus9ICON_DATAE,app::tool::AppToolTrainerIconRendering::ICON_OBJECT_DATA::ConvToMyStatusIcon(Savedata::MyStatus::ICON_DATA*),0,2084340,.text,FUNCTION,RETAIL_ORIGINAL_SYMBOL
|static|,static.crs,named,903,_ZN3app4tool27AppToolTrainerIconRendering16ICON_OBJECT_DATA16ConvFromMyStatusERKN8Savedata8MyStatusE,app::tool::AppToolTrainerIconRendering::ICON_OBJECT_DATA::ConvFromMyStatus(Savedata::MyStatus const&),0,2084452,.text,FUNCTION,RETAIL_ORIGINAL_SYMBOL
|static|,static.crs,named,904,_ZN3app4tool27AppToolTrainerIconRendering16ICON_OBJECT_DATA24ConvFromMyStatusIconDataERKN8Savedata8MyStatus9ICON_DATAE,app::tool::AppToolTrainerIconRendering::ICON_OBJECT_DATA::ConvFromMyStatusIconData(Savedata::MyStatus::ICON_DATA const&),0,2084484,.text,FUNCTION,RETAIL_ORIGINAL_SYMBOL
|static|,static.crs,named,905,_ZN3app4tool27AppToolTrainerIconRendering17GetIconObjectDataEj,app::tool::AppToolTrainerIconRendering::GetIconObjectData(unsigned int),0,2084660,.text,FUNCTION,RETAIL_ORIGINAL_SYMBOL
|static|,static.crs,named,906,_ZN3app4tool27AppToolTrainerIconRendering17SetIconObjectDataEjRKNS1_16ICON_OBJECT_DATAERKN4gfl24math7Vector3Eb,"app::tool::AppToolTrainerIconRendering::SetIconObjectData(unsigned int, app::tool::AppToolTrainerIconRendering::ICON_OBJECT_DATA const&, gfl2::math::Vector3 const&, bool)",0,2084744,.text,FUNCTION,RETAIL_ORIGINAL_SYMBOL
|static|,static.crs,named,907,_ZN3app4tool27AppToolTrainerIconRendering17SetIconObjectDataEjRKNS1_16ICON_OBJECT_DATAEb,"app::tool::AppToolTrainerIconRendering::SetIconObjectData(unsigned int, app::tool::AppToolTrainerIconRendering::ICON_OBJECT_DATA const&, bool)",0,2084856,.text,FUNCTION,RETAIL_ORIGINAL_SYMBOL
|static|,static.crs,named,908,_ZN3app4tool27AppToolTrainerIconRendering20GetTrainerModelArcIdEv,app::tool::AppToolTrainerIconRendering::GetTrainerModelArcId(),0,2085392,.text,FUNCTION,RETAIL_ORIGINAL_SYMBOL
|static|,static.crs,named,909,_ZN3app4tool27AppToolTrainerIconRendering20GetUseDeviceHeapSizeEjb,"app::tool::AppToolTrainerIconRendering::GetUseDeviceHeapSize(unsigned int, bool)",0,2085400,.text,FUNCTION,RETAIL_ORIGINAL_SYMBOL
|static|,static.crs,named,910,_ZN3app4tool27AppToolTrainerIconRendering20GetUseSystemHeapSizeEjb,"app::tool::AppToolTrainerIconRendering::GetUseSystemHeapSize(unsigned int, bool)",0,2085516,.text,FUNCTION,RETAIL_ORIGINAL_SYMBOL
|static|,static.crs,named,911,_ZN3app4tool27AppToolTrainerIconRendering25ConvTrainerIdToModelResIDEj,app::tool::AppToolTrainerIconRendering::ConvTrainerIdToModelResID(unsigned int),0,2086272,.text,FUNCTION,RETAIL_ORIGINAL_SYMBOL
|static|,static.crs,named,912,_ZN3app4tool27AppToolTrainerIconRendering27OutputDefaultIconObjectDataEjPNS1_16ICON_OBJECT_DATAE,"app::tool::AppToolTrainerIconRendering::OutputDefaultIconObjectData(unsigned int, app::tool::AppToolTrainerIconRendering::ICON_OBJECT_DATA*)",0,2086316,.text,FUNCTION,RETAIL_ORIGINAL_SYMBOL
|static|,static.crs,named,913,_ZN3app4tool27AppToolTrainerIconRendering29OutputDefaultMyStatusIconDataEjPN8Savedata8MyStatus9ICON_DATAE,"app::tool::AppToolTrainerIconRendering::OutputDefaultMyStatusIconData(unsigned int, Savedata::MyStatus::ICON_DATA*)",0,2086732,.text,FUNCTION,RETAIL_ORIGINAL_SYMBOL
|static|,static.crs,named,914,_ZN3app4tool27AppToolTrainerIconRendering37ConvTrainerIdToModelWaitMotionAnimeIdEj,app::tool::AppToolTrainerIconRendering::ConvTrainerIdToModelWaitMotionAnimeId(unsigned int),0,2087252,.text,FUNCTION,RETAIL_ORIGINAL_SYMBOL
|static|,static.crs,named,915,_ZN3app4tool27AppToolTrainerIconRendering4DrawEN4gfl23gfx12CtrDisplayNoE,app::tool::AppToolTrainerIconRendering::Draw(gfl2::gfx::CtrDisplayNo),0,2087300,.text,FUNCTION,RETAIL_ORIGINAL_SYMBOL
|static|,static.crs,named,916,_ZN3app4tool27AppToolTrainerIconRendering6UpdateEv,app::tool::AppToolTrainerIconRendering::Update(),0,2087392,.text,FUNCTION,RETAIL_ORIGINAL_SYMBOL
|static|,static.crs,named,917,_ZN3app4tool27AppToolTrainerIconRendering7IsReadyEv,app::tool::AppToolTrainerIconRendering::IsReady(),0,2088996,.text,FUNCTION,RETAIL_ORIGINAL_SYMBOL
|static|,static.crs,named,918,_printf_pre_padding,_printf_pre_padding,0,2089809,.text,FUNCTION,RETAIL_ORIGINAL_SYMBOL
|static|,static.crs,named,919,_ZN3app4tool27AppToolTrainerIconRendering8IsDeleteEv,app::tool::AppToolTrainerIconRendering::IsDelete(),0,2090368,.text,FUNCTION,RETAIL_ORIGINAL_SYMBOL
|static|,static.crs,named,920,_is_digit,_is_digit,0,2090673,.text,FUNCTION,RETAIL_ORIGINAL_SYMBOL
|static|,static.crs,named,921,_ZN3app4tool27AppToolTrainerIconRendering9TerminateEv,app::tool::AppToolTrainerIconRendering::Terminate(),0,2090752,.text,FUNCTION,RETAIL_ORIGINAL_SYMBOL
|static|,static.crs,named,922,_ZN3app4tool27AppToolTrainerIconRenderingD1Ev,app::tool::AppToolTrainerIconRendering::~AppToolTrainerIconRendering(),0,2091044,.text,FUNCTION,RETAIL_ORIGINAL_SYMBOL
|static|,static.crs,named,923,_ZN6NetApp3NBR6NBRNet28ClearRecvPacketEnableCommandEv,NetApp::NBR::NBRNet::ClearRecvPacketEnableCommand(),0,2091336,.text,FUNCTION,RETAIL_ORIGINAL_SYMBOL
|static|,static.crs,named,924,__aeabi_memclr4,__aeabi_memclr4,0,2091348,.text,FUNCTION,RETAIL_ORIGINAL_SYMBOL
|static|,static.crs,named,925,__aeabi_memcpy,__aeabi_memcpy,0,2092064,.text,FUNCTION,RETAIL_ORIGINAL_SYMBOL
|static|,static.crs,named,926,_ZN3app4tool5Gauge13GetDottoColorEjj,"app::tool::Gauge::GetDottoColor(unsigned int, unsigned int)",0,2093040,.text,FUNCTION,RETAIL_ORIGINAL_SYMBOL
|static|,static.crs,named,927,_ZN3app4tool5Gauge14GetDottoNumF32Efjj,"app::tool::Gauge::GetDottoNumF32(float, unsigned int, unsigned int)",0,2093104,.text,FUNCTION,RETAIL_ORIGINAL_SYMBOL
|static|,static.crs,named,928,_ZN3app4tool8ItemIcon11LoadRequestEjj,"app::tool::ItemIcon::LoadRequest(unsigned int, unsigned int)",0,2093552,.text,FUNCTION,RETAIL_ORIGINAL_SYMBOL
|static|,static.crs,named,929,_ZN3app4tool8ItemIcon14IsLoadFinishedEj,app::tool::ItemIcon::IsLoadFinished(unsigned int),0,2094984,.text,FUNCTION,RETAIL_ORIGINAL_SYMBOL
|static|,static.crs,named,930,_ZN3app4tool8ItemIcon18AllocTextureBufferEj,app::tool::ItemIcon::AllocTextureBuffer(unsigned int),0,2094992,.text,FUNCTION,RETAIL_ORIGINAL_SYMBOL
|static|,static.crs,named,931,_ZN3app4tool8ItemIcon18ReplacePaneTextureEjjPN2nw3lyt7PictureEjj,"app::tool::ItemIcon::ReplacePaneTexture(unsigned int, unsigned int, nw::lyt::Picture*, unsigned int, unsigned int)",0,2095000,.text,FUNCTION,RETAIL_ORIGINAL_SYMBOL
|static|,static.crs,named,932,_ZN3app4tool8ItemIcon18ReplaceReadTextureEjPN2nw3lyt7PictureEjj,"app::tool::ItemIcon::ReplaceReadTexture(unsigned int, nw::lyt::Picture*, unsigned int, unsigned int)",0,2095168,.text,FUNCTION,RETAIL_ORIGINAL_SYMBOL
|static|,static.crs,named,933,_ZN3app4tool8ItemIcon8FileOpenEPN4gfl24heap11CtrHeapBaseE,app::tool::ItemIcon::FileOpen(gfl2::heap::CtrHeapBase*),0,2095244,.text,FUNCTION,RETAIL_ORIGINAL_SYMBOL
|static|,static.crs,named,934,_ZN3app4tool8ItemIcon9FileCloseEPN4gfl24heap11CtrHeapBaseE,app::tool::ItemIcon::FileClose(gfl2::heap::CtrHeapBase*),0,2095280,.text,FUNCTION,RETAIL_ORIGINAL_SYMBOL
|static|,static.crs,named,935,_ZN3app4tool8ItemIconC1EPN4gfl24heap11CtrHeapBaseES5_j,"app::tool::ItemIcon::ItemIcon(gfl2::heap::CtrHeapBase*, gfl2::heap::CtrHeapBase*, unsigned int)",0,2095348,.text,FUNCTION,RETAIL_ORIGINAL_SYMBOL
|static|,static.crs,named,936,__aeabi_idivmod,__aeabi_idivmod,0,2095456,.text,FUNCTION,RETAIL_ORIGINAL_SYMBOL
|static|,static.crs,named,937,_ZN3app4tool8PaneList13SetChangeFlagEb,app::tool::PaneList::SetChangeFlag(bool),0,2098244,.text,FUNCTION,RETAIL_ORIGINAL_SYMBOL
|static|,static.crs,named,938,_ZN3app4tool8PaneList11InitListPutEv,app::tool::PaneList::InitListPut(),0,2098336,.text,FUNCTION,RETAIL_ORIGINAL_SYMBOL
|static|,static.crs,named,939,_ZN3app4tool8PaneList11MakeListPosEiiiPiS2_,"app::tool::PaneList::MakeListPos(int, int, int, int*, int*)",0,2099128,.text,FUNCTION,RETAIL_ORIGINAL_SYMBOL
|static|,static.crs,named,940,strcmp,strcmp,0,2101428,.text,FUNCTION,RETAIL_ORIGINAL_SYMBOL
|static|,static.crs,named,941,strlen,strlen,0,2101616,.text,FUNCTION,RETAIL_ORIGINAL_SYMBOL
|static|,static.crs,named,942,__aeabi_llsl,__aeabi_llsl,0,2101752,.text,FUNCTION,RETAIL_ORIGINAL_SYMBOL
|static|,static.crs,named,943,_ZN3app4tool8PaneList12InitExScrollEi,app::tool::PaneList::InitExScroll(int),0,2102676,.text,FUNCTION,RETAIL_ORIGINAL_SYMBOL
|static|,static.crs,named,944,_ZN3app4tool8PaneList12MainExScrollEv,app::tool::PaneList::MainExScroll(),0,2102764,.text,FUNCTION,RETAIL_ORIGINAL_SYMBOL
|static|,static.crs,named,945,_ZNSsC1ERKSaIcE,"std::basic_string<char, std::char_traits<char>, std::allocator<char> >::basic_string(std::allocator<char> const&)",0,2103213,.text,FUNCTION,RETAIL_ORIGINAL_SYMBOL
|static|,static.crs,named,946,_ZNSsC2ERKSaIcE,"std::basic_string<char, std::char_traits<char>, std::allocator<char> >::basic_string(std::allocator<char> const&)",0,2103213,.text,FUNCTION,RETAIL_ORIGINAL_SYMBOL
|static|,static.crs,named,947,_ZdlPv,operator delete(void*),0,2103324,.text,FUNCTION,RETAIL_ORIGINAL_SYMBOL
|static|,static.crs,named,948,_ZN4__rw10__rw_throwEiz,"__rw::__rw_throw(int, ...)",0,2103337,.text,FUNCTION,RETAIL_ORIGINAL_SYMBOL
|static|,static.crs,named,949,_ZNSsC1EPKcRKSaIcE,"std::basic_string<char, std::char_traits<char>, std::allocator<char> >::basic_string(char const*, std::allocator<char> const&)",0,2103441,.text,FUNCTION,RETAIL_ORIGINAL_SYMBOL
|static|,static.crs,named,950,_ZNSsC2EPKcRKSaIcE,"std::basic_string<char, std::char_traits<char>, std::allocator<char> >::basic_string(char const*, std::allocator<char> const&)",0,2103441,.text,FUNCTION,RETAIL_ORIGINAL_SYMBOL
|static|,static.crs,named,951,_ZNSsC1ERKSs,"std::basic_string<char, std::char_traits<char>, std::allocator<char> >::basic_string(std::basic_string<char, std::char_traits<char>, std::allocator<char> > const&)",0,2103497,.text,FUNCTION,RETAIL_ORIGINAL_SYMBOL
|static|,static.crs,named,952,_ZNSsC2ERKSs,"std::basic_string<char, std::char_traits<char>, std::allocator<char> >::basic_string(std::basic_string<char, std::char_traits<char>, std::allocator<char> > const&)",0,2103497,.text,FUNCTION,RETAIL_ORIGINAL_SYMBOL
|static|,static.crs,named,953,_ZNSsD1Ev,"std::basic_string<char, std::char_traits<char>, std::allocator<char> >::~basic_string()",0,2103557,.text,FUNCTION,RETAIL_ORIGINAL_SYMBOL
|static|,static.crs,named,954,_ZNSsD2Ev,"std::basic_string<char, std::char_traits<char>, std::allocator<char> >::~basic_string()",0,2103557,.text,FUNCTION,RETAIL_ORIGINAL_SYMBOL
|static|,static.crs,named,955,_ZN4__rw18__rw_locale_vectorISsED1Ev,"__rw::__rw_locale_vector<std::basic_string<char, std::char_traits<char>, std::allocator<char> > >::~__rw_locale_vector()",0,2103569,.text,FUNCTION,RETAIL_ORIGINAL_SYMBOL
|static|,static.crs,named,956,_ZN4__rw18__rw_locale_vectorISsED2Ev,"__rw::__rw_locale_vector<std::basic_string<char, std::char_traits<char>, std::allocator<char> > >::~__rw_locale_vector()",0,2103569,.text,FUNCTION,RETAIL_ORIGINAL_SYMBOL
|static|,static.crs,named,957,_ZNSsaSERKSs,"std::basic_string<char, std::char_traits<char>, std::allocator<char> >::operator=(std::basic_string<char, std::char_traits<char>, std::allocator<char> > const&)",0,2103781,.text,FUNCTION,RETAIL_ORIGINAL_SYMBOL
|static|,static.crs,named,958,__aeabi_vec_delete,__aeabi_vec_delete,0,2103929,.text,FUNCTION,RETAIL_ORIGINAL_SYMBOL
|static|,static.crs,named,959,_ZN4gfl215renderingengine10scenegraph8NodeName11SetNodeNameEPKc,gfl2::renderingengine::scenegraph::NodeName::SetNodeName(char const*),0,2103960,.text,FUNCTION,RETAIL_ORIGINAL_SYMBOL
|static|,static.crs,named,960,_ZN3app4tool8PaneList13MakeTouchAreaEffff,"app::tool::PaneList::MakeTouchArea(float, float, float, float)",0,2104220,.text,FUNCTION,RETAIL_ORIGINAL_SYMBOL
|static|,static.crs,named,961,_ZN3app4tool8PaneList13MakeTouchAreaEv,app::tool::PaneList::MakeTouchArea(),0,2104256,.text,FUNCTION,RETAIL_ORIGINAL_SYMBOL
|static|,static.crs,named,962,_ZN4__rw21__rw_use_c_lib_localeD1Ev,__rw::__rw_use_c_lib_locale::~__rw_use_c_lib_locale(),0,2105297,.text,FUNCTION,RETAIL_ORIGINAL_SYMBOL
|static|,static.crs,named,963,_ZN4__rw21__rw_use_c_lib_localeD2Ev,__rw::__rw_use_c_lib_locale::~__rw_use_c_lib_locale(),0,2105297,.text,FUNCTION,RETAIL_ORIGINAL_SYMBOL
|static|,static.crs,named,964,_ZNSsC1EPKcjRKSaIcE,"std::basic_string<char, std::char_traits<char>, std::allocator<char> >::basic_string(char const*, unsigned int, std::allocator<char> const&)",0,2105405,.text,FUNCTION,RETAIL_ORIGINAL_SYMBOL
|static|,static.crs,named,965,_ZNSsC2EPKcjRKSaIcE,"std::basic_string<char, std::char_traits<char>, std::allocator<char> >::basic_string(char const*, unsigned int, std::allocator<char> const&)",0,2105405,.text,FUNCTION,RETAIL_ORIGINAL_SYMBOL
|static|,static.crs,named,966,_ZNSs5beginEv,"std::basic_string<char, std::char_traits<char>, std::allocator<char> >::begin()",0,2105501,.text,FUNCTION,RETAIL_ORIGINAL_SYMBOL
|static|,static.crs,named,967,_ZSt13__rw_get_catsv,std::__rw_get_cats(),0,2105585,.text,FUNCTION,RETAIL_ORIGINAL_SYMBOL
|static|,static.crs,named,968,_ZNKSt5ctypeIcE2isENSt10ctype_base4maskEc,"std::ctype<char>::is(std::ctype_base::mask, char) const",0,2105773,.text,FUNCTION,RETAIL_ORIGINAL_SYMBOL
|static|,static.crs,named,969,_ZN4__rw18__rw_locale_vectorIPNS_15__rw_facet_baseEE6resizeEjRKS2_,"__rw::__rw_locale_vector<__rw::__rw_facet_base*>::resize(unsigned int, __rw::__rw_facet_base* const&)",0,2105787,.text,FUNCTION,RETAIL_ORIGINAL_SYMBOL
|static|,static.crs,named,970,_ZNSt6localeC1EPN4__rw15__rw_locale_impE,std::locale::locale(__rw::__rw_locale_imp*),0,2105861,.text,FUNCTION,RETAIL_ORIGINAL_SYMBOL
|static|,static.crs,named,971,_ZNSt6localeC2EPN4__rw15__rw_locale_impE,std::locale::locale(__rw::__rw_locale_imp*),0,2105861,.text,FUNCTION,RETAIL_ORIGINAL_SYMBOL
|static|,static.crs,named,972,_ZNSt6localeD1Ev,std::locale::~locale(),0,2106025,.text,FUNCTION,RETAIL_ORIGINAL_SYMBOL
|static|,static.crs,named,973,_ZNSt6localeD2Ev,std::locale::~locale(),0,2106025,.text,FUNCTION,RETAIL_ORIGINAL_SYMBOL
|static|,static.crs,named,974,_ZN4__rw18__rw_locale_vectorIPNS_15__rw_facet_baseEEixEj,__rw::__rw_locale_vector<__rw::__rw_facet_base*>::operator[](unsigned int),0,2106061,.text,FUNCTION,RETAIL_ORIGINAL_SYMBOL
|static|,static.crs,named,975,_ZNSt5ctypeIcED1Ev,std::ctype<char>::~ctype(),0,2106377,.text,FUNCTION,RETAIL_ORIGINAL_SYMBOL
|static|,static.crs,named,976,_ZNSt5ctypeIcED2Ev,std::ctype<char>::~ctype(),0,2106377,.text,FUNCTION,RETAIL_ORIGINAL_SYMBOL
|static|,static.crs,named,977,_ZN3app4tool8PaneList13SetCursorDataEjf,"app::tool::PaneList::SetCursorData(unsigned int, float)",0,2106416,.text,FUNCTION,RETAIL_ORIGINAL_SYMBOL
|static|,static.crs,named,978,_ZN3app4tool8PaneList14IsInputEnabledEv,app::tool::PaneList::IsInputEnabled(),0,2106660,.text,FUNCTION,RETAIL_ORIGINAL_SYMBOL
|static|,static.crs,named,979,_ZN3app4tool8PaneList15GetPosPaneIndexEi,app::tool::PaneList::GetPosPaneIndex(int),0,2106668,.text,FUNCTION,RETAIL_ORIGINAL_SYMBOL
|static|,static.crs,named,980,_ZN3app4tool8PaneList15SetInputEnabledEb,app::tool::PaneList::SetInputEnabled(bool),0,2106844,.text,FUNCTION,RETAIL_ORIGINAL_SYMBOL
|static|,static.crs,named,981,_ZN4__rw15__rw_locale_impC1EPKcjj,"__rw::__rw_locale_imp::__rw_locale_imp(char const*, unsigned int, unsigned int)",0,2107389,.text,FUNCTION,RETAIL_ORIGINAL_SYMBOL
|static|,static.crs,named,982,_ZN4__rw15__rw_locale_impC2EPKcjj,"__rw::__rw_locale_imp::__rw_locale_imp(char const*, unsigned int, unsigned int)",0,2107389,.text,FUNCTION,RETAIL_ORIGINAL_SYMBOL
|static|,static.crs,named,983,_ZN4__rw15__rw_locale_impD1Ev,__rw::__rw_locale_imp::~__rw_locale_imp(),0,2107621,.text,FUNCTION,RETAIL_ORIGINAL_SYMBOL
|static|,static.crs,named,984,_ZN4__rw15__rw_locale_impD2Ev,__rw::__rw_locale_imp::~__rw_locale_imp(),0,2107621,.text,FUNCTION,RETAIL_ORIGINAL_SYMBOL
|static|,static.crs,named,985,__cxa_guard_acquire,__cxa_guard_acquire,0,2107785,.text,FUNCTION,RETAIL_ORIGINAL_SYMBOL
|static|,static.crs,named,986,__aeabi_atexit,__aeabi_atexit,0,2107804,.text,FUNCTION,RETAIL_ORIGINAL_SYMBOL
|static|,static.crs,named,987,_ZNSt18__rw_open_cat_dataaSERKS_,std::__rw_open_cat_data::operator=(std::__rw_open_cat_data const&),0,2108805,.text,FUNCTION,RETAIL_ORIGINAL_SYMBOL
|static|,static.crs,named,988,_ZNK4__rw17__rw_collate_dataIcE13_C_coll_orderEc,__rw::__rw_collate_data<char>::_C_coll_order(char) const,0,2108823,.text,FUNCTION,RETAIL_ORIGINAL_SYMBOL
|static|,static.crs,named,989,_ZSt3maxIjERKT_S2_S2_,"unsigned int const& std::max<unsigned int>(unsigned int const&, unsigned int const&)",0,2108881,.text,FUNCTION,RETAIL_ORIGINAL_SYMBOL
|static|,static.crs,named,990,_ZNSs9_C_getRepEjj,"std::basic_string<char, std::char_traits<char>, std::allocator<char> >::_C_getRep(unsigned int, unsigned int)",0,2108893,.text,FUNCTION,RETAIL_ORIGINAL_SYMBOL
|static|,static.crs,named,991,_ZNSt11char_traitsIcE4copyEPcPKcj,"std::char_traits<char>::copy(char*, char const*, unsigned int)",0,2109021,.text,FUNCTION,RETAIL_ORIGINAL_SYMBOL
|static|,static.crs,named,992,_ZNSs9_C_unlinkEv,"std::basic_string<char, std::char_traits<char>, std::allocator<char> >::_C_unlink()",0,2109033,.text,FUNCTION,RETAIL_ORIGINAL_SYMBOL
|static|,static.crs,named,993,_ZN4__rw12__string_refIcSt11char_traitsIcESaIcEE10_C_inc_refEv,"__rw::__string_ref<char, std::char_traits<char>, std::allocator<char> >::_C_inc_ref()",0,2109245,.text,FUNCTION,RETAIL_ORIGINAL_SYMBOL
|static|,static.crs,named,994,_ZNSs7replaceEjjPKcj,"std::basic_string<char, std::char_traits<char>, std::allocator<char> >::replace(unsigned int, unsigned int, char const*, unsigned int)",0,2109265,.text,FUNCTION,RETAIL_ORIGINAL_SYMBOL
|static|,static.crs,named,995,_ZN3app4tool8PaneList17SetCrossKeyEnableEb,app::tool::PaneList::SetCrossKeyEnable(bool),0,2111488,.text,FUNCTION,RETAIL_ORIGINAL_SYMBOL
|static|,static.crs,named,996,_ZN3app4tool8PaneList20SetButtonSEPaneIndexEjj,"app::tool::PaneList::SetButtonSEPaneIndex(unsigned int, unsigned int)",0,2113612,.text,FUNCTION,RETAIL_ORIGINAL_SYMBOL
|static|,static.crs,named,997,_ZN3app4tool8PaneList32CommonAdjustmentListScrollAndPosEPNS1_11SETUP_PARAME,app::tool::PaneList::CommonAdjustmentListScrollAndPos(app::tool::PaneList::SETUP_PARAM*),0,2114420,.text,FUNCTION,RETAIL_ORIGINAL_SYMBOL
|static|,static.crs,named,998,_ZN3app4tool8PaneList5SetSEEjjj,"app::tool::PaneList::SetSE(unsigned int, unsigned int, unsigned int)",0,2114544,.text,FUNCTION,RETAIL_ORIGINAL_SYMBOL
|static|,static.crs,named,999,_ZN3app4tool8PaneList9PutCursorEv,app::tool::PaneList::PutCursor(),0,2116548,.text,FUNCTION,RETAIL_ORIGINAL_SYMBOL
|static|,static.crs,named,1000,_ZN3app4tool8PaneList9SetConfigENS1_12PageSkipModeEaaaa,"app::tool::PaneList::SetConfig(app::tool::PaneList::PageSkipMode, signed char, signed char, signed char, signed char)",0,2116612,.text,FUNCTION,RETAIL_ORIGINAL_SYMBOL
|static|,static.crs,named,1001,_ZN3app4tool8PokeIcon10IsFileOpenEv,app::tool::PokeIcon::IsFileOpen(),0,2117380,.text,FUNCTION,RETAIL_ORIGINAL_SYMBOL
|static|,static.crs,named,1002,_ZN3app4tool8PokeIcon11IsFileCloseEv,app::tool::PokeIcon::IsFileClose(),0,2117388,.text,FUNCTION,RETAIL_ORIGINAL_SYMBOL
|static|,static.crs,named,1003,_ZN3app4tool8PokeIcon11ReadRequestEjPKN3pml8pokepara9CoreParamEb,"app::tool::PokeIcon::ReadRequest(unsigned int, pml::pokepara::CoreParam const*, bool)",0,2117396,.text,FUNCTION,RETAIL_ORIGINAL_SYMBOL
|static|,static.crs,named,1004,_ZN3app4tool8PokeIcon11ReadRequestEjPKN8PokeTool11SimpleParamEb,"app::tool::PokeIcon::ReadRequest(unsigned int, PokeTool::SimpleParam const*, bool)",0,2117556,.text,FUNCTION,RETAIL_ORIGINAL_SYMBOL
|static|,static.crs,named,1005,_ZN3app4tool8PokeIcon12FileOpenSyncEPN4gfl24heap11CtrHeapBaseE,app::tool::PokeIcon::FileOpenSync(gfl2::heap::CtrHeapBase*),0,2117668,.text,FUNCTION,RETAIL_ORIGINAL_SYMBOL
|static|,static.crs,named,1006,_ZN3app4tool8PokeIcon12IsModuleFreeEv,app::tool::PokeIcon::IsModuleFree(),0,2117704,.text,FUNCTION,RETAIL_ORIGINAL_SYMBOL
|static|,static.crs,named,1007,_ZN3app4tool8PokeIcon13FileCloseSyncEv,app::tool::PokeIcon::FileCloseSync(),0,2117712,.text,FUNCTION,RETAIL_ORIGINAL_SYMBOL
|static|,static.crs,named,1008,_ZN3app4tool8PokeIcon14IsLoadFinishedEj,app::tool::PokeIcon::IsLoadFinished(unsigned int),0,2117772,.text,FUNCTION,RETAIL_ORIGINAL_SYMBOL
|static|,static.crs,named,1009,_ZN3app4tool8PokeIcon16GetResourceIndexEPKN3pml8pokepara9CoreParamEb,"app::tool::PokeIcon::GetResourceIndex(pml::pokepara::CoreParam const*, bool)",0,2117996,.text,FUNCTION,RETAIL_ORIGINAL_SYMBOL
|static|,static.crs,named,1010,_ZN3app4tool8PokeIcon16GetResourceIndexEPKN8PokeTool11SimpleParamEb,"app::tool::PokeIcon::GetResourceIndex(PokeTool::SimpleParam const*, bool)",0,2118080,.text,FUNCTION,RETAIL_ORIGINAL_SYMBOL
|static|,static.crs,named,1011,_ZN3app4tool8PokeIcon18AllocTextureBufferEj,app::tool::PokeIcon::AllocTextureBuffer(unsigned int),0,2118112,.text,FUNCTION,RETAIL_ORIGINAL_SYMBOL
|static|,static.crs,named,1012,_ZN3app4tool8PokeIcon18ReplacePaneTextureEjPKN3pml8pokepara9CoreParamEPN2nw3lyt7PictureEjjb,"app::tool::PokeIcon::ReplacePaneTexture(unsigned int, pml::pokepara::CoreParam const*, nw::lyt::Picture*, unsigned int, unsigned int, bool)",0,2118120,.text,FUNCTION,RETAIL_ORIGINAL_SYMBOL
|static|,static.crs,named,1013,_ZN3app4tool8PokeIcon18ReplacePaneTextureEjPKN8PokeTool11SimpleParamEPN2nw3lyt7PictureEjjb,"app::tool::PokeIcon::ReplacePaneTexture(unsigned int, PokeTool::SimpleParam const*, nw::lyt::Picture*, unsigned int, unsigned int, bool)",0,2118352,.text,FUNCTION,RETAIL_ORIGINAL_SYMBOL
|static|,static.crs,named,1014,_ZN3app4tool8PokeIcon18ReplacePaneTextureEjPN2nw3lyt7PictureEjj,"app::tool::PokeIcon::ReplacePaneTexture(unsigned int, nw::lyt::Picture*, unsigned int, unsigned int)",0,2118536,.text,FUNCTION,RETAIL_ORIGINAL_SYMBOL
|static|,static.crs,named,1015,_ZN3app4tool8PokeIcon18ReplaceReadTextureEjPN2nw3lyt7PictureEjj,"app::tool::PokeIcon::ReplaceReadTexture(unsigned int, nw::lyt::Picture*, unsigned int, unsigned int)",0,2118560,.text,FUNCTION,RETAIL_ORIGINAL_SYMBOL
|static|,static.crs,named,1016,_ZN3app4tool8PokeIcon23LoadDummyTextureRequestEv,app::tool::PokeIcon::LoadDummyTextureRequest(),0,2118636,.text,FUNCTION,RETAIL_ORIGINAL_SYMBOL
|static|,static.crs,named,1017,_ZN3app4tool8PokeIcon23ReplaceReadDummyTextureEPN2nw3lyt7PictureEjj,"app::tool::PokeIcon::ReplaceReadDummyTexture(nw::lyt::Picture*, unsigned int, unsigned int)",0,2118724,.text,FUNCTION,RETAIL_ORIGINAL_SYMBOL
|static|,static.crs,named,1018,_ZN3app4tool8PokeIcon24CancelLoadTextureRequestEj,app::tool::PokeIcon::CancelLoadTextureRequest(unsigned int),0,2118824,.text,FUNCTION,RETAIL_ORIGINAL_SYMBOL
|static|,static.crs,named,1019,_ZN3app4tool8PokeIcon26IsLoadDummyTextureFinishedEv,app::tool::PokeIcon::IsLoadDummyTextureFinished(),0,2118832,.text,FUNCTION,RETAIL_ORIGINAL_SYMBOL
|static|,static.crs,named,1020,_ZN3app4tool8PokeIcon8FileOpenEPN4gfl24heap11CtrHeapBaseE,app::tool::PokeIcon::FileOpen(gfl2::heap::CtrHeapBase*),0,2118888,.text,FUNCTION,RETAIL_ORIGINAL_SYMBOL
|static|,static.crs,named,1021,_ZN3app4tool8PokeIcon9FileCloseEPN4gfl24heap11CtrHeapBaseE,app::tool::PokeIcon::FileClose(gfl2::heap::CtrHeapBase*),0,2118924,.text,FUNCTION,RETAIL_ORIGINAL_SYMBOL
|static|,static.crs,named,1022,_ZN3app4tool8PokeIconC1EPN4gfl24heap11CtrHeapBaseES5_jb,"app::tool::PokeIcon::PokeIcon(gfl2::heap::CtrHeapBase*, gfl2::heap::CtrHeapBase*, unsigned int, bool)",0,2118992,.text,FUNCTION,RETAIL_ORIGINAL_SYMBOL
|static|,static.crs,named,1023,_ZN3app4util9ScrollBar13SetDrawEnableEb,app::util::ScrollBar::SetDrawEnable(bool),0,2119284,.text,FUNCTION,RETAIL_ORIGINAL_SYMBOL
|static|,static.crs,named,1024,_ZN3app4tool9ScrollBar10SetVisibleEb,app::tool::ScrollBar::SetVisible(bool),0,2119296,.text,FUNCTION,RETAIL_ORIGINAL_SYMBOL
|static|,static.crs,named,1025,_ZN3app4tool9ScrollBar11SetMarkSizeEf,app::tool::ScrollBar::SetMarkSize(float),0,2119320,.text,FUNCTION,RETAIL_ORIGINAL_SYMBOL
|static|,static.crs,named,1026,_ZN3app4tool9ScrollBar4DrawEff,"app::tool::ScrollBar::Draw(float, float)",0,2119392,.text,FUNCTION,RETAIL_ORIGINAL_SYMBOL
|static|,static.crs,named,1027,_ZN3app4tool9ScrollBarC1EPN2nw3lyt4PaneES5_S5_S5_NS1_15ScrollDirectionE,"app::tool::ScrollBar::ScrollBar(nw::lyt::Pane*, nw::lyt::Pane*, nw::lyt::Pane*, nw::lyt::Pane*, app::tool::ScrollBar::ScrollDirection)",0,2119540,.text,FUNCTION,RETAIL_ORIGINAL_SYMBOL
|static|,static.crs,named,1028,_ZN3app4util10EffectUtil25EffectSystemClearResourceEj,app::util::EffectUtil::EffectSystemClearResource(unsigned int),0,2119660,.text,FUNCTION,RETAIL_ORIGINAL_SYMBOL
|static|,static.crs,named,1029,_ZN3app4util10EffectUtil25EffectSystemEntryResourceEPvjPN2nw3eft7EnvInfoE,"app::util::EffectUtil::EffectSystemEntryResource(void*, unsigned int, nw::eft::EnvInfo*)",0,2119776,.text,FUNCTION,RETAIL_ORIGINAL_SYMBOL
|static|,static.crs,named,1030,_ZN9NetAppLib4Util14NetAppEffectBG6UpdateEv,NetAppLib::Util::NetAppEffectBG::Update(),0,2119884,.text,FUNCTION,RETAIL_ORIGINAL_SYMBOL
|static|,static.crs,named,1031,_ZN3app4util10EffectUtil34UpdateForMode1Res1EmitterSet1GroupEv,app::util::EffectUtil::UpdateForMode1Res1EmitterSet1Group(),0,2119892,.text,FUNCTION,RETAIL_ORIGINAL_SYMBOL
|static|,static.crs,named,1032,_ZN3app4util10EffectUtil45KillAllEmitterSetForMode1Res1EmitterSet1GroupEv,app::util::EffectUtil::KillAllEmitterSetForMode1Res1EmitterSet1Group(),0,2120048,.text,FUNCTION,RETAIL_ORIGINAL_SYMBOL
|static|,static.crs,named,1033,_ZN3app4util10EffectUtil53CreateAllEffectEmitterSetForMode1Res1EmitterSet1GroupEv,app::util::EffectUtil::CreateAllEffectEmitterSetForMode1Res1EmitterSet1Group(),0,2120252,.text,FUNCTION,RETAIL_ORIGINAL_SYMBOL
|static|,static.crs,named,1034,_ZN3app4util10EffectUtil6CreateEPN4gfl24heap11CtrHeapBaseERKNS1_11DescriptionE,"app::util::EffectUtil::Create(gfl2::heap::CtrHeapBase*, app::util::EffectUtil::Description const&)",0,2120448,.text,FUNCTION,RETAIL_ORIGINAL_SYMBOL
|static|,static.crs,named,1035,_ZN9NetAppLib4Util14NetAppEffectBG7CleanupEv,NetAppLib::Util::NetAppEffectBG::Cleanup(),0,2121296,.text,FUNCTION,RETAIL_ORIGINAL_SYMBOL
|static|,static.crs,named,1036,_ZN3app4util10EffectUtil7DestroyEv,app::util::EffectUtil::Destroy(),0,2121668,.text,FUNCTION,RETAIL_ORIGINAL_SYMBOL
|static|,static.crs,named,1037,_ZN3app4util10EffectUtilC1EPN4gfl24heap11CtrHeapBaseERKNS1_11DescriptionE,"app::util::EffectUtil::EffectUtil(gfl2::heap::CtrHeapBase*, app::util::EffectUtil::Description const&)",0,2121956,.text,FUNCTION,RETAIL_ORIGINAL_SYMBOL
|static|,static.crs,named,1038,_ZN3app4util10EffectUtilC1Ev,app::util::EffectUtil::EffectUtil(),0,2122032,.text,FUNCTION,RETAIL_ORIGINAL_SYMBOL
|static|,static.crs,named,1039,_ZN3app4util10EffectUtilD1Ev,app::util::EffectUtil::~EffectUtil(),0,2122124,.text,FUNCTION,RETAIL_ORIGINAL_SYMBOL
|static|,static.crs,named,1040,_ZN3app4tool8ItemIcon10IsFileOpenEv,app::tool::ItemIcon::IsFileOpen(),0,2123856,.text,FUNCTION,RETAIL_ORIGINAL_SYMBOL
|static|,static.crs,named,1041,_ZN3app4util12FileAccessor10IsFileOpenEj,app::util::FileAccessor::IsFileOpen(unsigned int),0,2123864,.text,FUNCTION,RETAIL_ORIGINAL_SYMBOL
|static|,static.crs,named,1042,_ZN3app4tool8ItemIcon11IsFileCloseEv,app::tool::ItemIcon::IsFileClose(),0,2123892,.text,FUNCTION,RETAIL_ORIGINAL_SYMBOL
|static|,static.crs,named,1043,_ZN3app4util12FileAccessor11IsFileCloseEj,app::util::FileAccessor::IsFileClose(unsigned int),0,2123900,.text,FUNCTION,RETAIL_ORIGINAL_SYMBOL
|static|,static.crs,named,1044,_ZN3app4util12FileAccessor12FileLoadSyncEjjPPvPN4gfl24heap11CtrHeapBaseEbjNS4_2fs10ToolDefine11ArcLangType3TagEPjSC_,"app::util::FileAccessor::FileLoadSync(unsigned int, unsigned int, void**, gfl2::heap::CtrHeapBase*, bool, unsigned int, gfl2::fs::ToolDefine::ArcLangType::Tag, unsigned int*, unsigned int*)",0,2124100,.text,FUNCTION,RETAIL_ORIGINAL_SYMBOL
|static|,static.crs,named,1045,_ZN3app4util12FileAccessor12FileOpenSyncEjPN4gfl24heap11CtrHeapBaseEbNS2_2fs10ToolDefine11ArcLangType3TagE,"app::util::FileAccessor::FileOpenSync(unsigned int, gfl2::heap::CtrHeapBase*, bool, gfl2::fs::ToolDefine::ArcLangType::Tag)",0,2124332,.text,FUNCTION,RETAIL_ORIGINAL_SYMBOL
|static|,static.crs,named,1046,_ZN3app4util12FileAccessor13FileCloseSyncEj,app::util::FileAccessor::FileCloseSync(unsigned int),0,2124660,.text,FUNCTION,RETAIL_ORIGINAL_SYMBOL
|static|,static.crs,named,1047,_ZN3app4util12FileAccessor8FileLoadEjjPPvPN4gfl24heap11CtrHeapBaseEbjNS4_2fs10ToolDefine11ArcLangType3TagEPjSC_,"app::util::FileAccessor::FileLoad(unsigned int, unsigned int, void**, gfl2::heap::CtrHeapBase*, bool, unsigned int, gfl2::fs::ToolDefine::ArcLangType::Tag, unsigned int*, unsigned int*)",0,2124940,.text,FUNCTION,RETAIL_ORIGINAL_SYMBOL
|static|,static.crs,named,1048,_ZN3app4util12FileAccessor8FileOpenEjPN4gfl24heap11CtrHeapBaseEbNS2_2fs10ToolDefine11ArcLangType3TagE,"app::util::FileAccessor::FileOpen(unsigned int, gfl2::heap::CtrHeapBase*, bool, gfl2::fs::ToolDefine::ArcLangType::Tag)",0,2125172,.text,FUNCTION,RETAIL_ORIGINAL_SYMBOL
|static|,static.crs,named,1049,_ZN3app4util12FileAccessor9FileCloseEjPN4gfl24heap11CtrHeapBaseE,"app::util::FileAccessor::FileClose(unsigned int, gfl2::heap::CtrHeapBase*)",0,2125356,.text,FUNCTION,RETAIL_ORIGINAL_SYMBOL
|static|,static.crs,named,1050,_ZN3app4util13GetPaneHelper12GetPartsPaneEj,app::util::GetPaneHelper::GetPartsPane(unsigned int),0,2125496,.text,FUNCTION,RETAIL_ORIGINAL_SYMBOL
|static|,static.crs,named,1051,_ZN3app4util13GetPaneHelper14GetPicturePaneEj,app::util::GetPaneHelper::GetPicturePane(unsigned int),0,2125548,.text,FUNCTION,RETAIL_ORIGINAL_SYMBOL
|static|,static.crs,named,1052,_ZN3app4util13GetPaneHelper14GetTextBoxPaneEj,app::util::GetPaneHelper::GetTextBoxPane(unsigned int),0,2125600,.text,FUNCTION,RETAIL_ORIGINAL_SYMBOL
|static|,static.crs,named,1053,_ZN3app4util13GetPaneHelper3PopEv,app::util::GetPaneHelper::Pop(),0,2125652,.text,FUNCTION,RETAIL_ORIGINAL_SYMBOL
|static|,static.crs,named,1054,_ZN3app4util13GetPaneHelper4PeekEv,app::util::GetPaneHelper::Peek(),0,2125740,.text,FUNCTION,RETAIL_ORIGINAL_SYMBOL
|static|,static.crs,named,1055,_ZN3app4util13GetPaneHelper4PushEj,app::util::GetPaneHelper::Push(unsigned int),0,2125764,.text,FUNCTION,RETAIL_ORIGINAL_SYMBOL
|static|,static.crs,named,1056,_ZN3app4util13GetPaneHelper5ClearEv,app::util::GetPaneHelper::Clear(),0,2125960,.text,FUNCTION,RETAIL_ORIGINAL_SYMBOL
|static|,static.crs,named,1057,_ZN3app4util13GetPaneHelper7GetPaneEj,app::util::GetPaneHelper::GetPane(unsigned int),0,2126004,.text,FUNCTION,RETAIL_ORIGINAL_SYMBOL
|static|,static.crs,named,1058,_ZN3app4util13GetPaneHelperC1EPN4gfl23lyt5LytWkEPNS3_13LytMultiResIDE,"app::util::GetPaneHelper::GetPaneHelper(gfl2::lyt::LytWk*, gfl2::lyt::LytMultiResID*)",0,2126056,.text,FUNCTION,RETAIL_ORIGINAL_SYMBOL
|static|,static.crs,named,1059,_ZN3app4util13GetPaneHelperD1Ev,app::util::GetPaneHelper::~GetPaneHelper(),0,2126124,.text,FUNCTION,RETAIL_ORIGINAL_SYMBOL
|static|,static.crs,named,1060,_ZN3app4util16GetWazaTextColorEjjN2nw2ut6Color8E,"app::util::GetWazaTextColor(unsigned int, unsigned int, nw::ut::Color8)",0,2126636,.text,FUNCTION,RETAIL_ORIGINAL_SYMBOL
|static|,static.crs,named,1061,_ZN3app4util17OutputPokemonTypeEPhS1_PKN3pml8pokepara12PokemonParamE,"app::util::OutputPokemonType(unsigned char*, unsigned char*, pml::pokepara::PokemonParam const*)",0,2126760,.text,FUNCTION,RETAIL_ORIGINAL_SYMBOL
|static|,static.crs,named,1062,_ZN3app4util18GetPokeNowLvExpNumEPKN3pml8pokepara12PokemonParamE,app::util::GetPokeNowLvExpNum(pml::pokepara::PokemonParam const*),0,2126856,.text,FUNCTION,RETAIL_ORIGINAL_SYMBOL
|static|,static.crs,named,1063,_ZN3app4util19AppRenderingManager10AddDrawEnvENS1_15RenderPlaceType3TagEPN4gfl215renderingengine10scenegraph8instance11DrawEnvNodeEj,"app::util::AppRenderingManager::AddDrawEnv(app::util::AppRenderingManager::RenderPlaceType::Tag, gfl2::renderingengine::scenegraph::instance::DrawEnvNode*, unsigned int)",0,2126916,.text,FUNCTION,RETAIL_ORIGINAL_SYMBOL
|static|,static.crs,named,1064,_ZN3app4util19AppRenderingManager10SyncCreateERKNS1_11DescriptionEPNS0_4HeapEPN6System13nijiAllocatorEPN4gfl22fs16AsyncFileManagerE,"app::util::AppRenderingManager::SyncCreate(app::util::AppRenderingManager::Description const&, app::util::Heap*, System::nijiAllocator*, gfl2::fs::AsyncFileManager*)",0,2127144,.text,FUNCTION,RETAIL_ORIGINAL_SYMBOL
|static|,static.crs,named,1065,_ZN3app4util19AppRenderingManager11RemoveModelENS1_15RenderPlaceType3TagEPN7poke_3d5model9BaseModelEj,"app::util::AppRenderingManager::RemoveModel(app::util::AppRenderingManager::RenderPlaceType::Tag, poke_3d::model::BaseModel*, unsigned int)",0,2128828,.text,FUNCTION,RETAIL_ORIGINAL_SYMBOL
|static|,static.crs,named,1066,_ZN3app4util19AppRenderingManager11UnsetCameraENS1_15RenderPlaceType3TagEj,"app::util::AppRenderingManager::UnsetCamera(app::util::AppRenderingManager::RenderPlaceType::Tag, unsigned int)",0,2129000,.text,FUNCTION,RETAIL_ORIGINAL_SYMBOL
|static|,static.crs,named,1067,_ZN3app4util19AppRenderingManager12AddPokeModelENS1_15RenderPlaceType3TagEPN8PokeTool9PokeModelEj,"app::util::AppRenderingManager::AddPokeModel(app::util::AppRenderingManager::RenderPlaceType::Tag, PokeTool::PokeModel*, unsigned int)",0,2129120,.text,FUNCTION,RETAIL_ORIGINAL_SYMBOL
|static|,static.crs,named,1068,_ZN3app4util19AppRenderingManager13AddCharaModelENS1_15RenderPlaceType3TagEPN7poke_3d5model10CharaModelEj,"app::util::AppRenderingManager::AddCharaModel(app::util::AppRenderingManager::RenderPlaceType::Tag, poke_3d::model::CharaModel*, unsigned int)",0,2129552,.text,FUNCTION,RETAIL_ORIGINAL_SYMBOL
|static|,static.crs,named,1069,_ZN3app4util19AppRenderingManager13RemoveDrawEnvENS1_15RenderPlaceType3TagEPN4gfl215renderingengine10scenegraph8instance11DrawEnvNodeEj,"app::util::AppRenderingManager::RemoveDrawEnv(app::util::AppRenderingManager::RenderPlaceType::Tag, gfl2::renderingengine::scenegraph::instance::DrawEnvNode*, unsigned int)",0,2129724,.text,FUNCTION,RETAIL_ORIGINAL_SYMBOL
|static|,static.crs,named,1070,_ZN3app4util19AppRenderingManager13SetRaderChartENS1_15RenderPlaceType3TagEPNS_4tool10RaderChartE,"app::util::AppRenderingManager::SetRaderChart(app::util::AppRenderingManager::RenderPlaceType::Tag, app::tool::RaderChart*)",0,2129952,.text,FUNCTION,RETAIL_ORIGINAL_SYMBOL
|static|,static.crs,named,1071,_ZN3app4util19AppRenderingManager15AddDressUpModelENS1_15RenderPlaceType3TagEPN7poke_3d5model12DressUpModelEj,"app::util::AppRenderingManager::AddDressUpModel(app::util::AppRenderingManager::RenderPlaceType::Tag, poke_3d::model::DressUpModel*, unsigned int)",0,2130068,.text,FUNCTION,RETAIL_ORIGINAL_SYMBOL
|static|,static.crs,named,1072,_ZN3app4util19AppRenderingManager15RemovePokeModelENS1_15RenderPlaceType3TagEPN8PokeTool9PokeModelEj,"app::util::AppRenderingManager::RemovePokeModel(app::util::AppRenderingManager::RenderPlaceType::Tag, PokeTool::PokeModel*, unsigned int)",0,2130380,.text,FUNCTION,RETAIL_ORIGINAL_SYMBOL
|static|,static.crs,named,1073,_ZN3app4util19AppRenderingManager15SetEffectCameraENS1_15RenderPlaceType3TagEPN7poke_3d5model10BaseCameraEj,"app::util::AppRenderingManager::SetEffectCamera(app::util::AppRenderingManager::RenderPlaceType::Tag, poke_3d::model::BaseCamera*, unsigned int)",0,2130780,.text,FUNCTION,RETAIL_ORIGINAL_SYMBOL
|static|,static.crs,named,1074,_ZN3app4util19AppRenderingManager15UnsetRaderChartENS1_15RenderPlaceType3TagE,app::util::AppRenderingManager::UnsetRaderChart(app::util::AppRenderingManager::RenderPlaceType::Tag),0,2130912,.text,FUNCTION,RETAIL_ORIGINAL_SYMBOL
|static|,static.crs,named,1075,_ZN3app4util19AppRenderingManager16RemoveCharaModelENS1_15RenderPlaceType3TagEPN7poke_3d5model10CharaModelEj,"app::util::AppRenderingManager::RemoveCharaModel(app::util::AppRenderingManager::RenderPlaceType::Tag, poke_3d::model::CharaModel*, unsigned int)",0,2131004,.text,FUNCTION,RETAIL_ORIGINAL_SYMBOL
|static|,static.crs,named,1076,_ZN3app4util19AppRenderingManager16StartAsyncCreateERKNS1_11DescriptionEPNS0_4HeapEPN6System13nijiAllocatorEPN4gfl22fs16AsyncFileManagerE,"app::util::AppRenderingManager::StartAsyncCreate(app::util::AppRenderingManager::Description const&, app::util::Heap*, System::nijiAllocator*, gfl2::fs::AsyncFileManager*)",0,2131312,.text,FUNCTION,RETAIL_ORIGINAL_SYMBOL
|static|,static.crs,named,1077,_ZN3app4util19AppRenderingManager17UnsetEffectCameraENS1_15RenderPlaceType3TagEj,"app::util::AppRenderingManager::UnsetEffectCamera(app::util::AppRenderingManager::RenderPlaceType::Tag, unsigned int)",0,2132300,.text,FUNCTION,RETAIL_ORIGINAL_SYMBOL
|static|,static.crs,named,1078,_ZN3app4util19AppRenderingManager18RemoveDressUpModelENS1_15RenderPlaceType3TagEPN7poke_3d5model12DressUpModelEj,"app::util::AppRenderingManager::RemoveDressUpModel(app::util::AppRenderingManager::RenderPlaceType::Tag, poke_3d::model::DressUpModel*, unsigned int)",0,2132416,.text,FUNCTION,RETAIL_ORIGINAL_SYMBOL
|static|,static.crs,named,1079,_ZN3app4util19AppRenderingManager18SetEffectAppCameraENS1_15RenderPlaceType3TagEPNS0_9AppCameraEj,"app::util::AppRenderingManager::SetEffectAppCamera(app::util::AppRenderingManager::RenderPlaceType::Tag, app::util::AppCamera*, unsigned int)",0,2132728,.text,FUNCTION,RETAIL_ORIGINAL_SYMBOL
|static|,static.crs,named,1080,_ZN3app4util19AppRenderingManager19CreateDefaultCameraEPNS0_4HeapEPPN4gfl215renderingengine10scenegraph8instance11DrawEnvNodeEPPN7poke_3d5model10BaseCameraENS1_15RenderPlaceType3TagE,"app::util::AppRenderingManager::CreateDefaultCamera(app::util::Heap*, gfl2::renderingengine::scenegraph::instance::DrawEnvNode**, poke_3d::model::BaseCamera**, app::util::AppRenderingManager::RenderPlaceType::Tag)",0,2133080,.text,FUNCTION,RETAIL_ORIGINAL_SYMBOL
|static|,static.crs,named,1081,_ZN3app4util19AppRenderingManager20CreateDefaultDrawEnvEPNS0_4HeapENS1_10PresetType3TagEj,"app::util::AppRenderingManager::CreateDefaultDrawEnv(app::util::Heap*, app::util::AppRenderingManager::PresetType::Tag, unsigned int)",0,2134672,.text,FUNCTION,RETAIL_ORIGINAL_SYMBOL
|static|,static.crs,named,1082,_ZN3app4util19AppRenderingManager20UnsetEffectAppCameraENS1_15RenderPlaceType3TagEj,"app::util::AppRenderingManager::UnsetEffectAppCamera(app::util::AppRenderingManager::RenderPlaceType::Tag, unsigned int)",0,2135584,.text,FUNCTION,RETAIL_ORIGINAL_SYMBOL
|static|,static.crs,named,1083,_ZN3app4util19AppRenderingManager25SetEffectRenderPathConfigENS1_15RenderPlaceType3TagERKN4gfl26Effect16EffectRenderPath6ConfigEj,"app::util::AppRenderingManager::SetEffectRenderPathConfig(app::util::AppRenderingManager::RenderPlaceType::Tag, gfl2::Effect::EffectRenderPath::Config const&, unsigned int)",0,2135796,.text,FUNCTION,RETAIL_ORIGINAL_SYMBOL
|static|,static.crs,named,1084,_ZN3App4Tool10ItemEffect3EndEv,App::Tool::ItemEffect::End(),0,2137528,.text,FUNCTION,RETAIL_ORIGINAL_SYMBOL
|static|,static.crs,named,1085,_ZN3app4util19AppRenderingManager27UnsetEffectRenderPathConfigENS1_15RenderPlaceType3TagEj,"app::util::AppRenderingManager::UnsetEffectRenderPathConfig(app::util::AppRenderingManager::RenderPlaceType::Tag, unsigned int)",0,2137624,.text,FUNCTION,RETAIL_ORIGINAL_SYMBOL
|static|,static.crs,named,1086,_ZN3app4util19AppRenderingManager4DrawEN4gfl23gfx12CtrDisplayNoE,app::util::AppRenderingManager::Draw(gfl2::gfx::CtrDisplayNo),0,2141304,.text,FUNCTION,RETAIL_ORIGINAL_SYMBOL
|static|,static.crs,named,1087,_ZN3app4util19AppRenderingManager6UpdateEv,app::util::AppRenderingManager::Update(),0,2144324,.text,FUNCTION,RETAIL_ORIGINAL_SYMBOL
|static|,static.crs,named,1088,_ZN3app4util19AppRenderingManager7PreDrawEv,app::util::AppRenderingManager::PreDraw(),0,2144824,.text,FUNCTION,RETAIL_ORIGINAL_SYMBOL
|static|,static.crs,named,1089,_ZN3app4util19AppRenderingManager8AddModelENS1_15RenderPlaceType3TagEPN7poke_3d5model9BaseModelEjb,"app::util::AppRenderingManager::AddModel(app::util::AppRenderingManager::RenderPlaceType::Tag, poke_3d::model::BaseModel*, unsigned int, bool)",0,2144848,.text,FUNCTION,RETAIL_ORIGINAL_SYMBOL
|static|,static.crs,named,1090,_ZN3app4util19AppRenderingManager9SetCameraENS1_15RenderPlaceType3TagEPN7poke_3d5model10BaseCameraEj,"app::util::AppRenderingManager::SetCamera(app::util::AppRenderingManager::RenderPlaceType::Tag, poke_3d::model::BaseCamera*, unsigned int)",0,2145128,.text,FUNCTION,RETAIL_ORIGINAL_SYMBOL
|static|,static.crs,named,1091,_ZN3app4util19AppRenderingManagerC1Ev,app::util::AppRenderingManager::AppRenderingManager(),0,2145264,.text,FUNCTION,RETAIL_ORIGINAL_SYMBOL
|static|,static.crs,named,1092,_ZN3app4util19GetPokeNextLvExpNumEPKN3pml8pokepara12PokemonParamE,app::util::GetPokeNextLvExpNum(pml::pokepara::PokemonParam const*),0,2146644,.text,FUNCTION,RETAIL_ORIGINAL_SYMBOL
|static|,static.crs,named,1093,_ZN3app4util19KeyRepeatController10UpdateInfoEPN4gfl22ui12VectorDeviceEjjPNS3_6ButtonE,"app::util::KeyRepeatController::UpdateInfo(gfl2::ui::VectorDevice*, unsigned int, unsigned int, gfl2::ui::Button*)",0,2146704,.text,FUNCTION,RETAIL_ORIGINAL_SYMBOL
|static|,static.crs,named,1094,_ZN3app4util19KeyRepeatController8IsRepeatEj,app::util::KeyRepeatController::IsRepeat(unsigned int),0,2146724,.text,FUNCTION,RETAIL_ORIGINAL_SYMBOL
|static|,static.crs,named,1095,_ZN3app4util19KeyRepeatController9SetMaxPosEjj,"app::util::KeyRepeatController::SetMaxPos(unsigned int, unsigned int)",0,2147068,.text,FUNCTION,RETAIL_ORIGINAL_SYMBOL
|static|,static.crs,named,1096,_ZN3app4util19KeyRepeatControllerC1Ejj,"app::util::KeyRepeatController::KeyRepeatController(unsigned int, unsigned int)",0,2147080,.text,FUNCTION,RETAIL_ORIGINAL_SYMBOL
|static|,static.crs,named,1097,_ZN3app4util20AppDemoUtilityHelper3EndEv,app::util::AppDemoUtilityHelper::End(),0,2148608,.text,FUNCTION,RETAIL_ORIGINAL_SYMBOL
|static|,static.crs,named,1098,_ZN3app4util20AppDemoUtilityHelper5BeginEPN4gfl24heap11CtrHeapBaseE,app::util::AppDemoUtilityHelper::Begin(gfl2::heap::CtrHeapBase*),0,2148700,.text,FUNCTION,RETAIL_ORIGINAL_SYMBOL
|static|,static.crs,named,1099,_ZN3app4util20AppDemoUtilityHelperC1Ev,app::util::AppDemoUtilityHelper::AppDemoUtilityHelper(),0,2148884,.text,FUNCTION,RETAIL_ORIGINAL_SYMBOL
|static|,static.crs,named,1100,_ZN3app4util20AppDemoUtilityHelperD1Ev,app::util::AppDemoUtilityHelper::~AppDemoUtilityHelper(),0,2148976,.text,FUNCTION,RETAIL_ORIGINAL_SYMBOL
|static|,static.crs,named,1101,_ZN3app4util23AppUtilFileControlState5IsEndEv,app::util::AppUtilFileControlState::IsEnd(),0,2149552,.text,FUNCTION,RETAIL_ORIGINAL_SYMBOL
|static|,static.crs,named,1102,_ZN3app4util23AppUtilFileControlState6UpdateEv,app::util::AppUtilFileControlState::Update(),0,2149676,.text,FUNCTION,RETAIL_ORIGINAL_SYMBOL
|static|,static.crs,named,1103,_ZN3app4util23AppUtilFileControlStateC1EjPN4gfl24heap11CtrHeapBaseEbjNS2_2fs10ToolDefine11ArcLangType3TagE,"app::util::AppUtilFileControlState::AppUtilFileControlState(unsigned int, gfl2::heap::CtrHeapBase*, bool, unsigned int, gfl2::fs::ToolDefine::ArcLangType::Tag)",0,2150216,.text,FUNCTION,RETAIL_ORIGINAL_SYMBOL
|static|,static.crs,named,1104,_ZN3app4util23AppUtilFileControlStateC1EjjPN4gfl24heap11CtrHeapBaseEbjNS2_2fs10ToolDefine11ArcLangType3TagE,"app::util::AppUtilFileControlState::AppUtilFileControlState(unsigned int, unsigned int, gfl2::heap::CtrHeapBase*, bool, unsigned int, gfl2::fs::ToolDefine::ArcLangType::Tag)",0,2150308,.text,FUNCTION,RETAIL_ORIGINAL_SYMBOL
|static|,static.crs,named,1105,_ZN3app4util23OutputPokemonTypeManualEPhS1_RKhS3_,"app::util::OutputPokemonTypeManual(unsigned char*, unsigned char*, unsigned char const&, unsigned char const&)",0,2150508,.text,FUNCTION,RETAIL_ORIGINAL_SYMBOL
|static|,static.crs,named,1106,_ZN3app4util25AppQRTextureCreateUtility11CreateStartEPKhjjj,"app::util::AppQRTextureCreateUtility::CreateStart(unsigned char const*, unsigned int, unsigned int, unsigned int)",0,2152808,.text,FUNCTION,RETAIL_ORIGINAL_SYMBOL
|static|,static.crs,named,1107,_ZN3app4util25AppQRTextureCreateUtility20GetLytResTextureInfoEv,app::util::AppQRTextureCreateUtility::GetLytResTextureInfo(),0,2153104,.text,FUNCTION,RETAIL_ORIGINAL_SYMBOL
|static|,static.crs,named,1108,_ZN3app4util25AppQRTextureCreateUtility6IsBusyEv,app::util::AppQRTextureCreateUtility::IsBusy(),0,2153124,.text,FUNCTION,RETAIL_ORIGINAL_SYMBOL
|static|,static.crs,named,1109,_ZN3app4util25AppQRTextureCreateUtility6UpdateEv,app::util::AppQRTextureCreateUtility::Update(),0,2153140,.text,FUNCTION,RETAIL_ORIGINAL_SYMBOL
|static|,static.crs,named,1110,_ZN3app4util25AppQRTextureCreateUtilityC1EPN4gfl24heap11CtrHeapBaseEj,"app::util::AppQRTextureCreateUtility::AppQRTextureCreateUtility(gfl2::heap::CtrHeapBase*, unsigned int)",0,2153156,.text,FUNCTION,RETAIL_ORIGINAL_SYMBOL
|static|,static.crs,named,1111,_ZN3app4util25AppQRTextureCreateUtilityD1Ev,app::util::AppQRTextureCreateUtility::~AppQRTextureCreateUtility(),0,2153332,.text,FUNCTION,RETAIL_ORIGINAL_SYMBOL
|static|,static.crs,named,1112,_ZN3app4util27AppCountryRegionNameUtility13GetRegionNameEtt,"app::util::AppCountryRegionNameUtility::GetRegionName(unsigned short, unsigned short)",0,2153576,.text,FUNCTION,RETAIL_ORIGINAL_SYMBOL
|static|,static.crs,named,1113,_ZN3app4util27AppCountryRegionNameUtility14GetCountryNameEt,app::util::AppCountryRegionNameUtility::GetCountryName(unsigned short),0,2153844,.text,FUNCTION,RETAIL_ORIGINAL_SYMBOL
|static|,static.crs,named,1114,_ZN3app4util30OutputSpecialPointPokemSeikakuEN3pml8pokepara7SeikakuEPNS2_7PowerIDES5_,"app::util::OutputSpecialPointPokemSeikaku(pml::pokepara::Seikaku, pml::pokepara::PowerID*, pml::pokepara::PowerID*)",0,2155460,.text,FUNCTION,RETAIL_ORIGINAL_SYMBOL
|static|,static.crs,named,1115,_ZN3app4util4Heap15LocalHeapCreateEPN4gfl24heap11CtrHeapBaseES5_jj,"app::util::Heap::LocalHeapCreate(gfl2::heap::CtrHeapBase*, gfl2::heap::CtrHeapBase*, unsigned int, unsigned int)",0,2159004,.text,FUNCTION,RETAIL_ORIGINAL_SYMBOL
|static|,static.crs,named,1116,_ZN3app4util4Heap6CreateEPN4gfl24heap11CtrHeapBaseES5_PNS3_11NwAllocatorES7_PNS2_4util15GLHeapAllocatorESA_,"app::util::Heap::Create(gfl2::heap::CtrHeapBase*, gfl2::heap::CtrHeapBase*, gfl2::heap::NwAllocator*, gfl2::heap::NwAllocator*, gfl2::util::GLHeapAllocator*, gfl2::util::GLHeapAllocator*)",0,2159232,.text,FUNCTION,RETAIL_ORIGINAL_SYMBOL
|static|,static.crs,named,1117,_ZN3app4util4Heap6CreateEPN4gfl24heap11CtrHeapBaseES5_ijij,"app::util::Heap::Create(gfl2::heap::CtrHeapBase*, gfl2::heap::CtrHeapBase*, int, unsigned int, int, unsigned int)",0,2159260,.text,FUNCTION,RETAIL_ORIGINAL_SYMBOL
|static|,static.crs,named,1118,_ZN3app4util4Heap6DeleteEv,app::util::Heap::Delete(),0,2159492,.text,FUNCTION,RETAIL_ORIGINAL_SYMBOL
|static|,static.crs,named,1119,_ZN3app4util4HeapC1Ev,app::util::Heap::Heap(),0,2159692,.text,FUNCTION,RETAIL_ORIGINAL_SYMBOL
|static|,static.crs,named,1120,_ZN3app4util4HeapD1Ev,app::util::Heap::~Heap(),0,2159780,.text,FUNCTION,RETAIL_ORIGINAL_SYMBOL
|static|,static.crs,named,1121,_ZN3app4util7G2DUtil10GetMsgDataEv,app::util::G2DUtil::GetMsgData(),0,2159816,.text,FUNCTION,RETAIL_ORIGINAL_SYMBOL
|static|,static.crs,named,1122,_ZN3app4util7G2DUtil10GetWordSetEv,app::util::G2DUtil::GetWordSet(),0,2159824,.text,FUNCTION,RETAIL_ORIGINAL_SYMBOL
|static|,static.crs,named,1123,_ZN3app4util7G2DUtil10IsAnimeEndEjj,"app::util::G2DUtil::IsAnimeEnd(unsigned int, unsigned int)",0,2159868,.text,FUNCTION,RETAIL_ORIGINAL_SYMBOL
|static|,static.crs,named,1124,_ZN3app4util7G2DUtil10PauseAnimeEjjb,"app::util::G2DUtil::PauseAnime(unsigned int, unsigned int, bool)",0,2159964,.text,FUNCTION,RETAIL_ORIGINAL_SYMBOL
|static|,static.crs,named,1125,_ZN3app4util7G2DUtil10SetMessageEPKN4gfl23str6StrBufE,app::util::G2DUtil::SetMessage(gfl2::str::StrBuf const*),0,2160036,.text,FUNCTION,RETAIL_ORIGINAL_SYMBOL
|static|,static.crs,named,1126,_ZN3app4tool12FingerCursor6SetPosERN4gfl24math22ExtendedVectorTemplateINS3_33SpecializedExtendedVectorTemplateIN2nn4math4VEC3EEEEE,app::tool::FingerCursor::SetPos(gfl2::math::ExtendedVectorTemplate<gfl2::math::SpecializedExtendedVectorTemplate<nn::math::VEC3> >&),0,2160052,.text,FUNCTION,RETAIL_ORIGINAL_SYMBOL
|static|,static.crs,named,1127,_ZN3app4util7G2DUtil10SetPanePosEjjPKN4gfl24math22ExtendedVectorTemplateINS3_33SpecializedExtendedVectorTemplateIN2nn4math4VEC3EEEEE,"app::util::G2DUtil::SetPanePos(unsigned int, unsigned int, gfl2::math::ExtendedVectorTemplate<gfl2::math::SpecializedExtendedVectorTemplate<nn::math::VEC3> > const*)",0,2160084,.text,FUNCTION,RETAIL_ORIGINAL_SYMBOL
|static|,static.crs,named,1128,_ZN3app4util7G2DUtil10StartAnimeEjjbb,"app::util::G2DUtil::StartAnime(unsigned int, unsigned int, bool, bool)",0,2160172,.text,FUNCTION,RETAIL_ORIGINAL_SYMBOL
|static|,static.crs,named,1129,_ZN3app4util7G2DUtil11AppendChildEjjjjj,"app::util::G2DUtil::AppendChild(unsigned int, unsigned int, unsigned int, unsigned int, unsigned int)",0,2160300,.text,FUNCTION,RETAIL_ORIGINAL_SYMBOL
|static|,static.crs,named,1130,_ZN3app4util7G2DUtil12GetPaneAlphaEjj,"app::util::G2DUtil::GetPaneAlpha(unsigned int, unsigned int)",0,2160504,.text,FUNCTION,RETAIL_ORIGINAL_SYMBOL
|static|,static.crs,named,1131,_ZN3app4util7G2DUtil12IsAnimePauseEjj,"app::util::G2DUtil::IsAnimePause(unsigned int, unsigned int)",0,2160564,.text,FUNCTION,RETAIL_ORIGINAL_SYMBOL
|static|,static.crs,named,1132,_ZN3app4util7G2DUtil12PrintMessageEv,app::util::G2DUtil::PrintMessage(),0,2160628,.text,FUNCTION,RETAIL_ORIGINAL_SYMBOL
|static|,static.crs,named,1133,_ZN3app4util7G2DUtil12SetPaneAlphaEPN2nw3lyt4PaneEh,"app::util::G2DUtil::SetPaneAlpha(nw::lyt::Pane*, unsigned char)",0,2160720,.text,FUNCTION,RETAIL_ORIGINAL_SYMBOL
|static|,static.crs,named,1134,_ZN3app4util7G2DUtil12SetPaneAlphaEjjh,"app::util::G2DUtil::SetPaneAlpha(unsigned int, unsigned int, unsigned char)",0,2160756,.text,FUNCTION,RETAIL_ORIGINAL_SYMBOL
|static|,static.crs,named,1135,_ZN3app4util7G2DUtil13GetAnimeFrameEjj,"app::util::G2DUtil::GetAnimeFrame(unsigned int, unsigned int)",0,2160820,.text,FUNCTION,RETAIL_ORIGINAL_SYMBOL
|static|,static.crs,named,1136,_ZN3app4util7G2DUtil13GetTempStrBufEj,app::util::G2DUtil::GetTempStrBuf(unsigned int),0,2160892,.text,FUNCTION,RETAIL_ORIGINAL_SYMBOL
|static|,static.crs,named,1137,_ZN3app4util7G2DUtil13SetAnimeFrameEjjf,"app::util::G2DUtil::SetAnimeFrame(unsigned int, unsigned int, float)",0,2161060,.text,FUNCTION,RETAIL_ORIGINAL_SYMBOL
|static|,static.crs,named,1138,_ZN3app4util7G2DUtil13SetLayoutWorkEjPKNS1_9LytwkDataEjPN4gfl24heap11NwAllocatorES8_ii,"app::util::G2DUtil::SetLayoutWork(unsigned int, app::util::G2DUtil::LytwkData const*, unsigned int, gfl2::heap::NwAllocator*, gfl2::heap::NwAllocator*, int, int)",0,2161176,.text,FUNCTION,RETAIL_ORIGINAL_SYMBOL
|static|,static.crs,named,1139,_ZN3app4util7G2DUtil14SetMessageDataEPN4gfl23str7MsgDataEPN5print7WordSetE,"app::util::G2DUtil::SetMessageData(gfl2::str::MsgData*, print::WordSet*)",0,2161948,.text,FUNCTION,RETAIL_ORIGINAL_SYMBOL
|static|,static.crs,named,1140,_ZN3app4tool23AppToolGaugePartsLayout10SetVisibleEb,app::tool::AppToolGaugePartsLayout::SetVisible(bool),0,2161968,.text,FUNCTION,RETAIL_ORIGINAL_SYMBOL
|static|,static.crs,named,1141,_ZN3app4util7G2DUtil14SetPaneVisibleEPN2nw3lyt4PaneEb,"app::util::G2DUtil::SetPaneVisible(nw::lyt::Pane*, bool)",0,2161984,.text,FUNCTION,RETAIL_ORIGINAL_SYMBOL
|static|,static.crs,named,1142,_ZN3app4util7G2DUtil14SetPaneVisibleEjjb,"app::util::G2DUtil::SetPaneVisible(unsigned int, unsigned int, bool)",0,2162040,.text,FUNCTION,RETAIL_ORIGINAL_SYMBOL
|static|,static.crs,named,1143,_ZN3app4util7G2DUtil15CreateLayoutEnvEPNS0_4HeapEbPKN4gfl23lyt15ProjectionParamEPKNS5_9ViewParamE,"app::util::G2DUtil::CreateLayoutEnv(app::util::Heap*, bool, gfl2::lyt::ProjectionParam const*, gfl2::lyt::ViewParam const*)",0,2162116,.text,FUNCTION,RETAIL_ORIGINAL_SYMBOL
|static|,static.crs,named,1144,_ZN3app4util7G2DUtil15CreateMsgCursorEPNS0_4HeapEPN2nw3lyt4PaneE,"app::util::G2DUtil::CreateMsgCursor(app::util::Heap*, nw::lyt::Pane*)",0,2162540,.text,FUNCTION,RETAIL_ORIGINAL_SYMBOL
|static|,static.crs,named,1145,_ZN3app4util7G2DUtil15CreateMsgCursorEPNS0_4HeapEjjjj,"app::util::G2DUtil::CreateMsgCursor(app::util::Heap*, unsigned int, unsigned int, unsigned int, unsigned int)",0,2162648,.text,FUNCTION,RETAIL_ORIGINAL_SYMBOL
|static|,static.crs,named,1146,_ZN3app4util7G2DUtil15DeleteLayoutEnvEv,app::util::G2DUtil::DeleteLayoutEnv(),0,2162808,.text,FUNCTION,RETAIL_ORIGINAL_SYMBOL
|static|,static.crs,named,1147,_ZN3app4util7G2DUtil15DeleteMsgCursorEv,app::util::G2DUtil::DeleteMsgCursor(),0,2162880,.text,FUNCTION,RETAIL_ORIGINAL_SYMBOL
|static|,static.crs,named,1148,_ZN3app4util7G2DUtil15GetLayoutSystemEv,app::util::G2DUtil::GetLayoutSystem(),0,2162928,.text,FUNCTION,RETAIL_ORIGINAL_SYMBOL
|static|,static.crs,named,1149,_ZN3app4util7G2DUtil15SetRegisterWordEjRKN4gfl23str6StrBufEN5print7WordSet7GrammerENS8_4FormE,"app::util::G2DUtil::SetRegisterWord(unsigned int, gfl2::str::StrBuf const&, print::WordSet::Grammer, print::WordSet::Form)",0,2163364,.text,FUNCTION,RETAIL_ORIGINAL_SYMBOL
|static|,static.crs,named,1150,_ZN3app4util7G2DUtil15SetRegisterWordEjjN5print7WordSet4FormE,"app::util::G2DUtil::SetRegisterWord(unsigned int, unsigned int, print::WordSet::Form)",0,2163388,.text,FUNCTION,RETAIL_ORIGINAL_SYMBOL
|static|,static.crs,named,1151,_ZN3app4util7G2DUtil16CreateLayoutWorkEPKNS1_10LytResDataEjjPNS0_4HeapEN4gfl23lyt10MemoryAreaE,"app::util::G2DUtil::CreateLayoutWork(app::util::G2DUtil::LytResData const*, unsigned int, unsigned int, app::util::Heap*, gfl2::lyt::MemoryArea)",0,2163420,.text,FUNCTION,RETAIL_ORIGINAL_SYMBOL
|static|,static.crs,named,1152,_ZN3app4util7G2DUtil16DeleteLayoutWorkEv,app::util::G2DUtil::DeleteLayoutWork(),0,2164284,.text,FUNCTION,RETAIL_ORIGINAL_SYMBOL
|static|,static.crs,named,1153,_ZN3app4util7G2DUtil16GetAnimeMaxFrameEjj,"app::util::G2DUtil::GetAnimeMaxFrame(unsigned int, unsigned int)",0,2164508,.text,FUNCTION,RETAIL_ORIGINAL_SYMBOL
|static|,static.crs,named,1154,_ZN3app4util7G2DUtil16GetMaterialColorEPN2nw3lyt4PaneEj,"app::util::G2DUtil::GetMaterialColor(nw::lyt::Pane*, unsigned int)",0,2164580,.text,FUNCTION,RETAIL_ORIGINAL_SYMBOL
|static|,static.crs,named,1155,_ZN3app4util7G2DUtil16SetMaterialColorEPN2nw3lyt4PaneEjNS2_2ut6Color8E,"app::util::G2DUtil::SetMaterialColor(nw::lyt::Pane*, unsigned int, nw::ut::Color8)",0,2164668,.text,FUNCTION,RETAIL_ORIGINAL_SYMBOL
|static|,static.crs,named,1156,_ZN3app4util7G2DUtil17CreateMessageDataEjN4gfl23str7MsgData8LoadTypeEPNS0_4HeapEi,"app::util::G2DUtil::CreateMessageData(unsigned int, gfl2::str::MsgData::LoadType, app::util::Heap*, int)",0,2164836,.text,FUNCTION,RETAIL_ORIGINAL_SYMBOL
|static|,static.crs,named,1157,_ZN3app4util7G2DUtil17DeleteMessageDataEv,app::util::G2DUtil::DeleteMessageData(),0,2165008,.text,FUNCTION,RETAIL_ORIGINAL_SYMBOL
|static|,static.crs,named,1158,_ZN3app4util7G2DUtil17GetAppLytAccessorEv,app::util::G2DUtil::GetAppLytAccessor(),0,2165120,.text,FUNCTION,RETAIL_ORIGINAL_SYMBOL
|static|,static.crs,named,1159,_ZN3app4util7G2DUtil17SetRegisterNumberEjjjN5print14NumberDispTypeENS2_14NumberCodeTypeE,"app::util::G2DUtil::SetRegisterNumber(unsigned int, unsigned int, unsigned int, print::NumberDispType, print::NumberCodeType)",0,2165128,.text,FUNCTION,RETAIL_ORIGINAL_SYMBOL
|static|,static.crs,named,1160,_ZN3app4util7G2DUtil18CreateLayoutSystemEPNS0_4HeapEjj,"app::util::G2DUtil::CreateLayoutSystem(app::util::Heap*, unsigned int, unsigned int)",0,2165164,.text,FUNCTION,RETAIL_ORIGINAL_SYMBOL
|static|,static.crs,named,1161,_ZN3app4util7G2DUtil18DeleteLayoutSystemEv,app::util::G2DUtil::DeleteLayoutSystem(),0,2165268,.text,FUNCTION,RETAIL_ORIGINAL_SYMBOL
|static|,static.crs,named,1162,_ZN3app2ui6UIView11GetLytSetupEN4gfl23lyt11DisplayTypeE,app::ui::UIView::GetLytSetup(gfl2::lyt::DisplayType),0,2165308,.text,FUNCTION,RETAIL_ORIGINAL_SYMBOL
|static|,static.crs,named,1163,_ZN3app4util7G2DUtil18GetLayoutWorkSetupEN4gfl23lyt11DisplayTypeE,app::util::G2DUtil::GetLayoutWorkSetup(gfl2::lyt::DisplayType),0,2165316,.text,FUNCTION,RETAIL_ORIGINAL_SYMBOL
|static|,static.crs,named,1164,_ZN3app4util7G2DUtil18SetMessageCallbackEPN5print11MsgCallbackE,app::util::G2DUtil::SetMessageCallback(print::MsgCallback*),0,2165336,.text,FUNCTION,RETAIL_ORIGINAL_SYMBOL
|static|,static.crs,named,1165,_ZN3app4util7G2DUtil19CreateMessageWindowEPKN4gfl22ui13DeviceManagerEjPN2nw3lyt7TextBoxESA_PNS0_4HeapEb,"app::util::G2DUtil::CreateMessageWindow(gfl2::ui::DeviceManager const*, unsigned int, nw::lyt::TextBox*, nw::lyt::TextBox*, app::util::Heap*, bool)",0,2165488,.text,FUNCTION,RETAIL_ORIGINAL_SYMBOL
|static|,static.crs,named,1166,_ZN3app4util7G2DUtil19CreateMessageWindowEPKN4gfl22ui13DeviceManagerEjPN2nw3lyt7TextBoxESA_iPNS0_4HeapE,"app::util::G2DUtil::CreateMessageWindow(gfl2::ui::DeviceManager const*, unsigned int, nw::lyt::TextBox*, nw::lyt::TextBox*, int, app::util::Heap*)",0,2165632,.text,FUNCTION,RETAIL_ORIGINAL_SYMBOL
|static|,static.crs,named,1167,_ZN3app4util7G2DUtil19DeleteMessageWindowEv,app::util::G2DUtil::DeleteMessageWindow(),0,2165936,.text,FUNCTION,RETAIL_ORIGINAL_SYMBOL
|static|,static.crs,named,1168,_ZN3app4util7G2DUtil19GetLayoutResourceIDEj,app::util::G2DUtil::GetLayoutResourceID(unsigned int),0,2165996,.text,FUNCTION,RETAIL_ORIGINAL_SYMBOL
|static|,static.crs,named,1169,_ZN3app4util7G2DUtil19GetLayoutResourceIDEv,app::util::G2DUtil::GetLayoutResourceID(),0,2166060,.text,FUNCTION,RETAIL_ORIGINAL_SYMBOL
|static|,static.crs,named,1170,_ZN3app4util7G2DUtil19GetTextBoxPaneColorEPN2nw3lyt7TextBoxEPNS2_2ut6Color8ES8_,"app::util::G2DUtil::GetTextBoxPaneColor(nw::lyt::TextBox*, nw::ut::Color8*, nw::ut::Color8*)",0,2166068,.text,FUNCTION,RETAIL_ORIGINAL_SYMBOL
|static|,static.crs,named,1171,_ZN3app4util7G2DUtil19SetLayoutDrawEnableEjb,"app::util::G2DUtil::SetLayoutDrawEnable(unsigned int, bool)",0,2166196,.text,FUNCTION,RETAIL_ORIGINAL_SYMBOL
|static|,static.crs,named,1172,_ZN3app4util7G2DUtil19SetTextBoxPaneColorEPN2nw3lyt7TextBoxERKNS2_2ut6Color8ES9_,"app::util::G2DUtil::SetTextBoxPaneColor(nw::lyt::TextBox*, nw::ut::Color8 const&, nw::ut::Color8 const&)",0,2166232,.text,FUNCTION,RETAIL_ORIGINAL_SYMBOL
|static|,static.crs,named,1173,_ZN3app4util7G2DUtil20CreateAppLytAccessorEPNS0_4HeapE,app::util::G2DUtil::CreateAppLytAccessor(app::util::Heap*),0,2166280,.text,FUNCTION,RETAIL_ORIGINAL_SYMBOL
|static|,static.crs,named,1174,_ZN3app4util7G2DUtil20DeleteAppLytAccessorEv,app::util::G2DUtil::DeleteAppLytAccessor(),0,2166316,.text,FUNCTION,RETAIL_ORIGINAL_SYMBOL
|static|,static.crs,named,1175,_ZN3app4util7G2DUtil20SetMessageFinishModeEN4gfl23str6StrWin10FinishTypeEh,"app::util::G2DUtil::SetMessageFinishMode(gfl2::str::StrWin::FinishType, unsigned char)",0,2166360,.text,FUNCTION,RETAIL_ORIGINAL_SYMBOL
|static|,static.crs,named,1176,_ZN3app4util7G2DUtil20SetTextBoxPaneNumberEPN2nw3lyt7TextBoxEPN4gfl23str6StrBufEjjjN5print14NumberDispTypeENSA_14NumberCodeTypeE,"app::util::G2DUtil::SetTextBoxPaneNumber(nw::lyt::TextBox*, gfl2::str::StrBuf*, unsigned int, unsigned int, unsigned int, print::NumberDispType, print::NumberCodeType)",0,2166368,.text,FUNCTION,RETAIL_ORIGINAL_SYMBOL
|static|,static.crs,named,1177,_ZN3app4util7G2DUtil20SetTextBoxPaneNumberEPN2nw3lyt7TextBoxEjjjjN5print14NumberDispTypeENS6_14NumberCodeTypeE,"app::util::G2DUtil::SetTextBoxPaneNumber(nw::lyt::TextBox*, unsigned int, unsigned int, unsigned int, unsigned int, print::NumberDispType, print::NumberCodeType)",0,2166504,.text,FUNCTION,RETAIL_ORIGINAL_SYMBOL
|static|,static.crs,named,1178,_ZN3app4util7G2DUtil20SetTextBoxPaneNumberEjjjjjjN5print14NumberDispTypeENS2_14NumberCodeTypeE,"app::util::G2DUtil::SetTextBoxPaneNumber(unsigned int, unsigned int, unsigned int, unsigned int, unsigned int, unsigned int, print::NumberDispType, print::NumberCodeType)",0,2166656,.text,FUNCTION,RETAIL_ORIGINAL_SYMBOL
|static|,static.crs,named,1179,_ZN3app4util7G2DUtil20SetTextBoxPaneStringEPN2nw3lyt7TextBoxEPN4gfl23str6StrBufE,"app::util::G2DUtil::SetTextBoxPaneString(nw::lyt::TextBox*, gfl2::str::StrBuf*)",0,2166896,.text,FUNCTION,RETAIL_ORIGINAL_SYMBOL
|static|,static.crs,named,1180,_ZN3app4util7G2DUtil20SetTextBoxPaneStringEPN2nw3lyt7TextBoxEj,"app::util::G2DUtil::SetTextBoxPaneString(nw::lyt::TextBox*, unsigned int)",0,2166912,.text,FUNCTION,RETAIL_ORIGINAL_SYMBOL
|static|,static.crs,named,1181,_ZN3app2ui6UIView20SetTextboxPaneStringEjjPKw,"app::ui::UIView::SetTextboxPaneString(unsigned int, unsigned int, wchar_t const*)",0,2166960,.text,FUNCTION,RETAIL_ORIGINAL_SYMBOL
|static|,static.crs,named,1182,_ZN3app4util7G2DUtil20SetTextBoxPaneStringEjjPKw,"app::util::G2DUtil::SetTextBoxPaneString(unsigned int, unsigned int, wchar_t const*)",0,2166968,.text,FUNCTION,RETAIL_ORIGINAL_SYMBOL
|static|,static.crs,named,1183,_ZN3app4util7G2DUtil20SetTextBoxPaneStringEjjPN4gfl23str6StrBufE,"app::util::G2DUtil::SetTextBoxPaneString(unsigned int, unsigned int, gfl2::str::StrBuf*)",0,2167040,.text,FUNCTION,RETAIL_ORIGINAL_SYMBOL
|static|,static.crs,named,1184,_ZN3app4util7G2DUtil20SetTextBoxPaneStringEjjj,"app::util::G2DUtil::SetTextBoxPaneString(unsigned int, unsigned int, unsigned int)",0,2167112,.text,FUNCTION,RETAIL_ORIGINAL_SYMBOL
|static|,static.crs,named,1185,_ZN3App4Tool10TalkWindow23SetMsgCursorUserVisibleEbb,"App::Tool::TalkWindow::SetMsgCursorUserVisible(bool, bool)",0,2167212,.text,FUNCTION,RETAIL_ORIGINAL_SYMBOL
|static|,static.crs,named,1186,_ZN3app4util7G2DUtil23SetMsgCursorUserVisibleEbb,"app::util::G2DUtil::SetMsgCursorUserVisible(bool, bool)",0,2167244,.text,FUNCTION,RETAIL_ORIGINAL_SYMBOL
|static|,static.crs,named,1187,_ZN3app4util7G2DUtil26SetTextBoxPaneStringExpandEPN2nw3lyt7TextBoxERN4gfl23str6StrBufE,"app::util::G2DUtil::SetTextBoxPaneStringExpand(nw::lyt::TextBox*, gfl2::str::StrBuf&)",0,2167572,.text,FUNCTION,RETAIL_ORIGINAL_SYMBOL
|static|,static.crs,named,1188,_ZN3app4util7G2DUtil26SetTextBoxPaneStringExpandEPN2nw3lyt7TextBoxEj,"app::util::G2DUtil::SetTextBoxPaneStringExpand(nw::lyt::TextBox*, unsigned int)",0,2167616,.text,FUNCTION,RETAIL_ORIGINAL_SYMBOL
|static|,static.crs,named,1189,_ZN3app4util7G2DUtil26SetTextBoxPaneStringExpandEjjj,"app::util::G2DUtil::SetTextBoxPaneStringExpand(unsigned int, unsigned int, unsigned int)",0,2167680,.text,FUNCTION,RETAIL_ORIGINAL_SYMBOL
|static|,static.crs,named,1190,_ZN3app4util7G2DUtil27AddDrawableLytWkForOneFrameEPNS0_19AppRenderingManagerEN4gfl23gfx12CtrDisplayNoEjhj,"app::util::G2DUtil::AddDrawableLytWkForOneFrame(app::util::AppRenderingManager*, gfl2::gfx::CtrDisplayNo, unsigned int, unsigned char, unsigned int)",0,2167796,.text,FUNCTION,RETAIL_ORIGINAL_SYMBOL
|static|,static.crs,named,1191,_ZN3app4util7G2DUtil29AttachLayoutResourceReferenceEPKNS1_10LytResDataEj,"app::util::G2DUtil::AttachLayoutResourceReference(app::util::G2DUtil::LytResData const*, unsigned int)",0,2167948,.text,FUNCTION,RETAIL_ORIGINAL_SYMBOL
|static|,static.crs,named,1192,_ZN3app4util7G2DUtil31SetVtxColorElementOfPicturePaneEjjN2nw2ut6Color8E,"app::util::G2DUtil::SetVtxColorElementOfPicturePane(unsigned int, unsigned int, nw::ut::Color8)",0,2168276,.text,FUNCTION,RETAIL_ORIGINAL_SYMBOL
|static|,static.crs,named,1193,_ZN3app4util7G2DUtil8SetScaleEPN2nw3lyt4PaneERN4gfl24math22ExtendedVectorTemplateINS7_33SpecializedExtendedVectorTemplateIN2nn4math4VEC2EEEEE,"app::util::G2DUtil::SetScale(nw::lyt::Pane*, gfl2::math::ExtendedVectorTemplate<gfl2::math::SpecializedExtendedVectorTemplate<nn::math::VEC2> >&)",0,2168464,.text,FUNCTION,RETAIL_ORIGINAL_SYMBOL
|static|,static.crs,named,1194,_ZN3app4util7G2DUtil8SetScaleEjjRN4gfl24math22ExtendedVectorTemplateINS3_33SpecializedExtendedVectorTemplateIN2nn4math4VEC2EEEEE,"app::util::G2DUtil::SetScale(unsigned int, unsigned int, gfl2::math::ExtendedVectorTemplate<gfl2::math::SpecializedExtendedVectorTemplate<nn::math::VEC2> >&)",0,2168528,.text,FUNCTION,RETAIL_ORIGINAL_SYMBOL
|static|,static.crs,named,1195,_ZN3App4Tool30CommonMessageWindowManipulator11HideMessageEv,App::Tool::CommonMessageWindowManipulator::HideMessage(),0,2168584,.text,FUNCTION,RETAIL_ORIGINAL_SYMBOL
|static|,static.crs,named,1196,_ZN3app4util7G2DUtil8Update2DEv,app::util::G2DUtil::Update2D(),0,2168732,.text,FUNCTION,RETAIL_ORIGINAL_SYMBOL
|static|,static.crs,named,1197,_ZN3app4util7G2DUtil9BindAnimeEjjb,"app::util::G2DUtil::BindAnime(unsigned int, unsigned int, bool)",0,2168792,.text,FUNCTION,RETAIL_ORIGINAL_SYMBOL
|static|,static.crs,named,1198,_ZN3app4util7G2DUtil9GetMsgWinEv,app::util::G2DUtil::GetMsgWin(),0,2168864,.text,FUNCTION,RETAIL_ORIGINAL_SYMBOL
|static|,static.crs,named,1199,_ZN3app4util7G2DUtil9GetStringEPN4gfl23str6StrBufEj,"app::util::G2DUtil::GetString(gfl2::str::StrBuf*, unsigned int)",0,2168872,.text,FUNCTION,RETAIL_ORIGINAL_SYMBOL
|static|,static.crs,named,1200,_ZN3app4util7G2DUtil9SetTexMapEPN2nw3lyt4PaneEjj,"app::util::G2DUtil::SetTexMap(nw::lyt::Pane*, unsigned int, unsigned int)",0,2168892,.text,FUNCTION,RETAIL_ORIGINAL_SYMBOL
|static|,static.crs,named,1201,_ZN3app4util7G2DUtil9StopAnimeEjjb,"app::util::G2DUtil::StopAnime(unsigned int, unsigned int, bool)",0,2169056,.text,FUNCTION,RETAIL_ORIGINAL_SYMBOL
|static|,static.crs,named,1202,_ZN3app4util7G2DUtilC1EPNS0_4HeapE,app::util::G2DUtil::G2DUtil(app::util::Heap*),0,2169172,.text,FUNCTION,RETAIL_ORIGINAL_SYMBOL
|static|,static.crs,named,1203,_ZN3app4util9AppCamera13SetViewMatrixERKN4gfl24math7Vector3ES6_f,"app::util::AppCamera::SetViewMatrix(gfl2::math::Vector3 const&, gfl2::math::Vector3 const&, float)",0,2169448,.text,FUNCTION,RETAIL_ORIGINAL_SYMBOL
|static|,static.crs,named,1204,_ZN3app4util9AppCamera24SetOrthoProjectionMatrixEffffb,"app::util::AppCamera::SetOrthoProjectionMatrix(float, float, float, float, bool)",0,2170128,.text,FUNCTION,RETAIL_ORIGINAL_SYMBOL
|static|,static.crs,named,1205,_ZN3app4util9AppCameraC1Ev,app::util::AppCamera::AppCamera(),0,2170340,.text,FUNCTION,RETAIL_ORIGINAL_SYMBOL
|static|,static.crs,named,1206,_ZN3app4util9ScrollBar10SetRequestENS1_7REQUESTE,app::util::ScrollBar::SetRequest(app::util::ScrollBar::REQUEST),0,2170572,.text,FUNCTION,RETAIL_ORIGINAL_SYMBOL
|static|,static.crs,named,1207,_ZN3app4util9ScrollBar11ChangeParamEj,app::util::ScrollBar::ChangeParam(unsigned int),0,2170732,.text,FUNCTION,RETAIL_ORIGINAL_SYMBOL
|static|,static.crs,named,1208,_ZN3app4util9ScrollBar4DrawEf,app::util::ScrollBar::Draw(float),0,2170784,.text,FUNCTION,RETAIL_ORIGINAL_SYMBOL
|static|,static.crs,named,1209,_ZN3app4util9ScrollBarC1EPKNS1_11SETUP_PARAME,app::util::ScrollBar::ScrollBar(app::util::ScrollBar::SETUP_PARAM const*),0,2171124,.text,FUNCTION,RETAIL_ORIGINAL_SYMBOL
|static|,static.crs,named,1210,_ZN3app4util9ScrollBarD1Ev,app::util::ScrollBar::~ScrollBar(),0,2171436,.text,FUNCTION,RETAIL_ORIGINAL_SYMBOL
|static|,static.crs,named,1211,_Z26BATTLE_PARAM_SetRegulationP18BATTLE_SETUP_PARAMP10RegulationPN4gfl24heap11CtrHeapBaseE,"BATTLE_PARAM_SetRegulation(BATTLE_SETUP_PARAM*, Regulation*, gfl2::heap::CtrHeapBase*)",0,2176556,.text,FUNCTION,RETAIL_ORIGINAL_SYMBOL
|static|,static.crs,named,1212,_ZN3btl18GetBgComponentDataENS_2bg16bgsys_far_typeIDENS0_17bgsys_near_typeIDEPNS_15BgComponentDataE,"btl::GetBgComponentData(btl::bg::bgsys_far_typeID, btl::bg::bgsys_near_typeID, btl::BgComponentData*)",0,2177124,.text,FUNCTION,RETAIL_ORIGINAL_SYMBOL
|static|,static.crs,named,1213,_ZN3btl8BgSystem8IsEnalbeEv,btl::BgSystem::IsEnalbe(),0,2178252,.text,FUNCTION,RETAIL_ORIGINAL_SYMBOL
|static|,static.crs,named,1214,_ZN3btl8BgSystem9IsVisibleEv,btl::BgSystem::IsVisible(),0,2178260,.text,FUNCTION,RETAIL_ORIGINAL_SYMBOL
|static|,static.crs,named,1215,_ZN3pml4waza18ZenryokuWazaSystem17GetZenryokuWazaNoERKNS1_18ZenryokuWazaSourceE,pml::waza::ZenryokuWazaSystem::GetZenryokuWazaNo(pml::waza::ZenryokuWazaSystem::ZenryokuWazaSource const&),0,2178268,.text,FUNCTION,RETAIL_ORIGINAL_SYMBOL
|static|,static.crs,named,1216,_ZN3pml4waza18ZenryokuWazaSystem19GetZenryokuWazaKindERKNS1_18ZenryokuWazaSourceE,pml::waza::ZenryokuWazaSystem::GetZenryokuWazaKind(pml::waza::ZenryokuWazaSystem::ZenryokuWazaSource const&),0,2178288,.text,FUNCTION,RETAIL_ORIGINAL_SYMBOL
|static|,static.crs,named,1217,_ZN3pml4waza18ZenryokuWazaSystem20IsZenryokuWazaEnableEPKNS_8pokepara12PokemonParamEt,"pml::waza::ZenryokuWazaSystem::IsZenryokuWazaEnable(pml::pokepara::PokemonParam const*, unsigned short)",0,2178308,.text,FUNCTION,RETAIL_ORIGINAL_SYMBOL
|static|,static.crs,named,1218,_ZN3pml6battle12TypeAffinity11MulAffinityENS1_10AffinityIDES2_,"pml::battle::TypeAffinity::MulAffinity(pml::battle::TypeAffinity::AffinityID, pml::battle::TypeAffinity::AffinityID)",0,2178924,.text,FUNCTION,RETAIL_ORIGINAL_SYMBOL
|static|,static.crs,named,1219,_ZN3pml6battle12TypeAffinity12CalcAffinityEhhb,"pml::battle::TypeAffinity::CalcAffinity(unsigned char, unsigned char, bool)",0,2179188,.text,FUNCTION,RETAIL_ORIGINAL_SYMBOL
|static|,static.crs,named,1220,_ZN3pml6battle12TypeAffinity17CalcAffinityAboutEhhhb,"pml::battle::TypeAffinity::CalcAffinityAbout(unsigned char, unsigned char, unsigned char, bool)",0,2179644,.text,FUNCTION,RETAIL_ORIGINAL_SYMBOL
|static|,static.crs,named,1221,_ZN3pml6battle12TypeAffinity17ConvAboutAffinityENS1_10AffinityIDE,pml::battle::TypeAffinity::ConvAboutAffinity(pml::battle::TypeAffinity::AffinityID),0,2179684,.text,FUNCTION,RETAIL_ORIGINAL_SYMBOL
|static|,static.crs,named,1222,_ZN3pml8personal11GetMonsNameEPN4gfl23str6StrBufE6MonsNo,"pml::personal::GetMonsName(gfl2::str::StrBuf*, MonsNo)",0,2180992,.text,FUNCTION,RETAIL_ORIGINAL_SYMBOL
|static|,static.crs,named,1223,_ZN3pml8personal13CheckMegaFormE6MonsNoh,"pml::personal::CheckMegaForm(MonsNo, unsigned char)",0,2183256,.text,FUNCTION,RETAIL_ORIGINAL_SYMBOL
|static|,static.crs,named,1224,_ZN3pml8personal13LoadGrowTableE6MonsNoh,"pml::personal::LoadGrowTable(MonsNo, unsigned char)",0,2183512,.text,FUNCTION,RETAIL_ORIGINAL_SYMBOL
|static|,static.crs,named,1225,_ZN3pml8personal14GetWazaOboeNumEv,pml::personal::GetWazaOboeNum(),0,2184208,.text,FUNCTION,RETAIL_ORIGINAL_SYMBOL
|static|,static.crs,named,1226,_ZN3pml8personal15CheckGensiKaikiE6MonsNoh,"pml::personal::CheckGensiKaiki(MonsNo, unsigned char)",0,2184668,.text,FUNCTION,RETAIL_ORIGINAL_SYMBOL
|static|,static.crs,named,1227,_ZN3pml8personal16GetPersonalParamENS0_7ParamIDE,pml::personal::GetPersonalParam(pml::personal::ParamID),0,2185340,.text,FUNCTION,RETAIL_ORIGINAL_SYMBOL
|static|,static.crs,named,1228,_ZN3pml8personal16GetWazaOboeLevelEt,pml::personal::GetWazaOboeLevel(unsigned short),0,2185360,.text,FUNCTION,RETAIL_ORIGINAL_SYMBOL
|static|,static.crs,named,1229,_ZN3pml8personal16LoadPersonalDataE6MonsNoh,"pml::personal::LoadPersonalData(MonsNo, unsigned char)",0,2185380,.text,FUNCTION,RETAIL_ORIGINAL_SYMBOL
|static|,static.crs,named,1230,_ZN3pml8personal16LoadWazaOboeDataE6MonsNoh,"pml::personal::LoadWazaOboeData(MonsNo, unsigned char)",0,2185404,.text,FUNCTION,RETAIL_ORIGINAL_SYMBOL
|static|,static.crs,named,1231,_ZN3pml8personal17GetEvolutionParamEh,pml::personal::GetEvolutionParam(unsigned char),0,2185512,.text,FUNCTION,RETAIL_ORIGINAL_SYMBOL
|static|,static.crs,named,1232,_ZN3pml8personal17GetTokuseiPatternEv,pml::personal::GetTokuseiPattern(),0,2185532,.text,FUNCTION,RETAIL_ORIGINAL_SYMBOL
|static|,static.crs,named,1233,_ZN3pml8personal17GetWazaOboeWazaNoEt,pml::personal::GetWazaOboeWazaNo(unsigned short),0,2185680,.text,FUNCTION,RETAIL_ORIGINAL_SYMBOL
|static|,static.crs,named,1234,_ZN3pml8personal18LoadEvolutionTableE6MonsNoh,"pml::personal::LoadEvolutionTable(MonsNo, unsigned char)",0,2186528,.text,FUNCTION,RETAIL_ORIGINAL_SYMBOL
|static|,static.crs,named,1235,_ZN3pml8personal18METENO_IsShellFormEh,pml::personal::METENO_IsShellForm(unsigned char),0,2186612,.text,FUNCTION,RETAIL_ORIGINAL_SYMBOL
|static|,static.crs,named,1236,_ZN3pml8personal19LoadMegaEvolveTableE6MonsNo,pml::personal::LoadMegaEvolveTable(MonsNo),0,2187168,.text,FUNCTION,RETAIL_ORIGINAL_SYMBOL
|static|,static.crs,named,1237,_ZN3pml8personal20GetEvolutionRouteNumEv,pml::personal::GetEvolutionRouteNum(),0,2187240,.text,FUNCTION,RETAIL_ORIGINAL_SYMBOL
|static|,static.crs,named,1238,_ZN3pml8personal20GetEvolveEnableLevelEh,pml::personal::GetEvolveEnableLevel(unsigned char),0,2187256,.text,FUNCTION,RETAIL_ORIGINAL_SYMBOL
|static|,static.crs,named,1239,_ZN3pml8personal20METENO_GetCoreFormNoEh,pml::personal::METENO_GetCoreFormNo(unsigned char),0,2187296,.text,FUNCTION,RETAIL_ORIGINAL_SYMBOL
|static|,static.crs,named,1240,_ZN3pml8personal21GetEvolutionConditionEh,pml::personal::GetEvolutionCondition(unsigned char),0,2187932,.text,FUNCTION,RETAIL_ORIGINAL_SYMBOL
|static|,static.crs,named,1241,_ZNK3pml8pokepara9CoreParam16GetMegaFormCountEv,pml::pokepara::CoreParam::GetMegaFormCount() const,0,2187952,.text,FUNCTION,RETAIL_ORIGINAL_SYMBOL
|static|,static.crs,named,1242,_ZN3pml8personal21GetMegaEvolveRouteNumEv,pml::personal::GetMegaEvolveRouteNum(),0,2187976,.text,FUNCTION,RETAIL_ORIGINAL_SYMBOL
|static|,static.crs,named,1243,_ZN3pml8personal21METENO_GetShellFormNoEh,pml::personal::METENO_GetShellFormNo(unsigned char),0,2187992,.text,FUNCTION,RETAIL_ORIGINAL_SYMBOL
|static|,static.crs,named,1244,_ZNK3pml8pokepara9CoreParam16CheckWazaMachineEj,pml::pokepara::CoreParam::CheckWazaMachine(unsigned int) const,0,2188276,.text,FUNCTION,RETAIL_ORIGINAL_SYMBOL
|static|,static.crs,named,1245,_ZN3pml8personal4Util15GetRegionFormNoEPhPj6MonsNoNS0_8RegionIDE,"pml::personal::Util::GetRegionFormNo(unsigned char*, unsigned int*, MonsNo, pml::personal::RegionID)",0,2188372,.text,FUNCTION,RETAIL_ORIGINAL_SYMBOL
|static|,static.crs,named,1246,_ZNK3pml8pokepara9CoreParam18GetExpForNextLevelEv,pml::pokepara::CoreParam::GetExpForNextLevel() const,0,2189144,.text,FUNCTION,RETAIL_ORIGINAL_SYMBOL
|static|,static.crs,named,1247,_ZN3pml8personal9GetMinExpEh,pml::personal::GetMinExp(unsigned char),0,2189212,.text,FUNCTION,RETAIL_ORIGINAL_SYMBOL
|static|,static.crs,named,1248,_ZN3pml8pokepara12PokemonParam8CopyFromERKS1_,pml::pokepara::PokemonParam::CopyFrom(pml::pokepara::PokemonParam const&),0,2194828,.text,FUNCTION,RETAIL_ORIGINAL_SYMBOL
|static|,static.crs,named,1249,_ZN3pml8pokepara12PokemonParamC1EPN4gfl24heap11CtrHeapBaseE,pml::pokepara::PokemonParam::PokemonParam(gfl2::heap::CtrHeapBase*),0,2194872,.text,FUNCTION,RETAIL_ORIGINAL_SYMBOL
|static|,static.crs,named,1250,_ZN3pml8pokepara12PokemonParamC1EPN4gfl24heap11CtrHeapBaseE6MonsNoty,"pml::pokepara::PokemonParam::PokemonParam(gfl2::heap::CtrHeapBase*, MonsNo, unsigned short, unsigned long long)",0,2194952,.text,FUNCTION,RETAIL_ORIGINAL_SYMBOL
|static|,static.crs,named,1251,_ZN3pml8pokepara12PokemonParamC1EPN4gfl24heap11CtrHeapBaseERKNS0_11InitialSpecE,"pml::pokepara::PokemonParam::PokemonParam(gfl2::heap::CtrHeapBase*, pml::pokepara::InitialSpec const&)",0,2195108,.text,FUNCTION,RETAIL_ORIGINAL_SYMBOL
|static|,static.crs,named,1252,_ZN3pml8pokepara12PokemonParamC1EPN4gfl24heap11CtrHeapBaseERKNS0_9CoreParamE,"pml::pokepara::PokemonParam::PokemonParam(gfl2::heap::CtrHeapBase*, pml::pokepara::CoreParam const&)",0,2195236,.text,FUNCTION,RETAIL_ORIGINAL_SYMBOL
|static|,static.crs,named,1253,_ZN3pml8pokepara12PokemonParamC1EPN4gfl24heap11CtrHeapBaseERKS1_,"pml::pokepara::PokemonParam::PokemonParam(gfl2::heap::CtrHeapBase*, pml::pokepara::PokemonParam const&)",0,2195380,.text,FUNCTION,RETAIL_ORIGINAL_SYMBOL
|static|,static.crs,named,1254,_ZN3pml8pokepara13EvolveManagerC1Ev,pml::pokepara::EvolveManager::EvolveManager(),0,2195508,.text,FUNCTION,RETAIL_ORIGINAL_SYMBOL
|static|,static.crs,named,1255,_ZN3pml8pokepara13EvolveManagerD1Ev,pml::pokepara::EvolveManager::~EvolveManager(),0,2195532,.text,FUNCTION,RETAIL_ORIGINAL_SYMBOL
|static|,static.crs,named,1256,_ZNK3pml8pokepara9CoreParam10GetBoxMarkENS0_7BoxMarkE,pml::pokepara::CoreParam::GetBoxMark(pml::pokepara::BoxMark) const,0,2195536,.text,FUNCTION,RETAIL_ORIGINAL_SYMBOL
|static|,static.crs,named,1257,_ZN3pml8pokepara9CoreParam10SetGetBallEj,pml::pokepara::CoreParam::SetGetBall(unsigned int),0,2199484,.text,FUNCTION,RETAIL_ORIGINAL_SYMBOL
|static|,static.crs,named,1258,_ZN3pml8pokepara9CoreParam13SetParentNameEPKN4gfl23str6StrBufE,pml::pokepara::CoreParam::SetParentName(gfl2::str::StrBuf const*),0,2199540,.text,FUNCTION,RETAIL_ORIGINAL_SYMBOL
|static|,static.crs,named,1259,_ZN3pml8pokepara9CoreParam16FlipTokuseiIndexEv,pml::pokepara::CoreParam::FlipTokuseiIndex(),0,2200724,.text,FUNCTION,RETAIL_ORIGINAL_SYMBOL
|static|,static.crs,named,1260,_ZN3pml8pokepara9CoreParam16SetNadenadeValueEh,pml::pokepara::CoreParam::SetNadenadeValue(unsigned char),0,2202744,.text,FUNCTION,RETAIL_ORIGINAL_SYMBOL
|static|,static.crs,named,1261,_ZN3pml8pokepara9CoreParam16SetWazaPPUpCountEhh,"pml::pokepara::CoreParam::SetWazaPPUpCount(unsigned char, unsigned char)",0,2202876,.text,FUNCTION,RETAIL_ORIGINAL_SYMBOL
|static|,static.crs,named,1262,_ZN3pml8pokepara9CoreParam18SetCassetteVersionEj,pml::pokepara::CoreParam::SetCassetteVersion(unsigned int),0,2203244,.text,FUNCTION,RETAIL_ORIGINAL_SYMBOL
|static|,static.crs,named,1263,_ZN3pml8pokepara12PokemonParam16Deserialize_FullEPKv,pml::pokepara::PokemonParam::Deserialize_Full(void const*),0,2203828,.text,FUNCTION,RETAIL_ORIGINAL_SYMBOL
|static|,static.crs,named,1264,_ZN3pml8pokepara9CoreParam20SetResortEventStatusEh,pml::pokepara::CoreParam::SetResortEventStatus(unsigned char),0,2204088,.text,FUNCTION,RETAIL_ORIGINAL_SYMBOL
|static|,static.crs,named,1265,_ZN3pml8pokepara9CoreParam22SubOriginalFamiliarityEj,pml::pokepara::CoreParam::SubOriginalFamiliarity(unsigned int),0,2204272,.text,FUNCTION,RETAIL_ORIGINAL_SYMBOL
|static|,static.crs,named,1266,_ZN3pml8pokepara9CoreParam5SetHpEj,pml::pokepara::CoreParam::SetHp(unsigned int),0,2204720,.text,FUNCTION,RETAIL_ORIGINAL_SYMBOL
|static|,static.crs,named,1267,_ZN3pml8pokepara9CoreParam5SetIDEj,pml::pokepara::CoreParam::SetID(unsigned int),0,2204844,.text,FUNCTION,RETAIL_ORIGINAL_SYMBOL
|static|,static.crs,named,1268,_ZN3pml8pokepara9CoreParam11RecoverSickEv,pml::pokepara::CoreParam::RecoverSick(),0,2206260,.text,FUNCTION,RETAIL_ORIGINAL_SYMBOL
|static|,static.crs,named,1269,_ZN3pml8pokepara9CoreParam5ClearEv,pml::pokepara::CoreParam::Clear(),0,2206996,.text,FUNCTION,RETAIL_ORIGINAL_SYMBOL
|static|,static.crs,named,1270,_ZN3pml8pokepara9CoreParam10RemoveItemEv,pml::pokepara::CoreParam::RemoveItem(),0,2207380,.text,FUNCTION,RETAIL_ORIGINAL_SYMBOL
|static|,static.crs,named,1271,_ZN3pml8pokepara9CoreParam9SetLangIdEj,pml::pokepara::CoreParam::SetLangId(unsigned int),0,2207436,.text,FUNCTION,RETAIL_ORIGINAL_SYMBOL
|static|,static.crs,named,1272,_ZN3pml8pokepara9CoreParam12SetParentSexENS_3SexE,pml::pokepara::CoreParam::SetParentSex(pml::Sex),0,2207536,.text,FUNCTION,RETAIL_ORIGINAL_SYMBOL
|static|,static.crs,named,1273,_ZNK3pml8pokepara9CoreParam10JudgeTasteENS0_5TasteE,pml::pokepara::CoreParam::JudgeTaste(pml::pokepara::Taste) const,0,2207932,.text,FUNCTION,RETAIL_ORIGINAL_SYMBOL
|static|,static.crs,named,1274,_ZNK3pml8pokepara9CoreParam6IsRareEv,pml::pokepara::CoreParam::IsRare() const,0,2207988,.text,FUNCTION,RETAIL_ORIGINAL_SYMBOL
|static|,static.crs,named,1275,_ZNK3pml8pokepara9CoreParam8GetLevelEv,pml::pokepara::CoreParam::GetLevel() const,0,2209508,.text,FUNCTION,RETAIL_ORIGINAL_SYMBOL
|static|,static.crs,named,1276,_ZN3pml8pokepara9CoreParam10MegaEvolveEv,pml::pokepara::CoreParam::MegaEvolve(),0,2209820,.text,FUNCTION,RETAIL_ORIGINAL_SYMBOL
|static|,static.crs,named,1277,_ZN3pml8pokepara9CoreParam10SetBoxMarkENS0_7BoxMarkENS0_12BoxMarkColorE,"pml::pokepara::CoreParam::SetBoxMark(pml::pokepara::BoxMark, pml::pokepara::BoxMarkColor)",0,2209936,.text,FUNCTION,RETAIL_ORIGINAL_SYMBOL
|static|,static.crs,named,1278,_ZN3pml8pokepara9CoreParam11SetMemoriesENS0_8MemoriesEj,"pml::pokepara::CoreParam::SetMemories(pml::pokepara::Memories, unsigned int)",0,2210208,.text,FUNCTION,RETAIL_ORIGINAL_SYMBOL
|static|,static.crs,named,1279,_ZN3pml8pokepara9CoreParam11SetNickNameEPKN4gfl23str6StrBufE,pml::pokepara::CoreParam::SetNickName(gfl2::str::StrBuf const*),0,2210528,.text,FUNCTION,RETAIL_ORIGINAL_SYMBOL
|static|,static.crs,named,1280,_ZN3pml8pokepara9CoreParam12ChangeFormNoEh,pml::pokepara::CoreParam::ChangeFormNo(unsigned char),0,2210636,.text,FUNCTION,RETAIL_ORIGINAL_SYMBOL
|static|,static.crs,named,1281,_ZN3pml8pokepara9CoreParam12ChangeMonsNoE6MonsNoh,"pml::pokepara::CoreParam::ChangeMonsNo(MonsNo, unsigned char)",0,2211076,.text,FUNCTION,RETAIL_ORIGINAL_SYMBOL
|static|,static.crs,named,1282,_ZN3pml8pokepara9CoreParam13RemoveBoxMarkENS0_7BoxMarkE,pml::pokepara::CoreParam::RemoveBoxMark(pml::pokepara::BoxMark),0,2211900,.text,FUNCTION,RETAIL_ORIGINAL_SYMBOL
|static|,static.crs,named,1283,_ZN3pml8pokepara9CoreParam13RemoveDirtPosEh,pml::pokepara::CoreParam::RemoveDirtPos(unsigned char),0,2211988,.text,FUNCTION,RETAIL_ORIGINAL_SYMBOL
|static|,static.crs,named,1284,_ZN3pml8pokepara9CoreParam14SetDefaultWazaEv,pml::pokepara::CoreParam::SetDefaultWaza(),0,2212436,.text,FUNCTION,RETAIL_ORIGINAL_SYMBOL
|static|,static.crs,named,1285,_ZN3pml8pokepara9CoreParam14SetFamiliarityEj,pml::pokepara::CoreParam::SetFamiliarity(unsigned int),0,2213076,.text,FUNCTION,RETAIL_ORIGINAL_SYMBOL
|static|,static.crs,named,1286,_ZN3pml8pokepara9CoreParam15ExchangeWazaPosEhh,"pml::pokepara::CoreParam::ExchangeWazaPos(unsigned char, unsigned char)",0,2213220,.text,FUNCTION,RETAIL_ORIGINAL_SYMBOL
|static|,static.crs,named,1287,_ZN3pml8pokepara9CoreParam15ResetMegaEvolveEv,pml::pokepara::CoreParam::ResetMegaEvolve(),0,2213476,.text,FUNCTION,RETAIL_ORIGINAL_SYMBOL
|static|,static.crs,named,1288,_ZN3pml8pokepara9CoreParam15SetTokuseiIndexEh,pml::pokepara::CoreParam::SetTokuseiIndex(unsigned char),0,2213540,.text,FUNCTION,RETAIL_ORIGINAL_SYMBOL
|static|,static.crs,named,1289,_ZN3pml8pokepara9CoreParam14AddEffortPowerENS0_7PowerIDEj,"pml::pokepara::CoreParam::AddEffortPower(pml::pokepara::PowerID, unsigned int)",0,2214400,.text,FUNCTION,RETAIL_ORIGINAL_SYMBOL
|static|,static.crs,named,1290,_ZN3pml8pokepara9CoreParam17ChangeEffortPowerENS0_7PowerIDEj,"pml::pokepara::CoreParam::ChangeEffortPower(pml::pokepara::PowerID, unsigned int)",0,2214448,.text,FUNCTION,RETAIL_ORIGINAL_SYMBOL
|static|,static.crs,named,1291,_ZN3pml8pokepara9CoreParam17ChangeTalentPowerENS0_7PowerIDEj,"pml::pokepara::CoreParam::ChangeTalentPower(pml::pokepara::PowerID, unsigned int)",0,2214824,.text,FUNCTION,RETAIL_ORIGINAL_SYMBOL
|static|,static.crs,named,1292,_ZN3pml8pokepara9CoreParam18SetDefaultNickNameEv,pml::pokepara::CoreParam::SetDefaultNickName(),0,2215436,.text,FUNCTION,RETAIL_ORIGINAL_SYMBOL
|static|,static.crs,named,1293,_ZN3pml8pokepara9CoreParam19AddWazaIfEmptyExistE6WazaNo,pml::pokepara::CoreParam::AddWazaIfEmptyExist(WazaNo),0,2215500,.text,FUNCTION,RETAIL_ORIGINAL_SYMBOL
|static|,static.crs,named,1294,_ZN3pml8pokepara9CoreParam26LearnNewWazaOnCurrentLevelEPjP6WazaNoPNS1_13WazaLearnWorkE,"pml::pokepara::CoreParam::LearnNewWazaOnCurrentLevel(unsigned int*, WazaNo*, pml::pokepara::CoreParam::WazaLearnWork*)",0,2216832,.text,FUNCTION,RETAIL_ORIGINAL_SYMBOL
|static|,static.crs,named,1295,_ZN3pml8pokepara9CoreParam6AddExpEj,pml::pokepara::CoreParam::AddExp(unsigned int),0,2217668,.text,FUNCTION,RETAIL_ORIGINAL_SYMBOL
|static|,static.crs,named,1296,_ZN3pml8pokepara9CoreParam6EvolveE6MonsNoj,"pml::pokepara::CoreParam::Evolve(MonsNo, unsigned int)",0,2217772,.text,FUNCTION,RETAIL_ORIGINAL_SYMBOL
|static|,static.crs,named,1297,_ZN3pml8pokepara9CoreParam6SetExpEj,pml::pokepara::CoreParam::SetExp(unsigned int),0,2218116,.text,FUNCTION,RETAIL_ORIGINAL_SYMBOL
|static|,static.crs,named,1298,_ZN3pml8pokepara9CoreParam7SetFeedEj,pml::pokepara::CoreParam::SetFeed(unsigned int),0,2218372,.text,FUNCTION,RETAIL_ORIGINAL_SYMBOL
|static|,static.crs,named,1299,_ZN3pml8pokepara9CoreParam7SetItemEt,pml::pokepara::CoreParam::SetItem(unsigned short),0,2218400,.text,FUNCTION,RETAIL_ORIGINAL_SYMBOL
|static|,static.crs,named,1300,_ZN3pml8pokepara9CoreParam7SetSickENS0_4SickE,pml::pokepara::CoreParam::SetSick(pml::pokepara::Sick),0,2218408,.text,FUNCTION,RETAIL_ORIGINAL_SYMBOL
|static|,static.crs,named,1301,_ZN6NetApp9Evolution9APP_PARAM18ForgetAndLearnWazaEv,NetApp::Evolution::APP_PARAM::ForgetAndLearnWaza(),0,2218416,.text,FUNCTION,RETAIL_ORIGINAL_SYMBOL
|static|,static.crs,named,1302,_ZN3pml8pokepara9CoreParam7SetWazaEh6WazaNo,"pml::pokepara::CoreParam::SetWaza(unsigned char, WazaNo)",0,2218436,.text,FUNCTION,RETAIL_ORIGINAL_SYMBOL
|static|,static.crs,named,1303,_ZN3pml8pokepara9CoreParam8CopyFromERKS1_,pml::pokepara::CoreParam::CopyFrom(pml::pokepara::CoreParam const&),0,2218620,.text,FUNCTION,RETAIL_ORIGINAL_SYMBOL
|static|,static.crs,named,1304,_ZN3pml8pokepara9CoreParam8PushWazaE6WazaNo,pml::pokepara::CoreParam::PushWaza(WazaNo),0,2218672,.text,FUNCTION,RETAIL_ORIGINAL_SYMBOL
|static|,static.crs,named,1305,_ZN3pml8pokepara9CoreParam9ChangeSexENS_3SexE,pml::pokepara::CoreParam::ChangeSex(pml::Sex),0,2219220,.text,FUNCTION,RETAIL_ORIGINAL_SYMBOL
|static|,static.crs,named,1306,_ZN3pml8pokepara9CoreParam9ClearDirtEv,pml::pokepara::CoreParam::ClearDirt(),0,2219360,.text,FUNCTION,RETAIL_ORIGINAL_SYMBOL
|static|,static.crs,named,1307,_ZN3pml8pokepara9CoreParam9RecoverHpEj,pml::pokepara::CoreParam::RecoverHp(unsigned int),0,2219396,.text,FUNCTION,RETAIL_ORIGINAL_SYMBOL
|static|,static.crs,named,1308,_ZN3pml8pokepara9CoreParam9SetWazaPPEhh,"pml::pokepara::CoreParam::SetWazaPP(unsigned char, unsigned char)",0,2219456,.text,FUNCTION,RETAIL_ORIGINAL_SYMBOL
|static|,static.crs,named,1309,_ZN3pml8pokepara9CoreParamC1EPN4gfl24heap11CtrHeapBaseE,pml::pokepara::CoreParam::CoreParam(gfl2::heap::CtrHeapBase*),0,2219536,.text,FUNCTION,RETAIL_ORIGINAL_SYMBOL
|static|,static.crs,named,1310,_ZN3pml8pokepara9CoreParamC1EPN4gfl24heap11CtrHeapBaseE6MonsNoty,"pml::pokepara::CoreParam::CoreParam(gfl2::heap::CtrHeapBase*, MonsNo, unsigned short, unsigned long long)",0,2219632,.text,FUNCTION,RETAIL_ORIGINAL_SYMBOL
|static|,static.crs,named,1311,_ZN3pml8pokepara9CoreParamC1EPN4gfl24heap11CtrHeapBaseERKS1_,"pml::pokepara::CoreParam::CoreParam(gfl2::heap::CtrHeapBase*, pml::pokepara::CoreParam const&)",0,2219876,.text,FUNCTION,RETAIL_ORIGINAL_SYMBOL
|static|,static.crs,named,1312,_ZN3pml8pokepara12PokemonParamD1Ev,pml::pokepara::PokemonParam::~PokemonParam(),0,2220116,.text,FUNCTION,RETAIL_ORIGINAL_SYMBOL
|static|,static.crs,named,1313,_ZN3pml8pokepara9CoreParamD1Ev,pml::pokepara::CoreParam::~CoreParam(),0,2220120,.text,FUNCTION,RETAIL_ORIGINAL_SYMBOL
|static|,static.crs,named,1314,_ZN3pml8wazadata10GetWeatherE6WazaNo,pml::wazadata::GetWeather(WazaNo),0,2220220,.text,FUNCTION,RETAIL_ORIGINAL_SYMBOL
|static|,static.crs,named,1315,_ZN3pml8wazadata11GetCategoryE6WazaNo,pml::wazadata::GetCategory(WazaNo),0,2220392,.text,FUNCTION,RETAIL_ORIGINAL_SYMBOL
|static|,static.crs,named,1316,_ZN3pml8wazadata11GetSickContE6WazaNo,pml::wazadata::GetSickCont(WazaNo),0,2220412,.text,FUNCTION,RETAIL_ORIGINAL_SYMBOL
|static|,static.crs,named,1317,_ZN3pml8wazadata11IsAlwaysHitE6WazaNo,pml::wazadata::IsAlwaysHit(WazaNo),0,2220520,.text,FUNCTION,RETAIL_ORIGINAL_SYMBOL
|static|,static.crs,named,1318,_ZN3pml8wazadata13GetDamageTypeE6WazaNo,pml::wazadata::GetDamageType(WazaNo),0,2220544,.text,FUNCTION,RETAIL_ORIGINAL_SYMBOL
|static|,static.crs,named,1319,_ZN3pml8wazadata13GetRankEffectE6WazaNojPi,"pml::wazadata::GetRankEffect(WazaNo, unsigned int, int*)",0,2220564,.text,FUNCTION,RETAIL_ORIGINAL_SYMBOL
|static|,static.crs,named,1320,_ZN3pml8wazadata17GetZenryokuWazaNoE6WazaNo,pml::wazadata::GetZenryokuWazaNo(WazaNo),0,2221124,.text,FUNCTION,RETAIL_ORIGINAL_SYMBOL
|static|,static.crs,named,1321,_ZN3pml8wazadata18GetRankEffectCountE6WazaNo,pml::wazadata::GetRankEffectCount(WazaNo),0,2221144,.text,FUNCTION,RETAIL_ORIGINAL_SYMBOL
|static|,static.crs,named,1322,_ZN3pml8wazadata21GetZenryokuWazaEffectE6WazaNo,pml::wazadata::GetZenryokuWazaEffect(WazaNo),0,2221204,.text,FUNCTION,RETAIL_ORIGINAL_SYMBOL
|static|,static.crs,named,1323,_ZN3pml8wazadata7GetFlagE6WazaNoNS0_8WazaFlagE,"pml::wazadata::GetFlag(WazaNo, pml::wazadata::WazaFlag)",0,2221224,.text,FUNCTION,RETAIL_ORIGINAL_SYMBOL
|static|,static.crs,named,1324,_ZN3pml8wazadata7GetTypeE6WazaNo,pml::wazadata::GetType(WazaNo),0,2221348,.text,FUNCTION,RETAIL_ORIGINAL_SYMBOL
|static|,static.crs,named,1325,_ZNK3pml8pokepara9CoreParam12GetWazaMaxPPEh,pml::pokepara::CoreParam::GetWazaMaxPP(unsigned char) const,0,2221448,.text,FUNCTION,RETAIL_ORIGINAL_SYMBOL
|static|,static.crs,named,1326,_ZN3pml8wazadata8GetMaxPPE6WazaNoh,"pml::wazadata::GetMaxPP(WazaNo, unsigned char)",0,2221500,.text,FUNCTION,RETAIL_ORIGINAL_SYMBOL
|static|,static.crs,named,1327,_ZN3pml8wazadata8GetParamE6WazaNoNS0_7ParamIDE,"pml::wazadata::GetParam(WazaNo, pml::wazadata::ParamID)",0,2221564,.text,FUNCTION,RETAIL_ORIGINAL_SYMBOL
|static|,static.crs,named,1328,_ZN3pml8wazadata8GetPowerE6WazaNo,pml::wazadata::GetPower(WazaNo),0,2221716,.text,FUNCTION,RETAIL_ORIGINAL_SYMBOL
|static|,static.crs,named,1329,_ZN3pml8wazadata8IsDamageE6WazaNo,pml::wazadata::IsDamage(WazaNo),0,2221736,.text,FUNCTION,RETAIL_ORIGINAL_SYMBOL
|static|,static.crs,named,1330,_ZN3pml9PokeParty12RemoveMemberEj,pml::PokeParty::RemoveMember(unsigned int),0,2222708,.text,FUNCTION,RETAIL_ORIGINAL_SYMBOL
|static|,static.crs,named,1331,_ZN3pml9PokeParty13ReplaceMemberEjRKNS_8pokepara12PokemonParamE,"pml::PokeParty::ReplaceMember(unsigned int, pml::pokepara::PokemonParam const&)",0,2223068,.text,FUNCTION,RETAIL_ORIGINAL_SYMBOL
|static|,static.crs,named,1332,_ZN3pml9PokeParty15DeserializeCoreEPKNS0_14SERIALIZE_DATAE,pml::PokeParty::DeserializeCore(pml::PokeParty::SERIALIZE_DATA const*),0,2223276,.text,FUNCTION,RETAIL_ORIGINAL_SYMBOL
|static|,static.crs,named,1333,_ZN10BattleInst10BattleInst16SetCommVsTrainerEPNS0_17CommSendVsTrainerE,BattleInst::BattleInst::SetCommVsTrainer(BattleInst::BattleInst::CommSendVsTrainer*),0,2223400,.text,FUNCTION,RETAIL_ORIGINAL_SYMBOL
|static|,static.crs,named,1334,_ZN3pml9PokeParty16GetMemberPointerEj,pml::PokeParty::GetMemberPointer(unsigned int),0,2223880,.text,FUNCTION,RETAIL_ORIGINAL_SYMBOL
|static|,static.crs,named,1335,_ZN3pml9PokeParty26DeserializeFromShortStructEPKv,pml::PokeParty::DeserializeFromShortStruct(void const*),0,2224372,.text,FUNCTION,RETAIL_ORIGINAL_SYMBOL
|static|,static.crs,named,1336,_ZN3pml9PokeParty27GetSerializeShortStructSizeEv,pml::PokeParty::GetSerializeShortStructSize(),0,2224468,.text,FUNCTION,RETAIL_ORIGINAL_SYMBOL
|static|,static.crs,named,1337,_ZN3pml9PokeParty5ClearEv,pml::PokeParty::Clear(),0,2224480,.text,FUNCTION,RETAIL_ORIGINAL_SYMBOL
|static|,static.crs,named,1338,_Z25BATTLE_PARAM_SetPokePartyP18BATTLE_SETUP_PARAMPKN3pml9PokePartyE13BTL_CLIENT_ID,"BATTLE_PARAM_SetPokeParty(BATTLE_SETUP_PARAM*, pml::PokeParty const*, BTL_CLIENT_ID)",0,2224528,.text,FUNCTION,RETAIL_ORIGINAL_SYMBOL
|static|,static.crs,named,1339,_ZN3pml9PokeParty8CopyFromERKS0_,pml::PokeParty::CopyFrom(pml::PokeParty const&),0,2224616,.text,FUNCTION,RETAIL_ORIGINAL_SYMBOL
|static|,static.crs,named,1340,_ZN3pml9PokeParty9AddMemberERKNS_8pokepara12PokemonParamE,pml::PokeParty::AddMember(pml::pokepara::PokemonParam const&),0,2224668,.text,FUNCTION,RETAIL_ORIGINAL_SYMBOL
|static|,static.crs,named,1341,_ZN3pml9PokePartyC1EPN4gfl24heap11CtrHeapBaseE,pml::PokeParty::PokeParty(gfl2::heap::CtrHeapBase*),0,2224852,.text,FUNCTION,RETAIL_ORIGINAL_SYMBOL
|static|,static.crs,named,1342,_ZN3pml9PokePartyD1Ev,pml::PokeParty::~PokeParty(),0,2224988,.text,FUNCTION,RETAIL_ORIGINAL_SYMBOL
|static|,static.crs,named,1343,_ZN4gfl212devicecamera12DeviceCamera11GetYUVImageENS0_10CameraTypeEPj,"gfl2::devicecamera::DeviceCamera::GetYUVImage(gfl2::devicecamera::CameraType, unsigned int*)",0,2228456,.text,FUNCTION,RETAIL_ORIGINAL_SYMBOL
|static|,static.crs,named,1344,_ZN4gfl212devicecamera12DeviceCamera21SetPicturePaneTextureEPN2nw3lyt7PictureENS0_9Y2RThread2ChEtt,"gfl2::devicecamera::DeviceCamera::SetPicturePaneTexture(nw::lyt::Picture*, gfl2::devicecamera::Y2RThread::Ch, unsigned short, unsigned short)",0,2228924,.text,FUNCTION,RETAIL_ORIGINAL_SYMBOL
|static|,static.crs,named,1345,_ZN4gfl212devicecamera12DeviceCamera5SetupERKNS1_6ConfigE,gfl2::devicecamera::DeviceCamera::Setup(gfl2::devicecamera::DeviceCamera::Config const&),0,2229200,.text,FUNCTION,RETAIL_ORIGINAL_SYMBOL
|static|,static.crs,named,1346,_ZN4gfl212devicecamera12DeviceCamera5StartEv,gfl2::devicecamera::DeviceCamera::Start(),0,2230320,.text,FUNCTION,RETAIL_ORIGINAL_SYMBOL
|static|,static.crs,named,1347,_ZN4gfl212devicecamera12DeviceCamera6UpdateEv,gfl2::devicecamera::DeviceCamera::Update(),0,2230332,.text,FUNCTION,RETAIL_ORIGINAL_SYMBOL
|static|,static.crs,named,1348,_ZN4gfl212devicecamera12DeviceCamera7CleanupEv,gfl2::devicecamera::DeviceCamera::Cleanup(),0,2230468,.text,FUNCTION,RETAIL_ORIGINAL_SYMBOL
|static|,static.crs,named,1349,_ZN4gfl212devicecamera12DeviceCameraC1Ev,gfl2::devicecamera::DeviceCamera::DeviceCamera(),0,2230616,.text,FUNCTION,RETAIL_ORIGINAL_SYMBOL
|static|,static.crs,named,1350,_ZN4gfl215renderingengine10scenegraph11Inheritance8GenerateEPKS2_NS_4util7FnvHashE,"gfl2::renderingengine::scenegraph::Inheritance::Generate(gfl2::renderingengine::scenegraph::Inheritance const*, gfl2::util::FnvHash)",0,2240344,.text,FUNCTION,RETAIL_ORIGINAL_SYMBOL
|static|,static.crs,named,1351,_ZN4gfl215renderingengine10scenegraph17SceneGraphManager11RemoveChildEPNS1_4NodeE,gfl2::renderingengine::scenegraph::SceneGraphManager::RemoveChild(gfl2::renderingengine::scenegraph::Node*),0,2240860,.text,FUNCTION,RETAIL_ORIGINAL_SYMBOL
|static|,static.crs,named,1352,_ZN4gfl215renderingengine10scenegraph8instance12DrawableNode10SetVisibleEi,gfl2::renderingengine::scenegraph::instance::DrawableNode::SetVisible(int),0,2241728,.text,FUNCTION,RETAIL_ORIGINAL_SYMBOL
|static|,static.crs,named,1353,_ZN4gfl215renderingengine10scenegraph17SceneGraphManager17TraverseModelFastEPNS1_7DagNodeE,gfl2::renderingengine::scenegraph::SceneGraphManager::TraverseModelFast(gfl2::renderingengine::scenegraph::DagNode*),0,2241808,.text,FUNCTION,RETAIL_ORIGINAL_SYMBOL
|static|,static.crs,named,1354,_ZN4gfl215renderingengine10scenegraph17SceneGraphManager17TraverseModelFastEv,gfl2::renderingengine::scenegraph::SceneGraphManager::TraverseModelFast(),0,2241976,.text,FUNCTION,RETAIL_ORIGINAL_SYMBOL
|static|,static.crs,named,1355,_ZN4gfl215renderingengine10scenegraph17SceneGraphManager22TraverseApplyBillboardEPNS_4math8Matrix34E,gfl2::renderingengine::scenegraph::SceneGraphManager::TraverseApplyBillboard(gfl2::math::Matrix34*),0,2242056,.text,FUNCTION,RETAIL_ORIGINAL_SYMBOL
|static|,static.crs,named,1356,_ZN4gfl215renderingengine10scenegraph17SceneGraphManager26TraverseModelFastFromChildEPNS1_7DagNodeE,gfl2::renderingengine::scenegraph::SceneGraphManager::TraverseModelFastFromChild(gfl2::renderingengine::scenegraph::DagNode*),0,2242300,.text,FUNCTION,RETAIL_ORIGINAL_SYMBOL
|static|,static.crs,named,1357,_ZN4gfl215renderingengine10scenegraph17SceneGraphManager8AddChildEPNS1_4NodeE,gfl2::renderingengine::scenegraph::SceneGraphManager::AddChild(gfl2::renderingengine::scenegraph::Node*),0,2243452,.text,FUNCTION,RETAIL_ORIGINAL_SYMBOL
|static|,static.crs,named,1358,_ZN4gfl215renderingengine10scenegraph7DagNode11RemoveChildEPS2_,gfl2::renderingengine::scenegraph::DagNode::RemoveChild(gfl2::renderingengine::scenegraph::DagNode*),0,2247284,.text,FUNCTION,RETAIL_ORIGINAL_SYMBOL
|static|,static.crs,named,1359,_ZN4gfl215renderingengine10scenegraph7DagNode8AddChildEPS2_,gfl2::renderingengine::scenegraph::DagNode::AddChild(gfl2::renderingengine::scenegraph::DagNode*),0,2247496,.text,FUNCTION,RETAIL_ORIGINAL_SYMBOL
|static|,static.crs,named,1360,_ZN4gfl215renderingengine10scenegraph7DagNode8GetChildEj,gfl2::renderingengine::scenegraph::DagNode::GetChild(unsigned int),0,2247600,.text,FUNCTION,RETAIL_ORIGINAL_SYMBOL
|static|,static.crs,named,1361,_ZN4gfl215renderingengine10scenegraph8instance12InstanceNodeD1Ev,gfl2::renderingengine::scenegraph::instance::InstanceNode::~InstanceNode(),0,2247832,.text,FUNCTION,RETAIL_ORIGINAL_SYMBOL
|static|,static.crs,named,1362,_ZN4gfl215renderingengine10scenegraph8instance11DrawEnvNode11GetLightSetEi,gfl2::renderingengine::scenegraph::instance::DrawEnvNode::GetLightSet(int),0,2250060,.text,FUNCTION,RETAIL_ORIGINAL_SYMBOL
|static|,static.crs,named,1363,_ZN4gfl215renderingengine10scenegraph8instance11DrawEnvNode9UpdateFogERKNS3_13FogOuterParamE,gfl2::renderingengine::scenegraph::instance::DrawEnvNode::UpdateFog(gfl2::renderingengine::scenegraph::instance::DrawEnvNode::FogOuterParam const&),0,2251288,.text,FUNCTION,RETAIL_ORIGINAL_SYMBOL
|static|,static.crs,named,1364,_ZN4gfl215renderingengine10scenegraph8instance12DrawableNode20SetBillboardRotationERKNS_4math8Matrix34E,gfl2::renderingengine::scenegraph::instance::DrawableNode::SetBillboardRotation(gfl2::math::Matrix34 const&),0,2254996,.text,FUNCTION,RETAIL_ORIGINAL_SYMBOL
|static|,static.crs,named,1365,_ZN4gfl215renderingengine10scenegraph8instance12DrawableNode20SetBillboardRotationERKNS_4math8Matrix34ENS0_13BillboardTypeE,"gfl2::renderingengine::scenegraph::instance::DrawableNode::SetBillboardRotation(gfl2::math::Matrix34 const&, gfl2::renderingengine::BillboardType)",0,2255004,.text,FUNCTION,RETAIL_ORIGINAL_SYMBOL
|static|,static.crs,named,1366,_ZN4gfl215renderingengine10scenegraph8instance12InstanceNodeC1Ev,gfl2::renderingengine::scenegraph::instance::InstanceNode::InstanceNode(),0,2257120,.text,FUNCTION,RETAIL_ORIGINAL_SYMBOL
|static|,static.crs,named,1367,_ZN4gfl215renderingengine10scenegraph8instance12LightSetNode12GetLightNodeEi,gfl2::renderingengine::scenegraph::instance::LightSetNode::GetLightNode(int),0,2257184,.text,FUNCTION,RETAIL_ORIGINAL_SYMBOL
|static|,static.crs,named,1368,_ZN4gfl215renderingengine10scenegraph8instance12LightSetNode14RemoveAllLightEv,gfl2::renderingengine::scenegraph::instance::LightSetNode::RemoveAllLight(),0,2257268,.text,FUNCTION,RETAIL_ORIGINAL_SYMBOL
|static|,static.crs,named,1369,_ZN4gfl215renderingengine10scenegraph8instance12LightSetNode8AddLightEPNS2_9LightNodeE,gfl2::renderingengine::scenegraph::instance::LightSetNode::AddLight(gfl2::renderingengine::scenegraph::instance::LightNode*),0,2257468,.text,FUNCTION,RETAIL_ORIGINAL_SYMBOL
|static|,static.crs,named,1370,_ZN4gfl215renderingengine10scenegraph8instance13TransformNode8AddChildEPNS1_7DagNodeE,gfl2::renderingengine::scenegraph::instance::TransformNode::AddChild(gfl2::renderingengine::scenegraph::DagNode*),0,2258100,.text,FUNCTION,RETAIL_ORIGINAL_SYMBOL
|static|,static.crs,named,1371,_ZN4gfl215renderingengine10scenegraph8instance13TransformNodeC1Ev,gfl2::renderingengine::scenegraph::instance::TransformNode::TransformNode(),0,2258224,.text,FUNCTION,RETAIL_ORIGINAL_SYMBOL
|static|,static.crs,named,1372,_ZN4gfl215renderingengine10scenegraph8instance15InstanceCreator15CreateLightNodeEPNS_3gfx12IGLAllocatorE,gfl2::renderingengine::scenegraph::instance::InstanceCreator::CreateLightNode(gfl2::gfx::IGLAllocator*),0,2258708,.text,FUNCTION,RETAIL_ORIGINAL_SYMBOL
|static|,static.crs,named,1373,_ZN4gfl215renderingengine10scenegraph8instance15InstanceCreator16CreateCameraNodeEPNS_3gfx12IGLAllocatorEPNS1_8resource12ResourceNodeE,"gfl2::renderingengine::scenegraph::instance::InstanceCreator::CreateCameraNode(gfl2::gfx::IGLAllocator*, gfl2::renderingengine::scenegraph::resource::ResourceNode*)",0,2258760,.text,FUNCTION,RETAIL_ORIGINAL_SYMBOL
|static|,static.crs,named,1374,_ZN4gfl215renderingengine10scenegraph8instance15InstanceCreator17CreateDrawEnvNodeEPNS_3gfx12IGLAllocatorEPNS1_8resource12ResourceNodeE,"gfl2::renderingengine::scenegraph::instance::InstanceCreator::CreateDrawEnvNode(gfl2::gfx::IGLAllocator*, gfl2::renderingengine::scenegraph::resource::ResourceNode*)",0,2260316,.text,FUNCTION,RETAIL_ORIGINAL_SYMBOL
|static|,static.crs,named,1375,_ZN4gfl215renderingengine10scenegraph8instance15InstanceCreator18CreateLightSetNodeEPNS_3gfx12IGLAllocatorEPNS1_8resource12ResourceNodeE,"gfl2::renderingengine::scenegraph::instance::InstanceCreator::CreateLightSetNode(gfl2::gfx::IGLAllocator*, gfl2::renderingengine::scenegraph::resource::ResourceNode*)",0,2261272,.text,FUNCTION,RETAIL_ORIGINAL_SYMBOL
|static|,static.crs,named,1376,_ZN4gfl215renderingengine10scenegraph8instance15InstanceCreator22SetupModelInstanceNodeEPNS2_17ModelInstanceNodeEPNS1_8resource12ResourceNodeEPNS1_7DagNodeE,"gfl2::renderingengine::scenegraph::instance::InstanceCreator::SetupModelInstanceNode(gfl2::renderingengine::scenegraph::instance::ModelInstanceNode*, gfl2::renderingengine::scenegraph::resource::ResourceNode*, gfl2::renderingengine::scenegraph::DagNode*)",0,2262004,.text,FUNCTION,RETAIL_ORIGINAL_SYMBOL
|static|,static.crs,named,1377,_ZN4gfl215renderingengine10scenegraph8instance15InstanceCreator23CreateModelInstanceNodeEPNS_3gfx12IGLAllocatorEPNS1_8resource12ResourceNodeE,"gfl2::renderingengine::scenegraph::instance::InstanceCreator::CreateModelInstanceNode(gfl2::gfx::IGLAllocator*, gfl2::renderingengine::scenegraph::resource::ResourceNode*)",0,2262592,.text,FUNCTION,RETAIL_ORIGINAL_SYMBOL
|static|,static.crs,named,1378,_ZN4gfl215renderingengine10scenegraph8instance15InstanceCreator23CreateModelInstanceNodeEPNS_3gfx12IGLAllocatorEPNS1_8resource12ResourceNodeEPNS1_7DagNodeE,"gfl2::renderingengine::scenegraph::instance::InstanceCreator::CreateModelInstanceNode(gfl2::gfx::IGLAllocator*, gfl2::renderingengine::scenegraph::resource::ResourceNode*, gfl2::renderingengine::scenegraph::DagNode*)",0,2262720,.text,FUNCTION,RETAIL_ORIGINAL_SYMBOL
|static|,static.crs,named,1379,_ZN4gfl215renderingengine10scenegraph8instance17CullingObjectNode22SetWorldTransformDirtyEi,gfl2::renderingengine::scenegraph::instance::CullingObjectNode::SetWorldTransformDirty(int),0,2263664,.text,FUNCTION,RETAIL_ORIGINAL_SYMBOL
|static|,static.crs,named,1380,_ZN4gfl215renderingengine10scenegraph8instance17CullingObjectNode8SetMovedEi,gfl2::renderingengine::scenegraph::instance::CullingObjectNode::SetMoved(int),0,2263704,.text,FUNCTION,RETAIL_ORIGINAL_SYMBOL
|static|,static.crs,named,1381,_ZN4gfl215renderingengine10scenegraph8instance17ModelInstanceNode10GetDrawTagEj,gfl2::renderingengine::scenegraph::instance::ModelInstanceNode::GetDrawTag(unsigned int),0,2266184,.text,FUNCTION,RETAIL_ORIGINAL_SYMBOL
|static|,static.crs,named,1382,_ZN8PokeTool9PokeModel14SetShaderColorERKN4gfl24math7Vector4Ei,"PokeTool::PokeModel::SetShaderColor(gfl2::math::Vector4 const&, int)",0,2266592,.text,FUNCTION,RETAIL_ORIGINAL_SYMBOL
|static|,static.crs,named,1383,_ZN4gfl215renderingengine10scenegraph8instance17ModelInstanceNode12SetUpDrawTagEv,gfl2::renderingengine::scenegraph::instance::ModelInstanceNode::SetUpDrawTag(),0,2266800,.text,FUNCTION,RETAIL_ORIGINAL_SYMBOL
|static|,static.crs,named,1384,_ZN4gfl215renderingengine10scenegraph8instance17ModelInstanceNode13GetDrawTagNumEv,gfl2::renderingengine::scenegraph::instance::ModelInstanceNode::GetDrawTagNum(),0,2267496,.text,FUNCTION,RETAIL_ORIGINAL_SYMBOL
|static|,static.crs,named,1385,_ZN4gfl215renderingengine10scenegraph8instance17ModelInstanceNode13UpdateDrawTagERKNS2_12DrawableNode17UpdateDrawTagInfoE,gfl2::renderingengine::scenegraph::instance::ModelInstanceNode::UpdateDrawTag(gfl2::renderingengine::scenegraph::instance::DrawableNode::UpdateDrawTagInfo const&),0,2267940,.text,FUNCTION,RETAIL_ORIGINAL_SYMBOL
|static|,static.crs,named,1386,_ZN4gfl215renderingengine10scenegraph8instance17ModelInstanceNode19StateChangeCallBackEj,gfl2::renderingengine::scenegraph::instance::ModelInstanceNode::StateChangeCallBack(unsigned int),0,2270264,.text,FUNCTION,RETAIL_ORIGINAL_SYMBOL
|static|,static.crs,named,1387,_ZN4gfl215renderingengine10scenegraph8instance17ModelInstanceNode20SetDrawCheckListenerEi,gfl2::renderingengine::scenegraph::instance::ModelInstanceNode::SetDrawCheckListener(int),0,2270316,.text,FUNCTION,RETAIL_ORIGINAL_SYMBOL
|static|,static.crs,named,1388,_ZN4gfl215renderingengine10scenegraph8instance17ModelInstanceNode33GetMaterialInstanceNodeByNameHashEj,gfl2::renderingengine::scenegraph::instance::ModelInstanceNode::GetMaterialInstanceNodeByNameHash(unsigned int),0,2271152,.text,FUNCTION,RETAIL_ORIGINAL_SYMBOL
|static|,static.crs,named,1389,_ZN4gfl215renderingengine10scenegraph8instance17ModelInstanceNode42CopyMaterialDepthStencilStateToStateObjectEv,gfl2::renderingengine::scenegraph::instance::ModelInstanceNode::CopyMaterialDepthStencilStateToStateObject(),0,2271264,.text,FUNCTION,RETAIL_ORIGINAL_SYMBOL
|static|,static.crs,named,1390,_ZN4gfl215renderingengine10scenegraph8instance17ModelInstanceNode7PreDrawERNS0_8renderer11RenderStateE,gfl2::renderingengine::scenegraph::instance::ModelInstanceNode::PreDraw(gfl2::renderingengine::renderer::RenderState&),0,2271332,.text,FUNCTION,RETAIL_ORIGINAL_SYMBOL
|static|,static.crs,named,1391,_ZN4gfl215renderingengine10scenegraph8instance17ModelInstanceNode8PostDrawERNS0_8renderer11RenderStateE,gfl2::renderingengine::scenegraph::instance::ModelInstanceNode::PostDraw(gfl2::renderingengine::renderer::RenderState&),0,2273348,.text,FUNCTION,RETAIL_ORIGINAL_SYMBOL
|static|,static.crs,named,1392,_ZN4gfl215renderingengine10scenegraph8instance17ModelInstanceNodeC1EPS3_,gfl2::renderingengine::scenegraph::instance::ModelInstanceNode::ModelInstanceNode(gfl2::renderingengine::scenegraph::instance::ModelInstanceNode*),0,2273384,.text,FUNCTION,RETAIL_ORIGINAL_SYMBOL
|static|,static.crs,named,1393,_ZN4gfl215renderingengine10scenegraph8instance17ModelInstanceNodeD1Ev,gfl2::renderingengine::scenegraph::instance::ModelInstanceNode::~ModelInstanceNode(),0,2273744,.text,FUNCTION,RETAIL_ORIGINAL_SYMBOL
|static|,static.crs,named,1394,_ZN4gfl215renderingengine10scenegraph8resource15GfBinaryEnvData16SetBinaryEnvDataEPc,gfl2::renderingengine::scenegraph::resource::GfBinaryEnvData::SetBinaryEnvData(char*),0,2278484,.text,FUNCTION,RETAIL_ORIGINAL_SYMBOL
|static|,static.crs,named,1395,_ZN4gfl215renderingengine10scenegraph8resource15GfBinaryEnvDataC1Ev,gfl2::renderingengine::scenegraph::resource::GfBinaryEnvData::GfBinaryEnvData(),0,2279344,.text,FUNCTION,RETAIL_ORIGINAL_SYMBOL
|static|,static.crs,named,1396,_ZN4gfl215renderingengine10scenegraph8resource15GfBinaryEnvDataD1Ev,gfl2::renderingengine::scenegraph::resource::GfBinaryEnvData::~GfBinaryEnvData(),0,2279404,.text,FUNCTION,RETAIL_ORIGINAL_SYMBOL
|static|,static.crs,named,1397,_ZN4gfl215renderingengine10scenegraph8resource15GfBinaryMdlData12SetModelDataEPc,gfl2::renderingengine::scenegraph::resource::GfBinaryMdlData::SetModelData(char*),0,2279556,.text,FUNCTION,RETAIL_ORIGINAL_SYMBOL
|static|,static.crs,named,1398,_ZN4gfl215renderingengine10scenegraph8resource15GfBinaryMdlDataC1Ev,gfl2::renderingengine::scenegraph::resource::GfBinaryMdlData::GfBinaryMdlData(),0,2279828,.text,FUNCTION,RETAIL_ORIGINAL_SYMBOL
|static|,static.crs,named,1399,_ZN4gfl215renderingengine10scenegraph8resource15GfBinaryMdlDataD1Ev,gfl2::renderingengine::scenegraph::resource::GfBinaryMdlData::~GfBinaryMdlData(),0,2279872,.text,FUNCTION,RETAIL_ORIGINAL_SYMBOL
|static|,static.crs,named,1400,_ZN4gfl215renderingengine10scenegraph8resource15GfBinaryMotData13SetMotionDataEPc,gfl2::renderingengine::scenegraph::resource::GfBinaryMotData::SetMotionData(char*),0,2279968,.text,FUNCTION,RETAIL_ORIGINAL_SYMBOL
|static|,static.crs,named,1401,_ZN4gfl215renderingengine10scenegraph8resource15GfBinaryMotDataC1Ev,gfl2::renderingengine::scenegraph::resource::GfBinaryMotData::GfBinaryMotData(),0,2280164,.text,FUNCTION,RETAIL_ORIGINAL_SYMBOL
|static|,static.crs,named,1402,_ZN4gfl215renderingengine10scenegraph8resource15GfBinaryMotDataD1Ev,gfl2::renderingengine::scenegraph::resource::GfBinaryMotData::~GfBinaryMotData(),0,2280188,.text,FUNCTION,RETAIL_ORIGINAL_SYMBOL
|static|,static.crs,named,1403,_ZN4gfl215renderingengine10scenegraph8resource15GfBinaryShdData13SetShaderDataEPc,gfl2::renderingengine::scenegraph::resource::GfBinaryShdData::SetShaderData(char*),0,2280328,.text,FUNCTION,RETAIL_ORIGINAL_SYMBOL
|static|,static.crs,named,1404,_ZN4gfl215renderingengine10scenegraph8resource15GfBinaryShdDataC1Ev,gfl2::renderingengine::scenegraph::resource::GfBinaryShdData::GfBinaryShdData(),0,2280600,.text,FUNCTION,RETAIL_ORIGINAL_SYMBOL
|static|,static.crs,named,1405,_ZN4gfl215renderingengine10scenegraph8resource15GfBinaryShdDataD1Ev,gfl2::renderingengine::scenegraph::resource::GfBinaryShdData::~GfBinaryShdData(),0,2280644,.text,FUNCTION,RETAIL_ORIGINAL_SYMBOL
|static|,static.crs,named,1406,_ZN4gfl215renderingengine10scenegraph8resource15GfBinaryTexData11GetDataSizeEj,gfl2::renderingengine::scenegraph::resource::GfBinaryTexData::GetDataSize(unsigned int),0,2280660,.text,FUNCTION,RETAIL_ORIGINAL_SYMBOL
|static|,static.crs,named,1407,_ZN4gfl215renderingengine10scenegraph8resource15GfBinaryTexData14SetTextureDataEPc,gfl2::renderingengine::scenegraph::resource::GfBinaryTexData::SetTextureData(char*),0,2280796,.text,FUNCTION,RETAIL_ORIGINAL_SYMBOL
|static|,static.crs,named,1408,_ZN4gfl215renderingengine10scenegraph8resource15GfBinaryTexData7GetDataEj,gfl2::renderingengine::scenegraph::resource::GfBinaryTexData::GetData(unsigned int),0,2280840,.text,FUNCTION,RETAIL_ORIGINAL_SYMBOL
|static|,static.crs,named,1409,_ZN4gfl215renderingengine10scenegraph8resource15GfBinaryTexDataC1Ev,gfl2::renderingengine::scenegraph::resource::GfBinaryTexData::GfBinaryTexData(),0,2281068,.text,FUNCTION,RETAIL_ORIGINAL_SYMBOL
|static|,static.crs,named,1410,_ZN4gfl215renderingengine10scenegraph8resource15GfBinaryTexDataD1Ev,gfl2::renderingengine::scenegraph::resource::GfBinaryTexData::~GfBinaryTexData(),0,2281112,.text,FUNCTION,RETAIL_ORIGINAL_SYMBOL
|static|,static.crs,named,1411,_ZN4gfl215renderingengine10scenegraph8resource15ResourceManager19createResourceNode_EPNS2_13IResourceDataE,gfl2::renderingengine::scenegraph::resource::ResourceManager::createResourceNode_(gfl2::renderingengine::scenegraph::resource::IResourceData*),0,2281352,.text,FUNCTION,RETAIL_ORIGINAL_SYMBOL
|static|,static.crs,named,1412,_ZN4gfl215renderingengine10scenegraph8resource15ResourceManager19createResourceNode_EPNS2_13IResourceDataEPNS1_7DagNodeE,"gfl2::renderingengine::scenegraph::resource::ResourceManager::createResourceNode_(gfl2::renderingengine::scenegraph::resource::IResourceData*, gfl2::renderingengine::scenegraph::DagNode*)",0,2281448,.text,FUNCTION,RETAIL_ORIGINAL_SYMBOL
|static|,static.crs,named,1413,_ZN4gfl215renderingengine10scenegraph8resource17ArrayResourceNode6FreezeEPNS_3gfx12IGLAllocatorE,gfl2::renderingengine::scenegraph::resource::ArrayResourceNode::Freeze(gfl2::gfx::IGLAllocator*),0,2286364,.text,FUNCTION,RETAIL_ORIGINAL_SYMBOL
|static|,static.crs,named,1414,_ZN4gfl215renderingengine10scenegraph8resource17ArrayResourceNode8AddChildEPNS1_7DagNodeE,gfl2::renderingengine::scenegraph::resource::ArrayResourceNode::AddChild(gfl2::renderingengine::scenegraph::DagNode*),0,2286796,.text,FUNCTION,RETAIL_ORIGINAL_SYMBOL
|static|,static.crs,named,1415,_ZN4gfl215renderingengine10scenegraph8resource17ArrayResourceNodeC1Ev,gfl2::renderingengine::scenegraph::resource::ArrayResourceNode::ArrayResourceNode(),0,2287012,.text,FUNCTION,RETAIL_ORIGINAL_SYMBOL
|static|,static.crs,named,1416,_ZN4gfl215renderingengine10scenegraph8resource17ArrayResourceNodeD1Ev,gfl2::renderingengine::scenegraph::resource::ArrayResourceNode::~ArrayResourceNode(),0,2287152,.text,FUNCTION,RETAIL_ORIGINAL_SYMBOL
|static|,static.crs,named,1417,_ZN4gfl215renderingengine10scenegraph8resource19GfBinaryMdlDataPack12SetModelDataEPc,gfl2::renderingengine::scenegraph::resource::GfBinaryMdlDataPack::SetModelData(char*),0,2291140,.text,FUNCTION,RETAIL_ORIGINAL_SYMBOL
|static|,static.crs,named,1418,_ZN4gfl215renderingengine10scenegraph8resource19GfBinaryMdlDataPackC1Ev,gfl2::renderingengine::scenegraph::resource::GfBinaryMdlDataPack::GfBinaryMdlDataPack(),0,2291336,.text,FUNCTION,RETAIL_ORIGINAL_SYMBOL
|static|,static.crs,named,1419,_ZN4gfl215renderingengine10scenegraph8resource19GfBinaryMdlDataPackD1Ev,gfl2::renderingengine::scenegraph::resource::GfBinaryMdlDataPack::~GfBinaryMdlDataPack(),0,2291360,.text,FUNCTION,RETAIL_ORIGINAL_SYMBOL
|static|,static.crs,named,1420,_ZN4gfl215renderingengine10scenegraph8resource24GfBinaryCollisionMdlData12SetModelDataEPci,"gfl2::renderingengine::scenegraph::resource::GfBinaryCollisionMdlData::SetModelData(char*, int)",0,2295996,.text,FUNCTION,RETAIL_ORIGINAL_SYMBOL
|static|,static.crs,named,1421,_ZN4gfl215renderingengine10scenegraph8resource24GfBinaryCollisionMdlDataC1Ev,gfl2::renderingengine::scenegraph::resource::GfBinaryCollisionMdlData::GfBinaryCollisionMdlData(),0,2296188,.text,FUNCTION,RETAIL_ORIGINAL_SYMBOL
|static|,static.crs,named,1422,_ZN4gfl215renderingengine10scenegraph8resource24GfBinaryCollisionMdlDataD1Ev,gfl2::renderingengine::scenegraph::resource::GfBinaryCollisionMdlData::~GfBinaryCollisionMdlData(),0,2296236,.text,FUNCTION,RETAIL_ORIGINAL_SYMBOL
|static|,static.crs,named,1423,_ZN4gfl215renderingengine10scenegraph8resource26TextureResourceNodeFactory18GetFactoryTypeNameEv,gfl2::renderingengine::scenegraph::resource::TextureResourceNodeFactory::GetFactoryTypeName(),0,2302296,.text,FUNCTION,RETAIL_ORIGINAL_SYMBOL
|static|,static.crs,named,1424,_ZN4gfl215renderingengine8renderer17RenderingPipeLine15SceneRenderPath10AddDrawEnvEPNS0_10scenegraph8instance11DrawEnvNodeE,gfl2::renderingengine::renderer::RenderingPipeLine::SceneRenderPath::AddDrawEnv(gfl2::renderingengine::scenegraph::instance::DrawEnvNode*),0,2308820,.text,FUNCTION,RETAIL_ORIGINAL_SYMBOL
|static|,static.crs,named,1425,_ZN4gfl215renderingengine8renderer11DrawManager10AddDrawEnvEPNS0_10scenegraph8instance11DrawEnvNodeE,gfl2::renderingengine::renderer::DrawManager::AddDrawEnv(gfl2::renderingengine::scenegraph::instance::DrawEnvNode*),0,2308828,.text,FUNCTION,RETAIL_ORIGINAL_SYMBOL
|static|,static.crs,named,1426,_ZN4gfl215renderingengine8renderer11DrawManager13RemoveDrawEnvEPNS0_10scenegraph8instance11DrawEnvNodeE,gfl2::renderingengine::renderer::DrawManager::RemoveDrawEnv(gfl2::renderingengine::scenegraph::instance::DrawEnvNode*),0,2309048,.text,FUNCTION,RETAIL_ORIGINAL_SYMBOL
|static|,static.crs,named,1427,_ZN4gfl215renderingengine8renderer11DrawManager21ViewSpaceRenderEnableEi,gfl2::renderingengine::renderer::DrawManager::ViewSpaceRenderEnable(int),0,2309648,.text,FUNCTION,RETAIL_ORIGINAL_SYMBOL
|static|,static.crs,named,1428,_ZN4gfl215renderingengine8renderer11DrawManager4DrawEi,gfl2::renderingengine::renderer::DrawManager::Draw(int),0,2311228,.text,FUNCTION,RETAIL_ORIGINAL_SYMBOL
|static|,static.crs,named,1429,_ZN4gfl215renderingengine8renderer11DrawManager6UpdateEv,gfl2::renderingengine::renderer::DrawManager::Update(),0,2312120,.text,FUNCTION,RETAIL_ORIGINAL_SYMBOL
|static|,static.crs,named,1430,_ZN4gfl215renderingengine8renderer17RenderingPipeLine15CallDisplayListEv,gfl2::renderingengine::renderer::RenderingPipeLine::CallDisplayList(),0,2318340,.text,FUNCTION,RETAIL_ORIGINAL_SYMBOL
|static|,static.crs,named,1431,_ZN4gfl215renderingengine8renderer17RenderingPipeLine15SceneRenderPath10InitializeEPNS_3gfx12IGLAllocatorERKNS3_15InitDescriptionE,"gfl2::renderingengine::renderer::RenderingPipeLine::SceneRenderPath::Initialize(gfl2::gfx::IGLAllocator*, gfl2::renderingengine::renderer::RenderingPipeLine::SceneRenderPath::InitDescription const&)",0,2318560,.text,FUNCTION,RETAIL_ORIGINAL_SYMBOL
|static|,static.crs,named,1432,_ZN4gfl215renderingengine8renderer17RenderingPipeLine15SceneRenderPath12ReuseCommandEv,gfl2::renderingengine::renderer::RenderingPipeLine::SceneRenderPath::ReuseCommand(),0,2319168,.text,FUNCTION,RETAIL_ORIGINAL_SYMBOL
|static|,static.crs,named,1433,_ZN4gfl215renderingengine8renderer17RenderingPipeLine15SceneRenderPath15DrawManagerDrawEb,gfl2::renderingengine::renderer::RenderingPipeLine::SceneRenderPath::DrawManagerDraw(bool),0,2319252,.text,FUNCTION,RETAIL_ORIGINAL_SYMBOL
|static|,static.crs,named,1434,_ZN4gfl215renderingengine8renderer17RenderingPipeLine15SceneRenderPath15SetDrawableNodeEv,gfl2::renderingengine::renderer::RenderingPipeLine::SceneRenderPath::SetDrawableNode(),0,2319332,.text,FUNCTION,RETAIL_ORIGINAL_SYMBOL
|static|,static.crs,named,1435,_ZN4gfl215renderingengine8renderer17RenderingPipeLine15SceneRenderPath23SetRenderTargetOverrideEPKNS_3gfx7SurfaceES7_,"gfl2::renderingengine::renderer::RenderingPipeLine::SceneRenderPath::SetRenderTargetOverride(gfl2::gfx::Surface const*, gfl2::gfx::Surface const*)",0,2320340,.text,FUNCTION,RETAIL_ORIGINAL_SYMBOL
|static|,static.crs,named,1436,_ZN4gfl215renderingengine8renderer17RenderingPipeLine15SceneRenderPath25ClearRenderTargetOverrideEPKNS_3gfx7SurfaceES7_,"gfl2::renderingengine::renderer::RenderingPipeLine::SceneRenderPath::ClearRenderTargetOverride(gfl2::gfx::Surface const*, gfl2::gfx::Surface const*)",0,2320408,.text,FUNCTION,RETAIL_ORIGINAL_SYMBOL
|static|,static.crs,named,1437,_ZN4gfl215renderingengine8renderer17RenderingPipeLine15SceneRenderPath7ExecuteERKNS2_11DrawContextE,gfl2::renderingengine::renderer::RenderingPipeLine::SceneRenderPath::Execute(gfl2::renderingengine::renderer::RenderingPipeLine::DrawContext const&),0,2320544,.text,FUNCTION,RETAIL_ORIGINAL_SYMBOL
|static|,static.crs,named,1438,_ZN4gfl215renderingengine8renderer17RenderingPipeLine15SceneRenderPath9SetCameraERKNS2_11DrawContextE,gfl2::renderingengine::renderer::RenderingPipeLine::SceneRenderPath::SetCamera(gfl2::renderingengine::renderer::RenderingPipeLine::DrawContext const&),0,2320656,.text,FUNCTION,RETAIL_ORIGINAL_SYMBOL
|static|,static.crs,named,1439,_ZN4gfl215renderingengine8renderer17RenderingPipeLine15SceneRenderPath9SetupDrawERKNS2_11DrawContextEPKNS_4math8Matrix44EPKNS7_8Matrix34E,"gfl2::renderingengine::renderer::RenderingPipeLine::SceneRenderPath::SetupDraw(gfl2::renderingengine::renderer::RenderingPipeLine::DrawContext const&, gfl2::math::Matrix44 const*, gfl2::math::Matrix34 const*)",0,2321172,.text,FUNCTION,RETAIL_ORIGINAL_SYMBOL
|static|,static.crs,named,1440,_ZN4gfl215renderingengine8renderer17RenderingPipeLine15SceneRenderPathC1Ev,gfl2::renderingengine::renderer::RenderingPipeLine::SceneRenderPath::SceneRenderPath(),0,2321808,.text,FUNCTION,RETAIL_ORIGINAL_SYMBOL
|static|,static.crs,named,1441,_ZN4gfl215renderingengine8renderer17RenderingPipeLine15SceneRenderPathD1Ev,gfl2::renderingengine::renderer::RenderingPipeLine::SceneRenderPath::~SceneRenderPath(),0,2322028,.text,FUNCTION,RETAIL_ORIGINAL_SYMBOL
|static|,static.crs,named,1442,_ZN4gfl215renderingengine8renderer17RenderingPipeLine6UpdateEv,gfl2::renderingengine::renderer::RenderingPipeLine::Update(),0,2322224,.text,FUNCTION,RETAIL_ORIGINAL_SYMBOL
|static|,static.crs,named,1443,_ZN4gfl215renderingengine8renderer17RenderingPipeLine7ExecuteEv,gfl2::renderingengine::renderer::RenderingPipeLine::Execute(),0,2322324,.text,FUNCTION,RETAIL_ORIGINAL_SYMBOL
|static|,static.crs,named,1444,_ZN4gfl215renderingengine8renderer17RenderingPipeLineC2Ev,gfl2::renderingengine::renderer::RenderingPipeLine::RenderingPipeLine(),0,2322544,.text,FUNCTION,RETAIL_ORIGINAL_SYMBOL
|static|,static.crs,named,1445,_ZN4gfl215renderingengine8renderer17RenderingPipeLineD2Ev,gfl2::renderingengine::renderer::RenderingPipeLine::~RenderingPipeLine(),0,2322760,.text,FUNCTION,RETAIL_ORIGINAL_SYMBOL
|static|,static.crs,named,1446,_ZN4gfl215renderingengine8renderer4util13DofRenderPath10InitializeEPNS_3gfx12IGLAllocatorERKNS3_15InitDescriptionE,"gfl2::renderingengine::renderer::util::DofRenderPath::Initialize(gfl2::gfx::IGLAllocator*, gfl2::renderingengine::renderer::util::DofRenderPath::InitDescription const&)",0,2324104,.text,FUNCTION,RETAIL_ORIGINAL_SYMBOL
|static|,static.crs,named,1447,_ZN4gfl215renderingengine8renderer4util13DofRenderPath12SetBlurScaleEf,gfl2::renderingengine::renderer::util::DofRenderPath::SetBlurScale(float),0,2324304,.text,FUNCTION,RETAIL_ORIGINAL_SYMBOL
|static|,static.crs,named,1448,_ZN4gfl215renderingengine8renderer4util13DofRenderPath13ChangeDofTypeENS0_7DofTypeE,gfl2::renderingengine::renderer::util::DofRenderPath::ChangeDofType(gfl2::renderingengine::DofType),0,2324312,.text,FUNCTION,RETAIL_ORIGINAL_SYMBOL
|static|,static.crs,named,1449,_ZN4gfl215renderingengine8renderer4util13DofRenderPathC1Ev,gfl2::renderingengine::renderer::util::DofRenderPath::DofRenderPath(),0,2326216,.text,FUNCTION,RETAIL_ORIGINAL_SYMBOL
|static|,static.crs,named,1450,_ZN4gfl215renderingengine8renderer4util17MakeBlurImagePath10InitializeEPNS_3gfx12IGLAllocatorERKNS3_15InitDescriptionE,"gfl2::renderingengine::renderer::util::MakeBlurImagePath::Initialize(gfl2::gfx::IGLAllocator*, gfl2::renderingengine::renderer::util::MakeBlurImagePath::InitDescription const&)",0,2326444,.text,FUNCTION,RETAIL_ORIGINAL_SYMBOL
|static|,static.crs,named,1451,_ZN4gfl215renderingengine8renderer4util17MakeBlurImagePath13ChangeDofTypeENS0_7DofTypeE,gfl2::renderingengine::renderer::util::MakeBlurImagePath::ChangeDofType(gfl2::renderingengine::DofType),0,2327052,.text,FUNCTION,RETAIL_ORIGINAL_SYMBOL
|static|,static.crs,named,1452,_ZN4gfl215renderingengine8renderer4util17MakeBlurImagePath20SetAvailableLayerNumEj,gfl2::renderingengine::renderer::util::MakeBlurImagePath::SetAvailableLayerNum(unsigned int),0,2327100,.text,FUNCTION,RETAIL_ORIGINAL_SYMBOL
|static|,static.crs,named,1453,_ZN4gfl215renderingengine8renderer4util17MakeBlurImagePathC1Ev,gfl2::renderingengine::renderer::util::MakeBlurImagePath::MakeBlurImagePath(),0,2328528,.text,FUNCTION,RETAIL_ORIGINAL_SYMBOL
|static|,static.crs,named,1454,_ZN4gfl215renderingengine8renderer4util22MakeReductionImagePath10InitializeEPNS_3gfx12IGLAllocatorERKNS3_15InitDescriptionE,"gfl2::renderingengine::renderer::util::MakeReductionImagePath::Initialize(gfl2::gfx::IGLAllocator*, gfl2::renderingengine::renderer::util::MakeReductionImagePath::InitDescription const&)",0,2329008,.text,FUNCTION,RETAIL_ORIGINAL_SYMBOL
|static|,static.crs,named,1455,_ZN4gfl215renderingengine8renderer4util22MakeReductionImagePathC1Ev,gfl2::renderingengine::renderer::util::MakeReductionImagePath::MakeReductionImagePath(),0,2330268,.text,FUNCTION,RETAIL_ORIGINAL_SYMBOL
|static|,static.crs,named,1456,_ZN4gfl215renderingengine8renderer4util25StretchBltFrameBufferPath24CreateFrameBufferTextureEPNS_3gfx12IGLAllocatorEPKNS4_7SurfaceE,"gfl2::renderingengine::renderer::util::StretchBltFrameBufferPath::CreateFrameBufferTexture(gfl2::gfx::IGLAllocator*, gfl2::gfx::Surface const*)",0,2330464,.text,FUNCTION,RETAIL_ORIGINAL_SYMBOL
|static|,static.crs,named,1457,_ZN4gfl215renderingengine8renderer4util25StretchBltFrameBufferPathC1Ev,gfl2::renderingengine::renderer::util::StretchBltFrameBufferPath::StretchBltFrameBufferPath(),0,2331668,.text,FUNCTION,RETAIL_ORIGINAL_SYMBOL
|static|,static.crs,named,1458,_ZN4gfl22cx16SecureUncompressEPKvjPvPNS_4heap11CtrHeapBaseE,"gfl2::cx::SecureUncompress(void const*, unsigned int, void*, gfl2::heap::CtrHeapBase*)",0,2333216,.text,FUNCTION,RETAIL_ORIGINAL_SYMBOL
|static|,static.crs,named,1459,_ZN4gfl22fs10CtrHioUtil8ReadFileEPPvPjS4_PKcPNS_4heap11CtrHeapBaseEj,"gfl2::fs::CtrHioUtil::ReadFile(void**, unsigned int*, unsigned int*, char const*, gfl2::heap::CtrHeapBase*, unsigned int)",0,2333504,.text,FUNCTION,RETAIL_ORIGINAL_SYMBOL
|static|,static.crs,named,1460,_ZN4gfl22fs16AsyncFileManager15SyncArcFileOpenERKNS1_14ArcFileOpenReqE,gfl2::fs::AsyncFileManager::SyncArcFileOpen(gfl2::fs::AsyncFileManager::ArcFileOpenReq const&),0,2353668,.text,FUNCTION,RETAIL_ORIGINAL_SYMBOL
|static|,static.crs,named,1461,_ZN4gfl22fs16AsyncFileManager16SyncArcFileCloseERKNS1_15ArcFileCloseReqE,gfl2::fs::AsyncFileManager::SyncArcFileClose(gfl2::fs::AsyncFileManager::ArcFileCloseReq const&),0,2355120,.text,FUNCTION,RETAIL_ORIGINAL_SYMBOL
|static|,static.crs,named,1462,_ZN4gfl22fs16AsyncFileManager17AddArcFileOpenReqERKNS1_14ArcFileOpenReqE,gfl2::fs::AsyncFileManager::AddArcFileOpenReq(gfl2::fs::AsyncFileManager::ArcFileOpenReq const&),0,2356108,.text,FUNCTION,RETAIL_ORIGINAL_SYMBOL
|static|,static.crs,named,1463,_ZN4gfl22fs16AsyncFileManager18AddFileEasyReadReqERKNS1_15FileEasyReadReqE,gfl2::fs::AsyncFileManager::AddFileEasyReadReq(gfl2::fs::AsyncFileManager::FileEasyReadReq const&),0,2356688,.text,FUNCTION,RETAIL_ORIGINAL_SYMBOL
|static|,static.crs,named,1464,_ZN4gfl22fs16AsyncFileManager18AddArcFileCloseReqERKNS1_15ArcFileCloseReqE,gfl2::fs::AsyncFileManager::AddArcFileCloseReq(gfl2::fs::AsyncFileManager::ArcFileCloseReq const&),0,2356968,.text,FUNCTION,RETAIL_ORIGINAL_SYMBOL
|static|,static.crs,named,1465,_ZN4gfl22fs16AsyncFileManager19SyncArcFileLoadDataERKNS1_18ArcFileLoadDataReqE,gfl2::fs::AsyncFileManager::SyncArcFileLoadData(gfl2::fs::AsyncFileManager::ArcFileLoadDataReq const&),0,2357600,.text,FUNCTION,RETAIL_ORIGINAL_SYMBOL
|static|,static.crs,named,1466,_ZN4gfl22fs16AsyncFileManager21AddArcFileLoadDataReqERKNS1_18ArcFileLoadDataReqE,gfl2::fs::AsyncFileManager::AddArcFileLoadDataReq(gfl2::fs::AsyncFileManager::ArcFileLoadDataReq const&),0,2358464,.text,FUNCTION,RETAIL_ORIGINAL_SYMBOL
|static|,static.crs,named,1467,_ZN4gfl22fs16AsyncFileManager22SyncArcFileLoadDataBufERKNS1_21ArcFileLoadDataBufReqE,gfl2::fs::AsyncFileManager::SyncArcFileLoadDataBuf(gfl2::fs::AsyncFileManager::ArcFileLoadDataBufReq const&),0,2358856,.text,FUNCTION,RETAIL_ORIGINAL_SYMBOL
|static|,static.crs,named,1468,_ZN4gfl22fs16AsyncFileManager29AddArcFileLoadDataPieceBufReqERKNS1_26ArcFileLoadDataPieceBufReqE,gfl2::fs::AsyncFileManager::AddArcFileLoadDataPieceBufReq(gfl2::fs::AsyncFileManager::ArcFileLoadDataPieceBufReq const&),0,2360960,.text,FUNCTION,RETAIL_ORIGINAL_SYMBOL
|static|,static.crs,named,1469,_ZN4gfl22fs17BinLinkerAccessor10InitializeEPv,gfl2::fs::BinLinkerAccessor::Initialize(void*),0,2363144,.text,FUNCTION,RETAIL_ORIGINAL_SYMBOL
|static|,static.crs,named,1470,_ZN4gfl22fs17BinLinkerAccessorC1EPv,gfl2::fs::BinLinkerAccessor::BinLinkerAccessor(void*),0,2363152,.text,FUNCTION,RETAIL_ORIGINAL_SYMBOL
|static|,static.crs,named,1471,_ZN4gfl22fs17BinLinkerAccessorC1Ev,gfl2::fs::BinLinkerAccessor::BinLinkerAccessor(),0,2363160,.text,FUNCTION,RETAIL_ORIGINAL_SYMBOL
|static|,static.crs,named,1472,_ZN4gfl22fs17BinLinkerAccessorD1Ev,gfl2::fs::BinLinkerAccessor::~BinLinkerAccessor(),0,2363172,.text,FUNCTION,RETAIL_ORIGINAL_SYMBOL
|static|,static.crs,named,1473,_ZN4gfl22fs6ResultC1Ev,gfl2::fs::Result::Result(),0,2366676,.text,FUNCTION,RETAIL_ORIGINAL_SYMBOL
|static|,static.crs,named,1474,_ZN4gfl22qr10IQREncoder15CreateQREncoderEPNS_4heap11CtrHeapBaseES4_i,"gfl2::qr::IQREncoder::CreateQREncoder(gfl2::heap::CtrHeapBase*, gfl2::heap::CtrHeapBase*, int)",0,2372344,.text,FUNCTION,RETAIL_ORIGINAL_SYMBOL
|static|,static.crs,named,1475,_ZN4gfl22qr12QREncodeData10SetVersionEj,gfl2::qr::QREncodeData::SetVersion(unsigned int),0,2372404,.text,FUNCTION,RETAIL_ORIGINAL_SYMBOL
|static|,static.crs,named,1476,_ZN4gfl22qr12QREncodeData8CopyDataEPKhj,"gfl2::qr::QREncodeData::CopyData(unsigned char const*, unsigned int)",0,2372412,.text,FUNCTION,RETAIL_ORIGINAL_SYMBOL
|static|,static.crs,named,1477,_ZN4gfl22qr12QREncodeDataC1EPNS_4heap11CtrHeapBaseEj,"gfl2::qr::QREncodeData::QREncodeData(gfl2::heap::CtrHeapBase*, unsigned int)",0,2372464,.text,FUNCTION,RETAIL_ORIGINAL_SYMBOL
|static|,static.crs,named,1478,_ZN4gfl22qr12QREncodeDataD1Ev,gfl2::qr::QREncodeData::~QREncodeData(),0,2372608,.text,FUNCTION,RETAIL_ORIGINAL_SYMBOL
|static|,static.crs,named,1479,_ZN4gfl22ro9RoManager10LoadModuleEPNS_2fs16AsyncFileManagerEPKcPNS_4heap11CtrHeapBaseENS0_8FixLevelE,"gfl2::ro::RoManager::LoadModule(gfl2::fs::AsyncFileManager*, char const*, gfl2::heap::CtrHeapBase*, gfl2::ro::FixLevel)",0,2377536,.text,FUNCTION,RETAIL_ORIGINAL_SYMBOL
|static|,static.crs,named,1480,_ZN4gfl22ro9RoManager11StartModuleEPN2nn2ro6ModuleEb,"gfl2::ro::RoManager::StartModule(nn::ro::Module*, bool)",0,2377864,.text,FUNCTION,RETAIL_ORIGINAL_SYMBOL
|static|,static.crs,named,1481,_ZN4gfl22ro9RoManager13DisposeModuleEPN2nn2ro6ModuleE,gfl2::ro::RoManager::DisposeModule(nn::ro::Module*),0,2378108,.text,FUNCTION,RETAIL_ORIGINAL_SYMBOL
|static|,static.crs,named,1482,_ZN4gfl22ro9RoManager19LoadModuleSetBufferEPvjPNS_4heap11CtrHeapBaseENS0_8FixLevelE,"gfl2::ro::RoManager::LoadModuleSetBuffer(void*, unsigned int, gfl2::heap::CtrHeapBase*, gfl2::ro::FixLevel)",0,2378908,.text,FUNCTION,RETAIL_ORIGINAL_SYMBOL
|static|,static.crs,named,1483,_ZN4gfl22ui6Device14SetRepeatParamERKNS1_11RepeatParamE,gfl2::ui::Device::SetRepeatParam(gfl2::ui::Device::RepeatParam const&),0,2380400,.text,FUNCTION,RETAIL_ORIGINAL_SYMBOL
|static|,static.crs,named,1484,_ZN4gfl22ui6Button19AddButtonAssignmentENS0_8ButtonIDES2_,"gfl2::ui::Button::AddButtonAssignment(gfl2::ui::ButtonID, gfl2::ui::ButtonID)",0,2386544,.text,FUNCTION,RETAIL_ORIGINAL_SYMBOL
|static|,static.crs,named,1485,_ZN8Savedata10ConfigSave13SetButtonModeENS0_11BUTTON_MODEEPN4gfl22ui6ButtonES5_,"Savedata::ConfigSave::SetButtonMode(Savedata::ConfigSave::BUTTON_MODE, gfl2::ui::Button*, gfl2::ui::Button*)",0,2386568,.text,FUNCTION,RETAIL_ORIGINAL_SYMBOL
|static|,static.crs,named,1486,_ZN4gfl22ui6Button22RemoveButtonAssignmentENS0_8ButtonIDES2_,"gfl2::ui::Button::RemoveButtonAssignment(gfl2::ui::ButtonID, gfl2::ui::ButtonID)",0,2386952,.text,FUNCTION,RETAIL_ORIGINAL_SYMBOL
|static|,static.crs,named,1487,_ZN4gfl22ui6Device21SetDefaultRepeatParamEv,gfl2::ui::Device::SetDefaultRepeatParam(),0,2387656,.text,FUNCTION,RETAIL_ORIGINAL_SYMBOL
|static|,static.crs,named,1488,_ZN4gfl22ui6Device22SetDeviceRunningEnableEb,gfl2::ui::Device::SetDeviceRunningEnable(bool),0,2387700,.text,FUNCTION,RETAIL_ORIGINAL_SYMBOL
|static|,static.crs,named,1489,_ZN4gfl22ui9Gyroscope15EnableZeroDriftEv,gfl2::ui::Gyroscope::EnableZeroDrift(),0,2388844,.text,FUNCTION,RETAIL_ORIGINAL_SYMBOL
|static|,static.crs,named,1490,_ZN4gfl22ui9Gyroscope19EnableZeroPlayParamEv,gfl2::ui::Gyroscope::EnableZeroPlayParam(),0,2388860,.text,FUNCTION,RETAIL_ORIGINAL_SYMBOL
|static|,static.crs,named,1491,_ZN4gfl22ui9Gyroscope28EnableRevisionByAccelerationEv,gfl2::ui::Gyroscope::EnableRevisionByAcceleration(),0,2388876,.text,FUNCTION,RETAIL_ORIGINAL_SYMBOL
|static|,static.crs,named,1492,_ZN4gfl22ui9Gyroscope41SetAxisRotationMatrixFromCurrentDirectionEv,gfl2::ui::Gyroscope::SetAxisRotationMatrixFromCurrentDirection(),0,2388892,.text,FUNCTION,RETAIL_ORIGINAL_SYMBOL
|static|,static.crs,named,1493,_ZN4gfl23gfx3ctr5CTRGL11BeginScene_Ev,gfl2::gfx::ctr::CTRGL::BeginScene_(),0,2399044,.text,FUNCTION,RETAIL_ORIGINAL_SYMBOL
|static|,static.crs,named,1494,_ZN4gfl23gfx3ctr5CTRGL11SetScissor_Ejjjj,"gfl2::gfx::ctr::CTRGL::SetScissor_(unsigned int, unsigned int, unsigned int, unsigned int)",0,2399204,.text,FUNCTION,RETAIL_ORIGINAL_SYMBOL
|static|,static.crs,named,1495,_ZN4gfl23gfx3ctr5CTRGL11SetTexture_EjPKNS0_7TextureE,"gfl2::gfx::ctr::CTRGL::SetTexture_(unsigned int, gfl2::gfx::Texture const*)",0,2399248,.text,FUNCTION,RETAIL_ORIGINAL_SYMBOL
|static|,static.crs,named,1496,_ZN4gfl23gfx3ctr5CTRGL12SetViewport_Ejjjj,"gfl2::gfx::ctr::CTRGL::SetViewport_(unsigned int, unsigned int, unsigned int, unsigned int)",0,2399388,.text,FUNCTION,RETAIL_ORIGINAL_SYMBOL
|static|,static.crs,named,1497,_ZN4gfl23gfx3ctr5CTRGL14CreateTexture_EjjjjNS0_6FormatENS0_4PoolE,"gfl2::gfx::ctr::CTRGL::CreateTexture_(unsigned int, unsigned int, unsigned int, unsigned int, gfl2::gfx::Format, gfl2::gfx::Pool)",0,2400252,.text,FUNCTION,RETAIL_ORIGINAL_SYMBOL
|static|,static.crs,named,1498,_ZN4gfl23gfx3ctr5CTRGL14GetBackBuffer_EPv,gfl2::gfx::ctr::CTRGL::GetBackBuffer_(void*),0,2400432,.text,FUNCTION,RETAIL_ORIGINAL_SYMBOL
|static|,static.crs,named,1499,_ZN4gfl23gfx3ctr5CTRGL15GetStereoMatrixERKNS_4math8Matrix44ERKNS3_8Matrix34EffPS4_PS7_SA_SB_,"gfl2::gfx::ctr::CTRGL::GetStereoMatrix(gfl2::math::Matrix44 const&, gfl2::math::Matrix34 const&, float, float, gfl2::math::Matrix44*, gfl2::math::Matrix34*, gfl2::math::Matrix44*, gfl2::math::Matrix34*)",0,2400808,.text,FUNCTION,RETAIL_ORIGINAL_SYMBOL
|static|,static.crs,named,1500,_ZN4gfl23gfx3ctr5CTRGL16GetDisplayWidth_EPv,gfl2::gfx::ctr::CTRGL::GetDisplayWidth_(void*),0,2401156,.text,FUNCTION,RETAIL_ORIGINAL_SYMBOL
|static|,static.crs,named,1501,_ZN4gfl23gfx3ctr5CTRGL16GetRenderTarget_Ej,gfl2::gfx::ctr::CTRGL::GetRenderTarget_(unsigned int),0,2401188,.text,FUNCTION,RETAIL_ORIGINAL_SYMBOL
|static|,static.crs,named,1502,_ZN4gfl23gfx3ctr5CTRGL16SetDepthStencil_EPKNS0_7SurfaceE,gfl2::gfx::ctr::CTRGL::SetDepthStencil_(gfl2::gfx::Surface const*),0,2401196,.text,FUNCTION,RETAIL_ORIGINAL_SYMBOL
|static|,static.crs,named,1503,_ZN4gfl23gfx3ctr5CTRGL16SetRenderTarget_EjPKNS0_7SurfaceE,"gfl2::gfx::ctr::CTRGL::SetRenderTarget_(unsigned int, gfl2::gfx::Surface const*)",0,2401208,.text,FUNCTION,RETAIL_ORIGINAL_SYMBOL
|static|,static.crs,named,1504,_ZN4gfl23gfx3ctr5CTRGL17GetDisplayHeight_EPv,gfl2::gfx::ctr::CTRGL::GetDisplayHeight_(void*),0,2401824,.text,FUNCTION,RETAIL_ORIGINAL_SYMBOL
|static|,static.crs,named,1505,_ZN4gfl23gfx3ctr5CTRGL18ClearDepthStencil_Efh,"gfl2::gfx::ctr::CTRGL::ClearDepthStencil_(float, unsigned char)",0,2401840,.text,FUNCTION,RETAIL_ORIGINAL_SYMBOL
|static|,static.crs,named,1506,_ZN4gfl23gfx3ctr5CTRGL21CreateConstantBuffer_EPKNS0_21ConstantBufferElementEjNS0_4PoolEPKv,"gfl2::gfx::ctr::CTRGL::CreateConstantBuffer_(gfl2::gfx::ConstantBufferElement const*, unsigned int, gfl2::gfx::Pool, void const*)",0,2402776,.text,FUNCTION,RETAIL_ORIGINAL_SYMBOL
|static|,static.crs,named,1507,_ZN4gfl23gfx3ctr5CTRGL21FlushAllDirtyCommand_EPN2nn2gr3CTR23CommandBufferJumpHelperE,gfl2::gfx::ctr::CTRGL::FlushAllDirtyCommand_(nn::gr::CTR::CommandBufferJumpHelper*),0,2403032,.text,FUNCTION,RETAIL_ORIGINAL_SYMBOL
|static|,static.crs,named,1508,_ZN4gfl23gfx3ctr5CTRGL22GetDepthStencilBuffer_EPv,gfl2::gfx::ctr::CTRGL::GetDepthStencilBuffer_(void*),0,2403872,.text,FUNCTION,RETAIL_ORIGINAL_SYMBOL
|static|,static.crs,named,1509,_ZN4gfl23gfx3ctr5CTRGL25CreateTextureFromSurface_EPKNS0_7SurfaceE,gfl2::gfx::ctr::CTRGL::CreateTextureFromSurface_(gfl2::gfx::Surface const*),0,2405476,.text,FUNCTION,RETAIL_ORIGINAL_SYMBOL
|static|,static.crs,named,1510,_ZN4gfl23gfx3ctr5CTRGL30ClearRenderTargetDepthStencil_EjRKNS0_5ColorEfh,"gfl2::gfx::ctr::CTRGL::ClearRenderTargetDepthStencil_(unsigned int, gfl2::gfx::Color const&, float, unsigned char)",0,2406328,.text,FUNCTION,RETAIL_ORIGINAL_SYMBOL
|static|,static.crs,named,1511,_ZN4gfl23gfx3ctr5CTRGL34AddReadColorBufferToTextureCommandEPNS0_7TextureE,gfl2::gfx::ctr::CTRGL::AddReadColorBufferToTextureCommand(gfl2::gfx::Texture*),0,2407004,.text,FUNCTION,RETAIL_ORIGINAL_SYMBOL
|static|,static.crs,named,1512,_ZN4gfl23gfx3ctr5CTRGL35AddTransferLinearColorBufferCommandEPvi,"gfl2::gfx::ctr::CTRGL::AddTransferLinearColorBufferCommand(void*, int)",0,2407144,.text,FUNCTION,RETAIL_ORIGINAL_SYMBOL
|static|,static.crs,named,1513,_ZN4gfl23gfx3ctr5CTRGL9EndScene_Ev,gfl2::gfx::ctr::CTRGL::EndScene_(),0,2407924,.text,FUNCTION,RETAIL_ORIGINAL_SYMBOL
|static|,static.crs,named,1514,_ZN4gfl23gfx8CommonGL17SetActiveDisplay_EPv,gfl2::gfx::CommonGL::SetActiveDisplay_(void*),0,2409184,.text,FUNCTION,RETAIL_ORIGINAL_SYMBOL
|static|,static.crs,named,1515,_ZN4gfl23lyt13LytMultiResIDC1Ev,gfl2::lyt::LytMultiResID::LytMultiResID(),0,2424512,.text,FUNCTION,RETAIL_ORIGINAL_SYMBOL
|static|,static.crs,named,1516,_ZN4gfl23lyt13LytMultiResIDD1Ev,gfl2::lyt::LytMultiResID::~LytMultiResID(),0,2424532,.text,FUNCTION,RETAIL_ORIGINAL_SYMBOL
|static|,static.crs,named,1517,_ZN4gfl23lyt16LayoutRenderPathC1EPNS_3gfx12IGLAllocatorE,gfl2::lyt::LayoutRenderPath::LayoutRenderPath(gfl2::gfx::IGLAllocator*),0,2425696,.text,FUNCTION,RETAIL_ORIGINAL_SYMBOL
|static|,static.crs,named,1518,_ZN3app4util7G2DUtil15StartAnimeFrameEjjfbb,"app::util::G2DUtil::StartAnimeFrame(unsigned int, unsigned int, float, bool, bool)",0,2427912,.text,FUNCTION,RETAIL_ORIGINAL_SYMBOL
|static|,static.crs,named,1519,_ZN4gfl23lyt5LytWk13SetAnimeFrameEjf,"gfl2::lyt::LytWk::SetAnimeFrame(unsigned int, float)",0,2428036,.text,FUNCTION,RETAIL_ORIGINAL_SYMBOL
|static|,static.crs,named,1520,_ZN3app4util7G2DUtil13SetAnimeSpeedEjf,"app::util::G2DUtil::SetAnimeSpeed(unsigned int, float)",0,2428044,.text,FUNCTION,RETAIL_ORIGINAL_SYMBOL
|static|,static.crs,named,1521,_ZN4gfl23lyt5LytWk17SetAutoAnimeSpeedEf,gfl2::lyt::LytWk::SetAutoAnimeSpeed(float),0,2428056,.text,FUNCTION,RETAIL_ORIGINAL_SYMBOL
|static|,static.crs,named,1522,_ZN5print27SystemFont_ResetNumFontInfoEv,print::SystemFont_ResetNumFontInfo(),0,2435080,.text,FUNCTION,RETAIL_ORIGINAL_SYMBOL
|static|,static.crs,named,1523,_ZN4gfl23lyt6LytSysC1EPKNS0_11LytSysSetUpEPNS_4heap11NwAllocatorES7_PNS0_19DrawingLytWkManagerE,"gfl2::lyt::LytSys::LytSys(gfl2::lyt::LytSysSetUp const*, gfl2::heap::NwAllocator*, gfl2::heap::NwAllocator*, gfl2::lyt::DrawingLytWkManager*)",0,2435376,.text,FUNCTION,RETAIL_ORIGINAL_SYMBOL
|static|,static.crs,named,1524,_ZN4gfl23lyt6LytSysD1Ev,gfl2::lyt::LytSys::~LytSys(),0,2435508,.text,FUNCTION,RETAIL_ORIGINAL_SYMBOL
|static|,static.crs,named,1525,_ZN4gfl23lyt5LytWk11UnBindAnimeEj,gfl2::lyt::LytWk::UnBindAnime(unsigned int),0,2436572,.text,FUNCTION,RETAIL_ORIGINAL_SYMBOL
|static|,static.crs,named,1526,_ZN4gfl23lyt5LytWk12SetAutoAnimeEjb,"gfl2::lyt::LytWk::SetAutoAnime(unsigned int, bool)",0,2436712,.text,FUNCTION,RETAIL_ORIGINAL_SYMBOL
|static|,static.crs,named,1527,_ZN4gfl23lyt5LytWk9BindAnimeEjb,"gfl2::lyt::LytWk::BindAnime(unsigned int, bool)",0,2439116,.text,FUNCTION,RETAIL_ORIGINAL_SYMBOL
|static|,static.crs,named,1528,_ZN4gfl23ngc13NGWordChecker10InitializeEPNS_4heap11CtrHeapBaseE,gfl2::ngc::NGWordChecker::Initialize(gfl2::heap::CtrHeapBase*),0,2439588,.text,FUNCTION,RETAIL_ORIGINAL_SYMBOL
|static|,static.crs,named,1529,_ZN4gfl23ngc13NGWordChecker11DeleteAsyncEv,gfl2::ngc::NGWordChecker::DeleteAsync(),0,2439712,.text,FUNCTION,RETAIL_ORIGINAL_SYMBOL
|static|,static.crs,named,1530,_ZN4gfl23ngc13NGWordChecker32CheckFreewordWithRegulationASyncEPNS_4heap11CtrHeapBaseEN2nn3ngc3CTR26ProfanityFilterPatternListEPwPNS0_19NGWordCheckListenerEh,"gfl2::ngc::NGWordChecker::CheckFreewordWithRegulationASync(gfl2::heap::CtrHeapBase*, nn::ngc::CTR::ProfanityFilterPatternList, wchar_t*, gfl2::ngc::NGWordCheckListener*, unsigned char)",0,2440104,.text,FUNCTION,RETAIL_ORIGINAL_SYMBOL
|static|,static.crs,named,1531,_ZN4gfl23ngc13NGWordChecker8FinalizeEv,gfl2::ngc::NGWordChecker::Finalize(),0,2440340,.text,FUNCTION,RETAIL_ORIGINAL_SYMBOL
|static|,static.crs,named,1532,_ZN4gfl23ngc13NGWordCheckerC1Ev,gfl2::ngc::NGWordChecker::NGWordChecker(),0,2440528,.text,FUNCTION,RETAIL_ORIGINAL_SYMBOL
|static|,static.crs,named,1533,_ZN5print11GetTagParamEPKwj,"print::GetTagParam(wchar_t const*, unsigned int)",0,2441520,.text,FUNCTION,RETAIL_ORIGINAL_SYMBOL
|static|,static.crs,named,1534,_ZN4gfl23str11SkipTagCodeEPKw,gfl2::str::SkipTagCode(wchar_t const*),0,2441636,.text,FUNCTION,RETAIL_ORIGINAL_SYMBOL
|static|,static.crs,named,1535,_ZN4gfl23str6StrBuf5ClearEv,gfl2::str::StrBuf::Clear(),0,2442004,.text,FUNCTION,RETAIL_ORIGINAL_SYMBOL
|static|,static.crs,named,1536,_ZN4gfl23str6StrBuf6AddStrERKS1_,gfl2::str::StrBuf::AddStr(gfl2::str::StrBuf const&),0,2442076,.text,FUNCTION,RETAIL_ORIGINAL_SYMBOL
|static|,static.crs,named,1537,_ZN8Savedata7GtsData15GetWantPokeNameEPN4gfl23str6StrBufE,Savedata::GtsData::GetWantPokeName(gfl2::str::StrBuf*),0,2442220,.text,FUNCTION,RETAIL_ORIGINAL_SYMBOL
|static|,static.crs,named,1538,_ZN4gfl23str6StrBuf6SetStrEPKw,gfl2::str::StrBuf::SetStr(wchar_t const*),0,2442240,.text,FUNCTION,RETAIL_ORIGINAL_SYMBOL
|static|,static.crs,named,1539,_ZN4gfl23str6StrBuf6SetStrERKS1_,gfl2::str::StrBuf::SetStr(gfl2::str::StrBuf const&),0,2442324,.text,FUNCTION,RETAIL_ORIGINAL_SYMBOL
|static|,static.crs,named,1540,_ZN4gfl23str6StrBuf7AddCodeEw,gfl2::str::StrBuf::AddCode(wchar_t),0,2442440,.text,FUNCTION,RETAIL_ORIGINAL_SYMBOL
|static|,static.crs,named,1541,_ZN4gfl23str6StrBufC1EPKwPNS_4heap11CtrHeapBaseE,"gfl2::str::StrBuf::StrBuf(wchar_t const*, gfl2::heap::CtrHeapBase*)",0,2442616,.text,FUNCTION,RETAIL_ORIGINAL_SYMBOL
|static|,static.crs,named,1542,_ZN4gfl23str6StrBufC1ERKS1_PNS_4heap11CtrHeapBaseE,"gfl2::str::StrBuf::StrBuf(gfl2::str::StrBuf const&, gfl2::heap::CtrHeapBase*)",0,2442752,.text,FUNCTION,RETAIL_ORIGINAL_SYMBOL
|static|,static.crs,named,1543,_ZN4gfl23str6StrBufC1EjPNS_4heap11CtrHeapBaseE,"gfl2::str::StrBuf::StrBuf(unsigned int, gfl2::heap::CtrHeapBase*)",0,2442852,.text,FUNCTION,RETAIL_ORIGINAL_SYMBOL
|static|,static.crs,named,1544,_ZN4gfl23str6StrBufD1Ev,gfl2::str::StrBuf::~StrBuf(),0,2443012,.text,FUNCTION,RETAIL_ORIGINAL_SYMBOL
|static|,static.crs,named,1545,_ZN3App4Tool30CommonMessageWindowManipulator18SetFinishMode_NoneEv,App::Tool::CommonMessageWindowManipulator::SetFinishMode_None(),0,2444980,.text,FUNCTION,RETAIL_ORIGINAL_SYMBOL
|static|,static.crs,named,1546,_ZN4gfl23str6StrWin13SetFinishModeENS1_10FinishTypeEh,"gfl2::str::StrWin::SetFinishMode(gfl2::str::StrWin::FinishType, unsigned char)",0,2445012,.text,FUNCTION,RETAIL_ORIGINAL_SYMBOL
|static|,static.crs,named,1547,_ZN4gfl23str6StrWin5ClearEv,gfl2::str::StrWin::Clear(),0,2446064,.text,FUNCTION,RETAIL_ORIGINAL_SYMBOL
|static|,static.crs,named,1548,_ZN4gfl23str7MsgData9GetStringEjRNS0_6StrBufE,"gfl2::str::MsgData::GetString(unsigned int, gfl2::str::StrBuf&)",0,2449260,.text,FUNCTION,RETAIL_ORIGINAL_SYMBOL
|static|,static.crs,named,1549,_ZN4gfl23str7MsgDataC1EPKvPNS_4heap11CtrHeapBaseE,"gfl2::str::MsgData::MsgData(void const*, gfl2::heap::CtrHeapBase*)",0,2450072,.text,FUNCTION,RETAIL_ORIGINAL_SYMBOL
|static|,static.crs,named,1550,_ZN4gfl23str7MsgDataC1EjjPNS_4heap11CtrHeapBaseENS1_8LoadTypeE,"gfl2::str::MsgData::MsgData(unsigned int, unsigned int, gfl2::heap::CtrHeapBase*, gfl2::str::MsgData::LoadType)",0,2450180,.text,FUNCTION,RETAIL_ORIGINAL_SYMBOL
|static|,static.crs,named,1551,_ZN4gfl23str7MsgDataD1Ev,gfl2::str::MsgData::~MsgData(),0,2450592,.text,FUNCTION,RETAIL_ORIGINAL_SYMBOL
|static|,static.crs,named,1552,_ZN4gfl23str7StrCompEPKwS2_,"gfl2::str::StrComp(wchar_t const*, wchar_t const*)",0,2450768,.text,FUNCTION,RETAIL_ORIGINAL_SYMBOL
|static|,static.crs,named,1553,_ZN4gfl23str7StrCopyEPwPKw,"gfl2::str::StrCopy(wchar_t*, wchar_t const*)",0,2450920,.text,FUNCTION,RETAIL_ORIGINAL_SYMBOL
|static|,static.crs,named,1554,_ZNK8Savedata8MyStatus13GetNameStringEPw,Savedata::MyStatus::GetNameString(wchar_t*) const,0,2451184,.text,FUNCTION,RETAIL_ORIGINAL_SYMBOL
|static|,static.crs,named,1555,_ZN4gfl23str9PrintCodeEPKwPKc,"gfl2::str::PrintCode(wchar_t const*, char const*)",0,2451504,.text,FUNCTION,RETAIL_ORIGINAL_SYMBOL
|static|,static.crs,named,1556,_ZN4gfl23str9StrComp_JEPKcS2_,"gfl2::str::StrComp_J(char const*, char const*)",0,2451508,.text,FUNCTION,RETAIL_ORIGINAL_SYMBOL
|static|,static.crs,named,1557,_ZN4gfl24Fade11FadeManager10RequestOutENS0_4DISPENS0_9FADE_TYPEEPKNS_4math7Vector4ES7_jb,"gfl2::Fade::FadeManager::RequestOut(gfl2::Fade::DISP, gfl2::Fade::FADE_TYPE, gfl2::math::Vector4 const*, gfl2::math::Vector4 const*, unsigned int, bool)",0,2451620,.text,FUNCTION,RETAIL_ORIGINAL_SYMBOL
|static|,static.crs,named,1558,_ZN4gfl24Fade11FadeManager11IsEndStatusENS0_4DISPE,gfl2::Fade::FadeManager::IsEndStatus(gfl2::Fade::DISP),0,2451812,.text,FUNCTION,RETAIL_ORIGINAL_SYMBOL
|static|,static.crs,named,1559,_ZN4gfl24Fade11FadeManager13SetAnimeSpeedENS0_4DISPEf,"gfl2::Fade::FadeManager::SetAnimeSpeed(gfl2::Fade::DISP, float)",0,2451912,.text,FUNCTION,RETAIL_ORIGINAL_SYMBOL
|static|,static.crs,named,1560,_ZN4gfl24Fade11FadeManager15ForceDefaultOutENS0_4DISPE,gfl2::Fade::FadeManager::ForceDefaultOut(gfl2::Fade::DISP),0,2452228,.text,FUNCTION,RETAIL_ORIGINAL_SYMBOL
|static|,static.crs,named,1561,_ZN4gfl24Fade11FadeManager17RequestDefaultOutENS0_4DISPE,gfl2::Fade::FadeManager::RequestDefaultOut(gfl2::Fade::DISP),0,2452948,.text,FUNCTION,RETAIL_ORIGINAL_SYMBOL
|static|,static.crs,named,1562,_ZN4gfl24Fade11FadeManager21GetColorBufferTextureEj,gfl2::Fade::FadeManager::GetColorBufferTexture(unsigned int),0,2453292,.text,FUNCTION,RETAIL_ORIGINAL_SYMBOL
|static|,static.crs,named,1563,_ZN4gfl24Fade11FadeManager5IsEndENS0_4DISPE,gfl2::Fade::FadeManager::IsEnd(gfl2::Fade::DISP),0,2453876,.text,FUNCTION,RETAIL_ORIGINAL_SYMBOL
|static|,static.crs,named,1564,_ZN4gfl24Fade11FadeManager5ResetENS0_4DISPE,gfl2::Fade::FadeManager::Reset(gfl2::Fade::DISP),0,2454028,.text,FUNCTION,RETAIL_ORIGINAL_SYMBOL
|static|,static.crs,named,1565,_ZN4gfl24Fade11FadeManager6UpdateEv,gfl2::Fade::FadeManager::Update(),0,2454140,.text,FUNCTION,RETAIL_ORIGINAL_SYMBOL
|static|,static.crs,named,1566,_ZN4gfl24Fade11FadeManager7GetFadeENS0_4DISPE,gfl2::Fade::FadeManager::GetFade(gfl2::Fade::DISP),0,2454244,.text,FUNCTION,RETAIL_ORIGINAL_SYMBOL
|static|,static.crs,named,1567,_ZN4gfl24Fade11FadeManager8ForceOutENS0_4DISPEPKNS_4math7Vector4E,"gfl2::Fade::FadeManager::ForceOut(gfl2::Fade::DISP, gfl2::math::Vector4 const*)",0,2454384,.text,FUNCTION,RETAIL_ORIGINAL_SYMBOL
|static|,static.crs,named,1568,_ZN4gfl24Fade11FadeManager9RequestInENS0_4DISPENS0_9FADE_TYPEEj,"gfl2::Fade::FadeManager::RequestIn(gfl2::Fade::DISP, gfl2::Fade::FADE_TYPE, unsigned int)",0,2454500,.text,FUNCTION,RETAIL_ORIGINAL_SYMBOL
|static|,static.crs,named,1569,_ZN4gfl24base17SingletonAccessorIN3app2ui13UIViewManagerEE11GetInstanceEv,gfl2::base::SingletonAccessor<app::ui::UIViewManager>::GetInstance(),0,2455096,.text,FUNCTION,RETAIL_ORIGINAL_SYMBOL
|static|,static.crs,named,1570,_ZN4gfl24base17SingletonAccessorIN5print10SystemFontEE11GetInstanceEv,gfl2::base::SingletonAccessor<print::SystemFont>::GetInstance(),0,2455112,.text,FUNCTION,RETAIL_ORIGINAL_SYMBOL
|static|,static.crs,named,1571,_ZN4gfl24base17SingletonAccessorIN6NetLib3P2P20P2pConnectionManagerEE11GetInstanceEv,gfl2::base::SingletonAccessor<NetLib::P2P::P2pConnectionManager>::GetInstance(),0,2455144,.text,FUNCTION,RETAIL_ORIGINAL_SYMBOL
|static|,static.crs,named,1572,_ZN4gfl24base17SingletonAccessorIN6NetLib4Wifi19SubscriptionManagerEE11GetInstanceEv,gfl2::base::SingletonAccessor<NetLib::Wifi::SubscriptionManager>::GetInstance(),0,2455160,.text,FUNCTION,RETAIL_ORIGINAL_SYMBOL
|static|,static.crs,named,1573,_ZN4gfl24base17SingletonAccessorIN6NetLib5Error23NijiNetworkErrorManagerEE11GetInstanceEv,gfl2::base::SingletonAccessor<NetLib::Error::NijiNetworkErrorManager>::GetInstance(),0,2455176,.text,FUNCTION,RETAIL_ORIGINAL_SYMBOL
|static|,static.crs,named,1574,_ZN4gfl24base17SingletonAccessorIN6System18SystemEventManagerEE11GetInstanceEv,gfl2::base::SingletonAccessor<System::SystemEventManager>::GetInstance(),0,2455208,.text,FUNCTION,RETAIL_ORIGINAL_SYMBOL
|static|,static.crs,named,1575,_ZN4gfl24base17SingletonAccessorIN7gflnet212ServerClient26ServerClientRequestManagerEE11GetInstanceEv,gfl2::base::SingletonAccessor<gflnet2::ServerClient::ServerClientRequestManager>::GetInstance(),0,2455272,.text,FUNCTION,RETAIL_ORIGINAL_SYMBOL
|static|,static.crs,named,1576,_ZN4gfl24base17SingletonAccessorIN7gflnet23nex10NexManagerEE11GetInstanceEv,gfl2::base::SingletonAccessor<gflnet2::nex::NexManager>::GetInstance(),0,2455304,.text,FUNCTION,RETAIL_ORIGINAL_SYMBOL
|static|,static.crs,named,1577,_ZN4gfl24base17SingletonAccessorIN7gflnet23nex20NexMatchMakingClientEE11GetInstanceEv,gfl2::base::SingletonAccessor<gflnet2::nex::NexMatchMakingClient>::GetInstance(),0,2455320,.text,FUNCTION,RETAIL_ORIGINAL_SYMBOL
|static|,static.crs,named,1578,_ZN4gfl24base17SingletonAccessorIN7gflnet24boss11BossManagerEE11GetInstanceEv,gfl2::base::SingletonAccessor<gflnet2::boss::BossManager>::GetInstance(),0,2455336,.text,FUNCTION,RETAIL_ORIGINAL_SYMBOL
|static|,static.crs,named,1579,_ZN4gfl24base17SingletonAccessorIN9NetAppLib9JoinFesta22JoinFestaPacketManagerEE11GetInstanceEv,gfl2::base::SingletonAccessor<NetAppLib::JoinFesta::JoinFestaPacketManager>::GetInstance(),0,2455384,.text,FUNCTION,RETAIL_ORIGINAL_SYMBOL
|static|,static.crs,named,1580,_ZN4gfl24base17SingletonAccessorIN9NetAppLib9JoinFesta24JoinFestaPacketEventListEE11GetInstanceEv,gfl2::base::SingletonAccessor<NetAppLib::JoinFesta::JoinFestaPacketEventList>::GetInstance(),0,2455400,.text,FUNCTION,RETAIL_ORIGINAL_SYMBOL
|static|,static.crs,named,1581,_ZN4gfl24base17SingletonAccessorIN9NetAppLib9JoinFesta26JoinFestaAttractionManagerEE11GetInstanceEv,gfl2::base::SingletonAccessor<NetAppLib::JoinFesta::JoinFestaAttractionManager>::GetInstance(),0,2455416,.text,FUNCTION,RETAIL_ORIGINAL_SYMBOL
|static|,static.crs,named,1582,_ZN4gfl24base17SingletonAccessorIN9NetAppLib9JoinFesta28JoinFestaPersonalDataManagerEE11GetInstanceEv,gfl2::base::SingletonAccessor<NetAppLib::JoinFesta::JoinFestaPersonalDataManager>::GetInstance(),0,2455432,.text,FUNCTION,RETAIL_ORIGINAL_SYMBOL
|static|,static.crs,named,1583,_ZN4gfl24base17SingletonAccessorINS_12devicecamera12DeviceCameraEE11GetInstanceEv,gfl2::base::SingletonAccessor<gfl2::devicecamera::DeviceCamera>::GetInstance(),0,2455448,.text,FUNCTION,RETAIL_ORIGINAL_SYMBOL
|static|,static.crs,named,1584,_ZN4gfl24base17SingletonAccessorINS_2ro9RoManagerEE11GetInstanceEv,gfl2::base::SingletonAccessor<gfl2::ro::RoManager>::GetInstance(),0,2455464,.text,FUNCTION,RETAIL_ORIGINAL_SYMBOL
|static|,static.crs,named,1585,_ZN4gfl24base17SingletonAccessorINS_3ngc13NGWordCheckerEE11GetInstanceEv,gfl2::base::SingletonAccessor<gfl2::ngc::NGWordChecker>::GetInstance(),0,2455480,.text,FUNCTION,RETAIL_ORIGINAL_SYMBOL
|static|,static.crs,named,1586,_ZN4gfl24base17SingletonAccessorINS_4Fade11FadeManagerEE11GetInstanceEv,gfl2::base::SingletonAccessor<gfl2::Fade::FadeManager>::GetInstance(),0,2455496,.text,FUNCTION,RETAIL_ORIGINAL_SYMBOL
|static|,static.crs,named,1587,_ZN4gfl24core7Utility6MemcpyEPvPKvj,"gfl2::core::Utility::Memcpy(void*, void const*, unsigned int)",0,2455512,.text,FUNCTION,RETAIL_ORIGINAL_SYMBOL
|static|,static.crs,named,1588,_ZdaPv,operator delete[](void*),0,2456792,.text,FUNCTION,RETAIL_ORIGINAL_SYMBOL
|static|,static.crs,named,1589,_ZN4gfl24heap11NwAllocatorC1EPNS0_11CtrHeapBaseE,gfl2::heap::NwAllocator::NwAllocator(gfl2::heap::CtrHeapBase*),0,2457428,.text,FUNCTION,RETAIL_ORIGINAL_SYMBOL
|static|,static.crs,named,1590,_ZN3App3Box11BoxAppSetup24DeleteMenuWindowResourceEv,App::Box::BoxAppSetup::DeleteMenuWindowResource(),0,2457736,.text,FUNCTION,RETAIL_ORIGINAL_SYMBOL
|static|,static.crs,named,1591,_ZN4gfl24heap22GflHeapFreeMemoryBlockEPv,gfl2::heap::GflHeapFreeMemoryBlock(void*),0,2457744,.text,FUNCTION,RETAIL_ORIGINAL_SYMBOL
|static|,static.crs,named,1592,_ZN4gfl24heap28GflHeapAllocMemoryBlockAlignEPNS0_11CtrHeapBaseEii,"gfl2::heap::GflHeapAllocMemoryBlockAlign(gfl2::heap::CtrHeapBase*, int, int)",0,2457952,.text,FUNCTION,RETAIL_ORIGINAL_SYMBOL
|static|,static.crs,named,1593,_ZN4gfl24heap7Manager10CreateHeapEPNS0_11CtrHeapBaseEiiNS0_8HeapTypeEbPKc,"gfl2::heap::Manager::CreateHeap(gfl2::heap::CtrHeapBase*, int, int, gfl2::heap::HeapType, bool, char const*)",0,2457972,.text,FUNCTION,RETAIL_ORIGINAL_SYMBOL
|static|,static.crs,named,1594,_ZN4gfl24heap7Manager10DeleteHeapEPNS0_11CtrHeapBaseE,gfl2::heap::Manager::DeleteHeap(gfl2::heap::CtrHeapBase*),0,2458112,.text,FUNCTION,RETAIL_ORIGINAL_SYMBOL
|static|,static.crs,named,1595,_ZN4gfl24heap7Manager18CalcCreateHeapSizeEiNS0_8HeapTypeE,"gfl2::heap::Manager::CalcCreateHeapSize(int, gfl2::heap::HeapType)",0,2458748,.text,FUNCTION,RETAIL_ORIGINAL_SYMBOL
|static|,static.crs,named,1596,_ZN4gfl24math10SFMTRandom10InitializeEv,gfl2::math::SFMTRandom::Initialize(),0,2459800,.text,FUNCTION,RETAIL_ORIGINAL_SYMBOL
|static|,static.crs,named,1597,_ZN4gfl24math10SFMTRandom4NextEj,gfl2::math::SFMTRandom::Next(unsigned int),0,2459836,.text,FUNCTION,RETAIL_ORIGINAL_SYMBOL
|static|,static.crs,named,1598,_ZN4gfl24math10SFMTRandomC1Ev,gfl2::math::SFMTRandom::SFMTRandom(),0,2460108,.text,FUNCTION,RETAIL_ORIGINAL_SYMBOL
|static|,static.crs,named,1599,_ZN4gfl24math16SpringSimulation10GetPostionEv,gfl2::math::SpringSimulation::GetPostion(),0,2460652,.text,FUNCTION,RETAIL_ORIGINAL_SYMBOL
|static|,static.crs,named,1600,_ZN4gfl24math16SpringSimulation4InitEv,gfl2::math::SpringSimulation::Init(),0,2460660,.text,FUNCTION,RETAIL_ORIGINAL_SYMBOL
|static|,static.crs,named,1601,_ZN4gfl24math16SpringSimulation6UpdateEv,gfl2::math::SpringSimulation::Update(),0,2460712,.text,FUNCTION,RETAIL_ORIGINAL_SYMBOL
|static|,static.crs,named,1602,_ZN4gfl24math16SpringSimulation7RequestEffff,"gfl2::math::SpringSimulation::Request(float, float, float, float)",0,2460876,.text,FUNCTION,RETAIL_ORIGINAL_SYMBOL
|static|,static.crs,named,1603,_ZN4gfl24math16SpringSimulationC1Ev,gfl2::math::SpringSimulation::SpringSimulation(),0,2460948,.text,FUNCTION,RETAIL_ORIGINAL_SYMBOL
|static|,static.crs,named,1604,_ZN4gfl24math3Crc5Crc16EtPKhi,"gfl2::math::Crc::Crc16(unsigned short, unsigned char const*, int)",0,2461248,.text,FUNCTION,RETAIL_ORIGINAL_SYMBOL
|static|,static.crs,named,1605,_ZN4gfl24math6Random10InitializeENS1_5StateE,gfl2::math::Random::Initialize(gfl2::math::Random::State),0,2461604,.text,FUNCTION,RETAIL_ORIGINAL_SYMBOL
|static|,static.crs,named,1606,_ZN4gfl24math6Random10InitializeEj,gfl2::math::Random::Initialize(unsigned int),0,2461660,.text,FUNCTION,RETAIL_ORIGINAL_SYMBOL
|static|,static.crs,named,1607,_ZN4gfl24math6Random10InitializeEv,gfl2::math::Random::Initialize(),0,2461696,.text,FUNCTION,RETAIL_ORIGINAL_SYMBOL
|static|,static.crs,named,1608,_ZN4gfl24math6Random4NextEj,gfl2::math::Random::Next(unsigned int),0,2461912,.text,FUNCTION,RETAIL_ORIGINAL_SYMBOL
|static|,static.crs,named,1609,_ZN4gfl24math6Random9SaveStateEv,gfl2::math::Random::SaveState(),0,2462164,.text,FUNCTION,RETAIL_ORIGINAL_SYMBOL
|static|,static.crs,named,1610,_ZN4gfl24math6RandomC1Ev,gfl2::math::Random::Random(),0,2462176,.text,FUNCTION,RETAIL_ORIGINAL_SYMBOL
|static|,static.crs,named,1611,_ZN4gfl24math8MathUtil14RayPickPolygonEPNS0_7Vector4ERKS2_S5_S2_S2_S2_,"gfl2::math::MathUtil::RayPickPolygon(gfl2::math::Vector4*, gfl2::math::Vector4 const&, gfl2::math::Vector4 const&, gfl2::math::Vector4, gfl2::math::Vector4, gfl2::math::Vector4)",0,2462276,.text,FUNCTION,RETAIL_ORIGINAL_SYMBOL
|static|,static.crs,named,1612,_ZN4gfl24pawn8PawnBase25GetGlobalParameterPointerEPKc,gfl2::pawn::PawnBase::GetGlobalParameterPointer(char const*),0,2466312,.text,FUNCTION,RETAIL_ORIGINAL_SYMBOL
|static|,static.crs,named,1613,_ZN4gfl24pawn8PawnBaseC1Ev,gfl2::pawn::PawnBase::PawnBase(),0,2467248,.text,FUNCTION,RETAIL_ORIGINAL_SYMBOL
|static|,static.crs,named,1614,_ZN4gfl24proc7Manager14GetBaseProcessEv,gfl2::proc::Manager::GetBaseProcess(),0,2467864,.text,FUNCTION,RETAIL_ORIGINAL_SYMBOL
|static|,static.crs,named,1615,_ZN4gfl24proc7Manager4DrawENS_3gfx12CtrDisplayNoE,gfl2::proc::Manager::Draw(gfl2::gfx::CtrDisplayNo),0,2468076,.text,FUNCTION,RETAIL_ORIGINAL_SYMBOL
|static|,static.crs,named,1616,_ZN4gfl24proc7Manager4MainEv,gfl2::proc::Manager::Main(),0,2468124,.text,FUNCTION,RETAIL_ORIGINAL_SYMBOL
|static|,static.crs,named,1617,_ZN4gfl24proc7Manager8CallProcEPNS0_11BaseProcessE,gfl2::proc::Manager::CallProc(gfl2::proc::BaseProcess*),0,2468624,.text,FUNCTION,RETAIL_ORIGINAL_SYMBOL
|static|,static.crs,named,1618,_ZN4gfl24proc7ManagerC1EPNS_4heap11CtrHeapBaseE,gfl2::proc::Manager::Manager(gfl2::heap::CtrHeapBase*),0,2468948,.text,FUNCTION,RETAIL_ORIGINAL_SYMBOL
|static|,static.crs,named,1619,_ZN4gfl24util15GLHeapAllocatorC1EPNS_4heap11CtrHeapBaseE,gfl2::util::GLHeapAllocator::GLHeapAllocator(gfl2::heap::CtrHeapBase*),0,2470580,.text,FUNCTION,RETAIL_ORIGINAL_SYMBOL
|static|,static.crs,named,1620,_ZN4gfl24util18UtilTextRenderPathC1EPNS_3gfx12IGLAllocatorE,gfl2::util::UtilTextRenderPath::UtilTextRenderPath(gfl2::gfx::IGLAllocator*),0,2471308,.text,FUNCTION,RETAIL_ORIGINAL_SYMBOL
|static|,static.crs,named,1621,_ZN4gfl24util18UtilTextRenderPathD1Ev,gfl2::util::UtilTextRenderPath::~UtilTextRenderPath(),0,2471708,.text,FUNCTION,RETAIL_ORIGINAL_SYMBOL
|static|,static.crs,named,1622,_ZN4gfl25debug16LogWindow_AddMsgENS0_8LogWinIDEPKwz,"gfl2::debug::LogWindow_AddMsg(gfl2::debug::LogWinID, wchar_t const*, ...)",0,2473396,.text,FUNCTION,RETAIL_ORIGINAL_SYMBOL
|static|,static.crs,named,1623,_ZN4gfl25debug9GFLassertEPKcjiS2_,"gfl2::debug::GFLassert(char const*, unsigned int, int, char const*)",0,2473608,.text,FUNCTION,RETAIL_ORIGINAL_SYMBOL
|static|,static.crs,named,1624,_ZN4gfl26Effect16EffectRenderPath7ExecuteERKNS_15renderingengine8renderer17RenderingPipeLine11DrawContextE,gfl2::Effect::EffectRenderPath::Execute(gfl2::renderingengine::renderer::RenderingPipeLine::DrawContext const&),0,2480004,.text,FUNCTION,RETAIL_ORIGINAL_SYMBOL
|static|,static.crs,named,1625,_ZN4gfl26Effect16EffectRenderPath9SetConfigERKNS1_6ConfigE,gfl2::Effect::EffectRenderPath::SetConfig(gfl2::Effect::EffectRenderPath::Config const&),0,2481632,.text,FUNCTION,RETAIL_ORIGINAL_SYMBOL
|static|,static.crs,named,1626,_ZN4gfl26Effect16EffectRenderPathC1Ev,gfl2::Effect::EffectRenderPath::EffectRenderPath(),0,2481716,.text,FUNCTION,RETAIL_ORIGINAL_SYMBOL
|static|,static.crs,named,1627,_ZN4gfl26Effect16EffectRenderPathD1Ev,gfl2::Effect::EffectRenderPath::~EffectRenderPath(),0,2481744,.text,FUNCTION,RETAIL_ORIGINAL_SYMBOL
|static|,static.crs,named,1628,_ZN4gfl26Effect6Handle13GetEmitterSetEv,gfl2::Effect::Handle::GetEmitterSet(),0,2481788,.text,FUNCTION,RETAIL_ORIGINAL_SYMBOL
|static|,static.crs,named,1629,_ZN4gfl26Effect6System11GetResourceEj,gfl2::Effect::System::GetResource(unsigned int),0,2482024,.text,FUNCTION,RETAIL_ORIGINAL_SYMBOL
|static|,static.crs,named,1630,_ZN4gfl26Effect6System13EntryResourceEPN2nw3eft4HeapEPviPNS3_7EnvInfoE,"gfl2::Effect::System::EntryResource(nw::eft::Heap*, void*, int, nw::eft::EnvInfo*)",0,2482040,.text,FUNCTION,RETAIL_ORIGINAL_SYMBOL
|static|,static.crs,named,1631,_ZN4gfl26Effect6System14KillEmitterSetEPNS0_10EmitterSetE,gfl2::Effect::System::KillEmitterSet(gfl2::Effect::EmitterSet*),0,2482064,.text,FUNCTION,RETAIL_ORIGINAL_SYMBOL
|static|,static.crs,named,1632,_ZN4gfl26Effect6System18CreateEmitterSetIDEPNS0_6HandleERKNS_4math7Vector3Eiihj,"gfl2::Effect::System::CreateEmitterSetID(gfl2::Effect::Handle*, gfl2::math::Vector3 const&, int, int, unsigned char, unsigned int)",0,2482100,.text,FUNCTION,RETAIL_ORIGINAL_SYMBOL
|static|,static.crs,named,1633,_ZN4gfl26Effect6System18CreateEmitterSetIDEPNS0_6HandleERKNS_4math8Matrix34Eiihj,"gfl2::Effect::System::CreateEmitterSetID(gfl2::Effect::Handle*, gfl2::math::Matrix34 const&, int, int, unsigned char, unsigned int)",0,2482312,.text,FUNCTION,RETAIL_ORIGINAL_SYMBOL
|static|,static.crs,named,1634,_ZN4gfl26Effect6System4CalcEhfbb,"gfl2::Effect::System::Calc(unsigned char, float, bool, bool)",0,2482392,.text,FUNCTION,RETAIL_ORIGINAL_SYMBOL
|static|,static.crs,named,1635,_ZN4gfl26Effect6SystemC1ERKNS0_6ConfigE,gfl2::Effect::System::System(gfl2::Effect::Config const&),0,2482408,.text,FUNCTION,RETAIL_ORIGINAL_SYMBOL
|static|,static.crs,named,1636,_ZN4gfl26system4Date19SetDateTimeToSecondEx,gfl2::system::Date::SetDateTimeToSecond(long long),0,2484368,.text,FUNCTION,RETAIL_ORIGINAL_SYMBOL
|static|,static.crs,named,1637,_ZN4gfl26system4Date6GetNowEPS1_,gfl2::system::Date::GetNow(gfl2::system::Date*),0,2484496,.text,FUNCTION,RETAIL_ORIGINAL_SYMBOL
|static|,static.crs,named,1638,_ZN4gfl26system4Date6SetDayEi,gfl2::system::Date::SetDay(int),0,2484524,.text,FUNCTION,RETAIL_ORIGINAL_SYMBOL
|static|,static.crs,named,1639,_ZN4gfl26system4Date7SetHourEi,gfl2::system::Date::SetHour(int),0,2484684,.text,FUNCTION,RETAIL_ORIGINAL_SYMBOL
|static|,static.crs,named,1640,_ZN4gfl26system4Date7SetYearEi,gfl2::system::Date::SetYear(int),0,2484728,.text,FUNCTION,RETAIL_ORIGINAL_SYMBOL
|static|,static.crs,named,1641,_ZN4gfl26system4Date8SetMonthEi,gfl2::system::Date::SetMonth(int),0,2484772,.text,FUNCTION,RETAIL_ORIGINAL_SYMBOL
|static|,static.crs,named,1642,_ZN4gfl26system4Date9SetMinuteEi,gfl2::system::Date::SetMinute(int),0,2484816,.text,FUNCTION,RETAIL_ORIGINAL_SYMBOL
|static|,static.crs,named,1643,_ZN4gfl26system4DateC1Ev,gfl2::system::Date::Date(),0,2485032,.text,FUNCTION,RETAIL_ORIGINAL_SYMBOL
|static|,static.crs,named,1644,_ZN4gfl26system4DateD1Ev,gfl2::system::Date::~Date(),0,2485048,.text,FUNCTION,RETAIL_ORIGINAL_SYMBOL
|static|,static.crs,named,1645,_ZN4gfl26thread12ThreadStatic12CurrentSleepEi,gfl2::thread::ThreadStatic::CurrentSleep(int),0,2485060,.text,FUNCTION,RETAIL_ORIGINAL_SYMBOL
|static|,static.crs,named,1646,_ZN4gfl26thread5Event10InitializeEv,gfl2::thread::Event::Initialize(),0,2486508,.text,FUNCTION,RETAIL_ORIGINAL_SYMBOL
|static|,static.crs,named,1647,_ZN4gfl26thread5Event4WaitEv,gfl2::thread::Event::Wait(),0,2486544,.text,FUNCTION,RETAIL_ORIGINAL_SYMBOL
|static|,static.crs,named,1648,_ZN4gfl26thread5Event5ClearEv,gfl2::thread::Event::Clear(),0,2486560,.text,FUNCTION,RETAIL_ORIGINAL_SYMBOL
|static|,static.crs,named,1649,_ZN4gfl26thread5Event6SignalEv,gfl2::thread::Event::Signal(),0,2486620,.text,FUNCTION,RETAIL_ORIGINAL_SYMBOL
|static|,static.crs,named,1650,_ZN4gfl26thread5Event7TryWaitEv,gfl2::thread::Event::TryWait(),0,2486636,.text,FUNCTION,RETAIL_ORIGINAL_SYMBOL
|static|,static.crs,named,1651,_ZN4gfl26thread5Event8FinalizeEv,gfl2::thread::Event::Finalize(),0,2486652,.text,FUNCTION,RETAIL_ORIGINAL_SYMBOL
|static|,static.crs,named,1652,_ZN4gfl26thread5EventC1EPNS_4heap11CtrHeapBaseE,gfl2::thread::Event::Event(gfl2::heap::CtrHeapBase*),0,2486696,.text,FUNCTION,RETAIL_ORIGINAL_SYMBOL
|static|,static.crs,named,1653,_ZN4gfl26thread6Thread4KillEv,gfl2::thread::Thread::Kill(),0,2486796,.text,FUNCTION,RETAIL_ORIGINAL_SYMBOL
|static|,static.crs,named,1654,_ZN4gfl26thread6Thread4WaitEv,gfl2::thread::Thread::Wait(),0,2486812,.text,FUNCTION,RETAIL_ORIGINAL_SYMBOL
|static|,static.crs,named,1655,_ZN4gfl26thread6Thread5StartEi,gfl2::thread::Thread::Start(int),0,2486836,.text,FUNCTION,RETAIL_ORIGINAL_SYMBOL
|static|,static.crs,named,1656,_ZN4gfl26thread6ThreadC1EPNS0_15ThreadInterfaceEPNS_4heap11CtrHeapBaseEbj,"gfl2::thread::Thread::Thread(gfl2::thread::ThreadInterface*, gfl2::heap::CtrHeapBase*, bool, unsigned int)",0,2486900,.text,FUNCTION,RETAIL_ORIGINAL_SYMBOL
|static|,static.crs,named,1657,_ZN4gfl27imagedb15ImageDBAccessor10InitializeEjjjb,"gfl2::imagedb::ImageDBAccessor::Initialize(unsigned int, unsigned int, unsigned int, bool)",0,2487280,.text,FUNCTION,RETAIL_ORIGINAL_SYMBOL
|static|,static.crs,named,1658,_ZN4gfl27imagedb15ImageDBAccessor12SaveToSDCardEPKvS3_jjS3_ji,"gfl2::imagedb::ImageDBAccessor::SaveToSDCard(void const*, void const*, unsigned int, unsigned int, void const*, unsigned int, int)",0,2487636,.text,FUNCTION,RETAIL_ORIGINAL_SYMBOL
|static|,static.crs,named,1659,_ZN4gfl27imagedb15ImageDBAccessor15GetResultDetailEv,gfl2::imagedb::ImageDBAccessor::GetResultDetail(),0,2488380,.text,FUNCTION,RETAIL_ORIGINAL_SYMBOL
|static|,static.crs,named,1660,_ZN4gfl27imagedb15ImageDBAccessor8FinalizeEv,gfl2::imagedb::ImageDBAccessor::Finalize(),0,2488388,.text,FUNCTION,RETAIL_ORIGINAL_SYMBOL
|static|,static.crs,named,1661,_ZN4gfl27imagedb15ImageDBAccessorC1EPNS_4heap11CtrHeapBaseES4_j,"gfl2::imagedb::ImageDBAccessor::ImageDBAccessor(gfl2::heap::CtrHeapBase*, gfl2::heap::CtrHeapBase*, unsigned int)",0,2488532,.text,FUNCTION,RETAIL_ORIGINAL_SYMBOL
|static|,static.crs,named,1662,_ZN4gfl29animation17AnimationPackList8LoadDataEjPNS_3gfx12IGLAllocatorEPNS_4heap11CtrHeapBaseEPc,"gfl2::animation::AnimationPackList::LoadData(unsigned int, gfl2::gfx::IGLAllocator*, gfl2::heap::CtrHeapBase*, char*)",0,2489648,.text,FUNCTION,RETAIL_ORIGINAL_SYMBOL
|static|,static.crs,named,1663,_ZN4gfl29animation15JointControllerC1Ev,gfl2::animation::JointController::JointController(),0,2490780,.text,FUNCTION,RETAIL_ORIGINAL_SYMBOL
|static|,static.crs,named,1664,_ZN4gfl29animation15JointControllerD1Ev,gfl2::animation::JointController::~JointController(),0,2490828,.text,FUNCTION,RETAIL_ORIGINAL_SYMBOL
|static|,static.crs,named,1665,_ZN6System10MotionBlur20InitializeMotionBlurEPN4gfl23gfx12IGLAllocatorEPNS1_4heap11CtrHeapBaseEPNS1_2fs16AsyncFileManagerEj,"System::MotionBlur::InitializeMotionBlur(gfl2::gfx::IGLAllocator*, gfl2::heap::CtrHeapBase*, gfl2::fs::AsyncFileManager*, unsigned int)",0,2494088,.text,FUNCTION,RETAIL_ORIGINAL_SYMBOL
|static|,static.crs,named,1666,_ZN4gfl29animation17AnimationPackList10InitializeEPNS_4heap11CtrHeapBaseEj,"gfl2::animation::AnimationPackList::Initialize(gfl2::heap::CtrHeapBase*, unsigned int)",0,2495900,.text,FUNCTION,RETAIL_ORIGINAL_SYMBOL
|static|,static.crs,named,1667,_ZN4gfl29animation17AnimationPackList15GetResourceNodeEjj,"gfl2::animation::AnimationPackList::GetResourceNode(unsigned int, unsigned int)",0,2496096,.text,FUNCTION,RETAIL_ORIGINAL_SYMBOL
|static|,static.crs,named,1668,_ZN4gfl29animation17AnimationPackList8FinalizeEv,gfl2::animation::AnimationPackList::Finalize(),0,2496444,.text,FUNCTION,RETAIL_ORIGINAL_SYMBOL
|static|,static.crs,named,1669,_ZN4gfl29animation17AnimationPackList9UnloadAllEv,gfl2::animation::AnimationPackList::UnloadAll(),0,2496568,.text,FUNCTION,RETAIL_ORIGINAL_SYMBOL
|static|,static.crs,named,1670,_ZN4gfl29animation17AnimationPackListC1Ev,gfl2::animation::AnimationPackList::AnimationPackList(),0,2496656,.text,FUNCTION,RETAIL_ORIGINAL_SYMBOL
|static|,static.crs,named,1671,_ZN4gfl29animation17AnimationPackListD1Ev,gfl2::animation::AnimationPackList::~AnimationPackList(),0,2496672,.text,FUNCTION,RETAIL_ORIGINAL_SYMBOL
|static|,static.crs,named,1672,_ZN4gfl29animation17AnimationSlotBase20SetAnimationResourceEPNS_15renderingengine10scenegraph8resource12ResourceNodeE,gfl2::animation::AnimationSlotBase::SetAnimationResource(gfl2::renderingengine::scenegraph::resource::ResourceNode*),0,2497228,.text,FUNCTION,RETAIL_ORIGINAL_SYMBOL
|static|,static.crs,named,1673,_ZN7poke_3d5model10BaseCamera7DestroyEv,poke_3d::model::BaseCamera::Destroy(),0,2497616,.text,FUNCTION,RETAIL_ORIGINAL_SYMBOL
|static|,static.crs,named,1674,_ZN4gfl29animation19AnimationController10InitializeEPNS_4heap11CtrHeapBaseEPNS_15renderingengine10scenegraph8instance17ModelInstanceNodeE,"gfl2::animation::AnimationController::Initialize(gfl2::heap::CtrHeapBase*, gfl2::renderingengine::scenegraph::instance::ModelInstanceNode*)",0,2509716,.text,FUNCTION,RETAIL_ORIGINAL_SYMBOL
|static|,static.crs,named,1675,_ZN4gfl29animation19AnimationController12GetJointSlotEj,gfl2::animation::AnimationController::GetJointSlot(unsigned int),0,2510004,.text,FUNCTION,RETAIL_ORIGINAL_SYMBOL
|static|,static.crs,named,1676,_ZN4gfl29animation19AnimationController15GetMaterialSlotEj,gfl2::animation::AnimationController::GetMaterialSlot(unsigned int),0,2510544,.text,FUNCTION,RETAIL_ORIGINAL_SYMBOL
|static|,static.crs,named,1677,_ZN4gfl29animation19AnimationController17GetVisibilitySlotEj,gfl2::animation::AnimationController::GetVisibilitySlot(unsigned int),0,2510912,.text,FUNCTION,RETAIL_ORIGINAL_SYMBOL
|static|,static.crs,named,1678,_ZN4gfl29animation19AnimationController6UpdateEfNS1_12AnimationBitE,"gfl2::animation::AnimationController::Update(float, gfl2::animation::AnimationController::AnimationBit)",0,2515912,.text,FUNCTION,RETAIL_ORIGINAL_SYMBOL
|static|,static.crs,named,1679,_ZN4gfl29animation19AnimationController8FinalizeEv,gfl2::animation::AnimationController::Finalize(),0,2516784,.text,FUNCTION,RETAIL_ORIGINAL_SYMBOL
|static|,static.crs,named,1680,_ZN4gfl29animation19AnimationControllerC1Ev,gfl2::animation::AnimationController::AnimationController(),0,2517352,.text,FUNCTION,RETAIL_ORIGINAL_SYMBOL
|static|,static.crs,named,1681,_ZN4gfl29animation19AnimationControllerD1Ev,gfl2::animation::AnimationController::~AnimationController(),0,2517500,.text,FUNCTION,RETAIL_ORIGINAL_SYMBOL
|static|,static.crs,named,1682,_ZN4gfl29animation26DrawEnvAnimationController10GetFogSlotEjNS1_8SlotTypeE,"gfl2::animation::DrawEnvAnimationController::GetFogSlot(unsigned int, gfl2::animation::DrawEnvAnimationController::SlotType)",0,2533252,.text,FUNCTION,RETAIL_ORIGINAL_SYMBOL
|static|,static.crs,named,1683,_ZN6System11EnvAccessor10InitializeEPN4gfl24heap11CtrHeapBaseEPNS1_15renderingengine10scenegraph8instance11DrawEnvNodeE,"System::EnvAccessor::Initialize(gfl2::heap::CtrHeapBase*, gfl2::renderingengine::scenegraph::instance::DrawEnvNode*)",0,2533456,.text,FUNCTION,RETAIL_ORIGINAL_SYMBOL
|static|,static.crs,named,1684,_ZN4gfl29animation26DrawEnvAnimationController10InitializeEPNS_4heap11CtrHeapBaseEPNS_15renderingengine10scenegraph8instance11DrawEnvNodeE,"gfl2::animation::DrawEnvAnimationController::Initialize(gfl2::heap::CtrHeapBase*, gfl2::renderingengine::scenegraph::instance::DrawEnvNode*)",0,2533468,.text,FUNCTION,RETAIL_ORIGINAL_SYMBOL
|static|,static.crs,named,1685,_ZN4gfl29animation26DrawEnvAnimationController12GetLightSlotEjNS1_8SlotTypeE,"gfl2::animation::DrawEnvAnimationController::GetLightSlot(unsigned int, gfl2::animation::DrawEnvAnimationController::SlotType)",0,2533980,.text,FUNCTION,RETAIL_ORIGINAL_SYMBOL
|static|,static.crs,named,1686,_ZN4gfl29animation26DrawEnvAnimationController6UpdateEv,gfl2::animation::DrawEnvAnimationController::Update(),0,2535124,.text,FUNCTION,RETAIL_ORIGINAL_SYMBOL
|static|,static.crs,named,1687,_ZN4gfl29animation26DrawEnvAnimationController8FinalizeEv,gfl2::animation::DrawEnvAnimationController::Finalize(),0,2538468,.text,FUNCTION,RETAIL_ORIGINAL_SYMBOL
|static|,static.crs,named,1688,_ZN4gfl29animation26DrawEnvAnimationControllerC1Ev,gfl2::animation::DrawEnvAnimationController::DrawEnvAnimationController(),0,2538964,.text,FUNCTION,RETAIL_ORIGINAL_SYMBOL
|static|,static.crs,named,1689,_ZN4gfl29animation26DrawEnvAnimationControllerD1Ev,gfl2::animation::DrawEnvAnimationController::~DrawEnvAnimationController(),0,2539164,.text,FUNCTION,RETAIL_ORIGINAL_SYMBOL
|static|,static.crs,named,1690,_ZN4gfl29collision14CollisionModel10InitializeEPNS_15renderingengine10scenegraph8resource12ResourceNodeE,gfl2::collision::CollisionModel::Initialize(gfl2::renderingengine::scenegraph::resource::ResourceNode*),0,2539756,.text,FUNCTION,RETAIL_ORIGINAL_SYMBOL
|static|,static.crs,named,1691,_ZN4gfl29collision14CollisionModel15GetIntersectionERKNS_4math7Vector4ES5_PNS0_39ICollisionModelIntersectionCallbackableE,"gfl2::collision::CollisionModel::GetIntersection(gfl2::math::Vector4 const&, gfl2::math::Vector4 const&, gfl2::collision::ICollisionModelIntersectionCallbackable*)",0,2539840,.text,FUNCTION,RETAIL_ORIGINAL_SYMBOL
|static|,static.crs,named,1692,_ZN4gfl29collision14CollisionModel18GetIntersectionCntERKNS_4math7Vector4ES5_,"gfl2::collision::CollisionModel::GetIntersectionCnt(gfl2::math::Vector4 const&, gfl2::math::Vector4 const&)",0,2541112,.text,FUNCTION,RETAIL_ORIGINAL_SYMBOL
|static|,static.crs,named,1693,_ZN4gfl29collision14CollisionModel9GetHeightERKNS_4math7Vector4EPKNS_15renderingengine10scenegraph8resource17CollisionTriangleEPNS0_27ICollisionModelCallbackableE,"gfl2::collision::CollisionModel::GetHeight(gfl2::math::Vector4 const&, gfl2::renderingengine::scenegraph::resource::CollisionTriangle const*, gfl2::collision::ICollisionModelCallbackable*)",0,2542504,.text,FUNCTION,RETAIL_ORIGINAL_SYMBOL
|static|,static.crs,named,1694,_ZN4gfl29collision14CollisionModelC1Ev,gfl2::collision::CollisionModel::CollisionModel(),0,2543116,.text,FUNCTION,RETAIL_ORIGINAL_SYMBOL
|static|,static.crs,named,1695,_ZN4gfl29collision14CollisionModelD1Ev,gfl2::collision::CollisionModel::~CollisionModel(),0,2543128,.text,FUNCTION,RETAIL_ORIGINAL_SYMBOL
|static|,static.crs,named,1696,_ZN4item14ITEM_CheckNutsEt,item::ITEM_CheckNuts(unsigned short),0,2543132,.text,FUNCTION,RETAIL_ORIGINAL_SYMBOL
|static|,static.crs,named,1697,_ZN4item14ITEM_GetBallIDEt,item::ITEM_GetBallID(unsigned short),0,2543240,.text,FUNCTION,RETAIL_ORIGINAL_SYMBOL
|static|,static.crs,named,1698,_ZN4item14ITEM_GetNutsNoEt,item::ITEM_GetNutsNo(unsigned short),0,2543360,.text,FUNCTION,RETAIL_ORIGINAL_SYMBOL
|static|,static.crs,named,1699,_ZN4item14ITEM_GetWazaNoEt,item::ITEM_GetWazaNo(unsigned short),0,2543456,.text,FUNCTION,RETAIL_ORIGINAL_SYMBOL
|static|,static.crs,named,1700,_ZN4item15ITEM_CheckBeadsEt,item::ITEM_CheckBeads(unsigned short),0,2543648,.text,FUNCTION,RETAIL_ORIGINAL_SYMBOL
|static|,static.crs,named,1701,_ZN4item15ITEM_CheckJewelEt,item::ITEM_CheckJewel(unsigned short),0,2543724,.text,FUNCTION,RETAIL_ORIGINAL_SYMBOL
|static|,static.crs,named,1702,_ZN4item15ITEM_CheckPieceEt,item::ITEM_CheckPiece(unsigned short),0,2543788,.text,FUNCTION,RETAIL_ORIGINAL_SYMBOL
|static|,static.crs,named,1703,_ZN4item17GetBattlePocketIDENS_9BtlPocketE,item::GetBattlePocketID(item::BtlPocket),0,2543864,.text,FUNCTION,RETAIL_ORIGINAL_SYMBOL
|static|,static.crs,named,1704,_ZN4item17ITEM_CheckPokeAddEt,item::ITEM_CheckPokeAdd(unsigned short),0,2543896,.text,FUNCTION,RETAIL_ORIGINAL_SYMBOL
|static|,static.crs,named,1705,_ZN4item18ITEM_BallID2ItemIDENS_7BALL_IDE,item::ITEM_BallID2ItemID(item::BALL_ID),0,2543920,.text,FUNCTION,RETAIL_ORIGINAL_SYMBOL
|static|,static.crs,named,1706,_ZN4item18ITEM_GetBeadsTableEPj,item::ITEM_GetBeadsTable(unsigned int*),0,2543964,.text,FUNCTION,RETAIL_ORIGINAL_SYMBOL
|static|,static.crs,named,1707,_ZN4item18ITEM_GetPieceTableEPj,item::ITEM_GetPieceTable(unsigned int*),0,2543984,.text,FUNCTION,RETAIL_ORIGINAL_SYMBOL
|static|,static.crs,named,1708,_ZN4item19ITEM_CheckMegaStoneEt,item::ITEM_CheckMegaStone(unsigned short),0,2544016,.text,FUNCTION,RETAIL_ORIGINAL_SYMBOL
|static|,static.crs,named,1709,_ZN4item19UnloadBtlPocketDataEv,item::UnloadBtlPocketData(),0,2544092,.text,FUNCTION,RETAIL_ORIGINAL_SYMBOL
|static|,static.crs,named,1710,_ZN4item21CheckBtlPocketIncludeENS_9BtlPocketEj,"item::CheckBtlPocketInclude(item::BtlPocket, unsigned int)",0,2544132,.text,FUNCTION,RETAIL_ORIGINAL_SYMBOL
|static|,static.crs,named,1711,_ZN4item21ITEM_CheckWazaMachineEt,item::ITEM_CheckWazaMachine(unsigned short),0,2544244,.text,FUNCTION,RETAIL_ORIGINAL_SYMBOL
|static|,static.crs,named,1712,_ZN4item21ITEM_GetWazaMashineNoEt,item::ITEM_GetWazaMashineNo(unsigned short),0,2544424,.text,FUNCTION,RETAIL_ORIGINAL_SYMBOL
|static|,static.crs,named,1713,_ZN4item22AsyncLoadBtlPocketDataEPN4gfl24heap11CtrHeapBaseES3_,"item::AsyncLoadBtlPocketData(gfl2::heap::CtrHeapBase*, gfl2::heap::CtrHeapBase*)",0,2544604,.text,FUNCTION,RETAIL_ORIGINAL_SYMBOL
|static|,static.crs,named,1714,_ZN4item23FinishLoadBtlPocketDataEv,item::FinishLoadBtlPocketData(),0,2544896,.text,FUNCTION,RETAIL_ORIGINAL_SYMBOL
|static|,static.crs,named,1715,_ZN4item23ITEM_GetWazaMashineWazaEj,item::ITEM_GetWazaMashineWaza(unsigned int),0,2544992,.text,FUNCTION,RETAIL_ORIGINAL_SYMBOL
|static|,static.crs,named,1716,_ZN4item25ITEM_GetWazaMashineItemNoEj,item::ITEM_GetWazaMashineItemNo(unsigned int),0,2545064,.text,FUNCTION,RETAIL_ORIGINAL_SYMBOL
|static|,static.crs,named,1717,_ZN4item25IsFinishLoadBtlPocketDataEv,item::IsFinishLoadBtlPocketData(),0,2545136,.text,FUNCTION,RETAIL_ORIGINAL_SYMBOL
|static|,static.crs,named,1718,_ZN4item27ITEM_UTIL_IsNeedSelectSkillEPKNS_9ITEM_DATAE,item::ITEM_UTIL_IsNeedSelectSkill(item::ITEM_DATA const*),0,2545208,.text,FUNCTION,RETAIL_ORIGINAL_SYMBOL
|static|,static.crs,named,1719,_ZN4item28ITEM_GetNormalWazaMashineMaxEv,item::ITEM_GetNormalWazaMashineMax(),0,2545276,.text,FUNCTION,RETAIL_ORIGINAL_SYMBOL
|static|,static.crs,named,1720,_ZN4item28ITEM_UTIL_GetHealingItemTypeEPKNS_9ITEM_DATAE,item::ITEM_UTIL_GetHealingItemType(item::ITEM_DATA const*),0,2545284,.text,FUNCTION,RETAIL_ORIGINAL_SYMBOL
|static|,static.crs,named,1721,_ZN4item31ITEM_UTIL_IsDeathRecoverAllItemEPKNS_9ITEM_DATAE,item::ITEM_UTIL_IsDeathRecoverAllItem(item::ITEM_DATA const*),0,2545968,.text,FUNCTION,RETAIL_ORIGINAL_SYMBOL
|static|,static.crs,named,1722,_ZN4item9ITEM_DATAC1Eb,item::ITEM_DATA::ITEM_DATA(bool),0,2546980,.text,FUNCTION,RETAIL_ORIGINAL_SYMBOL
|static|,static.crs,named,1723,_ZN4item9ITEM_DATAC1EiPN4gfl24heap11CtrHeapBaseE,"item::ITEM_DATA::ITEM_DATA(int, gfl2::heap::CtrHeapBase*)",0,2547036,.text,FUNCTION,RETAIL_ORIGINAL_SYMBOL
|static|,static.crs,named,1724,_ZN4item9ITEM_DATAD1Ev,item::ITEM_DATA::~ITEM_DATA(),0,2547056,.text,FUNCTION,RETAIL_ORIGINAL_SYMBOL
|static|,static.crs,named,1725,_ZN5Field10EventXMenu16SetFieldMenuProcEPN3App9FieldMenu22FieldMenuSubWindowProcENS_9SubScreen21FieldMenuOutRequestIDE,"Field::EventXMenu::SetFieldMenuProc(App::FieldMenu::FieldMenuSubWindowProc*, Field::SubScreen::FieldMenuOutRequestID)",0,2570436,.text,FUNCTION,RETAIL_ORIGINAL_SYMBOL
|static|,static.crs,named,1726,_ZN5Field10EventXMenuC1EPN4gfl24heap11CtrHeapBaseE,Field::EventXMenu::EventXMenu(gfl2::heap::CtrHeapBase*),0,2571476,.text,FUNCTION,RETAIL_ORIGINAL_SYMBOL
|static|,static.crs,named,1727,_ZN5Field10FieldSound11GetFieldBGMEv,Field::FieldSound::GetFieldBGM(),0,2571864,.text,FUNCTION,RETAIL_ORIGINAL_SYMBOL
|static|,static.crs,named,1728,_ZN5Field10FieldSound11GetFieldBGMEtNS_10PlayerFormEb,"Field::FieldSound::GetFieldBGM(unsigned short, Field::PlayerForm, bool)",0,2571900,.text,FUNCTION,RETAIL_ORIGINAL_SYMBOL
|static|,static.crs,named,1729,_ZN5Field10FieldSound11IsMEPlayingEj,Field::FieldSound::IsMEPlaying(unsigned int),0,2572300,.text,FUNCTION,RETAIL_ORIGINAL_SYMBOL
|static|,static.crs,named,1730,_ZN5Field10FieldSound11ResetReverbEv,Field::FieldSound::ResetReverb(),0,2572328,.text,FUNCTION,RETAIL_ORIGINAL_SYMBOL
|static|,static.crs,named,1731,_ZN5Field10FieldSound13GetPlayerFormEv,Field::FieldSound::GetPlayerForm(),0,2572388,.text,FUNCTION,RETAIL_ORIGINAL_SYMBOL
|static|,static.crs,named,1732,_ZN5Field10FieldSound13StartEventBGMEjN5Sound9FadeFrameES2_,"Field::FieldSound::StartEventBGM(unsigned int, Sound::FadeFrame, Sound::FadeFrame)",0,2572724,.text,FUNCTION,RETAIL_ORIGINAL_SYMBOL
|static|,static.crs,named,1733,_ZN5Field10FieldSound14ChangeEventBGMEjN5Sound9FadeFrameES2_,"Field::FieldSound::ChangeEventBGM(unsigned int, Sound::FadeFrame, Sound::FadeFrame)",0,2572740,.text,FUNCTION,RETAIL_ORIGINAL_SYMBOL
|static|,static.crs,named,1734,_ZN5Field10FieldSound17CareFieldBGMStateEv,Field::FieldSound::CareFieldBGMState(),0,2573080,.text,FUNCTION,RETAIL_ORIGINAL_SYMBOL
|static|,static.crs,named,1735,_ZN5Field10FieldSound17LoadFootSoundDataENS_10PlayerFormEPN4gfl24heap11CtrHeapBaseE,"Field::FieldSound::LoadFootSoundData(Field::PlayerForm, gfl2::heap::CtrHeapBase*)",0,2573304,.text,FUNCTION,RETAIL_ORIGINAL_SYMBOL
|static|,static.crs,named,1736,_ZN5Field10FieldSound17LoadFootSoundDataEPN4gfl24heap11CtrHeapBaseE,Field::FieldSound::LoadFootSoundData(gfl2::heap::CtrHeapBase*),0,2573492,.text,FUNCTION,RETAIL_ORIGINAL_SYMBOL
|static|,static.crs,named,1737,_ZN5Field10FieldSound19SetTrainerFocusModeEfN5Sound9FadeFrameE,"Field::FieldSound::SetTrainerFocusMode(float, Sound::FadeFrame)",0,2573832,.text,FUNCTION,RETAIL_ORIGINAL_SYMBOL
|static|,static.crs,named,1738,_ZN5Field10FieldSound20ReleaseFootSoundDataEv,Field::FieldSound::ReleaseFootSoundData(),0,2573860,.text,FUNCTION,RETAIL_ORIGINAL_SYMBOL
|static|,static.crs,named,1739,_ZN5Field10FieldSound21IsLoadedFootSoundDataEv,Field::FieldSound::IsLoadedFootSoundData(),0,2573904,.text,FUNCTION,RETAIL_ORIGINAL_SYMBOL
|static|,static.crs,named,1740,_ZN5Field10FieldSound21ResetTrainerFocusModeEN5Sound9FadeFrameE,Field::FieldSound::ResetTrainerFocusMode(Sound::FadeFrame),0,2573944,.text,FUNCTION,RETAIL_ORIGINAL_SYMBOL
|static|,static.crs,named,1741,_ZN5Field10FieldSound26ChangeFieldBGMByPlayerWalkEv,Field::FieldSound::ChangeFieldBGMByPlayerWalk(),0,2574028,.text,FUNCTION,RETAIL_ORIGINAL_SYMBOL
|static|,static.crs,named,1742,_ZN5Field10FieldSound26ChangeFieldBGMByZoneChangeEi,Field::FieldSound::ChangeFieldBGMByZoneChange(int),0,2574072,.text,FUNCTION,RETAIL_ORIGINAL_SYMBOL
|static|,static.crs,named,1743,_ZN5Field10FieldSound27ChangeFieldBGMByPokeRideSeaEv,Field::FieldSound::ChangeFieldBGMByPokeRideSea(),0,2574136,.text,FUNCTION,RETAIL_ORIGINAL_SYMBOL
|static|,static.crs,named,1744,_ZN5Field10FieldSound28ChangeFieldBGMByPokeRideLandEv,Field::FieldSound::ChangeFieldBGMByPokeRideLand(),0,2574252,.text,FUNCTION,RETAIL_ORIGINAL_SYMBOL
|static|,static.crs,named,1745,_ZN5Field10FieldSound9SetReverbEPN4gfl24heap11CtrHeapBaseE,Field::FieldSound::SetReverb(gfl2::heap::CtrHeapBase*),0,2574368,.text,FUNCTION,RETAIL_ORIGINAL_SYMBOL
|static|,static.crs,named,1746,_ZN5Field11Application9CallEventENS_9SubScreen21FieldMenuOutRequestIDEPN7GameSys11GameManagerEPiPN3App9FieldMenu14FieldMenuFrameE,"Field::Application::CallEvent(Field::SubScreen::FieldMenuOutRequestID, GameSys::GameManager*, int*, App::FieldMenu::FieldMenuFrame*)",0,2575828,.text,FUNCTION,RETAIL_ORIGINAL_SYMBOL
|static|,static.crs,named,1747,_ZN5Field11FieldScript10SystemWork10OnCheckBitENS0_17SCR_END_CHECK_BITE,Field::FieldScript::SystemWork::OnCheckBit(Field::FieldScript::SCR_END_CHECK_BIT),0,2577084,.text,FUNCTION,RETAIL_ORIGINAL_SYMBOL
|static|,static.crs,named,1748,_ZN5Field11FieldScript10SystemWork11OffCheckBitENS0_17SCR_END_CHECK_BITE,Field::FieldScript::SystemWork::OffCheckBit(Field::FieldScript::SCR_END_CHECK_BIT),0,2577104,.text,FUNCTION,RETAIL_ORIGINAL_SYMBOL
|static|,static.crs,named,1749,_ZN5Field11FieldScript16FuncSetFieldInit24CheckPlayerFreePointMoveEPNS0_17FieldScriptSystemEPNS_9MoveModel14FieldMoveModelEb,"Field::FieldScript::FuncSetFieldInit::CheckPlayerFreePointMove(Field::FieldScript::FieldScriptSystem*, Field::MoveModel::FieldMoveModel*, bool)",0,2611132,.text,FUNCTION,RETAIL_ORIGINAL_SYMBOL
|static|,static.crs,named,1750,_ZN5Field11FieldScript16FuncSetFieldInit25CheckPlayerFixedPointMoveEPNS0_17FieldScriptSystemEPNS_9MoveModel14FieldMoveModelE,"Field::FieldScript::FuncSetFieldInit::CheckPlayerFixedPointMove(Field::FieldScript::FieldScriptSystem*, Field::MoveModel::FieldMoveModel*)",0,2612240,.text,FUNCTION,RETAIL_ORIGINAL_SYMBOL
|static|,static.crs,named,1751,_ZN5Field11FieldScript16FuncSetFieldInit28ConvRotationVector3ToYRadianERN4gfl24math7Vector3E,Field::FieldScript::FuncSetFieldInit::ConvRotationVector3ToYRadian(gfl2::math::Vector3&),0,2613024,.text,FUNCTION,RETAIL_ORIGINAL_SYMBOL
|static|,static.crs,named,1752,_ZN5Field11FieldScript16FuncSetFieldInit31ConvRotationQuaternionToYRadianERN4gfl24math10QuaternionE,Field::FieldScript::FuncSetFieldInit::ConvRotationQuaternionToYRadian(gfl2::math::Quaternion&),0,2613380,.text,FUNCTION,RETAIL_ORIGINAL_SYMBOL
|static|,static.crs,named,1753,_ZN5Field11FieldScript16ScriptTrialModel16SetShadowVisibleEib,"Field::FieldScript::ScriptTrialModel::SetShadowVisible(int, bool)",0,2616364,.text,FUNCTION,RETAIL_ORIGINAL_SYMBOL
|static|,static.crs,named,1754,_ZN5Field11FieldScript16ScriptTrialModel3DelEi,Field::FieldScript::ScriptTrialModel::Del(int),0,2616460,.text,FUNCTION,RETAIL_ORIGINAL_SYMBOL
|static|,static.crs,named,1755,_ZN5Field11FieldScript16ScriptTrialModel4DispEib,"Field::FieldScript::ScriptTrialModel::Disp(int, bool)",0,2616520,.text,FUNCTION,RETAIL_ORIGINAL_SYMBOL
|static|,static.crs,named,1756,_ZN5Field11FieldScript16ScriptTrialModel4LoadEiiii,"Field::FieldScript::ScriptTrialModel::Load(int, int, int, int)",0,2616620,.text,FUNCTION,RETAIL_ORIGINAL_SYMBOL
|static|,static.crs,named,1757,_ZN5Field11FieldScript16ScriptTrialModel6UnLoadEv,Field::FieldScript::ScriptTrialModel::UnLoad(),0,2616744,.text,FUNCTION,RETAIL_ORIGINAL_SYMBOL
|static|,static.crs,named,1758,_ZN5Field11FieldScript16ScriptTrialModel8PlayAnimEii,"Field::FieldScript::ScriptTrialModel::PlayAnim(int, int)",0,2618108,.text,FUNCTION,RETAIL_ORIGINAL_SYMBOL
|static|,static.crs,named,1759,_ZN5Field11FieldScript16ScriptTrialModel9PlayIsEndEi,Field::FieldScript::ScriptTrialModel::PlayIsEnd(int),0,2618208,.text,FUNCTION,RETAIL_ORIGINAL_SYMBOL
|static|,static.crs,named,1760,_ZN5Field11FieldScript17FieldScriptSystem11GetInstanceEv,Field::FieldScript::FieldScriptSystem::GetInstance(),0,2619060,.text,FUNCTION,RETAIL_ORIGINAL_SYMBOL
|static|,static.crs,named,1761,_ZN5Field11FieldScript17FieldScriptSystem12UpdateCreateEv,Field::FieldScript::FieldScriptSystem::UpdateCreate(),0,2620280,.text,FUNCTION,RETAIL_ORIGINAL_SYMBOL
|static|,static.crs,named,1762,_ZN5Field11FieldScript17FieldScriptSystem13CallFieldInitEPN4gfl22fs17BinLinkerAccessorEjPNS2_4heap11CtrHeapBaseE,"Field::FieldScript::FieldScriptSystem::CallFieldInit(gfl2::fs::BinLinkerAccessor*, unsigned int, gfl2::heap::CtrHeapBase*)",0,2620316,.text,FUNCTION,RETAIL_ORIGINAL_SYMBOL
|static|,static.crs,named,1763,_ZN5Field11FieldScript17FieldScriptSystem14CallIntrScriptEii,"Field::FieldScript::FieldScriptSystem::CallIntrScript(int, int)",0,2620752,.text,FUNCTION,RETAIL_ORIGINAL_SYMBOL
|static|,static.crs,named,1764,_ZN5Field11FieldScript17FieldScriptSystem14CallZoneChangeEPN4gfl22fs17BinLinkerAccessorEjtNS_15ScrZoneInitTypeEPNS2_4heap11CtrHeapBaseE,"Field::FieldScript::FieldScriptSystem::CallZoneChange(gfl2::fs::BinLinkerAccessor*, unsigned int, unsigned short, Field::ScrZoneInitType, gfl2::heap::CtrHeapBase*)",0,2620976,.text,FUNCTION,RETAIL_ORIGINAL_SYMBOL
|static|,static.crs,named,1765,_ZN5Field11FieldScript17FieldScriptSystem14EntryNextEventEPN7GameSys9GameEventE,Field::FieldScript::FieldScriptSystem::EntryNextEvent(GameSys::GameEvent*),0,2621368,.text,FUNCTION,RETAIL_ORIGINAL_SYMBOL
|static|,static.crs,named,1766,_ZN5Field11FieldScript17FieldScriptSystem14GetBgPartsInfoEv,Field::FieldScript::FieldScriptSystem::GetBgPartsInfo(),0,2621420,.text,FUNCTION,RETAIL_ORIGINAL_SYMBOL
|static|,static.crs,named,1767,_ZN5Field11FieldScript17FieldScriptSystem14SetBgPartsLoadEji,"Field::FieldScript::FieldScriptSystem::SetBgPartsLoad(unsigned int, int)",0,2621428,.text,FUNCTION,RETAIL_ORIGINAL_SYMBOL
|static|,static.crs,named,1768,_ZN5Field11FieldScript17FieldScriptSystem15CallChildScriptEPNS0_12ScriptObjectEi,"Field::FieldScript::FieldScriptSystem::CallChildScript(Field::FieldScript::ScriptObject*, int)",0,2621532,.text,FUNCTION,RETAIL_ORIGINAL_SYMBOL
|static|,static.crs,named,1769,_ZN5Field11FieldScript17FieldScriptSystem15GetBgPartsCountEv,Field::FieldScript::FieldScriptSystem::GetBgPartsCount(),0,2621700,.text,FUNCTION,RETAIL_ORIGINAL_SYMBOL
|static|,static.crs,named,1770,_ZN5Field11FieldScript17FieldScriptSystem16CallFieldRecoverEPN4gfl22fs17BinLinkerAccessorEjPNS2_4heap11CtrHeapBaseE,"Field::FieldScript::FieldScriptSystem::CallFieldRecover(gfl2::fs::BinLinkerAccessor*, unsigned int, gfl2::heap::CtrHeapBase*)",0,2621920,.text,FUNCTION,RETAIL_ORIGINAL_SYMBOL
|static|,static.crs,named,1771,_ZN5Field11FieldScript17FieldScriptSystem16SetBgPartsUnLoadEj,Field::FieldScript::FieldScriptSystem::SetBgPartsUnLoad(unsigned int),0,2622252,.text,FUNCTION,RETAIL_ORIGINAL_SYMBOL
|static|,static.crs,named,1772,_ZN5Field11FieldScript17FieldScriptSystem16SetMsgUpdateFuncEPFbjPvEjS2_,"Field::FieldScript::FieldScriptSystem::SetMsgUpdateFunc(bool (*)(unsigned int, void*), unsigned int, void*)",0,2622416,.text,FUNCTION,RETAIL_ORIGINAL_SYMBOL
|static|,static.crs,named,1773,_ZN5Field11FieldScript17FieldScriptSystem16SetReserveScriptEijjjj,"Field::FieldScript::FieldScriptSystem::SetReserveScript(int, unsigned int, unsigned int, unsigned int, unsigned int)",0,2622456,.text,FUNCTION,RETAIL_ORIGINAL_SYMBOL
|static|,static.crs,named,1774,_ZN5Field11FieldScript17FieldScriptSystem17ClearBgPartsParamEv,Field::FieldScript::FieldScriptSystem::ClearBgPartsParam(),0,2623008,.text,FUNCTION,RETAIL_ORIGINAL_SYMBOL
|static|,static.crs,named,1775,_ZN5Field11FieldScript17FieldScriptSystem17SetBgPartsVisibleEji,"Field::FieldScript::FieldScriptSystem::SetBgPartsVisible(unsigned int, int)",0,2623036,.text,FUNCTION,RETAIL_ORIGINAL_SYMBOL
|static|,static.crs,named,1776,_ZN5Field11FieldScript17FieldScriptSystem18ClearZoneLocalWorkEv,Field::FieldScript::FieldScriptSystem::ClearZoneLocalWork(),0,2623080,.text,FUNCTION,RETAIL_ORIGINAL_SYMBOL
|static|,static.crs,named,1777,_ZN5Field11FieldScript17FieldScriptSystem18FinalizeZoneScriptEv,Field::FieldScript::FieldScriptSystem::FinalizeZoneScript(),0,2623352,.text,FUNCTION,RETAIL_ORIGINAL_SYMBOL
|static|,static.crs,named,1778,_ZN5Field11FieldScript17FieldScriptSystem19IsEnableSceneScriptEv,Field::FieldScript::FieldScriptSystem::IsEnableSceneScript(),0,2623452,.text,FUNCTION,RETAIL_ORIGINAL_SYMBOL
|static|,static.crs,named,1779,_ZN5Field11FieldScript17FieldScriptSystem20InitializeZoneScriptEPvjt,"Field::FieldScript::FieldScriptSystem::InitializeZoneScript(void*, unsigned int, unsigned short)",0,2623612,.text,FUNCTION,RETAIL_ORIGINAL_SYMBOL
|static|,static.crs,named,1780,_ZN5Field11FieldScript17FieldScriptSystem20SearchRunSceneScriptEv,Field::FieldScript::FieldScriptSystem::SearchRunSceneScript(),0,2623840,.text,FUNCTION,RETAIL_ORIGINAL_SYMBOL
|static|,static.crs,named,1781,_ZN5Field11FieldScript17FieldScriptSystem21CheckRunReserveScriptEv,Field::FieldScript::FieldScriptSystem::CheckRunReserveScript(),0,2624004,.text,FUNCTION,RETAIL_ORIGINAL_SYMBOL
|static|,static.crs,named,1782,_ZN5Field11FieldScript17FieldScriptSystem21SetWeakReservedScriptEijjjj,"Field::FieldScript::FieldScriptSystem::SetWeakReservedScript(int, unsigned int, unsigned int, unsigned int, unsigned int)",0,2624076,.text,FUNCTION,RETAIL_ORIGINAL_SYMBOL
|static|,static.crs,named,1783,_ZN5Field11FieldScript17FieldScriptSystem22CalcEventPositionWorldEfff,"Field::FieldScript::FieldScriptSystem::CalcEventPositionWorld(float, float, float)",0,2624100,.text,FUNCTION,RETAIL_ORIGINAL_SYMBOL
|static|,static.crs,named,1784,_ZN5Field11FieldScript17FieldScriptSystem23CalcEventPositionOffsetERKN4gfl24math7Vector3E,Field::FieldScript::FieldScriptSystem::CalcEventPositionOffset(gfl2::math::Vector3 const&),0,2624788,.text,FUNCTION,RETAIL_ORIGINAL_SYMBOL
|static|,static.crs,named,1785,_ZN5Field11FieldScript17FieldScriptSystem25CheckRunWeakReserveScriptEv,Field::FieldScript::FieldScriptSystem::CheckRunWeakReserveScript(),0,2625148,.text,FUNCTION,RETAIL_ORIGINAL_SYMBOL
|static|,static.crs,named,1786,_ZN5Field11FieldScript17FieldScriptSystem28FinalizeFieldmapTerminateTopEv,Field::FieldScript::FieldScriptSystem::FinalizeFieldmapTerminateTop(),0,2625548,.text,FUNCTION,RETAIL_ORIGINAL_SYMBOL
|static|,static.crs,named,1787,_ZN5Field11FieldScript17FieldScriptSystem30SetTerrainBlockControlPositionERKN4gfl24math7Vector3E,Field::FieldScript::FieldScriptSystem::SetTerrainBlockControlPosition(gfl2::math::Vector3 const&),0,2625556,.text,FUNCTION,RETAIL_ORIGINAL_SYMBOL
|static|,static.crs,named,1788,_ZN5Field11FieldScript17FieldScriptSystem31FinalizeFieldmapTerminateBottomEv,Field::FieldScript::FieldScriptSystem::FinalizeFieldmapTerminateBottom(),0,2625592,.text,FUNCTION,RETAIL_ORIGINAL_SYMBOL
|static|,static.crs,named,1789,_ZN5Field11FieldScript17FieldScriptSystem32ClearTerrainBlockControlPositionEv,Field::FieldScript::FieldScriptSystem::ClearTerrainBlockControlPosition(),0,2625600,.text,FUNCTION,RETAIL_ORIGINAL_SYMBOL
|static|,static.crs,named,1790,_ZN5Field11FieldScript17FieldScriptSystem6CreateEPN4gfl24heap11CtrHeapBaseEPNS2_2fs16AsyncFileManagerE,"Field::FieldScript::FieldScriptSystem::Create(gfl2::heap::CtrHeapBase*, gfl2::fs::AsyncFileManager*)",0,2625612,.text,FUNCTION,RETAIL_ORIGINAL_SYMBOL
|static|,static.crs,named,1791,_ZN5Field11FieldScript17FieldScriptSystem6DeleteEv,Field::FieldScript::FieldScriptSystem::Delete(),0,2625692,.text,FUNCTION,RETAIL_ORIGINAL_SYMBOL
|static|,static.crs,named,1792,_ZN5Field11FieldScript17FieldScriptSystem7SuspendEv,Field::FieldScript::FieldScriptSystem::Suspend(),0,2626624,.text,FUNCTION,RETAIL_ORIGINAL_SYMBOL
|static|,static.crs,named,1793,_ZN5Field11FieldScript17FieldScriptSystem8ForceEndEv,Field::FieldScript::FieldScriptSystem::ForceEnd(),0,2626640,.text,FUNCTION,RETAIL_ORIGINAL_SYMBOL
|static|,static.crs,named,1794,_ZN5Field11FieldScript18MotionCommandParam5ClearEv,Field::FieldScript::MotionCommandParam::Clear(),0,2628496,.text,FUNCTION,RETAIL_ORIGINAL_SYMBOL
|static|,static.crs,named,1795,_ZN5Field11FieldScript18MotionCommandParam5EntryEiiii,"Field::FieldScript::MotionCommandParam::Entry(int, int, int, int)",0,2628560,.text,FUNCTION,RETAIL_ORIGINAL_SYMBOL
|static|,static.crs,named,1796,_ZN5Field11FieldScript19ScriptEffectManager11TranslateIdEi,Field::FieldScript::ScriptEffectManager::TranslateId(int),0,2629912,.text,FUNCTION,RETAIL_ORIGINAL_SYMBOL
|static|,static.crs,named,1797,_ZN5Field11FieldScript19ScriptEffectManager13SetTrainerEyeEiRKN4gfl24math22ExtendedVectorTemplateINS3_33SpecializedExtendedVectorTemplateIN2nn4math4VEC2EEEEEfj,"Field::FieldScript::ScriptEffectManager::SetTrainerEye(int, gfl2::math::ExtendedVectorTemplate<gfl2::math::SpecializedExtendedVectorTemplate<nn::math::VEC2> > const&, float, unsigned int)",0,2630380,.text,FUNCTION,RETAIL_ORIGINAL_SYMBOL
|static|,static.crs,named,1798,_ZN5Field11FieldScript19ScriptEffectManager21UnloadDynamicResourceEv,Field::FieldScript::ScriptEffectManager::UnloadDynamicResource(),0,2630788,.text,FUNCTION,RETAIL_ORIGINAL_SYMBOL
|static|,static.crs,named,1799,_ZN5Field11FieldScript19ScriptEffectManager22ResourceReleaseRequestEj,Field::FieldScript::ScriptEffectManager::ResourceReleaseRequest(unsigned int),0,2630972,.text,FUNCTION,RETAIL_ORIGINAL_SYMBOL
|static|,static.crs,named,1800,_ZN5Field11FieldScript19ScriptEffectManager5IsEndEi,Field::FieldScript::ScriptEffectManager::IsEnd(int),0,2631064,.text,FUNCTION,RETAIL_ORIGINAL_SYMBOL
|static|,static.crs,named,1801,_ZN5Field11FieldScript19ScriptEffectManager6DeleteEi,Field::FieldScript::ScriptEffectManager::Delete(int),0,2631144,.text,FUNCTION,RETAIL_ORIGINAL_SYMBOL
|static|,static.crs,named,1802,_ZN5Field11FieldScript19ScriptEffectManager6SetChrEiiibf,"Field::FieldScript::ScriptEffectManager::SetChr(int, int, int, bool, float)",0,2631352,.text,FUNCTION,RETAIL_ORIGINAL_SYMBOL
|static|,static.crs,named,1803,_ZN5Field11FieldScript19ScriptEffectManager6SetPosEiifffb,"Field::FieldScript::ScriptEffectManager::SetPos(int, int, float, float, float, bool)",0,2631836,.text,FUNCTION,RETAIL_ORIGINAL_SYMBOL
|static|,static.crs,named,1804,_ZN5Field11FieldScript19ScriptEffectManager6UpdateEv,Field::FieldScript::ScriptEffectManager::Update(),0,2632260,.text,FUNCTION,RETAIL_ORIGINAL_SYMBOL
|static|,static.crs,named,1805,_ZN5Field11FieldScript19ScriptEffectManager8SetScaleEif,"Field::FieldScript::ScriptEffectManager::SetScale(int, float)",0,2632744,.text,FUNCTION,RETAIL_ORIGINAL_SYMBOL
|static|,static.crs,named,1806,_ZN5Field11FieldScript19ScriptEffectManager9GetEffectEi,Field::FieldScript::ScriptEffectManager::GetEffect(int),0,2632860,.text,FUNCTION,RETAIL_ORIGINAL_SYMBOL
|static|,static.crs,named,1807,_ZN5Field11FieldScript19ScriptEffectManager9TerminateEv,Field::FieldScript::ScriptEffectManager::Terminate(),0,2633052,.text,FUNCTION,RETAIL_ORIGINAL_SYMBOL
|static|,static.crs,named,1808,_ZN5Field11FieldScript22ScriptMoveModelManager14UnloadResourceEi,Field::FieldScript::ScriptMoveModelManager::UnloadResource(int),0,2633440,.text,FUNCTION,RETAIL_ORIGINAL_SYMBOL
|static|,static.crs,named,1809,_ZN5Field11FieldScript22ScriptMoveModelManager15LoadResourceReqEi,Field::FieldScript::ScriptMoveModelManager::LoadResourceReq(int),0,2633588,.text,FUNCTION,RETAIL_ORIGINAL_SYMBOL
|static|,static.crs,named,1810,_ZN5Field11FieldScript22ScriptMoveModelManager16ResourceIsLoadedEi,Field::FieldScript::ScriptMoveModelManager::ResourceIsLoaded(int),0,2633696,.text,FUNCTION,RETAIL_ORIGINAL_SYMBOL
|static|,static.crs,named,1811,_ZN5Field11FieldScript22ScriptMoveModelManager19UnloadResourceForceEv,Field::FieldScript::ScriptMoveModelManager::UnloadResourceForce(),0,2633744,.text,FUNCTION,RETAIL_ORIGINAL_SYMBOL
|static|,static.crs,named,1812,_ZN5Field11FieldScript4Work12SetWorkValueEtj,"Field::FieldScript::Work::SetWorkValue(unsigned short, unsigned int)",0,2634360,.text,FUNCTION,RETAIL_ORIGINAL_SYMBOL
|static|,static.crs,named,1813,_ZN5Field11FieldScript4Work16GetTempWorkValueEt,Field::FieldScript::Work::GetTempWorkValue(unsigned short),0,2634596,.text,FUNCTION,RETAIL_ORIGINAL_SYMBOL
|static|,static.crs,named,1814,_ZN5Field11FieldScript4Work16SetTempWorkValueEtj,"Field::FieldScript::Work::SetTempWorkValue(unsigned short, unsigned int)",0,2634720,.text,FUNCTION,RETAIL_ORIGINAL_SYMBOL
|static|,static.crs,named,1815,_ZN5Field11FieldScript4Work17IsTargetObjidNoneEv,Field::FieldScript::Work::IsTargetObjidNone(),0,2634792,.text,FUNCTION,RETAIL_ORIGINAL_SYMBOL
|static|,static.crs,named,1816,_ZN5Field11FieldScript4Work19GetChildGlobalParamEj,Field::FieldScript::Work::GetChildGlobalParam(unsigned int),0,2635104,.text,FUNCTION,RETAIL_ORIGINAL_SYMBOL
|static|,static.crs,named,1817,_ZN5Field11FieldScript4Work19SetChildGlobalParamEji,"Field::FieldScript::Work::SetChildGlobalParam(unsigned int, int)",0,2635156,.text,FUNCTION,RETAIL_ORIGINAL_SYMBOL
|static|,static.crs,named,1818,_ZN5Field11FieldScript4Work20GetParentGlobalParamEj,Field::FieldScript::Work::GetParentGlobalParam(unsigned int),0,2635212,.text,FUNCTION,RETAIL_ORIGINAL_SYMBOL
|static|,static.crs,named,1819,_ZN5Field11FieldScript4Work20SetParentGlobalParamEji,"Field::FieldScript::Work::SetParentGlobalParam(unsigned int, int)",0,2635264,.text,FUNCTION,RETAIL_ORIGINAL_SYMBOL
|static|,static.crs,named,1820,_ZN5Field12EventMapJump14CallMapJumpPosEPN7GameSys11GameManagerEtRKN4gfl24math7Vector3ENS_16EventMapJumpCore16EventMapJumpTypeEb,"Field::EventMapJump::CallMapJumpPos(GameSys::GameManager*, unsigned short, gfl2::math::Vector3 const&, Field::EventMapJumpCore::EventMapJumpType, bool)",0,2637256,.text,FUNCTION,RETAIL_ORIGINAL_SYMBOL
|static|,static.crs,named,1821,_ZN5Field12EventMapJump16CreateMapJumpPosEPN7GameSys11GameManagerEtRKN4gfl24math7Vector3ENS_16EventMapJumpCore16EventMapJumpTypeEbb,"Field::EventMapJump::CreateMapJumpPos(GameSys::GameManager*, unsigned short, gfl2::math::Vector3 const&, Field::EventMapJumpCore::EventMapJumpType, bool, bool)",0,2637288,.text,FUNCTION,RETAIL_ORIGINAL_SYMBOL
|static|,static.crs,named,1822,_ZN5Field12EventMapJump17CallMapJumpEscapeEPN7GameSys11GameManagerENS_16EventMapJumpCore16EventMapJumpTypeE,"Field::EventMapJump::CallMapJumpEscape(GameSys::GameManager*, Field::EventMapJumpCore::EventMapJumpType)",0,2637660,.text,FUNCTION,RETAIL_ORIGINAL_SYMBOL
|static|,static.crs,named,1823,_ZN5Field12EventMapJump20CallMapJumpPlacementEPN7GameSys11GameManagerEPKNS_20FieldMapJumpAccessor11MapJumpDataE,"Field::EventMapJump::CallMapJumpPlacement(GameSys::GameManager*, Field::FieldMapJumpAccessor::MapJumpData const*)",0,2637948,.text,FUNCTION,RETAIL_ORIGINAL_SYMBOL
|static|,static.crs,named,1824,_ZN5Field12EventMapJump25CallMapJumpOtherWorldTimeEPN7GameSys11GameManagerEtRKN4gfl24math7Vector3ENS1_9AlolaTime19AlolaOtherWorldTypeE,"Field::EventMapJump::CallMapJumpOtherWorldTime(GameSys::GameManager*, unsigned short, gfl2::math::Vector3 const&, GameSys::AlolaTime::AlolaOtherWorldType)",0,2638612,.text,FUNCTION,RETAIL_ORIGINAL_SYMBOL
|static|,static.crs,named,1825,_ZN5Field12EventMapJump27CreateMapJumpOtherWorldTimeEPN7GameSys11GameManagerEtRKN4gfl24math7Vector3ENS1_9AlolaTime19AlolaOtherWorldTypeENS_16EventMapJumpCore16EventMapJumpTypeEbb,"Field::EventMapJump::CreateMapJumpOtherWorldTime(GameSys::GameManager*, unsigned short, gfl2::math::Vector3 const&, GameSys::AlolaTime::AlolaOtherWorldType, Field::EventMapJumpCore::EventMapJumpType, bool, bool)",0,2639804,.text,FUNCTION,RETAIL_ORIGINAL_SYMBOL
|static|,static.crs,named,1826,_ZN5Field12FieldItemUse12ItemUseCheckERKNS0_19ITEM_USE_CHECK_WORKEj,"Field::FieldItemUse::ItemUseCheck(Field::FieldItemUse::ITEM_USE_CHECK_WORK const&, unsigned int)",0,2640744,.text,FUNCTION,RETAIL_ORIGINAL_SYMBOL
|static|,static.crs,named,1827,_ZN5Field13FieldSodateya12PokeTakeBackEN8Savedata10SodateyaIDEj,"Field::FieldSodateya::PokeTakeBack(Savedata::SodateyaID, unsigned int)",0,2643804,.text,FUNCTION,RETAIL_ORIGINAL_SYMBOL
|static|,static.crs,named,1828,_ZN5Field13FieldSodateya15PokeNameWordsetEPN5print7WordSetEjN8Savedata10SodateyaIDEj,"Field::FieldSodateya::PokeNameWordset(print::WordSet*, unsigned int, Savedata::SodateyaID, unsigned int)",0,2644324,.text,FUNCTION,RETAIL_ORIGINAL_SYMBOL
|static|,static.crs,named,1829,_ZN5Field13FieldSodateya23PokeTakeBackMenuWordsetEPN5print7WordSetEjN8Savedata10SodateyaIDEj,"Field::FieldSodateya::PokeTakeBackMenuWordset(print::WordSet*, unsigned int, Savedata::SodateyaID, unsigned int)",0,2644456,.text,FUNCTION,RETAIL_ORIGINAL_SYMBOL
|static|,static.crs,named,1830,_ZN5Field13FieldSodateya8EggAdoptEN8Savedata10SodateyaIDE,Field::FieldSodateya::EggAdopt(Savedata::SodateyaID),0,2644664,.text,FUNCTION,RETAIL_ORIGINAL_SYMBOL
|static|,static.crs,named,1831,_ZN5Field13FieldSodateya9LoveCheckEN8Savedata10SodateyaIDE,Field::FieldSodateya::LoveCheck(Savedata::SodateyaID),0,2645256,.text,FUNCTION,RETAIL_ORIGINAL_SYMBOL
|static|,static.crs,named,1832,_ZN5Field13FieldSodateya9PokeBreedEv,Field::FieldSodateya::PokeBreed(),0,2645476,.text,FUNCTION,RETAIL_ORIGINAL_SYMBOL
|static|,static.crs,named,1833,_ZN5Field13FieldSodateyaC1EPNS_8FieldmapE,Field::FieldSodateya::FieldSodateya(Field::Fieldmap*),0,2645852,.text,FUNCTION,RETAIL_ORIGINAL_SYMBOL
|static|,static.crs,named,1834,_ZN5Field13FieldSodateyaD1Ev,Field::FieldSodateya::~FieldSodateya(),0,2645928,.text,FUNCTION,RETAIL_ORIGINAL_SYMBOL
|static|,static.crs,named,1835,_ZN5Field13PokemonSearch12DataAccessor16CallSearchBattleEPN7GameSys11GameManagerE,Field::PokemonSearch::DataAccessor::CallSearchBattle(GameSys::GameManager*),0,2645932,.text,FUNCTION,RETAIL_ORIGINAL_SYMBOL
|static|,static.crs,named,1836,_ZN5Field13PokemonSearch12DataAccessor18IsSearchBattleCallEtjPKNS_9EventWorkE,"Field::PokemonSearch::DataAccessor::IsSearchBattleCall(unsigned short, unsigned int, Field::EventWork const*)",0,2646076,.text,FUNCTION,RETAIL_ORIGINAL_SYMBOL
|static|,static.crs,named,1837,_ZN5Field13PokemonSearch12DataAccessor19ReserveSearchBattleEPNS_11FieldScript17FieldScriptSystemE,Field::PokemonSearch::DataAccessor::ReserveSearchBattle(Field::FieldScript::FieldScriptSystem*),0,2646348,.text,FUNCTION,RETAIL_ORIGINAL_SYMBOL
|static|,static.crs,named,1838,_ZN5Field13PokemonSearch12DataAccessorC1EPv,Field::PokemonSearch::DataAccessor::DataAccessor(void*),0,2646476,.text,FUNCTION,RETAIL_ORIGINAL_SYMBOL
|static|,static.crs,named,1839,_ZN5Field13PokemonSearch12DataAccessorD1Ev,Field::PokemonSearch::DataAccessor::~DataAccessor(),0,2646620,.text,FUNCTION,RETAIL_ORIGINAL_SYMBOL
|static|,static.crs,named,1840,_ZN5Field13WarpDataTools12UpdateArriveEPN7GameSys8GameDataEi,"Field::WarpDataTools::UpdateArrive(GameSys::GameData*, int)",0,2651384,.text,FUNCTION,RETAIL_ORIGINAL_SYMBOL
|static|,static.crs,named,1841,_ZN5Field15EventAddPokemon12SetFadeParamEN4gfl24Fade4DISPENS2_9FADE_TYPEERKNS1_4math7Vector4ES8_jb,"Field::EventAddPokemon::SetFadeParam(gfl2::Fade::DISP, gfl2::Fade::FADE_TYPE, gfl2::math::Vector4 const&, gfl2::math::Vector4 const&, unsigned int, bool)",0,2660520,.text,FUNCTION,RETAIL_ORIGINAL_SYMBOL
|static|,static.crs,named,1842,_ZN5Field15EventAddPokemon20CallAddPokemonFromPPEPN7GameSys11GameManagerERKN3pml8pokepara12PokemonParamENS_14AddPokemonModeE,"Field::EventAddPokemon::CallAddPokemonFromPP(GameSys::GameManager*, pml::pokepara::PokemonParam const&, Field::AddPokemonMode)",0,2662172,.text,FUNCTION,RETAIL_ORIGINAL_SYMBOL
|static|,static.crs,named,1843,_ZN5Field15EventBattleCall10CallWildExEPN7GameSys16GameEventManagerEPNS1_11GameManagerERNS_7Encount7PokeSetEjjPKN3pml9PokePartyE,"Field::EventBattleCall::CallWildEx(GameSys::GameEventManager*, GameSys::GameManager*, Field::Encount::PokeSet&, unsigned int, unsigned int, pml::PokeParty const*)",0,2663396,.text,FUNCTION,RETAIL_ORIGINAL_SYMBOL
|static|,static.crs,named,1844,_ZN5Field15EventBattleCall11CallTrainerEPN7GameSys11GameManagerERKNS_18TrainerBattleParamEj,"Field::EventBattleCall::CallTrainer(GameSys::GameManager*, Field::TrainerBattleParam const&, unsigned int)",0,2663488,.text,FUNCTION,RETAIL_ORIGINAL_SYMBOL
|static|,static.crs,named,1845,_ZN5Field15EventBattleCall19GetWildBattleResultE9BtlResult,Field::EventBattleCall::GetWildBattleResult(BtlResult),0,2665764,.text,FUNCTION,RETAIL_ORIGINAL_SYMBOL
|static|,static.crs,named,1846,_ZN5Field15EventBattleCall8CallWildEPN7GameSys16GameEventManagerEPNS1_11GameManagerERNS_7Encount7PokeSetEjPKN3pml9PokePartyE,"Field::EventBattleCall::CallWild(GameSys::GameEventManager*, GameSys::GameManager*, Field::Encount::PokeSet&, unsigned int, pml::PokeParty const*)",0,2666340,.text,FUNCTION,RETAIL_ORIGINAL_SYMBOL
|static|,static.crs,named,1847,_ZN5Field15EventBerryPoint19CallBerryPointEventEPN7GameSys16GameEventManagerEPKNS_20FieldBerryLottedDataEPKN4gfl24math7Vector3E,"Field::EventBerryPoint::CallBerryPointEvent(GameSys::GameEventManager*, Field::FieldBerryLottedData const*, gfl2::math::Vector3 const*)",0,2669072,.text,FUNCTION,RETAIL_ORIGINAL_SYMBOL
|static|,static.crs,named,1848,_ZN5Field15EventScriptCall10CallScriptEPN7GameSys11GameManagerEjPNS_15IFieldActorBaseEPNS_9MoveModel14FieldMoveModelEjjjj,"Field::EventScriptCall::CallScript(GameSys::GameManager*, unsigned int, Field::IFieldActorBase*, Field::MoveModel::FieldMoveModel*, unsigned int, unsigned int, unsigned int, unsigned int)",0,2670888,.text,FUNCTION,RETAIL_ORIGINAL_SYMBOL
|static|,static.crs,named,1849,_ZN5Field16EventFieldReport7SetInitEPN3App9FieldMenu22FieldMenuSubWindowProcEPNS_18EventXMenuListenerE,"Field::EventFieldReport::SetInit(App::FieldMenu::FieldMenuSubWindowProc*, Field::EventXMenuListener*)",0,2671660,.text,FUNCTION,RETAIL_ORIGINAL_SYMBOL
|static|,static.crs,named,1850,_ZN5Field16EventFieldReportC1EPN4gfl24heap11CtrHeapBaseE,Field::EventFieldReport::EventFieldReport(gfl2::heap::CtrHeapBase*),0,2671836,.text,FUNCTION,RETAIL_ORIGINAL_SYMBOL
|static|,static.crs,named,1851,_ZN5Field16FieldItemManager18CreateDropItemDataEN4gfl24math7Vector3EjNS0_4TypeEPj,"Field::FieldItemManager::CreateDropItemData(gfl2::math::Vector3, unsigned int, Field::FieldItemManager::Type, unsigned int*)",0,2675040,.text,FUNCTION,RETAIL_ORIGINAL_SYMBOL
|static|,static.crs,named,1852,_ZN5Field16FieldItemManager21TerminateDropItemDataEj,Field::FieldItemManager::TerminateDropItemData(unsigned int),0,2675516,.text,FUNCTION,RETAIL_ORIGINAL_SYMBOL
|static|,static.crs,named,1853,_ZN5Field16FieldItemManager21TerminateDropItemDataEv,Field::FieldItemManager::TerminateDropItemData(),0,2675772,.text,FUNCTION,RETAIL_ORIGINAL_SYMBOL
|static|,static.crs,named,1854,_ZN5Field16FieldItemManager26UnregistDropItemModelActorEj,Field::FieldItemManager::UnregistDropItemModelActor(unsigned int),0,2675980,.text,FUNCTION,RETAIL_ORIGINAL_SYMBOL
|static|,static.crs,named,1855,_ZN5Field16ZoneDataAccessorC1EPv,Field::ZoneDataAccessor::ZoneDataAccessor(void*),0,2676036,.text,FUNCTION,RETAIL_ORIGINAL_SYMBOL
|static|,static.crs,named,1856,_ZN5Field16ZoneDataAccessorD1Ev,Field::ZoneDataAccessor::~ZoneDataAccessor(),0,2676060,.text,FUNCTION,RETAIL_ORIGINAL_SYMBOL
|static|,static.crs,named,1857,_ZN5Field17EventRizaadonRideC1EPN4gfl24heap11CtrHeapBaseE,Field::EventRizaadonRide::EventRizaadonRide(gfl2::heap::CtrHeapBase*),0,2680936,.text,FUNCTION,RETAIL_ORIGINAL_SYMBOL
|static|,static.crs,named,1858,_ZN5Field17FieldBerryManager25UpdateBerrysStatusToExistEv,Field::FieldBerryManager::UpdateBerrysStatusToExist(),0,2681320,.text,FUNCTION,RETAIL_ORIGINAL_SYMBOL
|static|,static.crs,named,1859,_ZN5Field18EventFishingAction4CallEPN7GameSys16GameEventManagerEPNS_21FieldFishingSpotActorE,"Field::EventFishingAction::Call(GameSys::GameEventManager*, Field::FieldFishingSpotActor*)",0,2682496,.text,FUNCTION,RETAIL_ORIGINAL_SYMBOL
|static|,static.crs,named,1860,_ZN5Field19EventGimmickEncount5SetupERKNS0_11DescriptionE,Field::EventGimmickEncount::Setup(Field::EventGimmickEncount::Description const&),0,2696968,.text,FUNCTION,RETAIL_ORIGINAL_SYMBOL
|static|,static.crs,named,1861,_ZN5Field19EventGimmickEncountC1EPN4gfl24heap11CtrHeapBaseE,Field::EventGimmickEncount::EventGimmickEncount(gfl2::heap::CtrHeapBase*),0,2698488,.text,FUNCTION,RETAIL_ORIGINAL_SYMBOL
|static|,static.crs,named,1862,_ZN5Field19SetUpFieldSituationEP19BTL_FIELD_SITUATIONPN7GameSys11GameManagerEPPKNS_14ZoneDataLoaderEjN3btl2bg16bgsys_far_typeIDENSA_17bgsys_near_typeIDEa,"Field::SetUpFieldSituation(BTL_FIELD_SITUATION*, GameSys::GameManager*, Field::ZoneDataLoader const**, unsigned int, btl::bg::bgsys_far_typeID, btl::bg::bgsys_near_typeID, signed char)",0,2698712,.text,FUNCTION,RETAIL_ORIGINAL_SYMBOL
|static|,static.crs,named,1863,_ZN5Field20EventFieldQuickMatch7SetInitEPN3App9FieldMenu22FieldMenuSubWindowProcEPNS_18EventXMenuListenerE,"Field::EventFieldQuickMatch::SetInit(App::FieldMenu::FieldMenuSubWindowProc*, Field::EventXMenuListener*)",0,2699468,.text,FUNCTION,RETAIL_ORIGINAL_SYMBOL
|static|,static.crs,named,1864,_ZN5Field20EventFieldQuickMatchC1EPN4gfl24heap11CtrHeapBaseE,Field::EventFieldQuickMatch::EventFieldQuickMatch(gfl2::heap::CtrHeapBase*),0,2699724,.text,FUNCTION,RETAIL_ORIGINAL_SYMBOL
|static|,static.crs,named,1865,_ZN5Field20EventPokemonRideTool10IsNaminoriENS_15RIDE_POKEMON_IDE,Field::EventPokemonRideTool::IsNaminori(Field::RIDE_POKEMON_ID),0,2699808,.text,FUNCTION,RETAIL_ORIGINAL_SYMBOL
|static|,static.crs,named,1866,_ZN5Field20EventPokemonRideTool18GetPokemonRideOnIDEPN7GameSys11GameManagerE,Field::EventPokemonRideTool::GetPokemonRideOnID(GameSys::GameManager*),0,2699864,.text,FUNCTION,RETAIL_ORIGINAL_SYMBOL
|static|,static.crs,named,1867,_ZN5Field20EventPokemonRideTool18GetPokemonRideOnIDEPNS_9MoveModel20FieldMoveModelPlayerEi,"Field::EventPokemonRideTool::GetPokemonRideOnID(Field::MoveModel::FieldMoveModelPlayer*, int)",0,2699900,.text,FUNCTION,RETAIL_ORIGINAL_SYMBOL
|static|,static.crs,named,1868,_ZN5Field20EventPokemonRideTool22CreatePokemonRideWorldENS_15RIDE_POKEMON_IDEPNS_9MoveModel24FieldMoveModelHeaderWorkEPNS2_28FieldMoveModelHeaderResourceE,"Field::EventPokemonRideTool::CreatePokemonRideWorld(Field::RIDE_POKEMON_ID, Field::MoveModel::FieldMoveModelHeaderWork*, Field::MoveModel::FieldMoveModelHeaderResource*)",0,2700304,.text,FUNCTION,RETAIL_ORIGINAL_SYMBOL
|static|,static.crs,named,1869,_ZN5Field20EventPokemonRideTool32GetRIDE_POKEMON_ID_to_PlayerFormENS_15RIDE_POKEMON_IDE,Field::EventPokemonRideTool::GetRIDE_POKEMON_ID_to_PlayerForm(Field::RIDE_POKEMON_ID),0,2700640,.text,FUNCTION,RETAIL_ORIGINAL_SYMBOL
|static|,static.crs,named,1870,_ZN5Field20EventPokemonRideTool33GetCharactorId_to_RIDE_POKEMON_IDEj,Field::EventPokemonRideTool::GetCharactorId_to_RIDE_POKEMON_ID(unsigned int),0,2700772,.text,FUNCTION,RETAIL_ORIGINAL_SYMBOL
|static|,static.crs,named,1871,_ZN5Field20EventPokemonRideTool33GetRIDE_POKEMON_ID_to_CharactorIdENS_15RIDE_POKEMON_IDE,Field::EventPokemonRideTool::GetRIDE_POKEMON_ID_to_CharactorId(Field::RIDE_POKEMON_ID),0,2700896,.text,FUNCTION,RETAIL_ORIGINAL_SYMBOL
|static|,static.crs,named,1872,_ZN5Field4Area11GetAccessorENS0_7DataIdxE,Field::Area::GetAccessor(Field::Area::DataIdx),0,2706344,.text,FUNCTION,RETAIL_ORIGINAL_SYMBOL
|static|,static.crs,named,1873,_ZN5Field4Area20GetTerrainMemoryModeEt,Field::Area::GetTerrainMemoryMode(unsigned short),0,2706500,.text,FUNCTION,RETAIL_ORIGINAL_SYMBOL
|static|,static.crs,named,1874,_ZN5Field5Event27EventPokeFinderForPlacement10InitializeERKNS1_9SetupDataE,Field::Event::EventPokeFinderForPlacement::Initialize(Field::Event::EventPokeFinderForPlacement::SetupData const&),0,2707080,.text,FUNCTION,RETAIL_ORIGINAL_SYMBOL
|static|,static.crs,named,1875,_ZN5Field5Event27EventPokeFinderForPlacementC1EPN4gfl24heap11CtrHeapBaseE,Field::Event::EventPokeFinderForPlacement::EventPokeFinderForPlacement(gfl2::heap::CtrHeapBase*),0,2709552,.text,FUNCTION,RETAIL_ORIGINAL_SYMBOL
|static|,static.crs,named,1876,_ZN5Field5World10InitializeEtPN4gfl22fs16AsyncFileManagerE,"Field::World::Initialize(unsigned short, gfl2::fs::AsyncFileManager*)",0,2709732,.text,FUNCTION,RETAIL_ORIGINAL_SYMBOL
|static|,static.crs,named,1877,_ZN5Field5World14InitializeWaitEv,Field::World::InitializeWait(),0,2710168,.text,FUNCTION,RETAIL_ORIGINAL_SYMBOL
|static|,static.crs,named,1878,_ZN5Field5World9TerminateEv,Field::World::Terminate(),0,2711184,.text,FUNCTION,RETAIL_ORIGINAL_SYMBOL
|static|,static.crs,named,1879,_ZN5Field5WorldC1EPN4gfl24heap11CtrHeapBaseE,Field::World::World(gfl2::heap::CtrHeapBase*),0,2711492,.text,FUNCTION,RETAIL_ORIGINAL_SYMBOL
|static|,static.crs,named,1880,_ZN5Field5WorldD1Ev,Field::World::~World(),0,2711760,.text,FUNCTION,RETAIL_ORIGINAL_SYMBOL
|static|,static.crs,named,1881,_ZN5Field6EvTime16GetAlolaTimeZoneEPKN7GameSys8GameDataE,Field::EvTime::GetAlolaTimeZone(GameSys::GameData const*),0,2713588,.text,FUNCTION,RETAIL_ORIGINAL_SYMBOL
|static|,static.crs,named,1882,_ZN5Field6EvTime6UpdateEPN7GameSys8GameDataEi,"Field::EvTime::Update(GameSys::GameData*, int)",0,2714084,.text,FUNCTION,RETAIL_ORIGINAL_SYMBOL
|static|,static.crs,named,1883,_ZN5Field7Encount11EncountUtil26SyncLoadSymbolEncountParamEPN4gfl24heap11CtrHeapBaseEPNS2_2fs16AsyncFileManagerEjPNS0_18SymbolEncountParamE,"Field::Encount::EncountUtil::SyncLoadSymbolEncountParam(gfl2::heap::CtrHeapBase*, gfl2::fs::AsyncFileManager*, unsigned int, Field::Encount::SymbolEncountParam*)",0,2714464,.text,FUNCTION,RETAIL_ORIGINAL_SYMBOL
|static|,static.crs,named,1884,_ZN5Field7Encount11EncountWork10GetPokeSetEv,Field::Encount::EncountWork::GetPokeSet(),0,2714872,.text,FUNCTION,RETAIL_ORIGINAL_SYMBOL
|static|,static.crs,named,1885,_ZN5Field7Encount11EncountWork14CheckProbResetEjbh,"Field::Encount::EncountWork::CheckProbReset(unsigned int, bool, unsigned char)",0,2714880,.text,FUNCTION,RETAIL_ORIGINAL_SYMBOL
|static|,static.crs,named,1886,_ZN5Field7Encount11EncountWork15CalcEncountProbEbbPKNS0_15ENCPROB_PATTERNE,"Field::Encount::EncountWork::CalcEncountProb(bool, bool, Field::Encount::ENCPROB_PATTERN const*)",0,2715112,.text,FUNCTION,RETAIL_ORIGINAL_SYMBOL
|static|,static.crs,named,1887,_ZN5Field7Encount11EncountWork16GetEncountEffectEv,Field::Encount::EncountWork::GetEncountEffect(),0,2715328,.text,FUNCTION,RETAIL_ORIGINAL_SYMBOL
|static|,static.crs,named,1888,_ZN5Field7Encount11EncountWork20LoadEncountEffectDllEPN4gfl24heap11CtrHeapBaseE,Field::Encount::EncountWork::LoadEncountEffectDll(gfl2::heap::CtrHeapBase*),0,2715340,.text,FUNCTION,RETAIL_ORIGINAL_SYMBOL
|static|,static.crs,named,1889,_ZN5Field7Encount11EncountWork22DisposeSequenceDemoDllEv,Field::Encount::EncountWork::DisposeSequenceDemoDll(),0,2715496,.text,FUNCTION,RETAIL_ORIGINAL_SYMBOL
|static|,static.crs,named,1890,_ZN5Field7Encount13EncountEffect10InitializeEPN4gfl24heap11CtrHeapBaseERKNS1_11DescriptionE,"Field::Encount::EncountEffect::Initialize(gfl2::heap::CtrHeapBase*, Field::Encount::EncountEffect::Description const&)",0,2716220,.text,FUNCTION,RETAIL_ORIGINAL_SYMBOL
|static|,static.crs,named,1891,_ZN5Field7Encount13EncountEffect19RequestFieldCaptureEv,Field::Encount::EncountEffect::RequestFieldCapture(),0,2717316,.text,FUNCTION,RETAIL_ORIGINAL_SYMBOL
|static|,static.crs,named,1892,_ZN5Field7Encount13EncountEffect26SetSequenceStartupWaitModeEb,Field::Encount::EncountEffect::SetSequenceStartupWaitMode(bool),0,2717416,.text,FUNCTION,RETAIL_ORIGINAL_SYMBOL
|static|,static.crs,named,1893,_ZN5Field7Encount13EncountEffect5SetupEv,Field::Encount::EncountEffect::Setup(),0,2717872,.text,FUNCTION,RETAIL_ORIGINAL_SYMBOL
|static|,static.crs,named,1894,_ZN5Field7Encount13EncountEffect5StartEbjji,"Field::Encount::EncountEffect::Start(bool, unsigned int, unsigned int, int)",0,2718100,.text,FUNCTION,RETAIL_ORIGINAL_SYMBOL
|static|,static.crs,named,1895,_ZN5Field7Encount13EncountEffect7IsStartEb,Field::Encount::EncountEffect::IsStart(bool),0,2718424,.text,FUNCTION,RETAIL_ORIGINAL_SYMBOL
|static|,static.crs,named,1896,_ZN5Field7Encount18EventSymbolEncount8SetParamEPNS0_7PokeSetEjjj,"Field::Encount::EventSymbolEncount::SetParam(Field::Encount::PokeSet*, unsigned int, unsigned int, unsigned int)",0,2719912,.text,FUNCTION,RETAIL_ORIGINAL_SYMBOL
|static|,static.crs,named,1897,_ZN5Field7Encount7PokeSet10InitializeEPN7GameSys11GameManagerENS0_7Encount4TypeEjNS_7weather11WeatherKindEb,"Field::Encount::PokeSet::Initialize(GameSys::GameManager*, Field::Encount::Encount::Type, unsigned int, Field::weather::WeatherKind, bool)",0,2719992,.text,FUNCTION,RETAIL_ORIGINAL_SYMBOL
|static|,static.crs,named,1898,_ZN5Field7Encount7PokeSet14SetEncountDataERKNS0_12ENCOUNT_DATAE,Field::Encount::PokeSet::SetEncountData(Field::Encount::ENCOUNT_DATA const&),0,2720752,.text,FUNCTION,RETAIL_ORIGINAL_SYMBOL
|static|,static.crs,named,1899,_ZN5Field7Encount7PokeSet15EncountProbCalcEjPNS_9MoveModel20FieldMoveModelPlayerE,"Field::Encount::PokeSet::EncountProbCalc(unsigned int, Field::MoveModel::FieldMoveModelPlayer*)",0,2720784,.text,FUNCTION,RETAIL_ORIGINAL_SYMBOL
|static|,static.crs,named,1900,_ZN5Field7Encount7PokeSet20SetNormalEncountDataERKNS0_12ENCOUNT_DATAE14BattleEffectId,"Field::Encount::PokeSet::SetNormalEncountData(Field::Encount::ENCOUNT_DATA const&, BattleEffectId)",0,2722212,.text,FUNCTION,RETAIL_ORIGINAL_SYMBOL
|static|,static.crs,named,1901,_ZN5Field7Encount7PokeSet23SetEncountDataFromParamE6MonsNohj14BattleEffectId,"Field::Encount::PokeSet::SetEncountDataFromParam(MonsNo, unsigned char, unsigned int, BattleEffectId)",0,2722960,.text,FUNCTION,RETAIL_ORIGINAL_SYMBOL
|static|,static.crs,named,1902,_ZN5Field7Encount7PokeSet24CheckEffectApplyIntruderERKN3pml8pokepara12PokemonParamEPN4gfl24math10SFMTRandomE,"Field::Encount::PokeSet::CheckEffectApplyIntruder(pml::pokepara::PokemonParam const&, gfl2::math::SFMTRandom*)",0,2723140,.text,FUNCTION,RETAIL_ORIGINAL_SYMBOL
|static|,static.crs,named,1903,_ZN5Field7Encount7PokeSet27IsPokemonSearchEncountAvoidEj,Field::Encount::PokeSet::IsPokemonSearchEncountAvoid(unsigned int),0,2724296,.text,FUNCTION,RETAIL_ORIGINAL_SYMBOL
|static|,static.crs,named,1904,_ZN5Field7Encount7PokeSet29SetupLotteryIntruderPokeParamEPN3pml8pokepara12PokemonParamEPN4gfl24math10SFMTRandomENS0_12IntruderTypeEh,"Field::Encount::PokeSet::SetupLotteryIntruderPokeParam(pml::pokepara::PokemonParam*, gfl2::math::SFMTRandom*, Field::Encount::IntruderType, unsigned char)",0,2724736,.text,FUNCTION,RETAIL_ORIGINAL_SYMBOL
|static|,static.crs,named,1905,_ZN5Field7Encount7PokeSet5ClearEv,Field::Encount::PokeSet::Clear(),0,2725476,.text,FUNCTION,RETAIL_ORIGINAL_SYMBOL
|static|,static.crs,named,1906,_ZN5Field8LocationC1Ev,Field::Location::Location(),0,2726132,.text,FUNCTION,RETAIL_ORIGINAL_SYMBOL
|static|,static.crs,named,1907,_ZN5Field9Attribute10InitializeEPv,Field::Attribute::Initialize(void*),0,2726204,.text,FUNCTION,RETAIL_ORIGINAL_SYMBOL
|static|,static.crs,named,1908,_ZN5Field9Attribute13IsRoba2GroundEj,Field::Attribute::IsRoba2Ground(unsigned int),0,2726220,.text,FUNCTION,RETAIL_ORIGINAL_SYMBOL
|static|,static.crs,named,1909,_ZN5Field9Attribute7IsGrassEj,Field::Attribute::IsGrass(unsigned int),0,2726548,.text,FUNCTION,RETAIL_ORIGINAL_SYMBOL
|static|,static.crs,named,1910,_ZN5Field9Attribute7IsWaterEj,Field::Attribute::IsWater(unsigned int),0,2726612,.text,FUNCTION,RETAIL_ORIGINAL_SYMBOL
|static|,static.crs,named,1911,_ZN5Field9EventList20EventListDataManager10InitializeENS1_17EventListDataTypeE,Field::EventList::EventListDataManager::Initialize(Field::EventList::EventListDataManager::EventListDataType),0,2726732,.text,FUNCTION,RETAIL_ORIGINAL_SYMBOL
|static|,static.crs,named,1912,_ZN5Field9EventList20EventListDataManager14InitializeWaitEv,Field::EventList::EventListDataManager::InitializeWait(),0,2727040,.text,FUNCTION,RETAIL_ORIGINAL_SYMBOL
|static|,static.crs,named,1913,_ZN5Field9EventList20EventListDataManager9TerminateEv,Field::EventList::EventListDataManager::Terminate(),0,2727684,.text,FUNCTION,RETAIL_ORIGINAL_SYMBOL
|static|,static.crs,named,1914,_ZN5Field9EventList20EventListDataManagerC1EPN7GameSys11GameManagerEPN4gfl24heap11CtrHeapBaseEPNS5_2fs16AsyncFileManagerE,"Field::EventList::EventListDataManager::EventListDataManager(GameSys::GameManager*, gfl2::heap::CtrHeapBase*, gfl2::fs::AsyncFileManager*)",0,2727736,.text,FUNCTION,RETAIL_ORIGINAL_SYMBOL
|static|,static.crs,named,1915,_ZN5Field9EventList20EventListDataManagerD1Ev,Field::EventList::EventListDataManager::~EventListDataManager(),0,2727772,.text,FUNCTION,RETAIL_ORIGINAL_SYMBOL
|static|,static.crs,named,1916,_ZN5Field9EventWork12GetEventWorkEt,Field::EventWork::GetEventWork(unsigned short),0,2727836,.text,FUNCTION,RETAIL_ORIGINAL_SYMBOL
|static|,static.crs,named,1917,_ZN5Field9EventWork12SetEventFlagEt,Field::EventWork::SetEventFlag(unsigned short),0,2727896,.text,FUNCTION,RETAIL_ORIGINAL_SYMBOL
|static|,static.crs,named,1918,_ZN5Field9EventWork12SetEventWorkEtt,"Field::EventWork::SetEventWork(unsigned short, unsigned short)",0,2728024,.text,FUNCTION,RETAIL_ORIGINAL_SYMBOL
|static|,static.crs,named,1919,_ZN5Field9EventWork14ResetEventFlagEt,Field::EventWork::ResetEventFlag(unsigned short),0,2728124,.text,FUNCTION,RETAIL_ORIGINAL_SYMBOL
|static|,static.crs,named,1920,_ZN5Field9EventWork15CanUseMushiyokeEv,Field::EventWork::CanUseMushiyoke(),0,2728352,.text,FUNCTION,RETAIL_ORIGINAL_SYMBOL
|static|,static.crs,named,1921,_ZN5Field9EventWork15ClearEventFlagsEtt,"Field::EventWork::ClearEventFlags(unsigned short, unsigned short)",0,2728376,.text,FUNCTION,RETAIL_ORIGINAL_SYMBOL
|static|,static.crs,named,1922,_ZN5Field9EventWork15GetZigarudeCellEv,Field::EventWork::GetZigarudeCell(),0,2728804,.text,FUNCTION,RETAIL_ORIGINAL_SYMBOL
|static|,static.crs,named,1923,_ZN5Field9EventWork16CheckIDFlagRengeEt,Field::EventWork::CheckIDFlagRenge(unsigned short),0,2728904,.text,FUNCTION,RETAIL_ORIGINAL_SYMBOL
|static|,static.crs,named,1924,_ZN5Field9EventWork16GetEventWorkAdrsEt,Field::EventWork::GetEventWorkAdrs(unsigned short),0,2728920,.text,FUNCTION,RETAIL_ORIGINAL_SYMBOL
|static|,static.crs,named,1925,_ZN5Field9EventWork17DecMushiyokeCountEv,Field::EventWork::DecMushiyokeCount(),0,2728976,.text,FUNCTION,RETAIL_ORIGINAL_SYMBOL
|static|,static.crs,named,1926,_ZN5Field9EventWork17SetMushiyokeCountEtt,"Field::EventWork::SetMushiyokeCount(unsigned short, unsigned short)",0,2729216,.text,FUNCTION,RETAIL_ORIGINAL_SYMBOL
|static|,static.crs,named,1927,_ZN5Field9EventWork18GetMushiyokeItemNoEv,Field::EventWork::GetMushiyokeItemNo(),0,2729248,.text,FUNCTION,RETAIL_ORIGINAL_SYMBOL
|static|,static.crs,named,1928,_ZN5Field9EventWork20ClearReviveItemFlagsEv,Field::EventWork::ClearReviveItemFlags(),0,2729344,.text,FUNCTION,RETAIL_ORIGINAL_SYMBOL
|static|,static.crs,named,1929,_ZN5Field9EventWork25GetDendouiriPartyArrayPtrENS_18DendouiriPartyTypeE,Field::EventWork::GetDendouiriPartyArrayPtr(Field::DendouiriPartyType),0,2729732,.text,FUNCTION,RETAIL_ORIGINAL_SYMBOL
|static|,static.crs,named,1930,_ZN5Field9MoveModel14FieldMoveModel12SetSubobjectEjPNS0_14FieldSubobjectEPc,"Field::MoveModel::FieldMoveModel::SetSubobject(unsigned int, Field::MoveModel::FieldSubobject*, char*)",0,2733688,.text,FUNCTION,RETAIL_ORIGINAL_SYMBOL
|static|,static.crs,named,1931,_ZN5Field9MoveModel14FieldMoveModel15ReSetParentNodeEv,Field::MoveModel::FieldMoveModel::ReSetParentNode(),0,2739708,.text,FUNCTION,RETAIL_ORIGINAL_SYMBOL
|static|,static.crs,named,1932,_ZN5Field9MoveModel14FieldMoveModel15SetMotionSignalEPNS_12MotionSignalE,Field::MoveModel::FieldMoveModel::SetMotionSignal(Field::MotionSignal*),0,2739760,.text,FUNCTION,RETAIL_ORIGINAL_SYMBOL
|static|,static.crs,named,1933,_ZN5Field9MoveModel14FieldMoveModel16RemoveParentNodeEv,Field::MoveModel::FieldMoveModel::RemoveParentNode(),0,2740432,.text,FUNCTION,RETAIL_ORIGINAL_SYMBOL
|static|,static.crs,named,1934,_ZN5Field9MoveModel14FieldMoveModel24SetActionCommandRotationENS0_20FieldActionCommandIdEfffjiii,"Field::MoveModel::FieldMoveModel::SetActionCommandRotation(Field::MoveModel::FieldActionCommandId, float, float, float, unsigned int, int, int, int)",0,2741372,.text,FUNCTION,RETAIL_ORIGINAL_SYMBOL
|static|,static.crs,named,1935,_ZN5Field9MoveModel14FieldMoveModel24SetActionCommandStepMoveENS0_20FieldActionCommandIdEijifii,"Field::MoveModel::FieldMoveModel::SetActionCommandStepMove(Field::MoveModel::FieldActionCommandId, int, unsigned int, int, float, int, int)",0,2741480,.text,FUNCTION,RETAIL_ORIGINAL_SYMBOL
|static|,static.crs,named,1936,_ZN5Field9MoveModel14FieldMoveModel26SetActionCommandTargetMoveENS0_20FieldActionCommandIdEiN4gfl24math7Vector3ENS4_10QuaternionEiiif,"Field::MoveModel::FieldMoveModel::SetActionCommandTargetMove(Field::MoveModel::FieldActionCommandId, int, gfl2::math::Vector3, gfl2::math::Quaternion, int, int, int, float)",0,2741584,.text,FUNCTION,RETAIL_ORIGINAL_SYMBOL
|static|,static.crs,named,1937,_ZN5Field9MoveModel14FieldMoveModel28GetHitCntFromOshikaeshiSceneERKN4gfl24math7Vector3EPS4_,"Field::MoveModel::FieldMoveModel::GetHitCntFromOshikaeshiScene(gfl2::math::Vector3 const&, gfl2::math::Vector3*)",0,2741728,.text,FUNCTION,RETAIL_ORIGINAL_SYMBOL
|static|,static.crs,named,1938,_ZN5Field9MoveModel14FieldMoveModel28GetHitCntFromOshikaeshiSceneERKN4gfl24math7Vector3ES6_jiii,"Field::MoveModel::FieldMoveModel::GetHitCntFromOshikaeshiScene(gfl2::math::Vector3 const&, gfl2::math::Vector3 const&, unsigned int, int, int, int)",0,2742284,.text,FUNCTION,RETAIL_ORIGINAL_SYMBOL
|static|,static.crs,named,1939,_ZN5Field9MoveModel14FieldMoveModel30GetHitCntFromOshikaeshiSceneExERKN4gfl24math7Vector3ES6_jiii,"Field::MoveModel::FieldMoveModel::GetHitCntFromOshikaeshiSceneEx(gfl2::math::Vector3 const&, gfl2::math::Vector3 const&, unsigned int, int, int, int)",0,2742972,.text,FUNCTION,RETAIL_ORIGINAL_SYMBOL
|static|,static.crs,named,1940,_ZN5Field9MoveModel14FieldMoveModel34SetActionCommandContinuousPlayBackENS0_20FieldActionCommandIdEPjPsS4_S4_,"Field::MoveModel::FieldMoveModel::SetActionCommandContinuousPlayBack(Field::MoveModel::FieldActionCommandId, unsigned int*, short*, short*, short*)",0,2743600,.text,FUNCTION,RETAIL_ORIGINAL_SYMBOL
|static|,static.crs,named,1941,_ZN5Field9MoveModel14FieldMoveModel40EncountGrassCreaterUpdateBlockAndGridPosEv,Field::MoveModel::FieldMoveModel::EncountGrassCreaterUpdateBlockAndGridPos(),0,2743688,.text,FUNCTION,RETAIL_ORIGINAL_SYMBOL
|static|,static.crs,named,1942,_ZN5Field9MoveModel14FieldMoveModel44SetActionCommandTargetMoveWithOptionalMotionENS0_20FieldActionCommandIdEjN4gfl24math7Vector3ENS4_10QuaternionE,"Field::MoveModel::FieldMoveModel::SetActionCommandTargetMoveWithOptionalMotion(Field::MoveModel::FieldActionCommandId, unsigned int, gfl2::math::Vector3, gfl2::math::Quaternion)",0,2743708,.text,FUNCTION,RETAIL_ORIGINAL_SYMBOL
|static|,static.crs,named,1943,_ZN5Field9MoveModel20FieldMoveCodeManager11GetMoveCodeENS0_18FIELD_MOVE_CODE_IDE,Field::MoveModel::FieldMoveCodeManager::GetMoveCode(Field::MoveModel::FIELD_MOVE_CODE_ID),0,2751268,.text,FUNCTION,RETAIL_ORIGINAL_SYMBOL
|static|,static.crs,named,1944,_ZN5Field9MoveModel20FieldMoveCodeManager13IsNpcMoveCodeENS0_18FIELD_MOVE_CODE_IDE,Field::MoveModel::FieldMoveCodeManager::IsNpcMoveCode(Field::MoveModel::FIELD_MOVE_CODE_ID),0,2751292,.text,FUNCTION,RETAIL_ORIGINAL_SYMBOL
|static|,static.crs,named,1945,_ZN5Field9MoveModel20FieldMoveCodeManager15GetMoveCodeWorkEPKNS0_17FieldMoveCodeWorkEj,"Field::MoveModel::FieldMoveCodeManager::GetMoveCodeWork(Field::MoveModel::FieldMoveCodeWork const*, unsigned int)",0,2751384,.text,FUNCTION,RETAIL_ORIGINAL_SYMBOL
|static|,static.crs,named,1946,_ZN5Field9MoveModel20FieldMoveCodeManager15GetMoveCodeWorkEPNS0_17FieldMoveCodeWorkEj,"Field::MoveModel::FieldMoveCodeManager::GetMoveCodeWork(Field::MoveModel::FieldMoveCodeWork*, unsigned int)",0,2751464,.text,FUNCTION,RETAIL_ORIGINAL_SYMBOL
|static|,static.crs,named,1947,_ZN5Field9MoveModel20FieldMoveCodeManager21GetMoveCodeExtendWorkEPNS0_17FieldMoveCodeWorkEj,"Field::MoveModel::FieldMoveCodeManager::GetMoveCodeExtendWork(Field::MoveModel::FieldMoveCodeWork*, unsigned int)",0,2751508,.text,FUNCTION,RETAIL_ORIGINAL_SYMBOL
|static|,static.crs,named,1948,_ZN5Field9MoveModel20FieldMoveModelPlayer12IsInputStickEv,Field::MoveModel::FieldMoveModelPlayer::IsInputStick(),0,2751964,.text,FUNCTION,RETAIL_ORIGINAL_SYMBOL
|static|,static.crs,named,1949,_ZN5Field9MoveModel20FieldMoveModelPlayer13IsRunEndStateEv,Field::MoveModel::FieldMoveModelPlayer::IsRunEndState(),0,2751996,.text,FUNCTION,RETAIL_ORIGINAL_SYMBOL
|static|,static.crs,named,1950,_ZN5Field9MoveModel20FieldMoveModelPlayer14IsRunLoopStateEv,Field::MoveModel::FieldMoveModelPlayer::IsRunLoopState(),0,2752072,.text,FUNCTION,RETAIL_ORIGINAL_SYMBOL
|static|,static.crs,named,1951,_ZN5Field9MoveModel20FieldMoveModelPlayer14IsWalkEndStateEv,Field::MoveModel::FieldMoveModelPlayer::IsWalkEndState(),0,2752112,.text,FUNCTION,RETAIL_ORIGINAL_SYMBOL
|static|,static.crs,named,1952,_ZN5Field9MoveModel20FieldMoveModelPlayer15IsWalkLoopStateEv,Field::MoveModel::FieldMoveModelPlayer::IsWalkLoopState(),0,2752152,.text,FUNCTION,RETAIL_ORIGINAL_SYMBOL
|static|,static.crs,named,1953,_ZN5Field9MoveModel20FieldMoveModelPlayer15RideOnMoveModelEPNS0_14FieldMoveModelE,Field::MoveModel::FieldMoveModelPlayer::RideOnMoveModel(Field::MoveModel::FieldMoveModel*),0,2752192,.text,FUNCTION,RETAIL_ORIGINAL_SYMBOL
|static|,static.crs,named,1954,_ZN5Field9MoveModel20FieldMoveModelPlayer16IsEnableStepJumpERKN4gfl24math7Vector3Eiii,"Field::MoveModel::FieldMoveModelPlayer::IsEnableStepJump(gfl2::math::Vector3 const&, int, int, int)",0,2753392,.text,FUNCTION,RETAIL_ORIGINAL_SYMBOL
|static|,static.crs,named,1955,_ZN5Field9MoveModel20FieldMoveModelPlayer16RideOffMoveModelEv,Field::MoveModel::FieldMoveModelPlayer::RideOffMoveModel(),0,2753468,.text,FUNCTION,RETAIL_ORIGINAL_SYMBOL
|static|,static.crs,named,1956,_ZN5Field9MoveModel20FieldMoveModelPlayer17IsInputDashButtonEv,Field::MoveModel::FieldMoveModelPlayer::IsInputDashButton(),0,2757000,.text,FUNCTION,RETAIL_ORIGINAL_SYMBOL
|static|,static.crs,named,1957,_ZN5Field9MoveModel20FieldMoveModelPlayer18IsEnableGroundRideERKN4gfl24math7Vector3EPS4_i,"Field::MoveModel::FieldMoveModelPlayer::IsEnableGroundRide(gfl2::math::Vector3 const&, gfl2::math::Vector3*, int)",0,2757032,.text,FUNCTION,RETAIL_ORIGINAL_SYMBOL
|static|,static.crs,named,1958,_ZN5Field9MoveModel20FieldMoveModelPlayer18LockDirFromOutsideEv,Field::MoveModel::FieldMoveModelPlayer::LockDirFromOutside(),0,2757548,.text,FUNCTION,RETAIL_ORIGINAL_SYMBOL
|static|,static.crs,named,1959,_ZN5Field9MoveModel20FieldMoveModelPlayer19CheckSafetyPositionEv,Field::MoveModel::FieldMoveModelPlayer::CheckSafetyPosition(),0,2758320,.text,FUNCTION,RETAIL_ORIGINAL_SYMBOL
|static|,static.crs,named,1960,_ZN5Field9MoveModel20FieldMoveModelPlayer20IsLockDirFromOutsideEv,Field::MoveModel::FieldMoveModelPlayer::IsLockDirFromOutside(),0,2758336,.text,FUNCTION,RETAIL_ORIGINAL_SYMBOL
|static|,static.crs,named,1961,_ZN5Field9MoveModel20FieldMoveModelPlayer21IsEnbaleInputMoveCodeEv,Field::MoveModel::FieldMoveModelPlayer::IsEnbaleInputMoveCode(),0,2759788,.text,FUNCTION,RETAIL_ORIGINAL_SYMBOL
|static|,static.crs,named,1962,_ZN5Field9MoveModel20FieldMoveModelPlayer21IsHitRoba2WallRideOffEv,Field::MoveModel::FieldMoveModelPlayer::IsHitRoba2WallRideOff(),0,2759828,.text,FUNCTION,RETAIL_ORIGINAL_SYMBOL
|static|,static.crs,named,1963,_ZN5Field9MoveModel20FieldMoveModelPlayer24IsHitRoba2WallGroundRideEv,Field::MoveModel::FieldMoveModelPlayer::IsHitRoba2WallGroundRide(),0,2760276,.text,FUNCTION,RETAIL_ORIGINAL_SYMBOL
|static|,static.crs,named,1964,_ZN5Field9MoveModel20FieldMoveModelPlayer25IsEnableGroundRideBetweenERKN4gfl24math7Vector3EPS4_iiii,"Field::MoveModel::FieldMoveModelPlayer::IsEnableGroundRideBetween(gfl2::math::Vector3 const&, gfl2::math::Vector3*, int, int, int, int)",0,2760496,.text,FUNCTION,RETAIL_ORIGINAL_SYMBOL
|static|,static.crs,named,1965,_ZN5Field9MoveModel21FieldMoveModelManager15UpdateSubobjectEv,Field::MoveModel::FieldMoveModelManager::UpdateSubobject(),0,2767192,.text,FUNCTION,RETAIL_ORIGINAL_SYMBOL
|static|,static.crs,named,1966,_ZN5Field9MoveModel21FieldMoveModelManager16LoadDynamicAsyncENS1_22DYNAMIC_RES_LOAD_INDEXEj,"Field::MoveModel::FieldMoveModelManager::LoadDynamicAsync(Field::MoveModel::FieldMoveModelManager::DYNAMIC_RES_LOAD_INDEX, unsigned int)",0,2767308,.text,FUNCTION,RETAIL_ORIGINAL_SYMBOL
|static|,static.crs,named,1967,_ZN5Field9MoveModel21FieldMoveModelManager18AddEventRequestAllEv,Field::MoveModel::FieldMoveModelManager::AddEventRequestAll(),0,2768788,.text,FUNCTION,RETAIL_ORIGINAL_SYMBOL
|static|,static.crs,named,1968,_ZN5Field9MoveModel21FieldMoveModelManager18TerminateSubobjectEv,Field::MoveModel::FieldMoveModelManager::TerminateSubobject(),0,2769012,.text,FUNCTION,RETAIL_ORIGINAL_SYMBOL
|static|,static.crs,named,1969,_ZN5Field9MoveModel21FieldMoveModelManager19InitializeSubobjectENS0_19FIELD_SUB_OBJECT_IDEPKNS0_20FieldSubobjectHeaderE,"Field::MoveModel::FieldMoveModelManager::InitializeSubobject(Field::MoveModel::FIELD_SUB_OBJECT_ID, Field::MoveModel::FieldSubobjectHeader const*)",0,2770360,.text,FUNCTION,RETAIL_ORIGINAL_SYMBOL
|static|,static.crs,named,1970,_ZN5Field9MoveModel21FieldMoveModelManager19PullEventRequestAllEv,Field::MoveModel::FieldMoveModelManager::PullEventRequestAll(),0,2770448,.text,FUNCTION,RETAIL_ORIGINAL_SYMBOL
|static|,static.crs,named,1971,_ZN5Field9MoveModel21FieldMoveModelManager23InitializeMoveModelWorkENS0_19FIELD_MOVE_MODEL_IDEPKNS0_24FieldMoveModelHeaderWorkE,"Field::MoveModel::FieldMoveModelManager::InitializeMoveModelWork(Field::MoveModel::FIELD_MOVE_MODEL_ID, Field::MoveModel::FieldMoveModelHeaderWork const*)",0,2771208,.text,FUNCTION,RETAIL_ORIGINAL_SYMBOL
|static|,static.crs,named,1972,_ZN5Field9MoveModel21FieldMoveModelManager23SetSubobjectToMoveModelEPNS0_14FieldMoveModelEjPNS0_20FieldSubobjectHeaderEi,"Field::MoveModel::FieldMoveModelManager::SetSubobjectToMoveModel(Field::MoveModel::FieldMoveModel*, unsigned int, Field::MoveModel::FieldSubobjectHeader*, int)",0,2771316,.text,FUNCTION,RETAIL_ORIGINAL_SYMBOL
|static|,static.crs,named,1973,_ZN5Field9MoveModel21FieldMoveModelManager24TerminateManagerResourceEv,Field::MoveModel::FieldMoveModelManager::TerminateManagerResource(),0,2771716,.text,FUNCTION,RETAIL_ORIGINAL_SYMBOL
|static|,static.crs,named,1974,_ZN5Field9MoveModel21FieldMoveModelManager25InitializeManagerResourceEPNS_19MyRenderingPipeLineEPN4gfl23gfx12IGLAllocatorEPNS4_4heap11CtrHeapBaseEPNS4_2fs16AsyncFileManagerEN7poke_3d5model12DressUpParamEii,"Field::MoveModel::FieldMoveModelManager::InitializeManagerResource(Field::MyRenderingPipeLine*, gfl2::gfx::IGLAllocator*, gfl2::heap::CtrHeapBase*, gfl2::fs::AsyncFileManager*, poke_3d::model::DressUpParam, int, int)",0,2771916,.text,FUNCTION,RETAIL_ORIGINAL_SYMBOL
|static|,static.crs,named,1975,_ZN5Field9MoveModel21FieldMoveModelManager26TerminateMoveModelResourceENS0_19FIELD_MOVE_MODEL_IDE,Field::MoveModel::FieldMoveModelManager::TerminateMoveModelResource(Field::MoveModel::FIELD_MOVE_MODEL_ID),0,2772836,.text,FUNCTION,RETAIL_ORIGINAL_SYMBOL
|static|,static.crs,named,1976,_ZN5Field9MoveModel21FieldMoveModelManager26TerminateMoveModelResourceEv,Field::MoveModel::FieldMoveModelManager::TerminateMoveModelResource(),0,2772872,.text,FUNCTION,RETAIL_ORIGINAL_SYMBOL
|static|,static.crs,named,1977,_ZN5Field9MoveModel21FieldMoveModelManager27InitializeMoveModelResourceENS0_19FIELD_MOVE_MODEL_IDEPKNS0_28FieldMoveModelHeaderResourceEPN7poke_3d5model27DressUpModelResourceManagerE,"Field::MoveModel::FieldMoveModelManager::InitializeMoveModelResource(Field::MoveModel::FIELD_MOVE_MODEL_ID, Field::MoveModel::FieldMoveModelHeaderResource const*, poke_3d::model::DressUpModelResourceManager*)",0,2772932,.text,FUNCTION,RETAIL_ORIGINAL_SYMBOL
|static|,static.crs,named,1978,_ZN5Field9MoveModel21FieldMoveModelManager30TerminateMoveModelWorkResourceENS0_19FIELD_MOVE_MODEL_IDE,Field::MoveModel::FieldMoveModelManager::TerminateMoveModelWorkResource(Field::MoveModel::FIELD_MOVE_MODEL_ID),0,2773364,.text,FUNCTION,RETAIL_ORIGINAL_SYMBOL
|static|,static.crs,named,1979,_ZN5Field9MoveModel21FieldMoveModelManager33GetFieldMoveModelIndexFromEventIdEj,Field::MoveModel::FieldMoveModelManager::GetFieldMoveModelIndexFromEventId(unsigned int),0,2773452,.text,FUNCTION,RETAIL_ORIGINAL_SYMBOL
|static|,static.crs,named,1980,_ZN5Field9MoveModel21FieldMoveModelManager35ConvertPlayerMotionIdToRideMotionIdEjjPjPi,"Field::MoveModel::FieldMoveModelManager::ConvertPlayerMotionIdToRideMotionId(unsigned int, unsigned int, unsigned int*, int*)",0,2773520,.text,FUNCTION,RETAIL_ORIGINAL_SYMBOL
|static|,static.crs,named,1981,_ZN5Field9MoveModel21FieldMoveModelManager35GetFieldMoveModelIndexFromFreeSpaceEv,Field::MoveModel::FieldMoveModelManager::GetFieldMoveModelIndexFromFreeSpace(),0,2773728,.text,FUNCTION,RETAIL_ORIGINAL_SYMBOL
|static|,static.crs,named,1982,_ZN5Field9MoveModel21FieldMoveModelManager35GetFieldSubobjectIndexFromFreeSpaceEv,Field::MoveModel::FieldMoveModelManager::GetFieldSubobjectIndexFromFreeSpace(),0,2773784,.text,FUNCTION,RETAIL_ORIGINAL_SYMBOL
|static|,static.crs,named,1983,_ZN5Field9MoveModel21FieldMoveModelManager40GetFieldMoveEventModelIndexFromFreeSpaceEv,Field::MoveModel::FieldMoveModelManager::GetFieldMoveEventModelIndexFromFreeSpace(),0,2773832,.text,FUNCTION,RETAIL_ORIGINAL_SYMBOL
|static|,static.crs,named,1984,_ZN5Field9MoveModel25FieldActionCommandManager10InitializeEPN4gfl24heap11CtrHeapBaseE,Field::MoveModel::FieldActionCommandManager::Initialize(gfl2::heap::CtrHeapBase*),0,2776760,.text,FUNCTION,RETAIL_ORIGINAL_SYMBOL
|static|,static.crs,named,1985,_ZN5Field9MoveModel14FieldMoveModel16SetActionCommandENS0_20FieldActionCommandIdE,Field::MoveModel::FieldMoveModel::SetActionCommand(Field::MoveModel::FieldActionCommandId),0,2777048,.text,FUNCTION,RETAIL_ORIGINAL_SYMBOL
|static|,static.crs,named,1986,_ZN5Field9MoveModel25FieldActionCommandManager20GetActionCommandWorkEPNS0_17ActionCommandWorkEj,"Field::MoveModel::FieldActionCommandManager::GetActionCommandWork(Field::MoveModel::ActionCommandWork*, unsigned int)",0,2777296,.text,FUNCTION,RETAIL_ORIGINAL_SYMBOL
|static|,static.crs,named,1987,_ZN5Field9MoveModel14FieldMoveModel18ClearActionCommandEi,Field::MoveModel::FieldMoveModel::ClearActionCommand(int),0,2777340,.text,FUNCTION,RETAIL_ORIGINAL_SYMBOL
|static|,static.crs,named,1988,_ZN5Field9MoveModel25FieldActionCommandManager28AddActionCommandWorkSequenceEPNS0_17ActionCommandWorkEi,"Field::MoveModel::FieldActionCommandManager::AddActionCommandWorkSequence(Field::MoveModel::ActionCommandWork*, int)",0,2777856,.text,FUNCTION,RETAIL_ORIGINAL_SYMBOL
|static|,static.crs,named,1989,_ZN5Field9MoveModel14FieldMoveModel39SetActionCommandStepMoveWithoutStartEndENS0_20FieldActionCommandIdEji,"Field::MoveModel::FieldMoveModel::SetActionCommandStepMoveWithoutStartEnd(Field::MoveModel::FieldActionCommandId, unsigned int, int)",0,2778072,.text,FUNCTION,RETAIL_ORIGINAL_SYMBOL
|static|,static.crs,named,1990,_ZN5Field9MoveModel25FieldActionCommandManager9TerminateEv,Field::MoveModel::FieldActionCommandManager::Terminate(),0,2778336,.text,FUNCTION,RETAIL_ORIGINAL_SYMBOL
|static|,static.crs,named,1991,_ZN5Field9MoveModel25FieldActionCommandManagerC1Ev,Field::MoveModel::FieldActionCommandManager::FieldActionCommandManager(),0,2778400,.text,FUNCTION,RETAIL_ORIGINAL_SYMBOL
|static|,static.crs,named,1992,_ZN5Field9MoveModel27FieldMoveModelShadowManager12UpdateShadowEv,Field::MoveModel::FieldMoveModelShadowManager::UpdateShadow(),0,2780720,.text,FUNCTION,RETAIL_ORIGINAL_SYMBOL
|static|,static.crs,named,1993,_ZN5Field9MoveModel27FieldMoveModelShadowManagerC1EPNS0_21FieldMoveModelManagerEPNS_6Effect13EffectManagerE,"Field::MoveModel::FieldMoveModelShadowManager::FieldMoveModelShadowManager(Field::MoveModel::FieldMoveModelManager*, Field::Effect::EffectManager*)",0,2785916,.text,FUNCTION,RETAIL_ORIGINAL_SYMBOL
|static|,static.crs,named,1994,_ZN5Field9MoveModel31FieldMoveModelAreaCharaAccessor10InitializeEPN4gfl22fs17BinLinkerAccessorE,Field::MoveModel::FieldMoveModelAreaCharaAccessor::Initialize(gfl2::fs::BinLinkerAccessor*),0,2786332,.text,FUNCTION,RETAIL_ORIGINAL_SYMBOL
|static|,static.crs,named,1995,_ZN5Field9MoveModel31FieldMoveModelAreaCharaAccessorC1Ev,Field::MoveModel::FieldMoveModelAreaCharaAccessor::FieldMoveModelAreaCharaAccessor(),0,2786340,.text,FUNCTION,RETAIL_ORIGINAL_SYMBOL
|static|,static.crs,named,1996,_ZN5Field9MoveModel31FieldMoveModelAreaCharaAccessorD1Ev,Field::MoveModel::FieldMoveModelAreaCharaAccessor::~FieldMoveModelAreaCharaAccessor(),0,2786364,.text,FUNCTION,RETAIL_ORIGINAL_SYMBOL
|static|,static.crs,named,1997,_ZN5Field9SubScreen14FieldSubScreen13SetEventXMenuEPNS_10EventXMenuE,Field::SubScreen::FieldSubScreen::SetEventXMenu(Field::EventXMenu*),0,2786464,.text,FUNCTION,RETAIL_ORIGINAL_SYMBOL
|static|,static.crs,named,1998,_ZN5Field9SubScreen14FieldSubScreen16SetFieldMenuProcEPN3App9FieldMenu22FieldMenuSubWindowProcE,Field::SubScreen::FieldSubScreen::SetFieldMenuProc(App::FieldMenu::FieldMenuSubWindowProc*),0,2786472,.text,FUNCTION,RETAIL_ORIGINAL_SYMBOL
|static|,static.crs,named,1999,_ZN5Sound10PushBGMReqENS_9FadeFrameE,Sound::PushBGMReq(Sound::FadeFrame),0,2790864,.text,FUNCTION,RETAIL_ORIGINAL_SYMBOL
|static|,static.crs,named,2000,_ZN5Sound10Set3DParamERKN4gfl25sound11SoundSystem12Sound3DParamE,Sound::Set3DParam(gfl2::sound::SoundSystem::Sound3DParam const&),0,2790960,.text,FUNCTION,RETAIL_ORIGINAL_SYMBOL
|static|,static.crs,named,2001,_ZN5Sound10StopPlayerEjj,"Sound::StopPlayer(unsigned int, unsigned int)",0,2791168,.text,FUNCTION,RETAIL_ORIGINAL_SYMBOL
|static|,static.crs,named,2002,_ZN5Sound11ChangeSEPanEjfi,"Sound::ChangeSEPan(unsigned int, float, int)",0,2791272,.text,FUNCTION,RETAIL_ORIGINAL_SYMBOL
|static|,static.crs,named,2003,_ZN5Sound11HaveCommandEv,Sound::HaveCommand(),0,2791464,.text,FUNCTION,RETAIL_ORIGINAL_SYMBOL
|static|,static.crs,named,2004,_ZN5Sound11IsSEPlayingEji,"Sound::IsSEPlaying(unsigned int, int)",0,2791516,.text,FUNCTION,RETAIL_ORIGINAL_SYMBOL
|static|,static.crs,named,2005,_ZN5Sound11Play3DActorEhjPKN2nw3snd14SoundStartable9StartInfoE,"Sound::Play3DActor(unsigned char, unsigned int, nw::snd::SoundStartable::StartInfo const*)",0,2791640,.text,FUNCTION,RETAIL_ORIGINAL_SYMBOL
|static|,static.crs,named,2006,_ZN5Sound11StartBGMReqEjNS_9FadeFrameE,"Sound::StartBGMReq(unsigned int, Sound::FadeFrame)",0,2791716,.text,FUNCTION,RETAIL_ORIGINAL_SYMBOL
|static|,static.crs,named,2007,_ZN5Sound11Stop3DActorEhi,"Sound::Stop3DActor(unsigned char, int)",0,2791852,.text,FUNCTION,RETAIL_ORIGINAL_SYMBOL
|static|,static.crs,named,2008,_ZN5Field10FieldSound11EndEventBGMEN5Sound9FadeFrameES2_,"Field::FieldSound::EndEventBGM(Sound::FadeFrame, Sound::FadeFrame)",0,2794676,.text,FUNCTION,RETAIL_ORIGINAL_SYMBOL
|static|,static.crs,named,2009,_ZN5Sound12EndAppBGMReqENS_9FadeFrameES0_,"Sound::EndAppBGMReq(Sound::FadeFrame, Sound::FadeFrame)",0,2794796,.text,FUNCTION,RETAIL_ORIGINAL_SYMBOL
|static|,static.crs,named,2010,_ZN5Sound12FadeInBGMReqENS_9FadeFrameE,Sound::FadeInBGMReq(Sound::FadeFrame),0,2795160,.text,FUNCTION,RETAIL_ORIGINAL_SYMBOL
|static|,static.crs,named,2011,_ZN5Sound12IsBGMPlayingEj,Sound::IsBGMPlaying(unsigned int),0,2795312,.text,FUNCTION,RETAIL_ORIGINAL_SYMBOL
|static|,static.crs,named,2012,_ZN5Sound12IsBGMPlayingEv,Sound::IsBGMPlaying(),0,2795372,.text,FUNCTION,RETAIL_ORIGINAL_SYMBOL
|static|,static.crs,named,2013,_ZN5Sound12IsMEFinishedEj,Sound::IsMEFinished(unsigned int),0,2795424,.text,FUNCTION,RETAIL_ORIGINAL_SYMBOL
|static|,static.crs,named,2014,_ZN5Sound12IsSEFinishedEji,"Sound::IsSEFinished(unsigned int, int)",0,2795532,.text,FUNCTION,RETAIL_ORIGINAL_SYMBOL
|static|,static.crs,named,2015,_ZN5Sound13ChangeSEPitchEjfi,"Sound::ChangeSEPitch(unsigned int, float, int)",0,2795752,.text,FUNCTION,RETAIL_ORIGINAL_SYMBOL
|static|,static.crs,named,2016,_ZN5Sound13ChangeSETempoEjfi,"Sound::ChangeSETempo(unsigned int, float, int)",0,2795900,.text,FUNCTION,RETAIL_ORIGINAL_SYMBOL
|static|,static.crs,named,2017,_ZN5Sound13FadeOutBGMReqENS_9FadeFrameE,Sound::FadeOutBGMReq(Sound::FadeFrame),0,2796048,.text,FUNCTION,RETAIL_ORIGINAL_SYMBOL
|static|,static.crs,named,2018,_ZN5Sound13PopBGMOnlyReqEv,Sound::PopBGMOnlyReq(),0,2800360,.text,FUNCTION,RETAIL_ORIGINAL_SYMBOL
|static|,static.crs,named,2019,_ZN5Sound13PrepareBGMReqEj,Sound::PrepareBGMReq(unsigned int),0,2800436,.text,FUNCTION,RETAIL_ORIGINAL_SYMBOL
|static|,static.crs,named,2020,_ZN5Sound13Set3DActorPanEhf,"Sound::Set3DActorPan(unsigned char, float)",0,2800680,.text,FUNCTION,RETAIL_ORIGINAL_SYMBOL
|static|,static.crs,named,2021,_ZN5Sound13Set3DActorPosEhRKN4gfl24math22ExtendedVectorTemplateINS1_33SpecializedExtendedVectorTemplateIN2nn4math4VEC3EEEEE,"Sound::Set3DActorPos(unsigned char, gfl2::math::ExtendedVectorTemplate<gfl2::math::SpecializedExtendedVectorTemplate<nn::math::VEC3> > const&)",0,2800748,.text,FUNCTION,RETAIL_ORIGINAL_SYMBOL
|static|,static.crs,named,2022,_ZN5Sound14ChangeSEVolumeEjfji,"Sound::ChangeSEVolume(unsigned int, float, unsigned int, int)",0,2801084,.text,FUNCTION,RETAIL_ORIGINAL_SYMBOL
|static|,static.crs,named,2023,_ZN5Sound14ChangeVoicePanEhf,"Sound::ChangeVoicePan(unsigned char, float)",0,2801240,.text,FUNCTION,RETAIL_ORIGINAL_SYMBOL
|static|,static.crs,named,2024,_ZN5Sound14StartAppBGMReqEj,Sound::StartAppBGMReq(unsigned int),0,2802980,.text,FUNCTION,RETAIL_ORIGINAL_SYMBOL
|static|,static.crs,named,2025,_ZN5Sound15ChangeAppBGMReqEjNS_9FadeFrameES0_,"Sound::ChangeAppBGMReq(unsigned int, Sound::FadeFrame, Sound::FadeFrame)",0,2804372,.text,FUNCTION,RETAIL_ORIGINAL_SYMBOL
|static|,static.crs,named,2026,_ZN5Field10FieldSound15ChangeBGMVolumeEfN5Sound9FadeFrameE,"Field::FieldSound::ChangeBGMVolume(float, Sound::FadeFrame)",0,2804432,.text,FUNCTION,RETAIL_ORIGINAL_SYMBOL
|static|,static.crs,named,2027,_ZN5Sound15ChangeBGMVolumeEfj,"Sound::ChangeBGMVolume(float, unsigned int)",0,2804440,.text,FUNCTION,RETAIL_ORIGINAL_SYMBOL
|static|,static.crs,named,2028,_ZN5Sound15GetPlayingCountEj,Sound::GetPlayingCount(unsigned int),0,2804908,.text,FUNCTION,RETAIL_ORIGINAL_SYMBOL
|static|,static.crs,named,2029,_ZN5Sound15IsVoiceFinishedEh,Sound::IsVoiceFinished(unsigned char),0,2805108,.text,FUNCTION,RETAIL_ORIGINAL_SYMBOL
|static|,static.crs,named,2030,_ZN5Sound15Set3DActorPitchEhf,"Sound::Set3DActorPitch(unsigned char, float)",0,2805228,.text,FUNCTION,RETAIL_ORIGINAL_SYMBOL
|static|,static.crs,named,2031,_ZN5Sound16ChangeVoice3DPosEhRKN4gfl24math22ExtendedVectorTemplateINS1_33SpecializedExtendedVectorTemplateIN2nn4math4VEC3EEEEE,"Sound::ChangeVoice3DPos(unsigned char, gfl2::math::ExtendedVectorTemplate<gfl2::math::SpecializedExtendedVectorTemplate<nn::math::VEC3> > const&)",0,2805508,.text,FUNCTION,RETAIL_ORIGINAL_SYMBOL
|static|,static.crs,named,2032,_ZN5Sound16ChangeVoicePitchEhf,"Sound::ChangeVoicePitch(unsigned char, float)",0,2805636,.text,FUNCTION,RETAIL_ORIGINAL_SYMBOL
|static|,static.crs,named,2033,_ZN5Sound16FadeOutAppBGMReqENS_9FadeFrameE,Sound::FadeOutAppBGMReq(Sound::FadeFrame),0,2805776,.text,FUNCTION,RETAIL_ORIGINAL_SYMBOL
|static|,static.crs,named,2034,_ZN5Sound16Set3DActorVolumeEhf,"Sound::Set3DActorVolume(unsigned char, float)",0,2806220,.text,FUNCTION,RETAIL_ORIGINAL_SYMBOL
|static|,static.crs,named,2035,_ZN5Sound16SetListenerParamERKN4gfl25sound11SoundSystem13ListenerParamE,Sound::SetListenerParam(gfl2::sound::SoundSystem::ListenerParam const&),0,2806288,.text,FUNCTION,RETAIL_ORIGINAL_SYMBOL
|static|,static.crs,named,2036,_ZN5Field10FieldSound20ChangeFieldBGMNowMapEN5Sound9FadeFrameES2_,"Field::FieldSound::ChangeFieldBGMNowMap(Sound::FadeFrame, Sound::FadeFrame)",0,2806372,.text,FUNCTION,RETAIL_ORIGINAL_SYMBOL
|static|,static.crs,named,2037,_ZN5Sound17ChangeVoiceVolumeEhfj,"Sound::ChangeVoiceVolume(unsigned char, float, unsigned int)",0,2806492,.text,FUNCTION,RETAIL_ORIGINAL_SYMBOL
|static|,static.crs,named,2038,_ZN5Sound17GetPushedBGMCountEv,Sound::GetPushedBGMCount(),0,2806640,.text,FUNCTION,RETAIL_ORIGINAL_SYMBOL
|static|,static.crs,named,2039,_ZN5Sound17PreparePlayBGMReqENS_9FadeFrameE,Sound::PreparePlayBGMReq(Sound::FadeFrame),0,2807068,.text,FUNCTION,RETAIL_ORIGINAL_SYMBOL
|static|,static.crs,named,2040,_ZN5Sound17SetListenerMatrixERKN2nn4math5MTX34E,Sound::SetListenerMatrix(nn::math::MTX34 const&),0,2807180,.text,FUNCTION,RETAIL_ORIGINAL_SYMBOL
|static|,static.crs,named,2041,_ZN5Field10FieldSound14StartBattleBGMEjN5Sound9FadeFrameES2_,"Field::FieldSound::StartBattleBGM(unsigned int, Sound::FadeFrame, Sound::FadeFrame)",0,2807600,.text,FUNCTION,RETAIL_ORIGINAL_SYMBOL
|static|,static.crs,named,2042,_ZN5Field10FieldSound16RecoverBGMFromMEEj,Field::FieldSound::RecoverBGMFromME(unsigned int),0,2807796,.text,FUNCTION,RETAIL_ORIGINAL_SYMBOL
|static|,static.crs,named,2043,_ZN5Sound17StartNewBGMFromMEEj,Sound::StartNewBGMFromME(unsigned int),0,2807804,.text,FUNCTION,RETAIL_ORIGINAL_SYMBOL
|static|,static.crs,named,2044,_ZN5Field10FieldSound15ChangeBattleBGMEjN5Sound9FadeFrameES2_,"Field::FieldSound::ChangeBattleBGM(unsigned int, Sound::FadeFrame, Sound::FadeFrame)",0,2807988,.text,FUNCTION,RETAIL_ORIGINAL_SYMBOL
|static|,static.crs,named,2045,_ZN5Sound18Set3DActorVelocityEhRKN4gfl24math22ExtendedVectorTemplateINS1_33SpecializedExtendedVectorTemplateIN2nn4math4VEC3EEEEE,"Sound::Set3DActorVelocity(unsigned char, gfl2::math::ExtendedVectorTemplate<gfl2::math::SpecializedExtendedVectorTemplate<nn::math::VEC3> > const&)",0,2808352,.text,FUNCTION,RETAIL_ORIGINAL_SYMBOL
|static|,static.crs,named,2046,_ZN5Field10FieldSound16RecoverBGMFromMEEv,Field::FieldSound::RecoverBGMFromME(),0,2808412,.text,FUNCTION,RETAIL_ORIGINAL_SYMBOL
|static|,static.crs,named,2047,_ZN5Sound18StartBaseBGMFromMEEv,Sound::StartBaseBGMFromME(),0,2808416,.text,FUNCTION,RETAIL_ORIGINAL_SYMBOL
|static|,static.crs,named,2048,_ZN5Sound19SetListenerVelocityERKN4gfl24math22ExtendedVectorTemplateINS1_33SpecializedExtendedVectorTemplateIN2nn4math4VEC3EEEEE,Sound::SetListenerVelocity(gfl2::math::ExtendedVectorTemplate<gfl2::math::SpecializedExtendedVectorTemplate<nn::math::VEC3> > const&),0,2808492,.text,FUNCTION,RETAIL_ORIGINAL_SYMBOL
|static|,static.crs,named,2049,_ZN5Sound21ChangeBGMPlayerVolumeEfj,"Sound::ChangeBGMPlayerVolume(float, unsigned int)",0,2809120,.text,FUNCTION,RETAIL_ORIGINAL_SYMBOL
|static|,static.crs,named,2050,_ZN5Sound21ChangeSETrackVariableEjiisi,"Sound::ChangeSETrackVariable(unsigned int, int, int, short, int)",0,2809196,.text,FUNCTION,RETAIL_ORIGINAL_SYMBOL
|static|,static.crs,named,2051,_ZN5Sound24GetStreamSoundSampleRateEv,Sound::GetStreamSoundSampleRate(),0,2809468,.text,FUNCTION,RETAIL_ORIGINAL_SYMBOL
|static|,static.crs,named,2052,_ZN5Sound26PopAndUnloadBattleGlobalSEEv,Sound::PopAndUnloadBattleGlobalSE(),0,2809764,.text,FUNCTION,RETAIL_ORIGINAL_SYMBOL
|static|,static.crs,named,2053,_ZN5Sound30LoadAndPushBattleGlobalSEAsyncEPN4gfl24heap11CtrHeapBaseE,Sound::LoadAndPushBattleGlobalSEAsync(gfl2::heap::CtrHeapBase*),0,2810048,.text,FUNCTION,RETAIL_ORIGINAL_SYMBOL
|static|,static.crs,named,2054,_ZN5Sound32GetStreamSoundPlaySamplePositionEv,Sound::GetStreamSoundPlaySamplePosition(),0,2810228,.text,FUNCTION,RETAIL_ORIGINAL_SYMBOL
|static|,static.crs,named,2055,_ZN5Sound34WaitLoadAndPushBattleGlobalSEAsyncEv,Sound::WaitLoadAndPushBattleGlobalSEAsync(),0,2810280,.text,FUNCTION,RETAIL_ORIGINAL_SYMBOL
|static|,static.crs,named,2056,_ZN5Sound6PlaySEEjRKNS_8PlayInfoEij,"Sound::PlaySE(unsigned int, Sound::PlayInfo const&, int, unsigned int)",0,2810332,.text,FUNCTION,RETAIL_ORIGINAL_SYMBOL
|static|,static.crs,named,2057,_ZN5Sound6PlaySEEjjij,"Sound::PlaySE(unsigned int, unsigned int, int, unsigned int)",0,2811816,.text,FUNCTION,RETAIL_ORIGINAL_SYMBOL
|static|,static.crs,named,2058,_ZN5Sound6StopSEEjji,"Sound::StopSE(unsigned int, unsigned int, int)",0,2812044,.text,FUNCTION,RETAIL_ORIGINAL_SYMBOL
|static|,static.crs,named,2059,_ZN5Field10FieldSound6PlayMEEj,Field::FieldSound::PlayME(unsigned int),0,2812296,.text,FUNCTION,RETAIL_ORIGINAL_SYMBOL
|static|,static.crs,named,2060,_ZN5Sound7StartMEEj,Sound::StartME(unsigned int),0,2812304,.text,FUNCTION,RETAIL_ORIGINAL_SYMBOL
|static|,static.crs,named,2061,_ZN5Sound9EndBGMReqENS_9FadeFrameE,Sound::EndBGMReq(Sound::FadeFrame),0,2812572,.text,FUNCTION,RETAIL_ORIGINAL_SYMBOL
|static|,static.crs,named,2062,_ZN5Sound9IsBGMFadeEv,Sound::IsBGMFade(),0,2812660,.text,FUNCTION,RETAIL_ORIGINAL_SYMBOL
|static|,static.crs,named,2063,_ZN5Sound9PlayVoiceEh6MonsNohNS_9VoiceTypeEi,"Sound::PlayVoice(unsigned char, MonsNo, unsigned char, Sound::VoiceType, int)",0,2812712,.text,FUNCTION,RETAIL_ORIGINAL_SYMBOL
|static|,static.crs,named,2064,_ZN5Sound9PlayVoiceEh7VoiceIDi,"Sound::PlayVoice(unsigned char, VoiceID, int)",0,2813112,.text,FUNCTION,RETAIL_ORIGINAL_SYMBOL
|static|,static.crs,named,2065,_ZN5Sound9PlayVoiceEhPKN3pml8pokepara9CoreParamENS_9VoiceTypeEi,"Sound::PlayVoice(unsigned char, pml::pokepara::CoreParam const*, Sound::VoiceType, int)",0,2813268,.text,FUNCTION,RETAIL_ORIGINAL_SYMBOL
|static|,static.crs,named,2066,_ZN5Sound9PopBGMReqENS_9FadeFrameE,Sound::PopBGMReq(Sound::FadeFrame),0,2813404,.text,FUNCTION,RETAIL_ORIGINAL_SYMBOL
|static|,static.crs,named,2067,_ZN5Sound9StopAllSEEv,Sound::StopAllSE(),0,2813484,.text,FUNCTION,RETAIL_ORIGINAL_SYMBOL
|static|,static.crs,named,2068,_ZN5Sound9StopVoiceEhi,"Sound::StopVoice(unsigned char, int)",0,2813628,.text,FUNCTION,RETAIL_ORIGINAL_SYMBOL
|static|,static.crs,named,2069,_ZN4gfl27imagedb15ImageDBAccessor24EstimateRemainPictureNumEPN5imgdb6ResultE,gfl2::imagedb::ImageDBAccessor::EstimateRemainPictureNum(imgdb::Result*),0,2856212,.text,FUNCTION,RETAIL_ORIGINAL_SYMBOL
|static|,static.crs,named,2070,_ZN5print11GetTagGroupEPKw,print::GetTagGroup(wchar_t const*),0,2876824,.text,FUNCTION,RETAIL_ORIGINAL_SYMBOL
|static|,static.crs,named,2071,_ZN5print11GetTagIndexEPKw,print::GetTagIndex(wchar_t const*),0,2876840,.text,FUNCTION,RETAIL_ORIGINAL_SYMBOL
|static|,static.crs,named,2072,_ZN5print11ItemMessage14GetInfoMessageEjPN4gfl23str6StrBufE,"print::ItemMessage::GetInfoMessage(unsigned int, gfl2::str::StrBuf*)",0,2876856,.text,FUNCTION,RETAIL_ORIGINAL_SYMBOL
|static|,static.crs,named,2073,_ZN5print11ItemMessageC1EPN4gfl24heap11CtrHeapBaseENS1_3str7MsgData8LoadTypeE,"print::ItemMessage::ItemMessage(gfl2::heap::CtrHeapBase*, gfl2::str::MsgData::LoadType)",0,2876864,.text,FUNCTION,RETAIL_ORIGINAL_SYMBOL
|static|,static.crs,named,2074,_ZN5print11ItemMessageC1EPN4gfl24heap11CtrHeapBaseEPv,"print::ItemMessage::ItemMessage(gfl2::heap::CtrHeapBase*, void*)",0,2876952,.text,FUNCTION,RETAIL_ORIGINAL_SYMBOL
|static|,static.crs,named,2075,_ZN5print13MessageWindow15SetMessageSpeedEN8Savedata10ConfigSave9MSG_SPEEDEb,"print::MessageWindow::SetMessageSpeed(Savedata::ConfigSave::MSG_SPEED, bool)",0,2877892,.text,FUNCTION,RETAIL_ORIGINAL_SYMBOL
|static|,static.crs,named,2076,_ZN5print13MessageWindow16CheckStringWidthERKN4gfl23str6StrBufE,print::MessageWindow::CheckStringWidth(gfl2::str::StrBuf const&),0,2878156,.text,FUNCTION,RETAIL_ORIGINAL_SYMBOL
|static|,static.crs,named,2077,_ZN3App4Tool15MessageMenuView17SetMessageAutoFlgEb,App::Tool::MessageMenuView::SetMessageAutoFlg(bool),0,2878600,.text,FUNCTION,RETAIL_ORIGINAL_SYMBOL
|static|,static.crs,named,2078,_ZN5print13MessageWindow17SetMessageAutoFlgEb,print::MessageWindow::SetMessageAutoFlg(bool),0,2878632,.text,FUNCTION,RETAIL_ORIGINAL_SYMBOL
|static|,static.crs,named,2079,_ZN5print13MessageWindow18SetMessageAutoOnceEv,print::MessageWindow::SetMessageAutoOnce(),0,2878640,.text,FUNCTION,RETAIL_ORIGINAL_SYMBOL
|static|,static.crs,named,2080,_ZN5print13MessageWindow22SetDefaultMessageSpeedEN8Savedata10ConfigSave9MSG_SPEEDE,print::MessageWindow::SetDefaultMessageSpeed(Savedata::ConfigSave::MSG_SPEED),0,2878652,.text,FUNCTION,RETAIL_ORIGINAL_SYMBOL
|static|,static.crs,named,2081,_ZN5print13MessageWindowC1EPKN4gfl22ui13DeviceManagerEPNS1_3lyt5LytWkEtPNS1_4heap11CtrHeapBaseEb,"print::MessageWindow::MessageWindow(gfl2::ui::DeviceManager const*, gfl2::lyt::LytWk*, unsigned short, gfl2::heap::CtrHeapBase*, bool)",0,2879976,.text,FUNCTION,RETAIL_ORIGINAL_SYMBOL
|static|,static.crs,named,2082,_ZN5print13MessageWindowC1EPKN4gfl22ui13DeviceManagerEPNS1_3lyt5LytWkEtiPNS1_4heap11CtrHeapBaseEj,"print::MessageWindow::MessageWindow(gfl2::ui::DeviceManager const*, gfl2::lyt::LytWk*, unsigned short, int, gfl2::heap::CtrHeapBase*, unsigned int)",0,2880436,.text,FUNCTION,RETAIL_ORIGINAL_SYMBOL
|static|,static.crs,named,2083,_ZN5print14GetStringWidthEPKN4gfl23str6StrBufEPKN2nw4font4FontEfPi,"print::GetStringWidth(gfl2::str::StrBuf const*, nw::font::Font const*, float, int*)",0,2880936,.text,FUNCTION,RETAIL_ORIGINAL_SYMBOL
|static|,static.crs,named,2084,_ZN5print14HangulComposer14FixCompositionEv,print::HangulComposer::FixComposition(),0,2882044,.text,FUNCTION,RETAIL_ORIGINAL_SYMBOL
|static|,static.crs,named,2085,_ZN5print14HangulComposer9BackSpaceEv,print::HangulComposer::BackSpace(),0,2882076,.text,FUNCTION,RETAIL_ORIGINAL_SYMBOL
|static|,static.crs,named,2086,_ZN5print14HangulComposer9InputCodeEwPwb,"print::HangulComposer::InputCode(wchar_t, wchar_t*, bool)",0,2882104,.text,FUNCTION,RETAIL_ORIGINAL_SYMBOL
|static|,static.crs,named,2087,_ZN5print14HangulComposerC1EPKN2nw4font4FontE,print::HangulComposer::HangulComposer(nw::font::Font const*),0,2882452,.text,FUNCTION,RETAIL_ORIGINAL_SYMBOL
|static|,static.crs,named,2088,_ZN5print15GetMessageArcIdEN6System9MSGLANGIDE,print::GetMessageArcId(System::MSGLANGID),0,2882460,.text,FUNCTION,RETAIL_ORIGINAL_SYMBOL
|static|,static.crs,named,2089,_ZN5print16GetMessageLangIdEv,print::GetMessageLangId(),0,2882524,.text,FUNCTION,RETAIL_ORIGINAL_SYMBOL
|static|,static.crs,named,2090,_ZN5print17IsWordSetTagGroupEPKw,print::IsWordSetTagGroup(wchar_t const*),0,2882716,.text,FUNCTION,RETAIL_ORIGINAL_SYMBOL
|static|,static.crs,named,2091,_ZN5print18SystemFont_GetFontEv,print::SystemFont_GetFont(),0,2882904,.text,FUNCTION,RETAIL_ORIGINAL_SYMBOL
|static|,static.crs,named,2092,_ZN5print21SystemFont_GetNumFontEv,print::SystemFont_GetNumFont(),0,2883268,.text,FUNCTION,RETAIL_ORIGINAL_SYMBOL
|static|,static.crs,named,2093,_ZN5print22GetMessageArcId_ScriptEN6System9MSGLANGIDE,print::GetMessageArcId_Script(System::MSGLANGID),0,2883288,.text,FUNCTION,RETAIL_ORIGINAL_SYMBOL
|static|,static.crs,named,2094,_ZN3app2ui6UIView21SetTextboxPaneMessageEPN2nw3lyt7TextBoxEPKN4gfl23str6StrBufE,"app::ui::UIView::SetTextboxPaneMessage(nw::lyt::TextBox*, gfl2::str::StrBuf const*)",0,2883320,.text,FUNCTION,RETAIL_ORIGINAL_SYMBOL
|static|,static.crs,named,2095,_ZN5print22SetStringForLytTextBoxEPN2nw3lyt7TextBoxEPKN4gfl23str6StrBufEN6System9MSGLANGIDE,"print::SetStringForLytTextBox(nw::lyt::TextBox*, gfl2::str::StrBuf const*, System::MSGLANGID)",0,2883336,.text,FUNCTION,RETAIL_ORIGINAL_SYMBOL
|static|,static.crs,named,2096,_ZN3app4util7G2DUtil20SetTextBoxPaneStringEPN2nw3lyt7TextBoxEPKw,"app::util::G2DUtil::SetTextBoxPaneString(nw::lyt::TextBox*, wchar_t const*)",0,2883380,.text,FUNCTION,RETAIL_ORIGINAL_SYMBOL
|static|,static.crs,named,2097,_ZN5print22SystemFont_LoadNumFontEPN4gfl24heap11CtrHeapBaseES3_,"print::SystemFont_LoadNumFont(gfl2::heap::CtrHeapBase*, gfl2::heap::CtrHeapBase*)",0,2883476,.text,FUNCTION,RETAIL_ORIGINAL_SYMBOL
|static|,static.crs,named,2098,_ZN5print24SystemFont_CreateNumFontEPN4gfl24heap11CtrHeapBaseES3_,"print::SystemFont_CreateNumFont(gfl2::heap::CtrHeapBase*, gfl2::heap::CtrHeapBase*)",0,2884248,.text,FUNCTION,RETAIL_ORIGINAL_SYMBOL
|static|,static.crs,named,2099,_ZN5print24SystemFont_DeleteNumFontEv,print::SystemFont_DeleteNumFont(),0,2884276,.text,FUNCTION,RETAIL_ORIGINAL_SYMBOL
|static|,static.crs,named,2100,_ZN5print24SystemFont_GetBattleFontEv,print::SystemFont_GetBattleFont(),0,2884340,.text,FUNCTION,RETAIL_ORIGINAL_SYMBOL
|static|,static.crs,named,2101,_ZN5print24SystemFont_IsLoadNumFontEv,print::SystemFont_IsLoadNumFont(),0,2884360,.text,FUNCTION,RETAIL_ORIGINAL_SYMBOL
|static|,static.crs,named,2102,_ZN5print25SystemFont_SetLoadNumFontEPN4gfl24heap11CtrHeapBaseE,print::SystemFont_SetLoadNumFont(gfl2::heap::CtrHeapBase*),0,2884396,.text,FUNCTION,RETAIL_ORIGINAL_SYMBOL
|static|,static.crs,named,2103,_ZN5print27SystemFont_CreateBattleFontEPN4gfl24heap11CtrHeapBaseES3_,"print::SystemFont_CreateBattleFont(gfl2::heap::CtrHeapBase*, gfl2::heap::CtrHeapBase*)",0,2884448,.text,FUNCTION,RETAIL_ORIGINAL_SYMBOL
|static|,static.crs,named,2104,_ZN5print27SystemFont_IsLoadBattleFontEv,print::SystemFont_IsLoadBattleFont(),0,2884480,.text,FUNCTION,RETAIL_ORIGINAL_SYMBOL
|static|,static.crs,named,2105,_ZN5print28SystemFont_SetLoadBattleFontEPN4gfl24heap11CtrHeapBaseE,print::SystemFont_SetLoadBattleFont(gfl2::heap::CtrHeapBase*),0,2885816,.text,FUNCTION,RETAIL_ORIGINAL_SYMBOL
|static|,static.crs,named,2106,_ZN5print30SystemFont_SetLytSystemNumFontEv,print::SystemFont_SetLytSystemNumFont(),0,2885828,.text,FUNCTION,RETAIL_ORIGINAL_SYMBOL
|static|,static.crs,named,2107,_ZN5print31SystemFont_ResetDefaultFontInfoEv,print::SystemFont_ResetDefaultFontInfo(),0,2885864,.text,FUNCTION,RETAIL_ORIGINAL_SYMBOL
|static|,static.crs,named,2108,_ZN5print33SystemFont_SetLytSystemBattleFontEv,print::SystemFont_SetLytSystemBattleFont(),0,2885896,.text,FUNCTION,RETAIL_ORIGINAL_SYMBOL
|static|,static.crs,named,2109,_ZN5print7WordSet12RegisterWordEjPN4gfl23str7MsgDataEjNS0_4FormE,"print::WordSet::RegisterWord(unsigned int, gfl2::str::MsgData*, unsigned int, print::WordSet::Form)",0,2887608,.text,FUNCTION,RETAIL_ORIGINAL_SYMBOL
|static|,static.crs,named,2110,_ZN5print7WordSet12RegisterWordEjRKN4gfl23str6StrBufENS0_7GrammerENS0_4FormE,"print::WordSet::RegisterWord(unsigned int, gfl2::str::StrBuf const&, print::WordSet::Grammer, print::WordSet::Form)",0,2887712,.text,FUNCTION,RETAIL_ORIGINAL_SYMBOL
|static|,static.crs,named,2111,_ZN5print7WordSet12RegisterWordEjRKN4gfl23str6StrBufENS_20GrammaticalAttributeENS0_4FormE,"print::WordSet::RegisterWord(unsigned int, gfl2::str::StrBuf const&, print::GrammaticalAttribute, print::WordSet::Form)",0,2887776,.text,FUNCTION,RETAIL_ORIGINAL_SYMBOL
|static|,static.crs,named,2112,_ZN5print7WordSet14ClearAllBufferEv,print::WordSet::ClearAllBuffer(),0,2888596,.text,FUNCTION,RETAIL_ORIGINAL_SYMBOL
|static|,static.crs,named,2113,_ZN5print7WordSet14RegisterNumberEjijNS_14NumberDispTypeENS_14NumberCodeTypeE,"print::WordSet::RegisterNumber(unsigned int, int, unsigned int, print::NumberDispType, print::NumberCodeType)",0,2888688,.text,FUNCTION,RETAIL_ORIGINAL_SYMBOL
|static|,static.crs,named,2114,_ZN3app4util7G2DUtil19SetRegisterItemNameEjjj,"app::util::G2DUtil::SetRegisterItemName(unsigned int, unsigned int, unsigned int)",0,2888804,.text,FUNCTION,RETAIL_ORIGINAL_SYMBOL
|static|,static.crs,named,2115,_ZN5print7WordSet16RegisterItemNameEjjj,"print::WordSet::RegisterItemName(unsigned int, unsigned int, unsigned int)",0,2888812,.text,FUNCTION,RETAIL_ORIGINAL_SYMBOL
|static|,static.crs,named,2116,_ZN3app4util7G2DUtil19SetRegisterWazaNameEjj,"app::util::G2DUtil::SetRegisterWazaName(unsigned int, unsigned int)",0,2889008,.text,FUNCTION,RETAIL_ORIGINAL_SYMBOL
|static|,static.crs,named,2117,_ZN5print7WordSet16RegisterWazaNameEjj,"print::WordSet::RegisterWazaName(unsigned int, unsigned int)",0,2889016,.text,FUNCTION,RETAIL_ORIGINAL_SYMBOL
|static|,static.crs,named,2118,_ZN5print7WordSet16SetWordSetLoaderEP13WordSetLoader,print::WordSet::SetWordSetLoader(WordSetLoader*),0,2889172,.text,FUNCTION,RETAIL_ORIGINAL_SYMBOL
|static|,static.crs,named,2119,_ZN5print7WordSet17RegisterPlaceNameEjj,"print::WordSet::RegisterPlaceName(unsigned int, unsigned int)",0,2889180,.text,FUNCTION,RETAIL_ORIGINAL_SYMBOL
|static|,static.crs,named,2120,_ZN3app4util7G2DUtil21SetRegisterPlayerNameEjPKN8Savedata8MyStatusE,"app::util::G2DUtil::SetRegisterPlayerName(unsigned int, Savedata::MyStatus const*)",0,2889308,.text,FUNCTION,RETAIL_ORIGINAL_SYMBOL
|static|,static.crs,named,2121,_ZN5print7WordSet18RegisterPlayerNameEjPKN8Savedata8MyStatusE,"print::WordSet::RegisterPlayerName(unsigned int, Savedata::MyStatus const*)",0,2889316,.text,FUNCTION,RETAIL_ORIGINAL_SYMBOL
|static|,static.crs,named,2122,_ZN5print7WordSet18RegisterRibbonNameEjj,"print::WordSet::RegisterRibbonName(unsigned int, unsigned int)",0,2889444,.text,FUNCTION,RETAIL_ORIGINAL_SYMBOL
|static|,static.crs,named,2123,_ZN5print7WordSet18RegisterTrTypeNameEjt,"print::WordSet::RegisterTrTypeName(unsigned int, unsigned short)",0,2889600,.text,FUNCTION,RETAIL_ORIGINAL_SYMBOL
|static|,static.crs,named,2124,_ZN5print7WordSet19RegisterPokeOyaNameEjPKN3pml8pokepara9CoreParamE,"print::WordSet::RegisterPokeOyaName(unsigned int, pml::pokepara::CoreParam const*)",0,2889756,.text,FUNCTION,RETAIL_ORIGINAL_SYMBOL
|static|,static.crs,named,2125,_ZN3app4util7G2DUtil22SetRegisterSeikakuNameEjj,"app::util::G2DUtil::SetRegisterSeikakuName(unsigned int, unsigned int)",0,2889864,.text,FUNCTION,RETAIL_ORIGINAL_SYMBOL
|static|,static.crs,named,2126,_ZN5print7WordSet19RegisterSeikakuNameEjj,"print::WordSet::RegisterSeikakuName(unsigned int, unsigned int)",0,2889872,.text,FUNCTION,RETAIL_ORIGINAL_SYMBOL
|static|,static.crs,named,2127,_ZN3app4util7G2DUtil22SetRegisterTokuseiNameEjj,"app::util::G2DUtil::SetRegisterTokuseiName(unsigned int, unsigned int)",0,2890028,.text,FUNCTION,RETAIL_ORIGINAL_SYMBOL
|static|,static.crs,named,2128,_ZN5print7WordSet19RegisterTokuseiNameEjj,"print::WordSet::RegisterTokuseiName(unsigned int, unsigned int)",0,2890036,.text,FUNCTION,RETAIL_ORIGINAL_SYMBOL
|static|,static.crs,named,2129,_ZN5print7WordSet19RegisterTrainerNameEjj,"print::WordSet::RegisterTrainerName(unsigned int, unsigned int)",0,2890192,.text,FUNCTION,RETAIL_ORIGINAL_SYMBOL
|static|,static.crs,named,2130,_ZN3app4util7G2DUtil19SetRegisterMonsNameEjPKN3pml8pokepara9CoreParamE,"app::util::G2DUtil::SetRegisterMonsName(unsigned int, pml::pokepara::CoreParam const*)",0,2890348,.text,FUNCTION,RETAIL_ORIGINAL_SYMBOL
|static|,static.crs,named,2131,_ZN5print7WordSet20RegisterPokeMonsNameEjPKN3pml8pokepara9CoreParamE,"print::WordSet::RegisterPokeMonsName(unsigned int, pml::pokepara::CoreParam const*)",0,2890356,.text,FUNCTION,RETAIL_ORIGINAL_SYMBOL
|static|,static.crs,named,2132,_ZN3app4util7G2DUtil23SetRegisterPokeNickNameEjPKN3pml8pokepara9CoreParamE,"app::util::G2DUtil::SetRegisterPokeNickName(unsigned int, pml::pokepara::CoreParam const*)",0,2890448,.text,FUNCTION,RETAIL_ORIGINAL_SYMBOL
|static|,static.crs,named,2133,_ZN5print7WordSet20RegisterPokeNickNameEjPKN3pml8pokepara9CoreParamE,"print::WordSet::RegisterPokeNickName(unsigned int, pml::pokepara::CoreParam const*)",0,2890456,.text,FUNCTION,RETAIL_ORIGINAL_SYMBOL
|static|,static.crs,named,2134,_ZN5print7WordSet20RegisterPokeTypeNameEjj,"print::WordSet::RegisterPokeTypeName(unsigned int, unsigned int)",0,2890600,.text,FUNCTION,RETAIL_ORIGINAL_SYMBOL
|static|,static.crs,named,2135,_ZN5print7WordSet22RegisterAttractionNameEjj,"print::WordSet::RegisterAttractionName(unsigned int, unsigned int)",0,2890912,.text,FUNCTION,RETAIL_ORIGINAL_SYMBOL
|static|,static.crs,named,2136,_ZN3app4util7G2DUtil21SetRegisterMonsNameNoEj6MonsNo,"app::util::G2DUtil::SetRegisterMonsNameNo(unsigned int, MonsNo)",0,2891068,.text,FUNCTION,RETAIL_ORIGINAL_SYMBOL
|static|,static.crs,named,2137,_ZN5print7WordSet22RegisterPokeMonsNameNoEj6MonsNo,"print::WordSet::RegisterPokeMonsNameNo(unsigned int, MonsNo)",0,2891076,.text,FUNCTION,RETAIL_ORIGINAL_SYMBOL
|static|,static.crs,named,2138,_ZN5print7WordSet23RegisterFieldPocketNameEjt,"print::WordSet::RegisterFieldPocketName(unsigned int, unsigned short)",0,2891164,.text,FUNCTION,RETAIL_ORIGINAL_SYMBOL
|static|,static.crs,named,2139,_ZN5print7WordSet23RegisterKisekaeItemNameEjjj,"print::WordSet::RegisterKisekaeItemName(unsigned int, unsigned int, unsigned int)",0,2891360,.text,FUNCTION,RETAIL_ORIGINAL_SYMBOL
|static|,static.crs,named,2140,_ZN3app4util7G2DUtil26SetRegisterMonsNameMsgDataEjPN4gfl23str7MsgDataEj,"app::util::G2DUtil::SetRegisterMonsNameMsgData(unsigned int, gfl2::str::MsgData*, unsigned int)",0,2891528,.text,FUNCTION,RETAIL_ORIGINAL_SYMBOL
|static|,static.crs,named,2141,_ZN5print7WordSet27RegisterPokeMonsNameMsgDataEjPN4gfl23str7MsgDataEj,"print::WordSet::RegisterPokeMonsNameMsgData(unsigned int, gfl2::str::MsgData*, unsigned int)",0,2891536,.text,FUNCTION,RETAIL_ORIGINAL_SYMBOL
|static|,static.crs,named,2142,_ZN3app4util7G2DUtil27SetRegisterMonsNameOrTamagoEjPKN3pml8pokepara9CoreParamE,"app::util::G2DUtil::SetRegisterMonsNameOrTamago(unsigned int, pml::pokepara::CoreParam const*)",0,2891624,.text,FUNCTION,RETAIL_ORIGINAL_SYMBOL
|static|,static.crs,named,2143,_ZN5print7WordSet28RegisterPokeMonsNameOrTamagoEjPKN3pml8pokepara9CoreParamE,"print::WordSet::RegisterPokeMonsNameOrTamago(unsigned int, pml::pokepara::CoreParam const*)",0,2891632,.text,FUNCTION,RETAIL_ORIGINAL_SYMBOL
|static|,static.crs,named,2144,_ZN10BattleInst10BattleInst54WordSetBinstTrainerTypeNameAndTrainerNameFromTrainerNoEtttt,"BattleInst::BattleInst::WordSetBinstTrainerTypeNameAndTrainerNameFromTrainerNo(unsigned short, unsigned short, unsigned short, unsigned short)",0,2891760,.text,FUNCTION,RETAIL_ORIGINAL_SYMBOL
|static|,static.crs,named,2145,_ZN5print7WordSet32RegisterTrTypeNameAndTrainerNameEjjj,"print::WordSet::RegisterTrTypeNameAndTrainerName(unsigned int, unsigned int, unsigned int)",0,2891904,.text,FUNCTION,RETAIL_ORIGINAL_SYMBOL
|static|,static.crs,named,2146,_ZN3app4util7G2DUtil15GetStringExpandEPN4gfl23str6StrBufEj,"app::util::G2DUtil::GetStringExpand(gfl2::str::StrBuf*, unsigned int)",0,2892572,.text,FUNCTION,RETAIL_ORIGINAL_SYMBOL
|static|,static.crs,named,2147,_ZN5print7WordSet6ExpandEPN4gfl23str6StrBufEPKS3_,"print::WordSet::Expand(gfl2::str::StrBuf*, gfl2::str::StrBuf const*)",0,2892620,.text,FUNCTION,RETAIL_ORIGINAL_SYMBOL
|static|,static.crs,named,2148,_ZN5print7WordSetC1EPN4gfl24heap11CtrHeapBaseE,print::WordSet::WordSet(gfl2::heap::CtrHeapBase*),0,2892688,.text,FUNCTION,RETAIL_ORIGINAL_SYMBOL
|static|,static.crs,named,2149,_ZN5print7WordSetC1EjjPN4gfl24heap11CtrHeapBaseE,"print::WordSet::WordSet(unsigned int, unsigned int, gfl2::heap::CtrHeapBase*)",0,2892744,.text,FUNCTION,RETAIL_ORIGINAL_SYMBOL
|static|,static.crs,named,2150,_ZN5print7WordSetD1Ev,print::WordSet::~WordSet(),0,2892788,.text,FUNCTION,RETAIL_ORIGINAL_SYMBOL
|static|,static.crs,named,2151,_ZN6AppLib4Tool15PokeCapAccesser15GetArcFileIndexEPN3pml8pokepara9CoreParamE,AppLib::Tool::PokeCapAccesser::GetArcFileIndex(pml::pokepara::CoreParam*),0,2900148,.text,FUNCTION,RETAIL_ORIGINAL_SYMBOL
|static|,static.crs,named,2152,_ZN6AppLib4Tool15PokeCapAccesser18OpenPokemonCaptureEv,AppLib::Tool::PokeCapAccesser::OpenPokemonCapture(),0,2900640,.text,FUNCTION,RETAIL_ORIGINAL_SYMBOL
|static|,static.crs,named,2153,_ZN6AppLib4Tool15PokeCapAccesser18PokemonCaptureReadEiPPv,"AppLib::Tool::PokeCapAccesser::PokemonCaptureRead(int, void**)",0,2900744,.text,FUNCTION,RETAIL_ORIGINAL_SYMBOL
|static|,static.crs,named,2154,_ZN6AppLib4Tool15PokeCapAccesser19ClosePokemonCaptureEv,AppLib::Tool::PokeCapAccesser::ClosePokemonCapture(),0,2900884,.text,FUNCTION,RETAIL_ORIGINAL_SYMBOL
|static|,static.crs,named,2155,_ZN6AppLib4Tool15PokeCapAccesserC1EPN3app4util4HeapEPN4gfl22fs16AsyncFileManagerE,"AppLib::Tool::PokeCapAccesser::PokeCapAccesser(app::util::Heap*, gfl2::fs::AsyncFileManager*)",0,2900964,.text,FUNCTION,RETAIL_ORIGINAL_SYMBOL
|static|,static.crs,named,2156,_ZN6NetApp11BattleVideo24BattleVideoRequestClient37UploadBattleVideoRequestForBattleSpotERNS1_27UPLOAD_REQUEST_PARAM_FOR_BSE,NetApp::BattleVideo::BattleVideoRequestClient::UploadBattleVideoRequestForBattleSpot(NetApp::BattleVideo::BattleVideoRequestClient::UPLOAD_REQUEST_PARAM_FOR_BS&),0,2920512,.text,FUNCTION,RETAIL_ORIGINAL_SYMBOL
|static|,static.crs,named,2157,_ZN6NetApp11BattleVideo24BattleVideoRequestClientC1EPNS0_27BattleVideoResponseListenerEPN4gfl24heap11CtrHeapBaseE,"NetApp::BattleVideo::BattleVideoRequestClient::BattleVideoRequestClient(NetApp::BattleVideo::BattleVideoResponseListener*, gfl2::heap::CtrHeapBase*)",0,2920744,.text,FUNCTION,RETAIL_ORIGINAL_SYMBOL
|static|,static.crs,named,2158,_ZN6NetApp2QR11QRDiaryFuncENS0_11QR_TYPE_APPE,NetApp::QR::QRDiaryFunc(NetApp::QR::QR_TYPE_APP),0,2936700,.text,FUNCTION,RETAIL_ORIGINAL_SYMBOL
|static|,static.crs,named,2159,_ZN6NetApp2QR11QRDiaryFuncENS0_16QR_TYPE_LIVE_CUPE,NetApp::QR::QRDiaryFunc(NetApp::QR::QR_TYPE_LIVE_CUP),0,2936820,.text,FUNCTION,RETAIL_ORIGINAL_SYMBOL
|static|,static.crs,named,2160,_ZN6NetApp2QR11QRDiaryFuncENS0_18QR_TYPE_FRIEND_CUPE,NetApp::QR::QRDiaryFunc(NetApp::QR::QR_TYPE_FRIEND_CUP),0,2936856,.text,FUNCTION,RETAIL_ORIGINAL_SYMBOL
|static|,static.crs,named,2161,_ZN6NetApp2QR11QRDiaryFuncENS0_19QR_TYPE_BATTLE_TEAME,NetApp::QR::QRDiaryFunc(NetApp::QR::QR_TYPE_BATTLE_TEAM),0,2936888,.text,FUNCTION,RETAIL_ORIGINAL_SYMBOL
|static|,static.crs,named,2162,_ZN6NetApp2QR12QRRecordFuncENS0_11QR_TYPE_APPE,NetApp::QR::QRRecordFunc(NetApp::QR::QR_TYPE_APP),0,2936936,.text,FUNCTION,RETAIL_ORIGINAL_SYMBOL
|static|,static.crs,named,2163,_ZN6NetApp2QR14GetQRScanCountEv,NetApp::QR::GetQRScanCount(),0,2937044,.text,FUNCTION,RETAIL_ORIGINAL_SYMBOL
|static|,static.crs,named,2164,_ZN6NetApp2QR19FieldScanRecordFuncEv,NetApp::QR::FieldScanRecordFunc(),0,2937064,.text,FUNCTION,RETAIL_ORIGINAL_SYMBOL
|static|,static.crs,named,2165,_ZN6NetApp2QR9QRUtility16SetUpZukanQRDataEPN4gfl24heap11CtrHeapBaseEPNS0_8QR_ZUKANE,"NetApp::QR::QRUtility::SetUpZukanQRData(gfl2::heap::CtrHeapBase*, NetApp::QR::QR_ZUKAN*)",0,2938360,.text,FUNCTION,RETAIL_ORIGINAL_SYMBOL
|static|,static.crs,named,2166,_ZN6NetApp2QR9QRUtility21AnalyzeQRBinaryForAppEPN4gfl24heap11CtrHeapBaseEPKvjPN3pml8pokepara9CoreParamERb,"NetApp::QR::QRUtility::AnalyzeQRBinaryForApp(gfl2::heap::CtrHeapBase*, void const*, unsigned int, pml::pokepara::CoreParam*, bool&)",0,2939044,.text,FUNCTION,RETAIL_ORIGINAL_SYMBOL
|static|,static.crs,named,2167,_ZN6NetApp2QR9QRUtility25AnalyzeQRBinaryForLiveCupEPN4gfl24heap11CtrHeapBaseEPKvjP10Regulation,"NetApp::QR::QRUtility::AnalyzeQRBinaryForLiveCup(gfl2::heap::CtrHeapBase*, void const*, unsigned int, Regulation*)",0,2940248,.text,FUNCTION,RETAIL_ORIGINAL_SYMBOL
|static|,static.crs,named,2168,_ZN6NetApp2QR9QRUtility27AnalyzeQRBinaryForFriendCupEPN4gfl24heap11CtrHeapBaseEPKvjP10Regulation,"NetApp::QR::QRUtility::AnalyzeQRBinaryForFriendCup(gfl2::heap::CtrHeapBase*, void const*, unsigned int, Regulation*)",0,2940560,.text,FUNCTION,RETAIL_ORIGINAL_SYMBOL
|static|,static.crs,named,2169,_ZN6NetApp2QR9QRUtility28AnalyzeQRBinaryForBattleTeamEPN4gfl24heap11CtrHeapBaseEPKvjPN3pml9PokePartyE,"NetApp::QR::QRUtility::AnalyzeQRBinaryForBattleTeam(gfl2::heap::CtrHeapBase*, void const*, unsigned int, pml::PokeParty*)",0,2940936,.text,FUNCTION,RETAIL_ORIGINAL_SYMBOL
|static|,static.crs,named,2170,_ZN6NetApp3NBR6NBRNet12SendContinueENS0_12NBRNetDefine15ContinueCommandE,NetApp::NBR::NBRNet::SendContinue(NetApp::NBR::NBRNetDefine::ContinueCommand),0,2943888,.text,FUNCTION,RETAIL_ORIGINAL_SYMBOL
|static|,static.crs,named,2171,_ZN6NetApp3NBR6NBRNet12SendPriorityEPKh,NetApp::NBR::NBRNet::SendPriority(unsigned char const*),0,2943936,.text,FUNCTION,RETAIL_ORIGINAL_SYMBOL
|static|,static.crs,named,2172,_ZN6NetApp3NBR6NBRNet13SendRuleOtherEv,NetApp::NBR::NBRNet::SendRuleOther(),0,2943988,.text,FUNCTION,RETAIL_ORIGINAL_SYMBOL
|static|,static.crs,named,2173,_ZN6NetApp3NBR6NBRNet14SendRegulationEN10Regulation6PRESETE,NetApp::NBR::NBRNet::SendRegulation(Regulation::PRESET),0,2944648,.text,FUNCTION,RETAIL_ORIGINAL_SYMBOL
|static|,static.crs,named,2174,_ZN6NetApp3NBR6NBRNet14SendRegulationER10RegulationPKvj,"NetApp::NBR::NBRNet::SendRegulation(Regulation&, void const*, unsigned int)",0,2944708,.text,FUNCTION,RETAIL_ORIGINAL_SYMBOL
|static|,static.crs,named,2175,_ZN6NetApp3NBR6NBRNet15SendBattleStartEjb,"NetApp::NBR::NBRNet::SendBattleStart(unsigned int, bool)",0,2944828,.text,FUNCTION,RETAIL_ORIGINAL_SYMBOL
|static|,static.crs,named,2176,_ZN6NetApp3NBR6NBRNet15SendMultiDecideEPKh,NetApp::NBR::NBRNet::SendMultiDecide(unsigned char const*),0,2944884,.text,FUNCTION,RETAIL_ORIGINAL_SYMBOL
|static|,static.crs,named,2177,_ZN6NetApp3NBR6NBRNet15SendMultiSelectEih,"NetApp::NBR::NBRNet::SendMultiSelect(int, unsigned char)",0,2944948,.text,FUNCTION,RETAIL_ORIGINAL_SYMBOL
|static|,static.crs,named,2178,_ZN6NetApp3NBR6NBRNet16GetConnectionNumEv,NetApp::NBR::NBRNet::GetConnectionNum(),0,2945012,.text,FUNCTION,RETAIL_ORIGINAL_SYMBOL
|static|,static.crs,named,2179,_ZN6NetApp3NBR6NBRNet16SendPokePartyRetEPKNS0_12NBRNetDefine19PokePartyRetCommandE,NetApp::NBR::NBRNet::SendPokePartyRet(NetApp::NBR::NBRNetDefine::PokePartyRetCommand const*),0,2945260,.text,FUNCTION,RETAIL_ORIGINAL_SYMBOL
|static|,static.crs,named,2180,_ZN6NetApp3NBR6NBRNet16SendRuleSelectorENS0_12NBRNetDefine19RuleSelectorCommandE,NetApp::NBR::NBRNet::SendRuleSelector(NetApp::NBR::NBRNetDefine::RuleSelectorCommand),0,2945336,.text,FUNCTION,RETAIL_ORIGINAL_SYMBOL
|static|,static.crs,named,2181,_ZN6NetApp3NBR6NBRNet17SendRegulationRetENS0_12NBRNetDefine20RegulationRetCommandE,NetApp::NBR::NBRNet::SendRegulationRet(NetApp::NBR::NBRNetDefine::RegulationRetCommand),0,2945384,.text,FUNCTION,RETAIL_ORIGINAL_SYMBOL
|static|,static.crs,named,2182,_ZN6NetApp3NBR6NBRNet18RegistRecvListenerEPNS0_18NBRNetRecvListenerE,NetApp::NBR::NBRNet::RegistRecvListener(NetApp::NBR::NBRNetRecvListener*),0,2945432,.text,FUNCTION,RETAIL_ORIGINAL_SYMBOL
|static|,static.crs,named,2183,_ZN6NetApp3NBR6NBRNet19ClearRecvPoolBufferEv,NetApp::NBR::NBRNet::ClearRecvPoolBuffer(),0,2945440,.text,FUNCTION,RETAIL_ORIGINAL_SYMBOL
|static|,static.crs,named,2184,_ZN6NetApp3NBR6NBRNet19SendCantParticipateEv,NetApp::NBR::NBRNet::SendCantParticipate(),0,2945556,.text,FUNCTION,RETAIL_ORIGINAL_SYMBOL
|static|,static.crs,named,2185,_ZN6NetApp3NBR6NBRNet19SendRegulationReadyEb,NetApp::NBR::NBRNet::SendRegulationReady(bool),0,2945612,.text,FUNCTION,RETAIL_ORIGINAL_SYMBOL
|static|,static.crs,named,2186,_ZN6NetApp3NBR6NBRNet20SendRuleSelectorIsMeEv,NetApp::NBR::NBRNet::SendRuleSelectorIsMe(),0,2945672,.text,FUNCTION,RETAIL_ORIGINAL_SYMBOL
|static|,static.crs,named,2187,_ZN6NetApp3NBR6NBRNet20UnregistRecvListenerEv,NetApp::NBR::NBRNet::UnregistRecvListener(),0,2945728,.text,FUNCTION,RETAIL_ORIGINAL_SYMBOL
|static|,static.crs,named,2188,_ZN6NetApp3NBR6NBRNet26AddRecvPacketEnableCommandEh,NetApp::NBR::NBRNet::AddRecvPacketEnableCommand(unsigned char),0,2945972,.text,FUNCTION,RETAIL_ORIGINAL_SYMBOL
|static|,static.crs,named,2189,_ZN6NetApp3NBR6NBRNet6UpdateEv,NetApp::NBR::NBRNet::Update(),0,2946036,.text,FUNCTION,RETAIL_ORIGINAL_SYMBOL
|static|,static.crs,named,2190,_ZN6NetApp3NBR6NBRNet7SendEndEv,NetApp::NBR::NBRNet::SendEnd(),0,2946092,.text,FUNCTION,RETAIL_ORIGINAL_SYMBOL
|static|,static.crs,named,2191,_ZN6NetApp4Live7LiveNet10DisconnectEv,NetApp::Live::LiveNet::Disconnect(),0,2946696,.text,FUNCTION,RETAIL_ORIGINAL_SYMBOL
|static|,static.crs,named,2192,_ZN6NetApp4Live7LiveNet11IsConnectedEv,NetApp::Live::LiveNet::IsConnected(),0,2946812,.text,FUNCTION,RETAIL_ORIGINAL_SYMBOL
|static|,static.crs,named,2193,_ZN6NetApp4Live7LiveNet14IsDisconnectedEv,NetApp::Live::LiveNet::IsDisconnected(),0,2946832,.text,FUNCTION,RETAIL_ORIGINAL_SYMBOL
|static|,static.crs,named,2194,_ZN6NetApp4Live7LiveNet18ExchangeBattleInfoEv,NetApp::Live::LiveNet::ExchangeBattleInfo(),0,2946956,.text,FUNCTION,RETAIL_ORIGINAL_SYMBOL
|static|,static.crs,named,2195,_ZN6NetApp4Live7LiveNet18ExchangeRegulationEPK10Regulation,NetApp::Live::LiveNet::ExchangeRegulation(Regulation const*),0,2947204,.text,FUNCTION,RETAIL_ORIGINAL_SYMBOL
|static|,static.crs,named,2196,_ZN6NetApp4Live7LiveNet7ConnectEv,NetApp::Live::LiveNet::Connect(),0,2948204,.text,FUNCTION,RETAIL_ORIGINAL_SYMBOL
|static|,static.crs,named,2197,_ZN6NetApp4Util14ConvertUtility8StrToU64EPN4gfl23str6StrBufE,NetApp::Util::ConvertUtility::StrToU64(gfl2::str::StrBuf*),0,2948468,.text,FUNCTION,RETAIL_ORIGINAL_SYMBOL
|static|,static.crs,named,2198,_ZN6NetApp4Util14ConvertUtility8U64ToStrEyPN4gfl23str6StrBufEb,"NetApp::Util::ConvertUtility::U64ToStr(unsigned long long, gfl2::str::StrBuf*, bool)",0,2948944,.text,FUNCTION,RETAIL_ORIGINAL_SYMBOL
|static|,static.crs,named,2199,_ZN6NetApp9Evolution9APP_PARAM14IsAlolaSpeciesERKN3pml8pokepara9CoreParamE,NetApp::Evolution::APP_PARAM::IsAlolaSpecies(pml::pokepara::CoreParam const&),0,2949344,.text,FUNCTION,RETAIL_ORIGINAL_SYMBOL
|static|,static.crs,named,2200,_ZN6NetApp9Evolution9APP_PARAM8DoEvolveEPN4gfl24heap11CtrHeapBaseE,NetApp::Evolution::APP_PARAM::DoEvolve(gfl2::heap::CtrHeapBase*),0,2949396,.text,FUNCTION,RETAIL_ORIGINAL_SYMBOL
|static|,static.crs,named,2201,_ZN6NetApp9Evolution9APP_PARAM8NextWazaEv,NetApp::Evolution::APP_PARAM::NextWaza(),0,2949684,.text,FUNCTION,RETAIL_ORIGINAL_SYMBOL
|static|,static.crs,named,2202,_ZN6NetLib10Validation17PokemonValidation10InitializeEPN4gfl24heap11CtrHeapBaseES5_PKcNS1_8GameModeE,"NetLib::Validation::PokemonValidation::Initialize(gfl2::heap::CtrHeapBase*, gfl2::heap::CtrHeapBase*, char const*, NetLib::Validation::PokemonValidation::GameMode)",0,2949852,.text,FUNCTION,RETAIL_ORIGINAL_SYMBOL
|static|,static.crs,named,2203,_ZN6NetLib10Validation17PokemonValidation10SetPokemonEjPN6NetApp3GTS12GtsIndexDataEPNS3_24GtsSerializePokemonParamE,"NetLib::Validation::PokemonValidation::SetPokemon(unsigned int, NetApp::GTS::GtsIndexData*, NetApp::GTS::GtsSerializePokemonParam*)",0,2950104,.text,FUNCTION,RETAIL_ORIGINAL_SYMBOL
|static|,static.crs,named,2204,_ZN6NetLib10Validation17PokemonValidation15ReplaceMonsNameEPN3pml8pokepara9CoreParamE,NetLib::Validation::PokemonValidation::ReplaceMonsName(pml::pokepara::CoreParam*),0,2950276,.text,FUNCTION,RETAIL_ORIGINAL_SYMBOL
|static|,static.crs,named,2205,_ZN6NetLib10Validation17PokemonValidation15ReplaceMonsNameEPwh6MonsNo,"NetLib::Validation::PokemonValidation::ReplaceMonsName(wchar_t*, unsigned char, MonsNo)",0,2950620,.text,FUNCTION,RETAIL_ORIGINAL_SYMBOL
|static|,static.crs,named,2206,_ZN6NetLib10Validation17PokemonValidation16CancelConnectingEv,NetLib::Validation::PokemonValidation::CancelConnecting(),0,2950668,.text,FUNCTION,RETAIL_ORIGINAL_SYMBOL
|static|,static.crs,named,2207,_ZN6NetLib10Validation17PokemonValidation17CheckPokemonASyncEPN4gfl24heap11CtrHeapBaseEj,"NetLib::Validation::PokemonValidation::CheckPokemonASync(gfl2::heap::CtrHeapBase*, unsigned int)",0,2950696,.text,FUNCTION,RETAIL_ORIGINAL_SYMBOL
|static|,static.crs,named,2208,_ZN8Savedata8MyStatus11DeserializeEPKv,Savedata::MyStatus::Deserialize(void const*),0,2951368,.text,FUNCTION,RETAIL_ORIGINAL_SYMBOL
|static|,static.crs,named,2209,_ZN6NetLib10Validation17PokemonValidation17ReplacePlayerNameEPwhh,"NetLib::Validation::PokemonValidation::ReplacePlayerName(wchar_t*, unsigned char, unsigned char)",0,2951408,.text,FUNCTION,RETAIL_ORIGINAL_SYMBOL
|static|,static.crs,named,2210,_ZN6NetLib10Validation17PokemonValidation18CheckRsaValidationEjPKhj,"NetLib::Validation::PokemonValidation::CheckRsaValidation(unsigned int, unsigned char const*, unsigned int)",0,2951564,.text,FUNCTION,RETAIL_ORIGINAL_SYMBOL
|static|,static.crs,named,2211,_ZN6NetLib10Validation17PokemonValidation28SetPokemonValidationListenerEPNS0_25PokemonValidationListenerE,NetLib::Validation::PokemonValidation::SetPokemonValidationListener(NetLib::Validation::PokemonValidationListener*),0,2952324,.text,FUNCTION,RETAIL_ORIGINAL_SYMBOL
|static|,static.crs,named,2212,_ZN6NetLib10Validation17PokemonValidation8FinalizeEv,NetLib::Validation::PokemonValidation::Finalize(),0,2953080,.text,FUNCTION,RETAIL_ORIGINAL_SYMBOL
|static|,static.crs,named,2213,_ZN6NetLib10Validation17PokemonValidationC1Ev,NetLib::Validation::PokemonValidation::PokemonValidation(),0,2953524,.text,FUNCTION,RETAIL_ORIGINAL_SYMBOL
|static|,static.crs,named,2214,_ZN6NetLib17NijiNetworkSystem13SetRegulationEP10Regulation,NetLib::NijiNetworkSystem::SetRegulation(Regulation*),0,2955340,.text,FUNCTION,RETAIL_ORIGINAL_SYMBOL
|static|,static.crs,named,2215,_ZN6NetLib17NijiNetworkSystem14GetNetworkModeEv,NetLib::NijiNetworkSystem::GetNetworkMode(),0,2955424,.text,FUNCTION,RETAIL_ORIGINAL_SYMBOL
|static|,static.crs,named,2216,_ZN6NetLib17NijiNetworkSystem15SetTempBeaconIDEh,NetLib::NijiNetworkSystem::SetTempBeaconID(unsigned char),0,2955476,.text,FUNCTION,RETAIL_ORIGINAL_SYMBOL
|static|,static.crs,named,2217,_ZN6NetLib17NijiNetworkSystem16TerminateNetworkEv,NetLib::NijiNetworkSystem::TerminateNetwork(),0,2955640,.text,FUNCTION,RETAIL_ORIGINAL_SYMBOL
|static|,static.crs,named,2218,_ZN6NetLib17NijiNetworkSystem17StopLiveRecSenderEv,NetLib::NijiNetworkSystem::StopLiveRecSender(),0,2956412,.text,FUNCTION,RETAIL_ORIGINAL_SYMBOL
|static|,static.crs,named,2219,_ZN6NetLib17NijiNetworkSystem18GetOnlinePlayerNumEv,NetLib::NijiNetworkSystem::GetOnlinePlayerNum(),0,2957544,.text,FUNCTION,RETAIL_ORIGINAL_SYMBOL
|static|,static.crs,named,2220,_ZN6NetLib17NijiNetworkSystem18IsWLANSwitchEnableEv,NetLib::NijiNetworkSystem::IsWLANSwitchEnable(),0,2958792,.text,FUNCTION,RETAIL_ORIGINAL_SYMBOL
|static|,static.crs,named,2221,_ZN6NetLib17NijiNetworkSystem18ResetLiveRecSenderEv,NetLib::NijiNetworkSystem::ResetLiveRecSender(),0,2958796,.text,FUNCTION,RETAIL_ORIGINAL_SYMBOL
|static|,static.crs,named,2222,_ZN6NetLib17NijiNetworkSystem18SetupLiveRecSenderEjP18BATTLE_SETUP_PARAM,"NetLib::NijiNetworkSystem::SetupLiveRecSender(unsigned int, BATTLE_SETUP_PARAM*)",0,2958852,.text,FUNCTION,RETAIL_ORIGINAL_SYMBOL
|static|,static.crs,named,2223,_ZN6NetLib17NijiNetworkSystem19ReloadLiveRecSenderEv,NetLib::NijiNetworkSystem::ReloadLiveRecSender(),0,2959104,.text,FUNCTION,RETAIL_ORIGINAL_SYMBOL
|static|,static.crs,named,2224,_ZN6NetLib17NijiNetworkSystem19RestartBeaconSystemEv,NetLib::NijiNetworkSystem::RestartBeaconSystem(),0,2959152,.text,FUNCTION,RETAIL_ORIGINAL_SYMBOL
|static|,static.crs,named,2225,_ZN6NetLib17NijiNetworkSystem21InitializeWifiNetworkEv,NetLib::NijiNetworkSystem::InitializeWifiNetwork(),0,2959228,.text,FUNCTION,RETAIL_ORIGINAL_SYMBOL
|static|,static.crs,named,2226,_ZN6NetLib17NijiNetworkSystem25InitializeLocalP2PNetworkEv,NetLib::NijiNetworkSystem::InitializeLocalP2PNetwork(),0,2959584,.text,FUNCTION,RETAIL_ORIGINAL_SYMBOL
|static|,static.crs,named,2227,_ZN6NetLib3P2P11P2pSyncSave14UpdateSyncSaveEv,NetLib::P2P::P2pSyncSave::UpdateSyncSave(),0,2960592,.text,FUNCTION,RETAIL_ORIGINAL_SYMBOL
|static|,static.crs,named,2228,_ZN6NetLib3P2P11P2pSyncSaveC1EPNS1_5PARAMEb,"NetLib::P2P::P2pSyncSave::P2pSyncSave(NetLib::P2P::P2pSyncSave::PARAM*, bool)",0,2961424,.text,FUNCTION,RETAIL_ORIGINAL_SYMBOL
|static|,static.crs,named,2229,_ZN6NetLib3P2P11P2pSyncSaveD1Ev,NetLib::P2P::P2pSyncSave::~P2pSyncSave(),0,2961552,.text,FUNCTION,RETAIL_ORIGINAL_SYMBOL
|static|,static.crs,named,2230,_ZN6NetLib3P2P15NexRatingClient17ReportRatingStatsEv,NetLib::P2P::NexRatingClient::ReportRatingStats(),0,2964292,.text,FUNCTION,RETAIL_ORIGINAL_SYMBOL
|static|,static.crs,named,2231,_ZN6NetLib3P2P15NexRatingClient19SetReportStatusInfoENS1_14REPORT_SLOT_IDEjyjN2nn3nex16RatingStatsFlags16RatingStatsFlagsENS1_11REPORT_RATEEPKvj16BtlRecordResult2,"NetLib::P2P::NexRatingClient::SetReportStatusInfo(NetLib::P2P::NexRatingClient::REPORT_SLOT_ID, unsigned int, unsigned long long, unsigned int, nn::nex::RatingStatsFlags::RatingStatsFlags, NetLib::P2P::NexRatingClient::REPORT_RATE, void const*, unsigned int, BtlRecordResult2)",0,2965556,.text,FUNCTION,RETAIL_ORIGINAL_SYMBOL
|static|,static.crs,named,2232,_ZN6NetLib3P2P15NexRatingClient26RegistRatingClientListenerEPNS0_23NexRatingClientListenerE,NetLib::P2P::NexRatingClient::RegistRatingClientListener(NetLib::P2P::NexRatingClientListener*),0,2967444,.text,FUNCTION,RETAIL_ORIGINAL_SYMBOL
|static|,static.crs,named,2233,_ZN6NetLib3P2P15NexRatingClient28UnregistRatingClientListenerEPNS0_23NexRatingClientListenerE,NetLib::P2P::NexRatingClient::UnregistRatingClientListener(NetLib::P2P::NexRatingClientListener*),0,2967560,.text,FUNCTION,RETAIL_ORIGINAL_SYMBOL
|static|,static.crs,named,2234,_ZN6NetLib3P2P17P2pPacketTransfer15GetReceivedDataEjhRiPvj,"NetLib::P2P::P2pPacketTransfer::GetReceivedData(unsigned int, unsigned char, int&, void*, unsigned int)",0,2968276,.text,FUNCTION,RETAIL_ORIGINAL_SYMBOL
|static|,static.crs,named,2235,_ZN6NetLib3P2P17P2pPacketTransfer15SendDataCommandEPvjh,"NetLib::P2P::P2pPacketTransfer::SendDataCommand(void*, unsigned int, unsigned char)",0,2968968,.text,FUNCTION,RETAIL_ORIGINAL_SYMBOL
|static|,static.crs,named,2236,_ZN6NetLib3P2P17P2pPacketTransfer20GetReceivedDataCountEv,NetLib::P2P::P2pPacketTransfer::GetReceivedDataCount(),0,2969076,.text,FUNCTION,RETAIL_ORIGINAL_SYMBOL
|static|,static.crs,named,2237,_ZN6NetLib3P2P17P2pPacketTransfer6UpdateEv,NetLib::P2P::P2pPacketTransfer::Update(),0,2969084,.text,FUNCTION,RETAIL_ORIGINAL_SYMBOL
|static|,static.crs,named,2238,_ZN6NetLib3P2P17P2pPacketTransferC1EPN4gfl24heap11CtrHeapBaseEPNS0_25P2pPacketTransferListenerE,"NetLib::P2P::P2pPacketTransfer::P2pPacketTransfer(gfl2::heap::CtrHeapBase*, NetLib::P2P::P2pPacketTransferListener*)",0,2973116,.text,FUNCTION,RETAIL_ORIGINAL_SYMBOL
|static|,static.crs,named,2239,_ZN6NetLib3P2P20P2pConnectionManager10InitializeENS0_16ENUM_NIJI_P2P_IDE,NetLib::P2P::P2pConnectionManager::Initialize(NetLib::P2P::ENUM_NIJI_P2P_ID),0,2973468,.text,FUNCTION,RETAIL_ORIGINAL_SYMBOL
|static|,static.crs,named,2240,_ZN6NetLib3P2P20P2pConnectionManager11IsTimingEndEi,NetLib::P2P::P2pConnectionManager::IsTimingEnd(int),0,2974288,.text,FUNCTION,RETAIL_ORIGINAL_SYMBOL
|static|,static.crs,named,2241,_ZN6NetLib3P2P20P2pConnectionManager11TimingStartEib,"NetLib::P2P::P2pConnectionManager::TimingStart(int, bool)",0,2974336,.text,FUNCTION,RETAIL_ORIGINAL_SYMBOL
|static|,static.crs,named,2242,_ZN6NetLib3P2P20P2pConnectionManager12ConnectStartEN7gflnet23p2p12CONNECT_TYPEEy,"NetLib::P2P::P2pConnectionManager::ConnectStart(gflnet2::p2p::CONNECT_TYPE, unsigned long long)",0,2974388,.text,FUNCTION,RETAIL_ORIGINAL_SYMBOL
|static|,static.crs,named,2243,_ZN6NetApp3NBR6NBRNet13SendPokePartyEPKN3pml9PokePartyEPKv,"NetApp::NBR::NBRNet::SendPokeParty(pml::PokeParty const*, void const*)",0,2975360,.text,FUNCTION,RETAIL_ORIGINAL_SYMBOL
|static|,static.crs,named,2244,_ZN6NetLib3P2P20P2pConnectionManager15DisconnectStartEb,NetLib::P2P::P2pConnectionManager::DisconnectStart(bool),0,2975444,.text,FUNCTION,RETAIL_ORIGINAL_SYMBOL
|static|,static.crs,named,2245,_ZN6NetLib3P2P20P2pConnectionManager16ConnectStartWifiEN7gflnet23p2p12CONNECT_TYPEEPN2nw2ut8LinkListINS2_3nex18NexMatchMakingRuleELl20EEE,"NetLib::P2P::P2pConnectionManager::ConnectStartWifi(gflnet2::p2p::CONNECT_TYPE, nw::ut::LinkList<gflnet2::nex::NexMatchMakingRule, 20l>*)",0,2975632,.text,FUNCTION,RETAIL_ORIGINAL_SYMBOL
|static|,static.crs,named,2246,_ZN6NetLib3P2P20P2pConnectionManager16IsConnectSuccessEv,NetLib::P2P::P2pConnectionManager::IsConnectSuccess(),0,2975860,.text,FUNCTION,RETAIL_ORIGINAL_SYMBOL
|static|,static.crs,named,2247,_ZN6NetApp3NBR6NBRNet18IsRecvPokePartyEndEv,NetApp::NBR::NBRNet::IsRecvPokePartyEnd(),0,2976596,.text,FUNCTION,RETAIL_ORIGINAL_SYMBOL
|static|,static.crs,named,2248,_ZN6NetLib3P2P20P2pConnectionManager19IsDisconnectSuccessEv,NetLib::P2P::P2pConnectionManager::IsDisconnectSuccess(),0,2976676,.text,FUNCTION,RETAIL_ORIGINAL_SYMBOL
|static|,static.crs,named,2249,_ZN6NetApp3NBR6NBRNet19IsValidationCheckOkEi,NetApp::NBR::NBRNet::IsValidationCheckOk(int),0,2976704,.text,FUNCTION,RETAIL_ORIGINAL_SYMBOL
|static|,static.crs,named,2250,_ZN6NetLib3P2P20P2pConnectionManager23RegistMigrationListenerEPNS0_30P2pConnectionMigrationListenerE,NetLib::P2P::P2pConnectionManager::RegistMigrationListener(NetLib::P2P::P2pConnectionMigrationListener*),0,2977388,.text,FUNCTION,RETAIL_ORIGINAL_SYMBOL
|static|,static.crs,named,2251,_ZN6NetLib3P2P20P2pConnectionManager23SetLocalP2PMasterBeaconEPKvj,"NetLib::P2P::P2pConnectionManager::SetLocalP2PMasterBeacon(void const*, unsigned int)",0,2977396,.text,FUNCTION,RETAIL_ORIGINAL_SYMBOL
|static|,static.crs,named,2252,_ZN6NetLib3P2P20P2pConnectionManager25UnregistMigrationListenerEv,NetLib::P2P::P2pConnectionManager::UnregistMigrationListener(),0,2977484,.text,FUNCTION,RETAIL_ORIGINAL_SYMBOL
|static|,static.crs,named,2253,_ZN6NetLib3P2P20P2pConnectionManager26IsMatchmakingCreateSuccessEv,NetLib::P2P::P2pConnectionManager::IsMatchmakingCreateSuccess(),0,2977496,.text,FUNCTION,RETAIL_ORIGINAL_SYMBOL
|static|,static.crs,named,2254,_ZN6NetLib3P2P20P2pConnectionManager28SetupMigrationCallBackEnableEv,NetLib::P2P::P2pConnectionManager::SetupMigrationCallBackEnable(),0,2978008,.text,FUNCTION,RETAIL_ORIGINAL_SYMBOL
|static|,static.crs,named,2255,_ZN6NetLib3P2P20P2pConnectionManager9TerminateEv,NetLib::P2P::P2pConnectionManager::Terminate(),0,2978848,.text,FUNCTION,RETAIL_ORIGINAL_SYMBOL
|static|,static.crs,named,2256,_ZN6NetLib3Pgl12PGLConnector10InitializeEPN4gfl24heap11CtrHeapBaseEyPKcN2nn3cfg3CTR13CfgRegionCodeE,"NetLib::Pgl::PGLConnector::Initialize(gfl2::heap::CtrHeapBase*, unsigned long long, char const*, nn::cfg::CTR::CfgRegionCode)",0,2979632,.text,FUNCTION,RETAIL_ORIGINAL_SYMBOL
|static|,static.crs,named,2257,_ZN6NetLib3Pgl12PGLConnector14AuthSerialCodeERKN2nn3cfg3CTR15SimpleAddressIdEPKc,"NetLib::Pgl::PGLConnector::AuthSerialCode(nn::cfg::CTR::SimpleAddressId const&, char const*)",0,2981596,.text,FUNCTION,RETAIL_ORIGINAL_SYMBOL
|static|,static.crs,named,2258,_ZN6NetLib3Pgl12PGLConnector15UploadBattleBoxEPKcjj,"NetLib::Pgl::PGLConnector::UploadBattleBox(char const*, unsigned int, unsigned int)",0,2982172,.text,FUNCTION,RETAIL_ORIGINAL_SYMBOL
|static|,static.crs,named,2259,_ZN6NetLib3Pgl12PGLConnector16CancelConnectingEv,NetLib::Pgl::PGLConnector::CancelConnecting(),0,2982412,.text,FUNCTION,RETAIL_ORIGINAL_SYMBOL
|static|,static.crs,named,2260,_ZN6NetLib3Pgl12PGLConnector16UpdateSerialCodeERKN2nn3cfg3CTR15SimpleAddressIdEPKc,"NetLib::Pgl::PGLConnector::UpdateSerialCode(nn::cfg::CTR::SimpleAddressId const&, char const*)",0,2982484,.text,FUNCTION,RETAIL_ORIGINAL_SYMBOL
|static|,static.crs,named,2261,_ZN6NetLib3Pgl12PGLConnector17DownloadBattleBoxEyj,"NetLib::Pgl::PGLConnector::DownloadBattleBox(unsigned long long, unsigned int)",0,2982828,.text,FUNCTION,RETAIL_ORIGINAL_SYMBOL
|static|,static.crs,named,2262,_ZN6NetLib3Pgl12PGLConnector20GetWorldBattleStatusEj,NetLib::Pgl::PGLConnector::GetWorldBattleStatus(unsigned int),0,2983964,.text,FUNCTION,RETAIL_ORIGINAL_SYMBOL
|static|,static.crs,named,2263,_ZN6NetLib3Pgl12PGLConnector23SetPGLConnectorListenerEPNS0_20PGLConnectorListenerE,NetLib::Pgl::PGLConnector::SetPGLConnectorListener(NetLib::Pgl::PGLConnectorListener*),0,2985084,.text,FUNCTION,RETAIL_ORIGINAL_SYMBOL
|static|,static.crs,named,2264,_ZN6NetLib3Pgl12PGLConnector23UpdateWorldBattleStatusEhhj,"NetLib::Pgl::PGLConnector::UpdateWorldBattleStatus(unsigned char, unsigned char, unsigned int)",0,2985092,.text,FUNCTION,RETAIL_ORIGINAL_SYMBOL
|static|,static.crs,named,2265,_ZN6NetLib3Pgl12PGLConnector26RemovePGLConnectorListenerEv,NetLib::Pgl::PGLConnector::RemovePGLConnectorListener(),0,2985776,.text,FUNCTION,RETAIL_ORIGINAL_SYMBOL
|static|,static.crs,named,2266,_ZN6NetLib3Pgl12PGLConnector8FinalizeEv,NetLib::Pgl::PGLConnector::Finalize(),0,2985936,.text,FUNCTION,RETAIL_ORIGINAL_SYMBOL
|static|,static.crs,named,2267,_ZN6NetLib3Pgl12PGLConnectorC1Ev,NetLib::Pgl::PGLConnector::PGLConnector(),0,2987112,.text,FUNCTION,RETAIL_ORIGINAL_SYMBOL
|static|,static.crs,named,2268,_ZN6NetLib4Wifi17WifiConnectRunner6UpdateEv,NetLib::Wifi::WifiConnectRunner::Update(),0,2991968,.text,FUNCTION,RETAIL_ORIGINAL_SYMBOL
|static|,static.crs,named,2269,_ZN6NetLib4Wifi17WifiConnectRunner8FinalizeEv,NetLib::Wifi::WifiConnectRunner::Finalize(),0,2993048,.text,FUNCTION,RETAIL_ORIGINAL_SYMBOL
|static|,static.crs,named,2270,_ZN6NetLib4Wifi17WifiConnectRunnerC1ENS1_11E_EXEC_MODEEb,"NetLib::Wifi::WifiConnectRunner::WifiConnectRunner(NetLib::Wifi::WifiConnectRunner::E_EXEC_MODE, bool)",0,2993124,.text,FUNCTION,RETAIL_ORIGINAL_SYMBOL
|static|,static.crs,named,2271,_ZN6NetLib4Wifi19ForceDisconnectWifiEv,NetLib::Wifi::ForceDisconnectWifi(),0,2993508,.text,FUNCTION,RETAIL_ORIGINAL_SYMBOL
|static|,static.crs,named,2272,_ZN6NetLib5Error16NijiNetworkError11SetNotErrorEv,NetLib::Error::NijiNetworkError::SetNotError(),0,3007488,.text,FUNCTION,RETAIL_ORIGINAL_SYMBOL
|static|,static.crs,named,2273,_ZN6NetLib5Error16NijiNetworkError12SetResultNexERKN2nn3nex7qResultE,NetLib::Error::NijiNetworkError::SetResultNex(nn::nex::qResult const&),0,3007532,.text,FUNCTION,RETAIL_ORIGINAL_SYMBOL
|static|,static.crs,named,2274,_ZN6NetLib5Error16NijiNetworkError12SetResultPGLENS_3Pgl17PGL_COMMON_RESULTE,NetLib::Error::NijiNetworkError::SetResultPGL(NetLib::Pgl::PGL_COMMON_RESULT),0,3007584,.text,FUNCTION,RETAIL_ORIGINAL_SYMBOL
|static|,static.crs,named,2275,_ZN6NetLib5Error16NijiNetworkError15SetResultPGL5xxEj,NetLib::Error::NijiNetworkError::SetResultPGL5xx(unsigned int),0,3007940,.text,FUNCTION,RETAIL_ORIGINAL_SYMBOL
|static|,static.crs,named,2276,_ZN6NetLib5Error16NijiNetworkError15SetResultSerialENS_3Pgl17PGL_COMMON_RESULTE,NetLib::Error::NijiNetworkError::SetResultSerial(NetLib::Pgl::PGL_COMMON_RESULT),0,3008232,.text,FUNCTION,RETAIL_ORIGINAL_SYMBOL
|static|,static.crs,named,2277,_ZN6NetLib5Error16NijiNetworkError18SetResultBossErrorERKN2nn6ResultE,NetLib::Error::NijiNetworkError::SetResultBossError(nn::Result const&),0,3008548,.text,FUNCTION,RETAIL_ORIGINAL_SYMBOL
|static|,static.crs,named,2278,_ZN6NetLib5Error16NijiNetworkError18SetResultErrorCodeEj,NetLib::Error::NijiNetworkError::SetResultErrorCode(unsigned int),0,3008712,.text,FUNCTION,RETAIL_ORIGINAL_SYMBOL
|static|,static.crs,named,2279,_ZN6NetLib5Error16NijiNetworkError18SetResultSerial5xxEj,NetLib::Error::NijiNetworkError::SetResultSerial5xx(unsigned int),0,3008808,.text,FUNCTION,RETAIL_ORIGINAL_SYMBOL
|static|,static.crs,named,2280,_ZN6NetLib5Error16NijiNetworkError22SetResultBossTaskErrorEj,NetLib::Error::NijiNetworkError::SetResultBossTaskError(unsigned int),0,3009280,.text,FUNCTION,RETAIL_ORIGINAL_SYMBOL
|static|,static.crs,named,2281,_ZN6NetLib5Error16NijiNetworkError22SetResultValidation5xxEj,NetLib::Error::NijiNetworkError::SetResultValidation5xx(unsigned int),0,3009392,.text,FUNCTION,RETAIL_ORIGINAL_SYMBOL
|static|,static.crs,named,2282,_ZN6NetLib5Error16NijiNetworkError9SetResultENS1_15ENUM_ERROR_TYPEE,NetLib::Error::NijiNetworkError::SetResult(NetLib::Error::NijiNetworkError::ENUM_ERROR_TYPE),0,3009728,.text,FUNCTION,RETAIL_ORIGINAL_SYMBOL
|static|,static.crs,named,2283,_ZN6NetLib5Error16NijiNetworkErrorC1Ev,NetLib::Error::NijiNetworkError::NijiNetworkError(),0,3009932,.text,FUNCTION,RETAIL_ORIGINAL_SYMBOL
|static|,static.crs,named,2284,_ZN6NetLib5Error16NijiNetworkErrorD1Ev,NetLib::Error::NijiNetworkError::~NijiNetworkError(),0,3009976,.text,FUNCTION,RETAIL_ORIGINAL_SYMBOL
|static|,static.crs,named,2285,_ZN6NetLib5Error23NijiNetworkErrorManager14RegistListenerEPNS0_24NijiNetworkErrorListenerE,NetLib::Error::NijiNetworkErrorManager::RegistListener(NetLib::Error::NijiNetworkErrorListener*),0,3011416,.text,FUNCTION,RETAIL_ORIGINAL_SYMBOL
|static|,static.crs,named,2286,_ZN6NetLib5Error23NijiNetworkErrorManager15NotNotifySpanOnEv,NetLib::Error::NijiNetworkErrorManager::NotNotifySpanOn(),0,3011644,.text,FUNCTION,RETAIL_ORIGINAL_SYMBOL
|static|,static.crs,named,2287,_ZN6NetLib5Error23NijiNetworkErrorManager15SetNetworkErrorERNS0_16NijiNetworkErrorE,NetLib::Error::NijiNetworkErrorManager::SetNetworkError(NetLib::Error::NijiNetworkError&),0,3011688,.text,FUNCTION,RETAIL_ORIGINAL_SYMBOL
|static|,static.crs,named,2288,_ZN6NetLib5Error23NijiNetworkErrorManager16NotNotifySpanOffEv,NetLib::Error::NijiNetworkErrorManager::NotNotifySpanOff(),0,3011832,.text,FUNCTION,RETAIL_ORIGINAL_SYMBOL
|static|,static.crs,named,2289,_ZN6NetLib5Error23NijiNetworkErrorManager16UnregistListenerEv,NetLib::Error::NijiNetworkErrorManager::UnregistListener(),0,3011844,.text,FUNCTION,RETAIL_ORIGINAL_SYMBOL
|static|,static.crs,named,2290,_ZN6NetLib5Error23NijiNetworkErrorManager18SaveCriticalSpanOnEv,NetLib::Error::NijiNetworkErrorManager::SaveCriticalSpanOn(),0,3011908,.text,FUNCTION,RETAIL_ORIGINAL_SYMBOL
|static|,static.crs,named,2291,_ZN6NetLib5Error23NijiNetworkErrorManager19P2pDisconnectSpanOnEv,NetLib::Error::NijiNetworkErrorManager::P2pDisconnectSpanOn(),0,3011920,.text,FUNCTION,RETAIL_ORIGINAL_SYMBOL
|static|,static.crs,named,2292,_ZN6NetLib5Error23NijiNetworkErrorManager19SaveCriticalSpanOffEv,NetLib::Error::NijiNetworkErrorManager::SaveCriticalSpanOff(),0,3011932,.text,FUNCTION,RETAIL_ORIGINAL_SYMBOL
|static|,static.crs,named,2293,_ZN6NetLib5Error23NijiNetworkErrorManager20P2pDisconnectSpanOffEv,NetLib::Error::NijiNetworkErrorManager::P2pDisconnectSpanOff(),0,3011968,.text,FUNCTION,RETAIL_ORIGINAL_SYMBOL
|static|,static.crs,named,2294,_ZN6NetLib5Error23NijiNetworkErrorManager26CommonNetworkErrorHandlingEv,NetLib::Error::NijiNetworkErrorManager::CommonNetworkErrorHandling(),0,3011980,.text,FUNCTION,RETAIL_ORIGINAL_SYMBOL
|static|,static.crs,named,2295,_ZN6NetLib5Error23NijiNetworkErrorManager29RegistForceDisconnectListenerEPNS0_34NijiNetworkForceDisconnectListenerE,NetLib::Error::NijiNetworkErrorManager::RegistForceDisconnectListener(NetLib::Error::NijiNetworkForceDisconnectListener*),0,3012056,.text,FUNCTION,RETAIL_ORIGINAL_SYMBOL
|static|,static.crs,named,2296,_ZN6NetLib5Error23NijiNetworkErrorManager31UnregistForceDisconnectListenerEv,NetLib::Error::NijiNetworkErrorManager::UnregistForceDisconnectListener(),0,3012064,.text,FUNCTION,RETAIL_ORIGINAL_SYMBOL
|static|,static.crs,named,2297,_ZN6NetLib5Error23NijiNetworkErrorManager5ClearEv,NetLib::Error::NijiNetworkErrorManager::Clear(),0,3012076,.text,FUNCTION,RETAIL_ORIGINAL_SYMBOL
|static|,static.crs,named,2298,_ZN6NetLib5Error28NijiNetworkErrorDialogStatus25IsNetworkErrorDialogEventEv,NetLib::Error::NijiNetworkErrorDialogStatus::IsNetworkErrorDialogEvent(),0,3013048,.text,FUNCTION,RETAIL_ORIGINAL_SYMBOL
|static|,static.crs,named,2299,_ZN6NetLib5Error28NijiNetworkErrorDialogStatus28ResetNetworkErrorDialogEventEv,NetLib::Error::NijiNetworkErrorDialogStatus::ResetNetworkErrorDialogEvent(),0,3013304,.text,FUNCTION,RETAIL_ORIGINAL_SYMBOL
|static|,static.crs,named,2300,_ZN6NetLib8Delivery15DeliveryManager10InitializeEPKN7gflnet213InitParameterEPKNS2_18InitParameterFixedENS1_13DELIVERY_TYPEE,"NetLib::Delivery::DeliveryManager::Initialize(gflnet2::InitParameter const*, gflnet2::InitParameterFixed const*, NetLib::Delivery::DeliveryManager::DELIVERY_TYPE)",0,3015948,.text,FUNCTION,RETAIL_ORIGINAL_SYMBOL
|static|,static.crs,named,2301,_ZN6NetLib8Delivery15DeliveryManager13SetSerialCodeEj,NetLib::Delivery::DeliveryManager::SetSerialCode(unsigned int),0,3016076,.text,FUNCTION,RETAIL_ORIGINAL_SYMBOL
|static|,static.crs,named,2302,_ZN6NetLib8Delivery15DeliveryManager14ClearAttributeEi,NetLib::Delivery::DeliveryManager::ClearAttribute(int),0,3016084,.text,FUNCTION,RETAIL_ORIGINAL_SYMBOL
|static|,static.crs,named,2303,_ZN6NetLib8Delivery15DeliveryManager15PrepareFinalizeEv,NetLib::Delivery::DeliveryManager::PrepareFinalize(),0,3016156,.text,FUNCTION,RETAIL_ORIGINAL_SYMBOL
|static|,static.crs,named,2304,_ZN6NetLib8Delivery15DeliveryManager15SetRecvListenerEPNS0_20DeliveryRecvListenerE,NetLib::Delivery::DeliveryManager::SetRecvListener(NetLib::Delivery::DeliveryRecvListener*),0,3016288,.text,FUNCTION,RETAIL_ORIGINAL_SYMBOL
|static|,static.crs,named,2305,_ZN6NetLib8Delivery15DeliveryManager15SetSendListenerEPNS0_20DeliverySendListenerE,NetLib::Delivery::DeliveryManager::SetSendListener(NetLib::Delivery::DeliverySendListener*),0,3016296,.text,FUNCTION,RETAIL_ORIGINAL_SYMBOL
|static|,static.crs,named,2306,_ZN6NetLib8Delivery15DeliveryManager25IsCompretePrepareFinalizeEv,NetLib::Delivery::DeliveryManager::IsCompretePrepareFinalize(),0,3016596,.text,FUNCTION,RETAIL_ORIGINAL_SYMBOL
|static|,static.crs,named,2307,_ZN6NetLib8Delivery15DeliveryManager6UpdateEv,NetLib::Delivery::DeliveryManager::Update(),0,3016612,.text,FUNCTION,RETAIL_ORIGINAL_SYMBOL
|static|,static.crs,named,2308,_ZN6NetLib8Delivery15DeliveryManager8FinalizeEv,NetLib::Delivery::DeliveryManager::Finalize(),0,3016648,.text,FUNCTION,RETAIL_ORIGINAL_SYMBOL
|static|,static.crs,named,2309,_ZN6NetLib8Delivery15DeliveryManager9StartRecvEib,"NetLib::Delivery::DeliveryManager::StartRecv(int, bool)",0,3016776,.text,FUNCTION,RETAIL_ORIGINAL_SYMBOL
|static|,static.crs,named,2310,_ZN6NetLib8Delivery15DeliveryManager9StartSendEitPKvj,"NetLib::Delivery::DeliveryManager::StartSend(int, unsigned short, void const*, unsigned int)",0,3017420,.text,FUNCTION,RETAIL_ORIGINAL_SYMBOL
|static|,static.crs,named,2311,_ZN6NetLib8Delivery15DeliveryManagerC1Ev,NetLib::Delivery::DeliveryManager::DeliveryManager(),0,3017832,.text,FUNCTION,RETAIL_ORIGINAL_SYMBOL
|static|,static.crs,named,2312,_ZN6System10GetVersionEv,System::GetVersion(),0,3027472,.text,FUNCTION,RETAIL_ORIGINAL_SYMBOL
|static|,static.crs,named,2313,_ZN6System10MotionBlur11RenderStartENS0_9BlendTypeENS0_9AnimeTypeEPKN4gfl23gfx7SurfaceEb,"System::MotionBlur::RenderStart(System::MotionBlur::BlendType, System::MotionBlur::AnimeType, gfl2::gfx::Surface const*, bool)",0,3027712,.text,FUNCTION,RETAIL_ORIGINAL_SYMBOL
|static|,static.crs,named,2314,_ZN6System10MotionBlur14SetColorFilterERKNS0_10ColorParamE,System::MotionBlur::SetColorFilter(System::MotionBlur::ColorParam const&),0,3029292,.text,FUNCTION,RETAIL_ORIGINAL_SYMBOL
|static|,static.crs,named,2315,_ZN6System10MotionBlur15SetBlendControlERKNS0_5ParamE,System::MotionBlur::SetBlendControl(System::MotionBlur::Param const&),0,3029424,.text,FUNCTION,RETAIL_ORIGINAL_SYMBOL
|static|,static.crs,named,2316,_ZN6System10MotionBlur26InitializeMotionBlurUpdateEv,System::MotionBlur::InitializeMotionBlurUpdate(),0,3029560,.text,FUNCTION,RETAIL_ORIGINAL_SYMBOL
|static|,static.crs,named,2317,_ZN6System10MotionBlur9RenderOffEv,System::MotionBlur::RenderOff(),0,3030888,.text,FUNCTION,RETAIL_ORIGINAL_SYMBOL
|static|,static.crs,named,2318,_ZN6System10MotionBlur9TerminateEv,System::MotionBlur::Terminate(),0,3031256,.text,FUNCTION,RETAIL_ORIGINAL_SYMBOL
|static|,static.crs,named,2319,_ZN6System10MotionBlurC1Ev,System::MotionBlur::MotionBlur(),0,3031568,.text,FUNCTION,RETAIL_ORIGINAL_SYMBOL
|static|,static.crs,named,2320,_ZN6System10MotionBlurD1Ev,System::MotionBlur::~MotionBlur(),0,3032220,.text,FUNCTION,RETAIL_ORIGINAL_SYMBOL
|static|,static.crs,named,2321,_ZN6System11EnvAccessor12SetStepFrameEfjNS0_12AnimationBitE,"System::EnvAccessor::SetStepFrame(float, unsigned int, System::EnvAccessor::AnimationBit)",0,3032384,.text,FUNCTION,RETAIL_ORIGINAL_SYMBOL
|static|,static.crs,named,2322,_ZN6System11EnvAccessor15ChangeAnimationEPN4gfl215renderingengine10scenegraph8resource12ResourceNodeEjNS0_12AnimationBitE,"System::EnvAccessor::ChangeAnimation(gfl2::renderingengine::scenegraph::resource::ResourceNode*, unsigned int, System::EnvAccessor::AnimationBit)",0,3032416,.text,FUNCTION,RETAIL_ORIGINAL_SYMBOL
|static|,static.crs,named,2323,_ZN6System11EnvAccessor16SetAnimationLoopEbjNS0_12AnimationBitE,"System::EnvAccessor::SetAnimationLoop(bool, unsigned int, System::EnvAccessor::AnimationBit)",0,3032636,.text,FUNCTION,RETAIL_ORIGINAL_SYMBOL
|static|,static.crs,named,2324,_ZN6System11EnvAccessor21ChangeAnimationSmoothEPN4gfl215renderingengine10scenegraph8resource12ResourceNodeEjNS0_12AnimationBitEj,"System::EnvAccessor::ChangeAnimationSmooth(gfl2::renderingengine::scenegraph::resource::ResourceNode*, unsigned int, System::EnvAccessor::AnimationBit, unsigned int)",0,3033024,.text,FUNCTION,RETAIL_ORIGINAL_SYMBOL
|static|,static.crs,named,2325,_ZN6System11EnvAccessor6UpdateEv,System::EnvAccessor::Update(),0,3033388,.text,FUNCTION,RETAIL_ORIGINAL_SYMBOL
|static|,static.crs,named,2326,_ZN6System11EnvAccessor8SetFrameEiiijNS0_12AnimationBitE,"System::EnvAccessor::SetFrame(int, int, int, unsigned int, System::EnvAccessor::AnimationBit)",0,3033396,.text,FUNCTION,RETAIL_ORIGINAL_SYMBOL
|static|,static.crs,named,2327,_ZN6System11EnvAccessor9TerminateEv,System::EnvAccessor::Terminate(),0,3033956,.text,FUNCTION,RETAIL_ORIGINAL_SYMBOL
|static|,static.crs,named,2328,_ZN6System11EnvAccessorC1Ev,System::EnvAccessor::EnvAccessor(),0,3033984,.text,FUNCTION,RETAIL_ORIGINAL_SYMBOL
|static|,static.crs,named,2329,_ZN6System11EnvAccessorD1Ev,System::EnvAccessor::~EnvAccessor(),0,3034048,.text,FUNCTION,RETAIL_ORIGINAL_SYMBOL
|static|,static.crs,named,2330,_ZN6System13nijiAllocatorC1EPN4gfl24heap11CtrHeapBaseE,System::nijiAllocator::nijiAllocator(gfl2::heap::CtrHeapBase*),0,3035676,.text,FUNCTION,RETAIL_ORIGINAL_SYMBOL
|static|,static.crs,named,2331,_ZN6System13nijiAllocatorC1EPN4gfl24heap11CtrHeapBaseENS0_15VramControlTypeENS0_14VramMallocModeE,"System::nijiAllocator::nijiAllocator(gfl2::heap::CtrHeapBase*, System::nijiAllocator::VramControlType, System::nijiAllocator::VramMallocMode)",0,3035732,.text,FUNCTION,RETAIL_ORIGINAL_SYMBOL
|static|,static.crs,named,2332,_ZN6System15ModelRenderPath10RemoveNodeEPN4gfl215renderingengine10scenegraph8instance12DrawableNodeE,System::ModelRenderPath::RemoveNode(gfl2::renderingengine::scenegraph::instance::DrawableNode*),0,3035900,.text,FUNCTION,RETAIL_ORIGINAL_SYMBOL
|static|,static.crs,named,2333,_ZN6System15ModelRenderPath14AddSheneCameraEPN4gfl215renderingengine8renderer17RenderingPipeLine15SceneRenderPath6CameraE,System::ModelRenderPath::AddSheneCamera(gfl2::renderingengine::renderer::RenderingPipeLine::SceneRenderPath::Camera*),0,3036228,.text,FUNCTION,RETAIL_ORIGINAL_SYMBOL
|static|,static.crs,named,2334,_ZN6System15ModelRenderPath20DrawableNodeOverrideEv,System::ModelRenderPath::DrawableNodeOverride(),0,3036244,.text,FUNCTION,RETAIL_ORIGINAL_SYMBOL
|static|,static.crs,named,2335,_ZN6System15ModelRenderPath6UpdateERKN4gfl215renderingengine8renderer17RenderingPipeLine11DrawContextE,System::ModelRenderPath::Update(gfl2::renderingengine::renderer::RenderingPipeLine::DrawContext const&),0,3036252,.text,FUNCTION,RETAIL_ORIGINAL_SYMBOL
|static|,static.crs,named,2336,_ZN6System15ModelRenderPath7AddNodeEPN4gfl215renderingengine10scenegraph8instance12DrawableNodeE,System::ModelRenderPath::AddNode(gfl2::renderingengine::scenegraph::instance::DrawableNode*),0,3036284,.text,FUNCTION,RETAIL_ORIGINAL_SYMBOL
|static|,static.crs,named,2337,_ZN6System15ModelRenderPath7ExecuteERKN4gfl215renderingengine8renderer17RenderingPipeLine11DrawContextE,System::ModelRenderPath::Execute(gfl2::renderingengine::renderer::RenderingPipeLine::DrawContext const&),0,3036512,.text,FUNCTION,RETAIL_ORIGINAL_SYMBOL
|static|,static.crs,named,2338,_ZN6System15ModelRenderPathC1EPN4gfl23gfx12IGLAllocatorEi,"System::ModelRenderPath::ModelRenderPath(gfl2::gfx::IGLAllocator*, int)",0,3037112,.text,FUNCTION,RETAIL_ORIGINAL_SYMBOL
|static|,static.crs,named,2339,_ZN6System15ModelRenderPathD1Ev,System::ModelRenderPath::~ModelRenderPath(),0,3037788,.text,FUNCTION,RETAIL_ORIGINAL_SYMBOL
|static|,static.crs,named,2340,_ZN6System17DeviceTurnWatcher10InitializeENS0_10COUNT_RATEENS0_10COUNT_MODEE,"System::DeviceTurnWatcher::Initialize(System::DeviceTurnWatcher::COUNT_RATE, System::DeviceTurnWatcher::COUNT_MODE)",0,3037924,.text,FUNCTION,RETAIL_ORIGINAL_SYMBOL
|static|,static.crs,named,2341,_ZN6System17DeviceTurnWatcher6UpdateEv,System::DeviceTurnWatcher::Update(),0,3037964,.text,FUNCTION,RETAIL_ORIGINAL_SYMBOL
|static|,static.crs,named,2342,_ZN6System17DeviceTurnWatcherC1EPN4gfl24heap11CtrHeapBaseEPNS1_2ui13DeviceManagerE,"System::DeviceTurnWatcher::DeviceTurnWatcher(gfl2::heap::CtrHeapBase*, gfl2::ui::DeviceManager*)",0,3038088,.text,FUNCTION,RETAIL_ORIGINAL_SYMBOL
|static|,static.crs,named,2343,_ZN6System17DeviceTurnWatcherD1Ev,System::DeviceTurnWatcher::~DeviceTurnWatcher(),0,3038148,.text,FUNCTION,RETAIL_ORIGINAL_SYMBOL
|static|,static.crs,named,2344,_ZN6System17SetupLangResourceEPN4gfl24heap11CtrHeapBaseE,System::SetupLangResource(gfl2::heap::CtrHeapBase*),0,3038184,.text,FUNCTION,RETAIL_ORIGINAL_SYMBOL
|static|,static.crs,named,2345,_ZN6System18SystemEventManager25RegistSystemEventListenerEPNS_19SystemEventListenerE,System::SystemEventManager::RegistSystemEventListener(System::SystemEventListener*),0,3039364,.text,FUNCTION,RETAIL_ORIGINAL_SYMBOL
|static|,static.crs,named,2346,_ZN6System18SystemEventManager25RemoveSystemEventListenerEPNS_19SystemEventListenerE,System::SystemEventManager::RemoveSystemEventListener(System::SystemEventListener*),0,3039484,.text,FUNCTION,RETAIL_ORIGINAL_SYMBOL
|static|,static.crs,named,2347,_ZN6System20DressUpParamSaveData21ConvertToDressUpParamEPN7poke_3d5model12DressUpParamERKS0_,"System::DressUpParamSaveData::ConvertToDressUpParam(poke_3d::model::DressUpParam*, System::DressUpParamSaveData const&)",0,3040320,.text,FUNCTION,RETAIL_ORIGINAL_SYMBOL
|static|,static.crs,named,2348,_ZN6System20DressUpParamSaveDataC1Ev,System::DressUpParamSaveData::DressUpParamSaveData(),0,3041820,.text,FUNCTION,RETAIL_ORIGINAL_SYMBOL
|static|,static.crs,named,2349,_ZN6System20DressUpParamSaveDataD1Ev,System::DressUpParamSaveData::~DressUpParamSaveData(),0,3041948,.text,FUNCTION,RETAIL_ORIGINAL_SYMBOL
|static|,static.crs,named,2350,_ZN6System26NijiEdgeMapSceneRenderPath11SetResourceEPv,System::NijiEdgeMapSceneRenderPath::SetResource(void*),0,3044404,.text,FUNCTION,RETAIL_ORIGINAL_SYMBOL
|static|,static.crs,named,2351,_ZN6System26NijiEdgeMapSceneRenderPathC1EPN4gfl23gfx12IGLAllocatorEi,"System::NijiEdgeMapSceneRenderPath::NijiEdgeMapSceneRenderPath(gfl2::gfx::IGLAllocator*, int)",0,3044584,.text,FUNCTION,RETAIL_ORIGINAL_SYMBOL
|static|,static.crs,named,2352,_ZN6System30NijiOutLinePostSceneRenderPath11SetResourceEPv,System::NijiOutLinePostSceneRenderPath::SetResource(void*),0,3044632,.text,FUNCTION,RETAIL_ORIGINAL_SYMBOL
|static|,static.crs,named,2353,_ZN6System30NijiOutLinePostSceneRenderPathC1EPN4gfl23gfx12IGLAllocatorE,System::NijiOutLinePostSceneRenderPath::NijiOutLinePostSceneRenderPath(gfl2::gfx::IGLAllocator*),0,3044864,.text,FUNCTION,RETAIL_ORIGINAL_SYMBOL
|static|,static.crs,named,2354,_ZN6System3CTR15RegionNameCache14LoadRegionNameEPN4gfl24heap11CtrHeapBaseEN2nn3cfg3CTR15CfgLanguageCodeENS8_14CfgCountryCodeE,"System::CTR::RegionNameCache::LoadRegionName(gfl2::heap::CtrHeapBase*, nn::cfg::CTR::CfgLanguageCode, nn::cfg::CTR::CfgCountryCode)",0,3044920,.text,FUNCTION,RETAIL_ORIGINAL_SYMBOL
|static|,static.crs,named,2355,_ZN6System3CTR15RegionNameCacheC1EPKwPh,"System::CTR::RegionNameCache::RegionNameCache(wchar_t const*, unsigned char*)",0,3045172,.text,FUNCTION,RETAIL_ORIGINAL_SYMBOL
|static|,static.crs,named,2356,_ZN6System3CTR16CountryNameCache15LoadCountryNameEPN4gfl24heap11CtrHeapBaseEN2nn3cfg3CTR15CfgLanguageCodeE,"System::CTR::CountryNameCache::LoadCountryName(gfl2::heap::CtrHeapBase*, nn::cfg::CTR::CfgLanguageCode)",0,3045428,.text,FUNCTION,RETAIL_ORIGINAL_SYMBOL
|static|,static.crs,named,2357,_ZN6System3CTR16CountryNameCacheC1Ev,System::CTR::CountryNameCache::CountryNameCache(),0,3046152,.text,FUNCTION,RETAIL_ORIGINAL_SYMBOL
|static|,static.crs,named,2358,_ZN6System6Camera13InFrameCameraC1Ev,System::Camera::InFrameCamera::InFrameCamera(),0,3047192,.text,FUNCTION,RETAIL_ORIGINAL_SYMBOL
|static|,static.crs,named,2359,_ZN6System6Camera19CModelViewerInFrame12AddCameraYawEf,System::Camera::CModelViewerInFrame::AddCameraYaw(float),0,3047416,.text,FUNCTION,RETAIL_ORIGINAL_SYMBOL
|static|,static.crs,named,2360,_ZN6System6Camera19CModelViewerInFrame12SetCameraYawEf,System::Camera::CModelViewerInFrame::SetCameraYaw(float),0,3047916,.text,FUNCTION,RETAIL_ORIGINAL_SYMBOL
|static|,static.crs,named,2361,_ZN6System6Camera19CModelViewerInFrame14AddCameraPitchEf,System::Camera::CModelViewerInFrame::AddCameraPitch(float),0,3047936,.text,FUNCTION,RETAIL_ORIGINAL_SYMBOL
|static|,static.crs,named,2362,_ZN6System6Camera19CModelViewerInFrame14SetCameraPitchEf,System::Camera::CModelViewerInFrame::SetCameraPitch(float),0,3048128,.text,FUNCTION,RETAIL_ORIGINAL_SYMBOL
|static|,static.crs,named,2363,_ZN6System6Camera19CModelViewerInFrame15SetAndInitModelEPN8PokeTool9PokeModelE,System::Camera::CModelViewerInFrame::SetAndInitModel(PokeTool::PokeModel*),0,3048216,.text,FUNCTION,RETAIL_ORIGINAL_SYMBOL
|static|,static.crs,named,2364,_ZN6System6Camera19CModelViewerInFrame15SetModelVisibleEb,System::Camera::CModelViewerInFrame::SetModelVisible(bool),0,3048732,.text,FUNCTION,RETAIL_ORIGINAL_SYMBOL
|static|,static.crs,named,2365,_ZN6System6Camera19CModelViewerInFrame19ResetCameraYawPitchEv,System::Camera::CModelViewerInFrame::ResetCameraYawPitch(),0,3048784,.text,FUNCTION,RETAIL_ORIGINAL_SYMBOL
|static|,static.crs,named,2366,_ZN6System6Camera19CModelViewerInFrame4InitENS0_13CModelInFrame7EScreenEiiiiNS1_14ETurnDirectionE,"System::Camera::CModelViewerInFrame::Init(System::Camera::CModelInFrame::EScreen, int, int, int, int, System::Camera::CModelViewerInFrame::ETurnDirection)",0,3049024,.text,FUNCTION,RETAIL_ORIGINAL_SYMBOL
|static|,static.crs,named,2367,_ZN6System6Camera19CModelViewerInFrame6UpdateEPNS0_13InFrameCameraEPNS1_11SUpdateDataE,"System::Camera::CModelViewerInFrame::Update(System::Camera::InFrameCamera*, System::Camera::CModelViewerInFrame::SUpdateData*)",0,3049260,.text,FUNCTION,RETAIL_ORIGINAL_SYMBOL
|static|,static.crs,named,2368,_ZN6System6Camera19CModelViewerInFrame8SetFrameEiiii,"System::Camera::CModelViewerInFrame::SetFrame(int, int, int, int)",0,3051332,.text,FUNCTION,RETAIL_ORIGINAL_SYMBOL
|static|,static.crs,named,2369,_ZN6System6Camera19CModelViewerInFrameC1Ev,System::Camera::CModelViewerInFrame::CModelViewerInFrame(),0,3051432,.text,FUNCTION,RETAIL_ORIGINAL_SYMBOL
|static|,static.crs,named,2370,_ZN6System6GflUse13GetPublicRandEj,System::GflUse::GetPublicRand(unsigned int),0,3055420,.text,FUNCTION,RETAIL_ORIGINAL_SYMBOL
|static|,static.crs,named,2371,_ZN6System6GflUse13GetPublicRandEv,System::GflUse::GetPublicRand(),0,3055484,.text,FUNCTION,RETAIL_ORIGINAL_SYMBOL
|static|,static.crs,named,2372,_ZN6System6GflUse19SetSoftResetRequestEv,System::GflUse::SetSoftResetRequest(),0,3056324,.text,FUNCTION,RETAIL_ORIGINAL_SYMBOL
|static|,static.crs,named,2373,_ZN6System6GflUse20GetPokemonCreateRandEj,System::GflUse::GetPokemonCreateRand(unsigned int),0,3056676,.text,FUNCTION,RETAIL_ORIGINAL_SYMBOL
|static|,static.crs,named,2374,_ZN6System6GflUse20GetPokemonCreateRandEv,System::GflUse::GetPokemonCreateRand(),0,3056744,.text,FUNCTION,RETAIL_ORIGINAL_SYMBOL
|static|,static.crs,named,2375,_ZN6System6PmlUse16GetEvolveManagerEv,System::PmlUse::GetEvolveManager(),0,3058708,.text,FUNCTION,RETAIL_ORIGINAL_SYMBOL
|static|,static.crs,named,2376,_ZN6System6Skybox6Skybox19StartCreateResourceERKNS1_11DescriptionEPN4gfl24heap11CtrHeapBaseE,"System::Skybox::Skybox::StartCreateResource(System::Skybox::Skybox::Description const&, gfl2::heap::CtrHeapBase*)",0,3059736,.text,FUNCTION,RETAIL_ORIGINAL_SYMBOL
|static|,static.crs,named,2377,_ZN6System6Skybox6Skybox10CreateHeapEPN4gfl24heap11CtrHeapBaseE,System::Skybox::Skybox::CreateHeap(gfl2::heap::CtrHeapBase*),0,3061624,.text,FUNCTION,RETAIL_ORIGINAL_SYMBOL
|static|,static.crs,named,2378,_ZN6System6Skybox6Skybox10DeleteHeapEv,System::Skybox::Skybox::DeleteHeap(),0,3061720,.text,FUNCTION,RETAIL_ORIGINAL_SYMBOL
|static|,static.crs,named,2379,_ZN6System6Skybox6Skybox10DestroyAllEv,System::Skybox::Skybox::DestroyAll(),0,3061756,.text,FUNCTION,RETAIL_ORIGINAL_SYMBOL
|static|,static.crs,named,2380,_ZN6System6Skybox6Skybox10InitializeENS1_7SkyTypeE,System::Skybox::Skybox::Initialize(System::Skybox::Skybox::SkyType),0,3062020,.text,FUNCTION,RETAIL_ORIGINAL_SYMBOL
|static|,static.crs,named,2381,_ZN6System6Skybox6Skybox10IsChangingEv,System::Skybox::Skybox::IsChanging(),0,3062424,.text,FUNCTION,RETAIL_ORIGINAL_SYMBOL
|static|,static.crs,named,2382,_ZN6System6Skybox6Skybox11CreatePartsEPKNS1_11DescriptionEbNS_13nijiAllocator14VramMallocModeE,"System::Skybox::Skybox::CreateParts(System::Skybox::Skybox::Description const*, bool, System::nijiAllocator::VramMallocMode)",0,3062456,.text,FUNCTION,RETAIL_ORIGINAL_SYMBOL
|static|,static.crs,named,2383,_ZN6System6Skybox6Skybox12DestroyPartsEv,System::Skybox::Skybox::DestroyParts(),0,3063128,.text,FUNCTION,RETAIL_ORIGINAL_SYMBOL
|static|,static.crs,named,2384,_ZN6System6Skybox6Skybox13GetPartsModelENS1_9PartsTypeE,System::Skybox::Skybox::GetPartsModel(System::Skybox::Skybox::PartsType),0,3063264,.text,FUNCTION,RETAIL_ORIGINAL_SYMBOL
|static|,static.crs,named,2385,_ZN6System6Skybox6Skybox14SetEnablePartsENS1_9PartsTypeEb,"System::Skybox::Skybox::SetEnableParts(System::Skybox::Skybox::PartsType, bool)",0,3063408,.text,FUNCTION,RETAIL_ORIGINAL_SYMBOL
|static|,static.crs,named,2386,_ZN6System6Skybox6Skybox16ChangeSkyRequestENS1_7SkyTypeEj,"System::Skybox::Skybox::ChangeSkyRequest(System::Skybox::Skybox::SkyType, unsigned int)",0,3063524,.text,FUNCTION,RETAIL_ORIGINAL_SYMBOL
|static|,static.crs,named,2387,_ZN6System6Skybox6Skybox20UpdateCreateResourceEv,System::Skybox::Skybox::UpdateCreateResource(),0,3063580,.text,FUNCTION,RETAIL_ORIGINAL_SYMBOL
|static|,static.crs,named,2388,_ZN6System6Skybox6Skybox6UpdateERKN4gfl24math7Vector3Eiii,"System::Skybox::Skybox::Update(gfl2::math::Vector3 const&, int, int, int)",0,3063632,.text,FUNCTION,RETAIL_ORIGINAL_SYMBOL
|static|,static.crs,named,2389,_ZN6System6Skybox6Skybox9ChangeSkyENS1_7SkyTypeE,System::Skybox::Skybox::ChangeSky(System::Skybox::Skybox::SkyType),0,3064184,.text,FUNCTION,RETAIL_ORIGINAL_SYMBOL
|static|,static.crs,named,2390,_ZN6System6Skybox6Skybox9SetEnableEb,System::Skybox::Skybox::SetEnable(bool),0,3064312,.text,FUNCTION,RETAIL_ORIGINAL_SYMBOL
|static|,static.crs,named,2391,_ZN6System6Skybox6Skybox9TerminateEv,System::Skybox::Skybox::Terminate(),0,3064444,.text,FUNCTION,RETAIL_ORIGINAL_SYMBOL
|static|,static.crs,named,2392,_ZN6System7DressUp24GetDressUpArcIdListFieldEv,System::DressUp::GetDressUpArcIdListField(),0,3069552,.text,FUNCTION,RETAIL_ORIGINAL_SYMBOL
|static|,static.crs,named,2393,_ZN6System7DressUp25GetDressUpArcIdListBattleEv,System::DressUp::GetDressUpArcIdListBattle(),0,3069564,.text,FUNCTION,RETAIL_ORIGINAL_SYMBOL
|static|,static.crs,named,2394,_ZN6System7DressUp25OverwrideDressUpParamRideEjbPN7poke_3d5model12DressUpParamE,"System::DressUp::OverwrideDressUpParamRide(unsigned int, bool, poke_3d::model::DressUpParam*)",0,3069576,.text,FUNCTION,RETAIL_ORIGINAL_SYMBOL
|static|,static.crs,named,2395,_ZN6System7DressUp26GetDressUpParamDefaultHeroEPN7poke_3d5model12DressUpParamE,System::DressUp::GetDressUpParamDefaultHero(poke_3d::model::DressUpParam*),0,3069740,.text,FUNCTION,RETAIL_ORIGINAL_SYMBOL
|static|,static.crs,named,2396,_ZN6System7DressUp29GetDressUpParamDefaultHeroineEPN7poke_3d5model12DressUpParamE,System::DressUp::GetDressUpParamDefaultHeroine(poke_3d::model::DressUpParam*),0,3069852,.text,FUNCTION,RETAIL_ORIGINAL_SYMBOL
|static|,static.crs,named,2397,_ZN6System7DressUp39GetDressUpParamDefaultIndispensableHeroEPN7poke_3d5model12DressUpParamE,System::DressUp::GetDressUpParamDefaultIndispensableHero(poke_3d::model::DressUpParam*),0,3069952,.text,FUNCTION,RETAIL_ORIGINAL_SYMBOL
|static|,static.crs,named,2398,_ZN6System7DressUp42GetDressUpParamDefaultIndispensableHeroineEPN7poke_3d5model12DressUpParamE,System::DressUp::GetDressUpParamDefaultIndispensableHeroine(poke_3d::model::DressUpParam*),0,3070064,.text,FUNCTION,RETAIL_ORIGINAL_SYMBOL
|static|,static.crs,named,2399,_ZN6System7GetLangEv,System::GetLang(),0,3070168,.text,FUNCTION,RETAIL_ORIGINAL_SYMBOL
|static|,static.crs,named,2400,_ZN6System7SetLangEhPN4gfl24heap11CtrHeapBaseEb,"System::SetLang(unsigned char, gfl2::heap::CtrHeapBase*, bool)",0,3070188,.text,FUNCTION,RETAIL_ORIGINAL_SYMBOL
|static|,static.crs,named,2401,_ZN6System8Language13ConvertPM2CTREh,System::Language::ConvertPM2CTR(unsigned char),0,3070364,.text,FUNCTION,RETAIL_ORIGINAL_SYMBOL
|static|,static.crs,named,2402,_ZN6applib5frame7Manager12ParallelProcEPNS0_9CellSuperE,applib::frame::Manager::ParallelProc(applib::frame::CellSuper*),0,3071056,.text,FUNCTION,RETAIL_ORIGINAL_SYMBOL
|static|,static.crs,named,2403,_ZN6applib5frame7Manager14GetBaseProcessEv,applib::frame::Manager::GetBaseProcess(),0,3071120,.text,FUNCTION,RETAIL_ORIGINAL_SYMBOL
|static|,static.crs,named,2404,_ZN6applib5frame7Manager3EndEv,applib::frame::Manager::End(),0,3071136,.text,FUNCTION,RETAIL_ORIGINAL_SYMBOL
|static|,static.crs,named,2405,_ZN6applib5frame7Manager4DrawEN4gfl23gfx12CtrDisplayNoE,applib::frame::Manager::Draw(gfl2::gfx::CtrDisplayNo),0,3071236,.text,FUNCTION,RETAIL_ORIGINAL_SYMBOL
|static|,static.crs,named,2406,_ZN6applib5frame7Manager4MainEv,applib::frame::Manager::Main(),0,3071320,.text,FUNCTION,RETAIL_ORIGINAL_SYMBOL
|static|,static.crs,named,2407,_ZN6applib5frame7Manager8CallProcEPNS0_9CellSuperE,applib::frame::Manager::CallProc(applib::frame::CellSuper*),0,3072132,.text,FUNCTION,RETAIL_ORIGINAL_SYMBOL
|static|,static.crs,named,2408,_ZN6applib5frame7ManagerC1EPN4gfl24heap11CtrHeapBaseE,applib::frame::Manager::Manager(gfl2::heap::CtrHeapBase*),0,3072196,.text,FUNCTION,RETAIL_ORIGINAL_SYMBOL
|static|,static.crs,named,2409,_ZN6hangul8IsHangulEw,hangul::IsHangul(wchar_t),0,3073112,.text,FUNCTION,RETAIL_ORIGINAL_SYMBOL
|static|,static.crs,named,2410,_ZN6hangul8IsKSJamoEw,hangul::IsKSJamo(wchar_t),0,3073184,.text,FUNCTION,RETAIL_ORIGINAL_SYMBOL
|static|,static.crs,named,2411,_ZN9NetAppLib4Util14NetAppEffectBG13PopClearColorEv,NetAppLib::Util::NetAppEffectBG::PopClearColor(),0,3076232,.text,FUNCTION,RETAIL_ORIGINAL_SYMBOL
|static|,static.crs,named,2412,_ZN7GameSys11GameManager21SetBufferClearSettingEN4gfl23gfx12CtrDisplayNoERKNS0_20BUFFER_CLEAR_SETTINGE,"GameSys::GameManager::SetBufferClearSetting(gfl2::gfx::CtrDisplayNo, GameSys::GameManager::BUFFER_CLEAR_SETTING const&)",0,3076296,.text,FUNCTION,RETAIL_ORIGINAL_SYMBOL
|static|,static.crs,named,2413,_ZN7GameSys16GameEventManager11ChangeEventEPNS_9GameEventE,GameSys::GameEventManager::ChangeEvent(GameSys::GameEvent*),0,3082836,.text,FUNCTION,RETAIL_ORIGINAL_SYMBOL
|static|,static.crs,named,2414,_ZN7GameSys16GameEventManager7GetHeapEv,GameSys::GameEventManager::GetHeap(),0,3083192,.text,FUNCTION,RETAIL_ORIGINAL_SYMBOL
|static|,static.crs,named,2415,_ZN7GameSys16GameEventManager9CallEventEPNS_9GameEventE,GameSys::GameEventManager::CallEvent(GameSys::GameEvent*),0,3083272,.text,FUNCTION,RETAIL_ORIGINAL_SYMBOL
|static|,static.crs,named,2416,_ZN7GameSys8GameData10FormatMainEPN4gfl22fs17FsCtrBackupSystem6ResultE,GameSys::GameData::FormatMain(gfl2::fs::FsCtrBackupSystem::Result*),0,3090384,.text,FUNCTION,RETAIL_ORIGINAL_SYMBOL
|static|,static.crs,named,2417,_ZN7GameSys8GameData11FormatStartEPN4gfl24heap11CtrHeapBaseE,GameSys::GameData::FormatStart(gfl2::heap::CtrHeapBase*),0,3090548,.text,FUNCTION,RETAIL_ORIGINAL_SYMBOL
|static|,static.crs,named,2418,_ZN7GameSys8GameData12LastSaveMainEPN4gfl22fs17FsCtrBackupSystem6ResultE,GameSys::GameData::LastSaveMain(gfl2::fs::FsCtrBackupSystem::Result*),0,3090600,.text,FUNCTION,RETAIL_ORIGINAL_SYMBOL
|static|,static.crs,named,2419,_ZN7GameSys8GameData13ClearSaveDataEPN4gfl24heap11CtrHeapBaseE,GameSys::GameData::ClearSaveData(gfl2::heap::CtrHeapBase*),0,3091024,.text,FUNCTION,RETAIL_ORIGINAL_SYMBOL
|static|,static.crs,named,2420,_ZN7GameSys8GameData13FirstSaveMainEPN4gfl22fs17FsCtrBackupSystem6ResultE,GameSys::GameData::FirstSaveMain(gfl2::fs::FsCtrBackupSystem::Result*),0,3091076,.text,FUNCTION,RETAIL_ORIGINAL_SYMBOL
|static|,static.crs,named,2421,_ZN7GameSys8GameData13LastSaveStartEPN4gfl24heap11CtrHeapBaseE,GameSys::GameData::LastSaveStart(gfl2::heap::CtrHeapBase*),0,3091200,.text,FUNCTION,RETAIL_ORIGINAL_SYMBOL
|static|,static.crs,named,2422,_ZN7GameSys8GameData14FirstSaveStartEPN4gfl24heap11CtrHeapBaseE,GameSys::GameData::FirstSaveStart(gfl2::heap::CtrHeapBase*),0,3091284,.text,FUNCTION,RETAIL_ORIGINAL_SYMBOL
|static|,static.crs,named,2423,_ZN7GameSys8GameData18GetFieldCameraDataEPN5Field6Camera8SaveDataE,GameSys::GameData::GetFieldCameraData(Field::Camera::SaveData*),0,3091352,.text,FUNCTION,RETAIL_ORIGINAL_SYMBOL
|static|,static.crs,named,2424,_ZN7GameSys8GameData18SetFieldCameraDataERKN5Field6Camera8SaveDataE,GameSys::GameData::SetFieldCameraData(Field::Camera::SaveData const&),0,3091368,.text,FUNCTION,RETAIL_ORIGINAL_SYMBOL
|static|,static.crs,named,2425,_ZN7GameSys8GameData20RepairCTRSecureValueEv,GameSys::GameData::RepairCTRSecureValue(),0,3091888,.text,FUNCTION,RETAIL_ORIGINAL_SYMBOL
|static|,static.crs,named,2426,_ZN7GameSys8GameData8SaveMainEv,GameSys::GameData::SaveMain(),0,3092820,.text,FUNCTION,RETAIL_ORIGINAL_SYMBOL
|static|,static.crs,named,2427,_ZN7GameSys8GameData9SaveStartEPN4gfl24heap11CtrHeapBaseE,GameSys::GameData::SaveStart(gfl2::heap::CtrHeapBase*),0,3092940,.text,FUNCTION,RETAIL_ORIGINAL_SYMBOL
|static|,static.crs,named,2428,_ZN7GameSys8GameProc11PreDrawFuncEPN4gfl24proc7ManagerE,GameSys::GameProc::PreDrawFunc(gfl2::proc::Manager*),0,3095336,.text,FUNCTION,RETAIL_ORIGINAL_SYMBOL
|static|,static.crs,named,2429,_ZN7GameSys8GameProc14EventCheckFuncEPNS_11GameManagerE,GameSys::GameProc::EventCheckFunc(GameSys::GameManager*),0,3095340,.text,FUNCTION,RETAIL_ORIGINAL_SYMBOL
|static|,static.crs,named,2430,_ZN7GameSys8GameProc14GetGameManagerEv,GameSys::GameProc::GetGameManager(),0,3095344,.text,FUNCTION,RETAIL_ORIGINAL_SYMBOL
|static|,static.crs,named,2431,_ZN7GameSys8GameProc17NextFrameMainFuncEPN4gfl24proc7ManagerE,GameSys::GameProc::NextFrameMainFunc(gfl2::proc::Manager*),0,3095356,.text,FUNCTION,RETAIL_ORIGINAL_SYMBOL
|static|,static.crs,named,2432,_ZN7GameSys8GameProcC1Ev,GameSys::GameProc::GameProc(),0,3095384,.text,FUNCTION,RETAIL_ORIGINAL_SYMBOL
|static|,static.crs,named,2433,_ZN7GameSys8TimeZone14GetNowTimeZoneENS0_8TimeTypeE,GameSys::TimeZone::GetNowTimeZone(GameSys::TimeZone::TimeType),0,3095540,.text,FUNCTION,RETAIL_ORIGINAL_SYMBOL
|static|,static.crs,named,2434,_ZN7GameSys8TimeZone21ConvertHourToTimeZoneEi,GameSys::TimeZone::ConvertHourToTimeZone(int),0,3095628,.text,FUNCTION,RETAIL_ORIGINAL_SYMBOL
|static|,static.crs,named,2435,_ZN7GameSys8TimeZone26ConvertTimeZoneToStartHourENS0_4ZoneE,GameSys::TimeZone::ConvertTimeZoneToStartHour(GameSys::TimeZone::Zone),0,3095680,.text,FUNCTION,RETAIL_ORIGINAL_SYMBOL
|static|,static.crs,named,2436,_ZN7GameSys9AlolaTime10InitializeEv,GameSys::AlolaTime::Initialize(),0,3096044,.text,FUNCTION,RETAIL_ORIGINAL_SYMBOL
|static|,static.crs,named,2437,_ZN7GameSys9AlolaTime20CheckAlolaOtherWorldEPKN5Field9EventWorkE,GameSys::AlolaTime::CheckAlolaOtherWorld(Field::EventWork const*),0,3096852,.text,FUNCTION,RETAIL_ORIGINAL_SYMBOL
|static|,static.crs,named,2438,_ZN7GameSys9AlolaTime20CheckAlolaOtherWorldEPKNS_8GameDataE,GameSys::AlolaTime::CheckAlolaOtherWorld(GameSys::GameData const*),0,3096968,.text,FUNCTION,RETAIL_ORIGINAL_SYMBOL
|static|,static.crs,named,2439,_ZN7GameSys9AlolaTime20FixAlolaOnlyFakeTimeEii,"GameSys::AlolaTime::FixAlolaOnlyFakeTime(int, int)",0,3097096,.text,FUNCTION,RETAIL_ORIGINAL_SYMBOL
|static|,static.crs,named,2440,_ZN7GameSys9AlolaTime22ClearAlolaOnlyFakeTimeEv,GameSys::AlolaTime::ClearAlolaOnlyFakeTime(),0,3097212,.text,FUNCTION,RETAIL_ORIGINAL_SYMBOL
|static|,static.crs,named,2441,_ZN7GameSys9AlolaTime33IsAlolaTimeJumpOtherWorldSkillUseE6MonsNoPKNS_8GameDataE,"GameSys::AlolaTime::IsAlolaTimeJumpOtherWorldSkillUse(MonsNo, GameSys::GameData const*)",0,3097808,.text,FUNCTION,RETAIL_ORIGINAL_SYMBOL
|static|,static.crs,named,2442,_ZN7GameSys9AlolaTimeC1Ev,GameSys::AlolaTime::AlolaTime(),0,3097932,.text,FUNCTION,RETAIL_ORIGINAL_SYMBOL
|static|,static.crs,named,2443,_ZN7GameSys9AlolaTimeD1Ev,GameSys::AlolaTime::~AlolaTime(),0,3098012,.text,FUNCTION,RETAIL_ORIGINAL_SYMBOL
|static|,static.crs,named,2444,_ZN7GameSys9GameEventC2EPN4gfl24heap11CtrHeapBaseE,GameSys::GameEvent::GameEvent(gfl2::heap::CtrHeapBase*),0,3098236,.text,FUNCTION,RETAIL_ORIGINAL_SYMBOL
|static|,static.crs,named,2445,_ZN7GameSys9GameEventD2Ev,GameSys::GameEvent::~GameEvent(),0,3098284,.text,FUNCTION,RETAIL_ORIGINAL_SYMBOL
|static|,static.crs,named,2446,_ZN7gflnet212ServerClient26ServerClientRequestManager10InitializeEPN4gfl24heap11CtrHeapBaseE,gflnet2::ServerClient::ServerClientRequestManager::Initialize(gfl2::heap::CtrHeapBase*),0,3099064,.text,FUNCTION,RETAIL_ORIGINAL_SYMBOL
|static|,static.crs,named,2447,_ZN7gflnet212ServerClient26ServerClientRequestManager13CancelRequestEy,gflnet2::ServerClient::ServerClientRequestManager::CancelRequest(unsigned long long),0,3099088,.text,FUNCTION,RETAIL_ORIGINAL_SYMBOL
|static|,static.crs,named,2448,_ZN7gflnet212ServerClient26ServerClientRequestManager14RemoveListenerEy,gflnet2::ServerClient::ServerClientRequestManager::RemoveListener(unsigned long long),0,3099176,.text,FUNCTION,RETAIL_ORIGINAL_SYMBOL
|static|,static.crs,named,2449,_ZN7gflnet212ServerClient26ServerClientRequestManager15GetHeapInternalEv,gflnet2::ServerClient::ServerClientRequestManager::GetHeapInternal(),0,3099240,.text,FUNCTION,RETAIL_ORIGINAL_SYMBOL
|static|,static.crs,named,2450,_ZN7gflnet212ServerClient26ServerClientRequestManager26AddRequestSequenceInternalEPNS0_19RequestSequenceBaseE,gflnet2::ServerClient::ServerClientRequestManager::AddRequestSequenceInternal(gflnet2::ServerClient::RequestSequenceBase*),0,3099648,.text,FUNCTION,RETAIL_ORIGINAL_SYMBOL
|static|,static.crs,named,2451,_ZN7gflnet212ServerClient26ServerClientRequestManager8FinalizeEv,gflnet2::ServerClient::ServerClientRequestManager::Finalize(),0,3100972,.text,FUNCTION,RETAIL_ORIGINAL_SYMBOL
|static|,static.crs,named,2452,_ZN7gflnet23nex10NexManager12GetNgsFacadeEv,gflnet2::nex::NexManager::GetNgsFacade(),0,3109792,.text,FUNCTION,RETAIL_ORIGINAL_SYMBOL
|static|,static.crs,named,2453,_ZN7gflnet23nex10NexManager14GetCredentialsEv,gflnet2::nex::NexManager::GetCredentials(),0,3110192,.text,FUNCTION,RETAIL_ORIGINAL_SYMBOL
|static|,static.crs,named,2454,_ZN7gflnet23nex10NexManager18GetDataStoreClientEv,gflnet2::nex::NexManager::GetDataStoreClient(),0,3111188,.text,FUNCTION,RETAIL_ORIGINAL_SYMBOL
|static|,static.crs,named,2455,_ZN7gflnet23nex10NexManager19BindDataStoreClientEv,gflnet2::nex::NexManager::BindDataStoreClient(),0,3111388,.text,FUNCTION,RETAIL_ORIGINAL_SYMBOL
|static|,static.crs,named,2456,_ZN7gflnet23nex10NexManager21UnbindDataStoreClientEv,gflnet2::nex::NexManager::UnbindDataStoreClient(),0,3112024,.text,FUNCTION,RETAIL_ORIGINAL_SYMBOL
|static|,static.crs,named,2457,_ZN7gflnet23nex10NexManager25CreateProtocolCallContextEbj,"gflnet2::nex::NexManager::CreateProtocolCallContext(bool, unsigned int)",0,3112584,.text,FUNCTION,RETAIL_ORIGINAL_SYMBOL
|static|,static.crs,named,2458,_ZN7gflnet23nex10NexManager8DispatchEjb,"gflnet2::nex::NexManager::Dispatch(unsigned int, bool)",0,3114208,.text,FUNCTION,RETAIL_ORIGINAL_SYMBOL
|static|,static.crs,named,2459,_ZN7gflnet23nex16NexRankingClient10InitializeEPN2nn3nex11CredentialsE,gflnet2::nex::NexRankingClient::Initialize(nn::nex::Credentials*),0,3118496,.text,FUNCTION,RETAIL_ORIGINAL_SYMBOL
|static|,static.crs,named,2460,_ZN7gflnet23nex16NexRankingClient11DeleteScoreEjy,"gflnet2::nex::NexRankingClient::DeleteScore(unsigned int, unsigned long long)",0,3119268,.text,FUNCTION,RETAIL_ORIGINAL_SYMBOL
|static|,static.crs,named,2461,_ZN7gflnet23nex16NexRankingClient13GetCommonDataEy,gflnet2::nex::NexRankingClient::GetCommonData(unsigned long long),0,3119624,.text,FUNCTION,RETAIL_ORIGINAL_SYMBOL
|static|,static.crs,named,2462,_ZN7gflnet23nex16NexRankingClient14GetRankingListEN2nn3nex16RankingConstants11RankingModeEjRKNS3_17RankingOrderParamEyj,"gflnet2::nex::NexRankingClient::GetRankingList(nn::nex::RankingConstants::RankingMode, unsigned int, nn::nex::RankingOrderParam const&, unsigned long long, unsigned int)",0,3119900,.text,FUNCTION,RETAIL_ORIGINAL_SYMBOL
|static|,static.crs,named,2463,_ZN7gflnet23nex16NexRankingClient16CancelConnectingEv,gflnet2::nex::NexRankingClient::CancelConnecting(),0,3120200,.text,FUNCTION,RETAIL_ORIGINAL_SYMBOL
|static|,static.crs,named,2464,_ZN7gflnet23nex16NexRankingClient16UploadCommonDataEPKvhy,"gflnet2::nex::NexRankingClient::UploadCommonData(void const*, unsigned char, unsigned long long)",0,3120248,.text,FUNCTION,RETAIL_ORIGINAL_SYMBOL
|static|,static.crs,named,2465,_ZN7gflnet23nex16NexRankingClient27RegistRankingClientListenerEPNS0_24NexRankingClientListenerE,gflnet2::nex::NexRankingClient::RegistRankingClientListener(gflnet2::nex::NexRankingClientListener*),0,3121864,.text,FUNCTION,RETAIL_ORIGINAL_SYMBOL
|static|,static.crs,named,2466,_ZN7gflnet23nex16NexRankingClient29UnregistRankingClientListenerEPNS0_24NexRankingClientListenerE,gflnet2::nex::NexRankingClient::UnregistRankingClientListener(gflnet2::nex::NexRankingClientListener*),0,3122572,.text,FUNCTION,RETAIL_ORIGINAL_SYMBOL
|static|,static.crs,named,2467,_ZN7gflnet23nex16NexRankingClient8FinalizeEv,gflnet2::nex::NexRankingClient::Finalize(),0,3122640,.text,FUNCTION,RETAIL_ORIGINAL_SYMBOL
|static|,static.crs,named,2468,_ZN7gflnet23nex16NexRankingClientC1Ev,gflnet2::nex::NexRankingClient::NexRankingClient(),0,3122976,.text,FUNCTION,RETAIL_ORIGINAL_SYMBOL
|static|,static.crs,named,2469,_ZN7gflnet23nex18NexDataStoreClient14CheageMetaDataERKN2nn3nex7qVectorINS3_24DataStoreChangeMetaParamEEE,gflnet2::nex::NexDataStoreClient::CheageMetaData(nn::nex::qVector<nn::nex::DataStoreChangeMetaParam> const&),0,3124900,.text,FUNCTION,RETAIL_ORIGINAL_SYMBOL
|static|,static.crs,named,2470,_ZN7gflnet23nex18NexDataStoreClient14UploadMetaDataERKN2nn3nex25DataStorePreparePostParamE,gflnet2::nex::NexDataStoreClient::UploadMetaData(nn::nex::DataStorePreparePostParam const&),0,3125124,.text,FUNCTION,RETAIL_ORIGINAL_SYMBOL
|static|,static.crs,named,2471,_ZN7gflnet23nex18NexDataStoreClient16CancelConnectingEv,gflnet2::nex::NexDataStoreClient::CancelConnecting(),0,3125332,.text,FUNCTION,RETAIL_ORIGINAL_SYMBOL
|static|,static.crs,named,2472,_ZN7gflnet23nex18NexDataStoreClient16DownloadMetaDataERKN2nn3nex7qVectorIyEEj,"gflnet2::nex::NexDataStoreClient::DownloadMetaData(nn::nex::qVector<unsigned long long> const&, unsigned int)",0,3125380,.text,FUNCTION,RETAIL_ORIGINAL_SYMBOL
|static|,static.crs,named,2473,_ZN7gflnet23nex18NexDataStoreClient18GetDataStoreClientEv,gflnet2::nex::NexDataStoreClient::GetDataStoreClient(),0,3125736,.text,FUNCTION,RETAIL_ORIGINAL_SYMBOL
|static|,static.crs,named,2474,_ZN7gflnet23nex18NexDataStoreClient29RegistDataStoreClientListenerEPNS0_26NexDataStoreClientListenerE,gflnet2::nex::NexDataStoreClient::RegistDataStoreClientListener(gflnet2::nex::NexDataStoreClientListener*),0,3128664,.text,FUNCTION,RETAIL_ORIGINAL_SYMBOL
|static|,static.crs,named,2475,_ZN7gflnet23nex18NexDataStoreClient31UnregistDataStoreClientListenerEPNS0_26NexDataStoreClientListenerE,gflnet2::nex::NexDataStoreClient::UnregistDataStoreClientListener(gflnet2::nex::NexDataStoreClientListener*),0,3128780,.text,FUNCTION,RETAIL_ORIGINAL_SYMBOL
|static|,static.crs,named,2476,_ZN7gflnet23nex18NexMatchMakingRuleC1EjjjjNS1_10VALUE_TYPEE,"gflnet2::nex::NexMatchMakingRule::NexMatchMakingRule(unsigned int, unsigned int, unsigned int, unsigned int, gflnet2::nex::NexMatchMakingRule::VALUE_TYPE)",0,3130580,.text,FUNCTION,RETAIL_ORIGINAL_SYMBOL
|static|,static.crs,named,2477,_ZN7gflnet23nex20NexMatchMakingClient10InitializeEPN2nn3nex9NgsFacadeE,gflnet2::nex::NexMatchMakingClient::Initialize(nn::nex::NgsFacade*),0,3130744,.text,FUNCTION,RETAIL_ORIGINAL_SYMBOL
|static|,static.crs,named,2478,_ZN7gflnet23nex20NexMatchMakingClient13JoinCommunityEjRKN2nn3nex6StringES6_,"gflnet2::nex::NexMatchMakingClient::JoinCommunity(unsigned int, nn::nex::String const&, nn::nex::String const&)",0,3131744,.text,FUNCTION,RETAIL_ORIGINAL_SYMBOL
|static|,static.crs,named,2479,_ZN7gflnet23nex20NexMatchMakingClient14LeaveCommunityEj,gflnet2::nex::NexMatchMakingClient::LeaveCommunity(unsigned int),0,3133212,.text,FUNCTION,RETAIL_ORIGINAL_SYMBOL
|static|,static.crs,named,2480,_ZN7gflnet23nex20NexMatchMakingClient16CancelConnectingEv,gflnet2::nex::NexMatchMakingClient::CancelConnecting(),0,3133512,.text,FUNCTION,RETAIL_ORIGINAL_SYMBOL
|static|,static.crs,named,2481,_ZN7gflnet23nex20NexMatchMakingClient20SetCommunityListenerEPNS0_20NexCommunityListenerE,gflnet2::nex::NexMatchMakingClient::SetCommunityListener(gflnet2::nex::NexCommunityListener*),0,3135676,.text,FUNCTION,RETAIL_ORIGINAL_SYMBOL
|static|,static.crs,named,2482,_ZN7gflnet23nex20NexMatchMakingClient21FindOfficialCommunityEbRKN2nn3nex11ResultRangeE,"gflnet2::nex::NexMatchMakingClient::FindOfficialCommunity(bool, nn::nex::ResultRange const&)",0,3136368,.text,FUNCTION,RETAIL_ORIGINAL_SYMBOL
|static|,static.crs,named,2483,_ZN7gflnet23nex20NexMatchMakingClient26FindCommunityByParticipantEjRKN2nn3nex11ResultRangeE,"gflnet2::nex::NexMatchMakingClient::FindCommunityByParticipant(unsigned int, nn::nex::ResultRange const&)",0,3139592,.text,FUNCTION,RETAIL_ORIGINAL_SYMBOL
|static|,static.crs,named,2484,_ZN7gflnet23nex20NexMatchMakingClient8FinalizeEv,gflnet2::nex::NexMatchMakingClient::Finalize(),0,3141704,.text,FUNCTION,RETAIL_ORIGINAL_SYMBOL
|static|,static.crs,named,2485,_ZN7gflnet23nex8NexError27GetNetworkFunctionErrorCodeEv,gflnet2::nex::NexError::GetNetworkFunctionErrorCode(),0,3144668,.text,FUNCTION,RETAIL_ORIGINAL_SYMBOL
|static|,static.crs,named,2486,_ZN7gflnet23p2p11NetGameBase12SetDummySendEv,gflnet2::p2p::NetGameBase::SetDummySend(),0,3150432,.text,FUNCTION,RETAIL_ORIGINAL_SYMBOL
|static|,static.crs,named,2487,_ZN7gflnet23p2p11NetGameBase23RegistMigrationListenerEPNS0_24NetGameMigrationListenerE,gflnet2::p2p::NetGameBase::RegistMigrationListener(gflnet2::p2p::NetGameMigrationListener*),0,3153112,.text,FUNCTION,RETAIL_ORIGINAL_SYMBOL
|static|,static.crs,named,2488,_ZN7gflnet23p2p11NetGameBase25UnregistMigrationListenerEv,gflnet2::p2p::NetGameBase::UnregistMigrationListener(),0,3154132,.text,FUNCTION,RETAIL_ORIGINAL_SYMBOL
|static|,static.crs,named,2489,_ZN6NetApp3NBR6NBRNet10InitializeEv,NetApp::NBR::NBRNet::Initialize(),0,3174064,.text,FUNCTION,RETAIL_ORIGINAL_SYMBOL
|static|,static.crs,named,2490,_ZN7gflnet23p2p7NetGame10InitializeEv,gflnet2::p2p::NetGame::Initialize(),0,3174072,.text,FUNCTION,RETAIL_ORIGINAL_SYMBOL
|static|,static.crs,named,2491,_ZN7gflnet23p2p7NetGame11IsTimingEndEi,gflnet2::p2p::NetGame::IsTimingEnd(int),0,3174324,.text,FUNCTION,RETAIL_ORIGINAL_SYMBOL
|static|,static.crs,named,2492,_ZN7gflnet23p2p7NetGame11TimingStartEi,gflnet2::p2p::NetGame::TimingStart(int),0,3174400,.text,FUNCTION,RETAIL_ORIGINAL_SYMBOL
|static|,static.crs,named,2493,_ZN6NetApp3NBR6NBRNet12IsInitializeEv,NetApp::NBR::NBRNet::IsInitialize(),0,3174568,.text,FUNCTION,RETAIL_ORIGINAL_SYMBOL
|static|,static.crs,named,2494,_ZN7gflnet23p2p7NetGame12IsInitializeEv,gflnet2::p2p::NetGame::IsInitialize(),0,3174576,.text,FUNCTION,RETAIL_ORIGINAL_SYMBOL
|static|,static.crs,named,2495,_ZN7gflnet23p2p7NetGame15RecvDataCommandEPiPciPhPt,"gflnet2::p2p::NetGame::RecvDataCommand(int*, char*, int, unsigned char*, unsigned short*)",0,3174784,.text,FUNCTION,RETAIL_ORIGINAL_SYMBOL
|static|,static.crs,named,2496,_ZN7gflnet23p2p7NetGame15SendDataCommandEPcih,"gflnet2::p2p::NetGame::SendDataCommand(char*, int, unsigned char)",0,3175124,.text,FUNCTION,RETAIL_ORIGINAL_SYMBOL
|static|,static.crs,named,2497,_ZN7gflnet23p2p7NetGame17IsDisconnectNetIDEi,gflnet2::p2p::NetGame::IsDisconnectNetID(int),0,3175156,.text,FUNCTION,RETAIL_ORIGINAL_SYMBOL
|static|,static.crs,named,2498,_ZN6NetApp3NBR6NBRNet17IsTimingLoopCheckENS0_12NBRNetDefine13TimingCommandE,NetApp::NBR::NBRNet::IsTimingLoopCheck(NetApp::NBR::NBRNetDefine::TimingCommand),0,3175172,.text,FUNCTION,RETAIL_ORIGINAL_SYMBOL
|static|,static.crs,named,2499,_ZN7gflnet23p2p7NetGame18GetConnectionCountEv,gflnet2::p2p::NetGame::GetConnectionCount(),0,3175472,.text,FUNCTION,RETAIL_ORIGINAL_SYMBOL
|static|,static.crs,named,2500,_ZN7gflnet23p2p7NetGame22SendDataCommandSendBitEPcihh,"gflnet2::p2p::NetGame::SendDataCommandSendBit(char*, int, unsigned char, unsigned char)",0,3175488,.text,FUNCTION,RETAIL_ORIGINAL_SYMBOL
|static|,static.crs,named,2501,_ZN7gflnet23p2p7NetGame27RecvDataCommandLocalCommandEPiPcihPt,"gflnet2::p2p::NetGame::RecvDataCommandLocalCommand(int*, char*, int, unsigned char, unsigned short*)",0,3175524,.text,FUNCTION,RETAIL_ORIGINAL_SYMBOL
|static|,static.crs,named,2502,_ZN7gflnet23p2p7NetGame8FinalizeEv,gflnet2::p2p::NetGame::Finalize(),0,3177076,.text,FUNCTION,RETAIL_ORIGINAL_SYMBOL
|static|,static.crs,named,2503,_ZN6NetApp3NBR6NBRNet8GetNetIDEv,NetApp::NBR::NBRNet::GetNetID(),0,3177108,.text,FUNCTION,RETAIL_ORIGINAL_SYMBOL
|static|,static.crs,named,2504,_ZN7gflnet23p2p7NetGame8GetNetIDEv,gflnet2::p2p::NetGame::GetNetID(),0,3177116,.text,FUNCTION,RETAIL_ORIGINAL_SYMBOL
|static|,static.crs,named,2505,_ZN6NetApp3NBR6NBRNet8IsMasterEv,NetApp::NBR::NBRNet::IsMaster(),0,3177132,.text,FUNCTION,RETAIL_ORIGINAL_SYMBOL
|static|,static.crs,named,2506,_ZN7gflnet23p2p7NetGame8IsMasterEv,gflnet2::p2p::NetGame::IsMaster(),0,3177136,.text,FUNCTION,RETAIL_ORIGINAL_SYMBOL
|static|,static.crs,named,2507,_ZN7gflnet23p2p7NetGame8RecvDataEiPci,"gflnet2::p2p::NetGame::RecvData(int, char*, int)",0,3177152,.text,FUNCTION,RETAIL_ORIGINAL_SYMBOL
|static|,static.crs,named,2508,_ZN7gflnet23p2p7NetGame8SendDataEPci,"gflnet2::p2p::NetGame::SendData(char*, int)",0,3177520,.text,FUNCTION,RETAIL_ORIGINAL_SYMBOL
|static|,static.crs,named,2509,_ZN7gflnet23p2p7NetGameC1Ev,gflnet2::p2p::NetGame::NetGame(),0,3177976,.text,FUNCTION,RETAIL_ORIGINAL_SYMBOL
|static|,static.crs,named,2510,_ZN7gflnet24boss11BossManager10SetAppHeapEPN4gfl24heap11CtrHeapBaseE,gflnet2::boss::BossManager::SetAppHeap(gfl2::heap::CtrHeapBase*),0,3183304,.text,FUNCTION,RETAIL_ORIGINAL_SYMBOL
|static|,static.crs,named,2511,_ZN7gflnet24boss11BossManager13RemoveAppHeapEv,gflnet2::boss::BossManager::RemoveAppHeap(),0,3183372,.text,FUNCTION,RETAIL_ORIGINAL_SYMBOL
|static|,static.crs,named,2512,_ZN7gflnet24boss11BossManager15RequestDataBodyEji,"gflnet2::boss::BossManager::RequestDataBody(unsigned int, int)",0,3183516,.text,FUNCTION,RETAIL_ORIGINAL_SYMBOL
|static|,static.crs,named,2513,_ZN7gflnet24boss11BossManager16AddEventListenerEPNS0_17BossEventListenerE,gflnet2::boss::BossManager::AddEventListener(gflnet2::boss::BossEventListener*),0,3183632,.text,FUNCTION,RETAIL_ORIGINAL_SYMBOL
|static|,static.crs,named,2514,_ZN7gflnet24boss11BossManager18StartImmidiateTaskEiPKcS3_S3_,"gflnet2::boss::BossManager::StartImmidiateTask(int, char const*, char const*, char const*)",0,3183904,.text,FUNCTION,RETAIL_ORIGINAL_SYMBOL
|static|,static.crs,named,2515,_ZN7gflnet24boss11BossManager19CancelImmidiateTaskEv,gflnet2::boss::BossManager::CancelImmidiateTask(),0,3184096,.text,FUNCTION,RETAIL_ORIGINAL_SYMBOL
|static|,static.crs,named,2516,_ZN7gflnet24boss11BossManager19RemoveEventListenerEPNS0_17BossEventListenerE,gflnet2::boss::BossManager::RemoveEventListener(gflnet2::boss::BossEventListener*),0,3184468,.text,FUNCTION,RETAIL_ORIGINAL_SYMBOL
|static|,static.crs,named,2517,_ZN7gflnet24boss11BossManager21StartDownloadFileListEiPKcPKNS1_22BOSS_SEARCH_ATTRIBUTESE,"gflnet2::boss::BossManager::StartDownloadFileList(int, char const*, gflnet2::boss::BossManager::BOSS_SEARCH_ATTRIBUTES const*)",0,3184520,.text,FUNCTION,RETAIL_ORIGINAL_SYMBOL
|static|,static.crs,named,2518,_ZN7gflnet24boss11BossManager22CancelDownloadFileListEv,gflnet2::boss::BossManager::CancelDownloadFileList(),0,3184676,.text,FUNCTION,RETAIL_ORIGINAL_SYMBOL
|static|,static.crs,named,2519,_ZN7gflnet24util13Base64Utility23GetNeedEncodeBufferSizeEj,gflnet2::util::Base64Utility::GetNeedEncodeBufferSize(unsigned int),0,3191512,.text,FUNCTION,RETAIL_ORIGINAL_SYMBOL
|static|,static.crs,named,2520,_ZN7gflnet24util13Base64Utility6EncodeEPvPKvj,"gflnet2::util::Base64Utility::Encode(void*, void const*, unsigned int)",0,3191964,.text,FUNCTION,RETAIL_ORIGINAL_SYMBOL
|static|,static.crs,named,2521,_ZN7itemman12ITEM_MANAGER10IsFileOpenEv,itemman::ITEM_MANAGER::IsFileOpen(),0,3197428,.text,FUNCTION,RETAIL_ORIGINAL_SYMBOL
|static|,static.crs,named,2522,_ZN7itemman12ITEM_MANAGER11IsFileCloseEv,itemman::ITEM_MANAGER::IsFileClose(),0,3197508,.text,FUNCTION,RETAIL_ORIGINAL_SYMBOL
|static|,static.crs,named,2523,_ZN7itemman12ITEM_MANAGER7GetDataEiRN4item9ITEM_DATAE,"itemman::ITEM_MANAGER::GetData(int, item::ITEM_DATA&)",0,3197588,.text,FUNCTION,RETAIL_ORIGINAL_SYMBOL
|static|,static.crs,named,2524,_ZN7itemman12ITEM_MANAGER8FileOpenEPN4gfl24heap11CtrHeapBaseE,itemman::ITEM_MANAGER::FileOpen(gfl2::heap::CtrHeapBase*),0,3198024,.text,FUNCTION,RETAIL_ORIGINAL_SYMBOL
|static|,static.crs,named,2525,_ZN7itemman12ITEM_MANAGER8GetParamEiN4item9ITEM_DATA11ITEM_PRM_IDE,"itemman::ITEM_MANAGER::GetParam(int, item::ITEM_DATA::ITEM_PRM_ID)",0,3198220,.text,FUNCTION,RETAIL_ORIGINAL_SYMBOL
|static|,static.crs,named,2526,_ZN7itemman12ITEM_MANAGER9FileCloseEPN4gfl24heap11CtrHeapBaseE,itemman::ITEM_MANAGER::FileClose(gfl2::heap::CtrHeapBase*),0,3198316,.text,FUNCTION,RETAIL_ORIGINAL_SYMBOL
|static|,static.crs,named,2527,_ZN7itemman12ITEM_MANAGERC1EPN4gfl24heap11CtrHeapBaseEib,"itemman::ITEM_MANAGER::ITEM_MANAGER(gfl2::heap::CtrHeapBase*, int, bool)",0,3198476,.text,FUNCTION,RETAIL_ORIGINAL_SYMBOL
|static|,static.crs,named,2528,_ZN7poke_3d5model10BaseCamera11SetPositionERKN4gfl24math7Vector3E,poke_3d::model::BaseCamera::SetPosition(gfl2::math::Vector3 const&),0,3199036,.text,FUNCTION,RETAIL_ORIGINAL_SYMBOL
|static|,static.crs,named,2529,_ZN7poke_3d5model10BaseCamera11SetPositionEfff,"poke_3d::model::BaseCamera::SetPosition(float, float, float)",0,3199064,.text,FUNCTION,RETAIL_ORIGINAL_SYMBOL
|static|,static.crs,named,2530,_ZN7poke_3d5model10BaseCamera11SetRotationEfffN4gfl24math13EulerRotation13RotationOrderE,"poke_3d::model::BaseCamera::SetRotation(float, float, float, gfl2::math::EulerRotation::RotationOrder)",0,3199076,.text,FUNCTION,RETAIL_ORIGINAL_SYMBOL
|static|,static.crs,named,2531,_ZN7poke_3d5model10BaseCamera12EndAnimationEv,poke_3d::model::BaseCamera::EndAnimation(),0,3199176,.text,FUNCTION,RETAIL_ORIGINAL_SYMBOL
|static|,static.crs,named,2532,_ZN7poke_3d5model10BaseCamera14SetAspectRatioEf,poke_3d::model::BaseCamera::SetAspectRatio(float),0,3199236,.text,FUNCTION,RETAIL_ORIGINAL_SYMBOL
|static|,static.crs,named,2533,_ZN7poke_3d5model10BaseCamera15SetRotationQuatERKN4gfl24math10QuaternionE,poke_3d::model::BaseCamera::SetRotationQuat(gfl2::math::Quaternion const&),0,3199244,.text,FUNCTION,RETAIL_ORIGINAL_SYMBOL
|static|,static.crs,named,2534,_ZN7poke_3d5model10BaseCamera15UpdateAnimationEv,poke_3d::model::BaseCamera::UpdateAnimation(),0,3199260,.text,FUNCTION,RETAIL_ORIGINAL_SYMBOL
|static|,static.crs,named,2535,_ZN7poke_3d5model10BaseCamera16SetAnimationLoopEi,poke_3d::model::BaseCamera::SetAnimationLoop(int),0,3199684,.text,FUNCTION,RETAIL_ORIGINAL_SYMBOL
|static|,static.crs,named,2536,_ZN7poke_3d5model10BaseCamera17SetAnimationFrameEf,poke_3d::model::BaseCamera::SetAnimationFrame(float),0,3199700,.text,FUNCTION,RETAIL_ORIGINAL_SYMBOL
|static|,static.crs,named,2537,_ZN7poke_3d5model10BaseCamera17SetTargetPositionERKN4gfl24math7Vector3E,poke_3d::model::BaseCamera::SetTargetPosition(gfl2::math::Vector3 const&),0,3199708,.text,FUNCTION,RETAIL_ORIGINAL_SYMBOL
|static|,static.crs,named,2538,_ZN7poke_3d5model10BaseCamera17SetupCameraLookAtERKN4gfl24math7Vector3ES6_S6_,"poke_3d::model::BaseCamera::SetupCameraLookAt(gfl2::math::Vector3 const&, gfl2::math::Vector3 const&, gfl2::math::Vector3 const&)",0,3199736,.text,FUNCTION,RETAIL_ORIGINAL_SYMBOL
|static|,static.crs,named,2539,_ZN7poke_3d5model10BaseCamera21SetAnimationStepFrameEf,poke_3d::model::BaseCamera::SetAnimationStepFrame(float),0,3200144,.text,FUNCTION,RETAIL_ORIGINAL_SYMBOL
|static|,static.crs,named,2540,_ZN7poke_3d5model10BaseCamera22SetLocalAnimationScaleEf,poke_3d::model::BaseCamera::SetLocalAnimationScale(float),0,3200152,.text,FUNCTION,RETAIL_ORIGINAL_SYMBOL
|static|,static.crs,named,2541,_ZN7poke_3d5model10BaseCamera34ChangeAnimationLocalByResourceNodeEPN4gfl215renderingengine10scenegraph8resource12ResourceNodeE,poke_3d::model::BaseCamera::ChangeAnimationLocalByResourceNode(gfl2::renderingengine::scenegraph::resource::ResourceNode*),0,3200160,.text,FUNCTION,RETAIL_ORIGINAL_SYMBOL
|static|,static.crs,named,2542,_ZN7poke_3d5model10BaseCamera35ChangeAnimationGlobalByResourceNodeEPN4gfl215renderingengine10scenegraph8resource12ResourceNodeE,poke_3d::model::BaseCamera::ChangeAnimationGlobalByResourceNode(gfl2::renderingengine::scenegraph::resource::ResourceNode*),0,3200192,.text,FUNCTION,RETAIL_ORIGINAL_SYMBOL
|static|,static.crs,named,2543,_ZN7poke_3d5model10BaseCamera40ChangeAnimationLocalSmoothByResourceNodeEPN4gfl215renderingengine10scenegraph8resource12ResourceNodeEjNS2_4math6Easing8EaseFuncE,"poke_3d::model::BaseCamera::ChangeAnimationLocalSmoothByResourceNode(gfl2::renderingengine::scenegraph::resource::ResourceNode*, unsigned int, gfl2::math::Easing::EaseFunc)",0,3200224,.text,FUNCTION,RETAIL_ORIGINAL_SYMBOL
|static|,static.crs,named,2544,_ZN7poke_3d5model10BaseCamera41ChangeAnimationGlobalSmoothByResourceNodeEPN4gfl215renderingengine10scenegraph8resource12ResourceNodeEjNS2_4math6Easing8EaseFuncE,"poke_3d::model::BaseCamera::ChangeAnimationGlobalSmoothByResourceNode(gfl2::renderingengine::scenegraph::resource::ResourceNode*, unsigned int, gfl2::math::Easing::EaseFunc)",0,3200264,.text,FUNCTION,RETAIL_ORIGINAL_SYMBOL
|static|,static.crs,named,2545,_ZN7poke_3d5model10BaseCamera6CreateEPN4gfl23gfx12IGLAllocatorEPNS2_4heap11CtrHeapBaseEPNS2_15renderingengine10scenegraph8instance11DrawEnvNodeEj,"poke_3d::model::BaseCamera::Create(gfl2::gfx::IGLAllocator*, gfl2::heap::CtrHeapBase*, gfl2::renderingengine::scenegraph::instance::DrawEnvNode*, unsigned int)",0,3200304,.text,FUNCTION,RETAIL_ORIGINAL_SYMBOL
|static|,static.crs,named,2546,_ZN7poke_3d5model10BaseCamera6SetFarEf,poke_3d::model::BaseCamera::SetFar(float),0,3200444,.text,FUNCTION,RETAIL_ORIGINAL_SYMBOL
|static|,static.crs,named,2547,_ZN7poke_3d5model10BaseCamera7SetFovyEf,poke_3d::model::BaseCamera::SetFovy(float),0,3200452,.text,FUNCTION,RETAIL_ORIGINAL_SYMBOL
|static|,static.crs,named,2548,_ZN7poke_3d5model10BaseCamera7SetNearEf,poke_3d::model::BaseCamera::SetNear(float),0,3200460,.text,FUNCTION,RETAIL_ORIGINAL_SYMBOL
|static|,static.crs,named,2549,_ZN7poke_3d5model10BaseCameraC1Ev,poke_3d::model::BaseCamera::BaseCamera(),0,3200748,.text,FUNCTION,RETAIL_ORIGINAL_SYMBOL
|static|,static.crs,named,2550,_ZN7poke_3d5model10CharaModel11SetEyeIndexENS1_8EyeIndexE,poke_3d::model::CharaModel::SetEyeIndex(poke_3d::model::CharaModel::EyeIndex),0,3201640,.text,FUNCTION,RETAIL_ORIGINAL_SYMBOL
|static|,static.crs,named,2551,_ZN7poke_3d5model10CharaModel11UpdateMouthEv,poke_3d::model::CharaModel::UpdateMouth(),0,3201752,.text,FUNCTION,RETAIL_ORIGINAL_SYMBOL
|static|,static.crs,named,2552,_ZN7poke_3d5model10CharaModel12SetNeckAngleEffj,"poke_3d::model::CharaModel::SetNeckAngle(float, float, unsigned int)",0,3201924,.text,FUNCTION,RETAIL_ORIGINAL_SYMBOL
|static|,static.crs,named,2553,_ZN7poke_3d5model10CharaModel13SetMouthIndexENS1_10MouthIndexE,poke_3d::model::CharaModel::SetMouthIndex(poke_3d::model::CharaModel::MouthIndex),0,3202236,.text,FUNCTION,RETAIL_ORIGINAL_SYMBOL
|static|,static.crs,named,2554,_ZN7poke_3d5model10CharaModel14ResetNeckAngleEj,poke_3d::model::CharaModel::ResetNeckAngle(unsigned int),0,3202244,.text,FUNCTION,RETAIL_ORIGINAL_SYMBOL
|static|,static.crs,named,2555,_ZN7poke_3d5model10CharaModel14SetupRandomFucEPFjjE,poke_3d::model::CharaModel::SetupRandomFuc(unsigned int (*)(unsigned int)),0,3202388,.text,FUNCTION,RETAIL_ORIGINAL_SYMBOL
|static|,static.crs,named,2556,_ZN7poke_3d5model10CharaModel16SetAutoBlinkModeENS1_13AutoBlinkModeE,poke_3d::model::CharaModel::SetAutoBlinkMode(poke_3d::model::CharaModel::AutoBlinkMode),0,3202396,.text,FUNCTION,RETAIL_ORIGINAL_SYMBOL
|static|,static.crs,named,2557,_ZN7poke_3d5model10CharaModel9UpdateEyeEv,poke_3d::model::CharaModel::UpdateEye(),0,3203100,.text,FUNCTION,RETAIL_ORIGINAL_SYMBOL
|static|,static.crs,named,2558,_ZN7poke_3d5model10CharaModelC1Ev,poke_3d::model::CharaModel::CharaModel(),0,3203284,.text,FUNCTION,RETAIL_ORIGINAL_SYMBOL
|static|,static.crs,named,2559,_ZN7poke_3d5model12DressUpModelC1Ev,poke_3d::model::DressUpModel::DressUpModel(),0,3208152,.text,FUNCTION,RETAIL_ORIGINAL_SYMBOL
|static|,static.crs,named,2560,_ZN7poke_3d5model12PokemonModel12UpdateSpringEv,poke_3d::model::PokemonModel::UpdateSpring(),0,3209468,.text,FUNCTION,RETAIL_ORIGINAL_SYMBOL
|static|,static.crs,named,2561,_ZN7poke_3d5model12PokemonModel13SetLightSetNoEj,poke_3d::model::PokemonModel::SetLightSetNo(unsigned int),0,3209492,.text,FUNCTION,RETAIL_ORIGINAL_SYMBOL
|static|,static.crs,named,2562,_ZN7poke_3d5model12PokemonModel15SetAmbientColorERKN4gfl24math7Vector4E,poke_3d::model::PokemonModel::SetAmbientColor(gfl2::math::Vector4 const&),0,3209652,.text,FUNCTION,RETAIL_ORIGINAL_SYMBOL
|static|,static.crs,named,2563,_ZN7poke_3d5model12PokemonModel15SetSpringEnableEb,poke_3d::model::PokemonModel::SetSpringEnable(bool),0,3209688,.text,FUNCTION,RETAIL_ORIGINAL_SYMBOL
|static|,static.crs,named,2564,_ZN7poke_3d5model12PokemonModel15UpdateAnimationEf,poke_3d::model::PokemonModel::UpdateAnimation(float),0,3209780,.text,FUNCTION,RETAIL_ORIGINAL_SYMBOL
|static|,static.crs,named,2565,_ZN7poke_3d5model12PokemonModel18SetSpringDownForceENS1_10SpringSideEf,"poke_3d::model::PokemonModel::SetSpringDownForce(poke_3d::model::PokemonModel::SpringSide, float)",0,3210768,.text,FUNCTION,RETAIL_ORIGINAL_SYMBOL
|static|,static.crs,named,2566,_ZN7poke_3d5model12PokemonModel21IsEnabledAmbientColorEv,poke_3d::model::PokemonModel::IsEnabledAmbientColor(),0,3211472,.text,FUNCTION,RETAIL_ORIGINAL_SYMBOL
|static|,static.crs,named,2567,_ZN7poke_3d5model12PokemonModel22SetEnabledAmbientColorEi,poke_3d::model::PokemonModel::SetEnabledAmbientColor(int),0,3211508,.text,FUNCTION,RETAIL_ORIGINAL_SYMBOL
|static|,static.crs,named,2568,_ZN7poke_3d5model17CharaModelFactory15InitializeAsyncEPN4gfl22fs16AsyncFileManagerEPNS2_4heap11CtrHeapBaseEj,"poke_3d::model::CharaModelFactory::InitializeAsync(gfl2::fs::AsyncFileManager*, gfl2::heap::CtrHeapBase*, unsigned int)",0,3215980,.text,FUNCTION,RETAIL_ORIGINAL_SYMBOL
|static|,static.crs,named,2569,_ZN7poke_3d5model17CharaModelFactory10InitializeEPN4gfl22fs16AsyncFileManagerEPNS2_4heap11CtrHeapBaseEj,"poke_3d::model::CharaModelFactory::Initialize(gfl2::fs::AsyncFileManager*, gfl2::heap::CtrHeapBase*, unsigned int)",0,3215984,.text,FUNCTION,RETAIL_ORIGINAL_SYMBOL
|static|,static.crs,named,2570,_ZN5Field9MoveModel21FieldMoveModelManager10SetupModelEj,Field::MoveModel::FieldMoveModelManager::SetupModel(unsigned int),0,3216288,.text,FUNCTION,RETAIL_ORIGINAL_SYMBOL
|static|,static.crs,named,2571,_ZN7poke_3d5model17CharaModelFactory10SetupModelEPN4gfl23gfx12IGLAllocatorEj,"poke_3d::model::CharaModelFactory::SetupModel(gfl2::gfx::IGLAllocator*, unsigned int)",0,3216372,.text,FUNCTION,RETAIL_ORIGINAL_SYMBOL
|static|,static.crs,named,2572,_ZN7poke_3d5model17CharaModelFactory11CreateModelEPN4gfl23gfx12IGLAllocatorEPNS2_4heap11CtrHeapBaseEPNS0_10CharaModelEj,"poke_3d::model::CharaModelFactory::CreateModel(gfl2::gfx::IGLAllocator*, gfl2::heap::CtrHeapBase*, poke_3d::model::CharaModel*, unsigned int)",0,3216672,.text,FUNCTION,RETAIL_ORIGINAL_SYMBOL
|static|,static.crs,named,2573,_ZN7poke_3d5model17CharaModelFactory14LoadModelAsyncEPN4gfl24heap11CtrHeapBaseEj,"poke_3d::model::CharaModelFactory::LoadModelAsync(gfl2::heap::CtrHeapBase*, unsigned int)",0,3216956,.text,FUNCTION,RETAIL_ORIGINAL_SYMBOL
|static|,static.crs,named,2574,_ZN7poke_3d5model17CharaModelFactory14LoadModelAsyncEj,poke_3d::model::CharaModelFactory::LoadModelAsync(unsigned int),0,3217072,.text,FUNCTION,RETAIL_ORIGINAL_SYMBOL
|static|,static.crs,named,2575,_ZN7poke_3d5model17CharaModelFactory14UnloadModelAllEv,poke_3d::model::CharaModelFactory::UnloadModelAll(),0,3217184,.text,FUNCTION,RETAIL_ORIGINAL_SYMBOL
|static|,static.crs,named,2576,_ZN7poke_3d5model17CharaModelFactory15SetupRandomFuncEPFjjE,poke_3d::model::CharaModelFactory::SetupRandomFunc(unsigned int (*)(unsigned int)),0,3217292,.text,FUNCTION,RETAIL_ORIGINAL_SYMBOL
|static|,static.crs,named,2577,_ZN7poke_3d5model17CharaModelFactory18CreateDressUpModelEPN4gfl23gfx12IGLAllocatorEPNS2_4heap11CtrHeapBaseEPNS0_12DressUpModelEPNS0_27DressUpModelResourceManagerEj,"poke_3d::model::CharaModelFactory::CreateDressUpModel(gfl2::gfx::IGLAllocator*, gfl2::heap::CtrHeapBase*, poke_3d::model::DressUpModel*, poke_3d::model::DressUpModelResourceManager*, unsigned int)",0,3217512,.text,FUNCTION,RETAIL_ORIGINAL_SYMBOL
|static|,static.crs,named,2578,_ZN7poke_3d5model17CharaModelFactory19WaitInitializeAsyncEv,poke_3d::model::CharaModelFactory::WaitInitializeAsync(),0,3219004,.text,FUNCTION,RETAIL_ORIGINAL_SYMBOL
|static|,static.crs,named,2579,_ZN7poke_3d5model17CharaModelFactory24LoadDynamicAnimationSyncEPN4gfl24heap11CtrHeapBaseEj,"poke_3d::model::CharaModelFactory::LoadDynamicAnimationSync(gfl2::heap::CtrHeapBase*, unsigned int)",0,3219012,.text,FUNCTION,RETAIL_ORIGINAL_SYMBOL
|static|,static.crs,named,2580,_ZN7poke_3d5model17CharaModelFactory25LoadDynamicAnimationAsyncEPN4gfl24heap11CtrHeapBaseEj,"poke_3d::model::CharaModelFactory::LoadDynamicAnimationAsync(gfl2::heap::CtrHeapBase*, unsigned int)",0,3219144,.text,FUNCTION,RETAIL_ORIGINAL_SYMBOL
|static|,static.crs,named,2581,_ZN7poke_3d5model17CharaModelFactory25LoadDynamicAnimationAsyncEj,poke_3d::model::CharaModelFactory::LoadDynamicAnimationAsync(unsigned int),0,3219276,.text,FUNCTION,RETAIL_ORIGINAL_SYMBOL
|static|,static.crs,named,2582,_ZN7poke_3d5model17CharaModelFactory8FinalizeEv,poke_3d::model::CharaModelFactory::Finalize(),0,3219420,.text,FUNCTION,RETAIL_ORIGINAL_SYMBOL
|static|,static.crs,named,2583,_ZN7poke_3d5model17CharaModelFactory8SetModelEjPv,"poke_3d::model::CharaModelFactory::SetModel(unsigned int, void*)",0,3219616,.text,FUNCTION,RETAIL_ORIGINAL_SYMBOL
|static|,static.crs,named,2584,_ZN7poke_3d5model17CharaModelFactoryC1Ev,poke_3d::model::CharaModelFactory::CharaModelFactory(),0,3219684,.text,FUNCTION,RETAIL_ORIGINAL_SYMBOL
|static|,static.crs,named,2585,_ZN7poke_3d5model17CharaModelFactoryD1Ev,poke_3d::model::CharaModelFactory::~CharaModelFactory(),0,3219720,.text,FUNCTION,RETAIL_ORIGINAL_SYMBOL
|static|,static.crs,named,2586,_ZN7poke_3d5model17CharaModelFactory11UnloadModelEj,poke_3d::model::CharaModelFactory::UnloadModel(unsigned int),0,3222628,.text,FUNCTION,RETAIL_ORIGINAL_SYMBOL
|static|,static.crs,named,2587,_ZN7poke_3d5model17CharaModelFactory21SetupDynamicAnimationEPN4gfl23gfx12IGLAllocatorEPNS2_4heap11CtrHeapBaseEj,"poke_3d::model::CharaModelFactory::SetupDynamicAnimation(gfl2::gfx::IGLAllocator*, gfl2::heap::CtrHeapBase*, unsigned int)",0,3223552,.text,FUNCTION,RETAIL_ORIGINAL_SYMBOL
|static|,static.crs,named,2588,_ZN7poke_3d5model17CharaModelFactory22UnloadDynamicAnimationEj,poke_3d::model::CharaModelFactory::UnloadDynamicAnimation(unsigned int),0,3223732,.text,FUNCTION,RETAIL_ORIGINAL_SYMBOL
|static|,static.crs,named,2589,_ZN7poke_3d5model27DressUpModelResourceManager10InitializeEPN4gfl22fs16AsyncFileManagerEPNS2_4heap11CtrHeapBaseEPi,"poke_3d::model::DressUpModelResourceManager::Initialize(gfl2::fs::AsyncFileManager*, gfl2::heap::CtrHeapBase*, int*)",0,3228352,.text,FUNCTION,RETAIL_ORIGINAL_SYMBOL
|static|,static.crs,named,2590,_ZN7poke_3d5model27DressUpModelResourceManager15InitializeAsyncEPN4gfl22fs16AsyncFileManagerEPNS2_4heap11CtrHeapBaseEPi,"poke_3d::model::DressUpModelResourceManager::InitializeAsync(gfl2::fs::AsyncFileManager*, gfl2::heap::CtrHeapBase*, int*)",0,3228696,.text,FUNCTION,RETAIL_ORIGINAL_SYMBOL
|static|,static.crs,named,2591,_ZN7poke_3d5model27DressUpModelResourceManager18UnloadDressUpPartsERKNS0_12DressUpParamE,poke_3d::model::DressUpModelResourceManager::UnloadDressUpParts(poke_3d::model::DressUpParam const&),0,3228768,.text,FUNCTION,RETAIL_ORIGINAL_SYMBOL
|static|,static.crs,named,2592,_ZN7poke_3d5model27DressUpModelResourceManager19IsSetupDressUpPartsERKNS0_12DressUpParamE,poke_3d::model::DressUpModelResourceManager::IsSetupDressUpParts(poke_3d::model::DressUpParam const&),0,3228844,.text,FUNCTION,RETAIL_ORIGINAL_SYMBOL
|static|,static.crs,named,2593,_ZN7poke_3d5model27DressUpModelResourceManager19WaitInitializeAsyncEv,poke_3d::model::DressUpModelResourceManager::WaitInitializeAsync(),0,3229008,.text,FUNCTION,RETAIL_ORIGINAL_SYMBOL
|static|,static.crs,named,2594,_ZN7poke_3d5model27DressUpModelResourceManager20IsDressUpPartsLoadedERKNS0_12DressUpParamE,poke_3d::model::DressUpModelResourceManager::IsDressUpPartsLoaded(poke_3d::model::DressUpParam const&),0,3229032,.text,FUNCTION,RETAIL_ORIGINAL_SYMBOL
|static|,static.crs,named,2595,_ZN7poke_3d5model27DressUpModelResourceManager21LoadDressUpPartsAsyncERKNS0_12DressUpParamE,poke_3d::model::DressUpModelResourceManager::LoadDressUpPartsAsync(poke_3d::model::DressUpParam const&),0,3229196,.text,FUNCTION,RETAIL_ORIGINAL_SYMBOL
|static|,static.crs,named,2596,_ZN7poke_3d5model27DressUpModelResourceManager21UnloadDressUpPartsAllEv,poke_3d::model::DressUpModelResourceManager::UnloadDressUpPartsAll(),0,3229384,.text,FUNCTION,RETAIL_ORIGINAL_SYMBOL
|static|,static.crs,named,2597,_ZN7poke_3d5model27DressUpModelResourceManager22SetupDressUpPartsAsyncEPN4gfl23gfx12IGLAllocatorERKNS0_12DressUpParamE,"poke_3d::model::DressUpModelResourceManager::SetupDressUpPartsAsync(gfl2::gfx::IGLAllocator*, poke_3d::model::DressUpParam const&)",0,3229476,.text,FUNCTION,RETAIL_ORIGINAL_SYMBOL
|static|,static.crs,named,2598,_ZN7poke_3d5model27DressUpModelResourceManager28SetupDressUpDynamicAnimationEPN4gfl23gfx12IGLAllocatorEPNS2_4heap11CtrHeapBaseERKNS0_12DressUpParamEj,"poke_3d::model::DressUpModelResourceManager::SetupDressUpDynamicAnimation(gfl2::gfx::IGLAllocator*, gfl2::heap::CtrHeapBase*, poke_3d::model::DressUpParam const&, unsigned int)",0,3229520,.text,FUNCTION,RETAIL_ORIGINAL_SYMBOL
|static|,static.crs,named,2599,_ZN7poke_3d5model27DressUpModelResourceManager29UnloadDressUpDynamicAnimationERKNS0_12DressUpParamEj,"poke_3d::model::DressUpModelResourceManager::UnloadDressUpDynamicAnimation(poke_3d::model::DressUpParam const&, unsigned int)",0,3229712,.text,FUNCTION,RETAIL_ORIGINAL_SYMBOL
|static|,static.crs,named,2600,_ZN7poke_3d5model27DressUpModelResourceManager31IsDressUpDynamicAnimationLoadedERKNS0_12DressUpParamEj,"poke_3d::model::DressUpModelResourceManager::IsDressUpDynamicAnimationLoaded(poke_3d::model::DressUpParam const&, unsigned int)",0,3229892,.text,FUNCTION,RETAIL_ORIGINAL_SYMBOL
|static|,static.crs,named,2601,_ZN7poke_3d5model27DressUpModelResourceManager32LoadDressUpDynamicAnimationAsyncERKNS0_12DressUpParamEj,"poke_3d::model::DressUpModelResourceManager::LoadDressUpDynamicAnimationAsync(poke_3d::model::DressUpParam const&, unsigned int)",0,3230092,.text,FUNCTION,RETAIL_ORIGINAL_SYMBOL
|static|,static.crs,named,2602,_ZN3app4tool16CharaSimpleModel34GetDressUpModelResourceManagerCoreEN7poke_3d5model12DressUpParam3SexE,app::tool::CharaSimpleModel::GetDressUpModelResourceManagerCore(poke_3d::model::DressUpParam::Sex),0,3230116,.text,FUNCTION,RETAIL_ORIGINAL_SYMBOL
|static|,static.crs,named,2603,_ZN7poke_3d5model27DressUpModelResourceManager8FinalizeEv,poke_3d::model::DressUpModelResourceManager::Finalize(),0,3230380,.text,FUNCTION,RETAIL_ORIGINAL_SYMBOL
|static|,static.crs,named,2604,_ZN7poke_3d5model27DressUpModelResourceManagerC1Ev,poke_3d::model::DressUpModelResourceManager::DressUpModelResourceManager(),0,3230548,.text,FUNCTION,RETAIL_ORIGINAL_SYMBOL
|static|,static.crs,named,2605,_ZN7poke_3d5model27DressUpModelResourceManagerD1Ev,poke_3d::model::DressUpModelResourceManager::~DressUpModelResourceManager(),0,3230584,.text,FUNCTION,RETAIL_ORIGINAL_SYMBOL
|static|,static.crs,named,2606,_ZN7poke_3d5model27DressUpModelResourceManager17SetupDressUpPartsEPN4gfl23gfx12IGLAllocatorERKNS0_12DressUpParamE,"poke_3d::model::DressUpModelResourceManager::SetupDressUpParts(gfl2::gfx::IGLAllocator*, poke_3d::model::DressUpParam const&)",0,3231628,.text,FUNCTION,RETAIL_ORIGINAL_SYMBOL
|static|,static.crs,named,2607,_ZN7poke_3d5model27DressUpModelResourceManager26WaitSetupDressUpPartsAsyncEPN4gfl23gfx12IGLAllocatorERKNS0_12DressUpParamE,"poke_3d::model::DressUpModelResourceManager::WaitSetupDressUpPartsAsync(gfl2::gfx::IGLAllocator*, poke_3d::model::DressUpParam const&)",0,3234860,.text,FUNCTION,RETAIL_ORIGINAL_SYMBOL
|static|,static.crs,named,2608,_ZN7poke_3d5model27DressUpModelResourceManager31LoadDressUpDynamicAnimationSyncEPN4gfl24heap11CtrHeapBaseERKNS0_12DressUpParamEj,"poke_3d::model::DressUpModelResourceManager::LoadDressUpDynamicAnimationSync(gfl2::heap::CtrHeapBase*, poke_3d::model::DressUpParam const&, unsigned int)",0,3235212,.text,FUNCTION,RETAIL_ORIGINAL_SYMBOL
|static|,static.crs,named,2609,_ZN7poke_3d5model27DressUpModelResourceManager32LoadDressUpDynamicAnimationAsyncEPN4gfl24heap11CtrHeapBaseERKNS0_12DressUpParamEj,"poke_3d::model::DressUpModelResourceManager::LoadDressUpDynamicAnimationAsync(gfl2::heap::CtrHeapBase*, poke_3d::model::DressUpParam const&, unsigned int)",0,3235604,.text,FUNCTION,RETAIL_ORIGINAL_SYMBOL
|static|,static.crs,named,2610,_ZN7poke_3d5model9BaseModel10SetVisibleEi,poke_3d::model::BaseModel::SetVisible(int),0,3240036,.text,FUNCTION,RETAIL_ORIGINAL_SYMBOL
|static|,static.crs,named,2611,_ZN7poke_3d5model9BaseModel11SetPositionERKN4gfl24math7Vector3E,poke_3d::model::BaseModel::SetPosition(gfl2::math::Vector3 const&),0,3240164,.text,FUNCTION,RETAIL_ORIGINAL_SYMBOL
|static|,static.crs,named,2612,_ZN7poke_3d5model9BaseModel11SetPositionEfff,"poke_3d::model::BaseModel::SetPosition(float, float, float)",0,3240208,.text,FUNCTION,RETAIL_ORIGINAL_SYMBOL
|static|,static.crs,named,2613,_ZN7poke_3d5model9BaseModel11SetRotationERKN4gfl24math7Vector3ENS3_13EulerRotation13RotationOrderE,"poke_3d::model::BaseModel::SetRotation(gfl2::math::Vector3 const&, gfl2::math::EulerRotation::RotationOrder)",0,3240236,.text,FUNCTION,RETAIL_ORIGINAL_SYMBOL
|static|,static.crs,named,2614,_ZN7poke_3d5model9BaseModel11SetRotationEfffN4gfl24math13EulerRotation13RotationOrderE,"poke_3d::model::BaseModel::SetRotation(float, float, float, gfl2::math::EulerRotation::RotationOrder)",0,3240768,.text,FUNCTION,RETAIL_ORIGINAL_SYMBOL
|static|,static.crs,named,2615,_ZN7poke_3d5model9BaseModel14GetWorldMatrixEv,poke_3d::model::BaseModel::GetWorldMatrix(),0,3241220,.text,FUNCTION,RETAIL_ORIGINAL_SYMBOL
|static|,static.crs,named,2616,_ZN7poke_3d5model9BaseModel15SetRotationQuatERKN4gfl24math10QuaternionE,poke_3d::model::BaseModel::SetRotationQuat(gfl2::math::Quaternion const&),0,3241576,.text,FUNCTION,RETAIL_ORIGINAL_SYMBOL
|static|,static.crs,named,2617,_ZN7poke_3d5model9BaseModel15UpdateAnimationENS1_12AnimationBitE,poke_3d::model::BaseModel::UpdateAnimation(poke_3d::model::BaseModel::AnimationBit),0,3241728,.text,FUNCTION,RETAIL_ORIGINAL_SYMBOL
|static|,static.crs,named,2618,_ZN7poke_3d5model9BaseModel16SetAnimationLoopEijNS1_12AnimationBitE,"poke_3d::model::BaseModel::SetAnimationLoop(int, unsigned int, poke_3d::model::BaseModel::AnimationBit)",0,3241940,.text,FUNCTION,RETAIL_ORIGINAL_SYMBOL
|static|,static.crs,named,2619,_ZN7poke_3d5model9BaseModel16SetInterestSpeedEjf,"poke_3d::model::BaseModel::SetInterestSpeed(unsigned int, float)",0,3241996,.text,FUNCTION,RETAIL_ORIGINAL_SYMBOL
|static|,static.crs,named,2620,_ZN7poke_3d5model9BaseModel17SetAnimationFrameEfjNS1_12AnimationBitE,"poke_3d::model::BaseModel::SetAnimationFrame(float, unsigned int, poke_3d::model::BaseModel::AnimationBit)",0,3242116,.text,FUNCTION,RETAIL_ORIGINAL_SYMBOL
|static|,static.crs,named,2621,_ZN7poke_3d5model9BaseModel19SetInterestPositionEPKN4gfl24math7Vector3E,poke_3d::model::BaseModel::SetInterestPosition(gfl2::math::Vector3 const*),0,3242188,.text,FUNCTION,RETAIL_ORIGINAL_SYMBOL
|static|,static.crs,named,2622,_ZN7poke_3d5model9BaseModel20SetAnimationPackListEPN4gfl29animation17AnimationPackListE,poke_3d::model::BaseModel::SetAnimationPackList(gfl2::animation::AnimationPackList*),0,3242272,.text,FUNCTION,RETAIL_ORIGINAL_SYMBOL
|static|,static.crs,named,2623,_ZN7poke_3d5model9BaseModel20SetInterestSpringValEff,"poke_3d::model::BaseModel::SetInterestSpringVal(float, float)",0,3242280,.text,FUNCTION,RETAIL_ORIGINAL_SYMBOL
|static|,static.crs,named,2624,_ZN7poke_3d5model9BaseModel21SetAnimationStepFrameEfjNS1_12AnimationBitE,"poke_3d::model::BaseModel::SetAnimationStepFrame(float, unsigned int, poke_3d::model::BaseModel::AnimationBit)",0,3242432,.text,FUNCTION,RETAIL_ORIGINAL_SYMBOL
|static|,static.crs,named,2625,_ZN7poke_3d5model9BaseModel24SetMaterialColorConstantEiiRKN4gfl24math7Vector4E,"poke_3d::model::BaseModel::SetMaterialColorConstant(int, int, gfl2::math::Vector4 const&)",0,3243292,.text,FUNCTION,RETAIL_ORIGINAL_SYMBOL
|static|,static.crs,named,2626,_ZN7poke_3d5model9BaseModel24SetMaterialColorConstantEiiffff,"poke_3d::model::BaseModel::SetMaterialColorConstant(int, int, float, float, float, float)",0,3243360,.text,FUNCTION,RETAIL_ORIGINAL_SYMBOL
|static|,static.crs,named,2627,_ZN7poke_3d5model9BaseModel24SetMaterialLightSetIndexEis,"poke_3d::model::BaseModel::SetMaterialLightSetIndex(int, short)",0,3243460,.text,FUNCTION,RETAIL_ORIGINAL_SYMBOL
|static|,static.crs,named,2628,_ZN7poke_3d5model9BaseModel25SetInterestTagAdjustAngleEf,poke_3d::model::BaseModel::SetInterestTagAdjustAngle(float),0,3243772,.text,FUNCTION,RETAIL_ORIGINAL_SYMBOL
|static|,static.crs,named,2629,_ZN7poke_3d5model9BaseModel26SetInterestResetFrameCountEji,"poke_3d::model::BaseModel::SetInterestResetFrameCount(unsigned int, int)",0,3243784,.text,FUNCTION,RETAIL_ORIGINAL_SYMBOL
|static|,static.crs,named,2630,_ZN7poke_3d5model9BaseModel27ResetInterestTagAdjustAngleEv,poke_3d::model::BaseModel::ResetInterestTagAdjustAngle(),0,3243872,.text,FUNCTION,RETAIL_ORIGINAL_SYMBOL
|static|,static.crs,named,2631,_ZN7poke_3d5model9BaseModel28SetInterestAdjustAngleEnableEb,poke_3d::model::BaseModel::SetInterestAdjustAngleEnable(bool),0,3244028,.text,FUNCTION,RETAIL_ORIGINAL_SYMBOL
|static|,static.crs,named,2632,_ZN7poke_3d5model9BaseModel28SetMaterialDepthTestFunctionEiNS1_20MaterialTestFunctionE,"poke_3d::model::BaseModel::SetMaterialDepthTestFunction(int, poke_3d::model::BaseModel::MaterialTestFunction)",0,3244040,.text,FUNCTION,RETAIL_ORIGINAL_SYMBOL
|static|,static.crs,named,2633,_ZN7poke_3d5model9BaseModel29ChangeAnimationByResourceNodeEPN4gfl215renderingengine10scenegraph8resource12ResourceNodeEjNS1_12AnimationBitE,"poke_3d::model::BaseModel::ChangeAnimationByResourceNode(gfl2::renderingengine::scenegraph::resource::ResourceNode*, unsigned int, poke_3d::model::BaseModel::AnimationBit)",0,3244252,.text,FUNCTION,RETAIL_ORIGINAL_SYMBOL
|static|,static.crs,named,2634,_ZN7poke_3d5model9BaseModel37SetMaterialTextureCoordinatorRotateUVEiif,"poke_3d::model::BaseModel::SetMaterialTextureCoordinatorRotateUV(int, int, float)",0,3244724,.text,FUNCTION,RETAIL_ORIGINAL_SYMBOL
|static|,static.crs,named,2635,_ZN7poke_3d5model9BaseModel40SetMaterialTextureCoordinatorTranslateUVEiiRKN4gfl24math7Vector2E,"poke_3d::model::BaseModel::SetMaterialTextureCoordinatorTranslateUV(int, int, gfl2::math::Vector2 const&)",0,3244808,.text,FUNCTION,RETAIL_ORIGINAL_SYMBOL
|static|,static.crs,named,2636,_ZN7poke_3d5model9BaseModel6CreateEPN4gfl23gfx12IGLAllocatorEPNS2_4heap11CtrHeapBaseEPNS2_15renderingengine10scenegraph8instance17ModelInstanceNodeEPNSA_8resource12ResourceNodeE,"poke_3d::model::BaseModel::Create(gfl2::gfx::IGLAllocator*, gfl2::heap::CtrHeapBase*, gfl2::renderingengine::scenegraph::instance::ModelInstanceNode*, gfl2::renderingengine::scenegraph::resource::ResourceNode*)",0,3244944,.text,FUNCTION,RETAIL_ORIGINAL_SYMBOL
|static|,static.crs,named,2637,_ZN7poke_3d5model9BaseModel6CreateEPN4gfl23gfx12IGLAllocatorEPNS2_4heap11CtrHeapBaseEPNS2_15renderingengine10scenegraph8resource12ResourceNodeEPNSA_7DagNodeE,"poke_3d::model::BaseModel::Create(gfl2::gfx::IGLAllocator*, gfl2::heap::CtrHeapBase*, gfl2::renderingengine::scenegraph::resource::ResourceNode*, gfl2::renderingengine::scenegraph::DagNode*)",0,3244964,.text,FUNCTION,RETAIL_ORIGINAL_SYMBOL
|static|,static.crs,named,2638,_ZN7poke_3d5model9BaseModel6CreateEPN4gfl23gfx12IGLAllocatorEPNS2_4heap11CtrHeapBaseEPNS2_15renderingengine10scenegraph8resource12ResourceNodeESD_,"poke_3d::model::BaseModel::Create(gfl2::gfx::IGLAllocator*, gfl2::heap::CtrHeapBase*, gfl2::renderingengine::scenegraph::resource::ResourceNode*, gfl2::renderingengine::scenegraph::resource::ResourceNode*)",0,3245144,.text,FUNCTION,RETAIL_ORIGINAL_SYMBOL
|static|,static.crs,named,2639,_ZN7poke_3d5model9BaseModel7DestroyEv,poke_3d::model::BaseModel::Destroy(),0,3245388,.text,FUNCTION,RETAIL_ORIGINAL_SYMBOL
|static|,static.crs,named,2640,_ZN7poke_3d5model9BaseModel8SetScaleERKN4gfl24math7Vector3E,poke_3d::model::BaseModel::SetScale(gfl2::math::Vector3 const&),0,3245524,.text,FUNCTION,RETAIL_ORIGINAL_SYMBOL
|static|,static.crs,named,2641,_ZN7poke_3d5model9BaseModel8SetScaleEfff,"poke_3d::model::BaseModel::SetScale(float, float, float)",0,3245568,.text,FUNCTION,RETAIL_ORIGINAL_SYMBOL
|static|,static.crs,named,2642,_ZN7poke_3d5model9BaseModelC1Ev,poke_3d::model::BaseModel::BaseModel(),0,3245756,.text,FUNCTION,RETAIL_ORIGINAL_SYMBOL
|static|,static.crs,named,2643,_ZN7poke_3d5model9BaseModelD1Ev,poke_3d::model::BaseModel::~BaseModel(),0,3245976,.text,FUNCTION,RETAIL_ORIGINAL_SYMBOL
|static|,static.crs,named,2644,_ZN7poke_3d8renderer15BloomRenderPath14SetDrawEnvNodeEPKN4gfl215renderingengine10scenegraph8instance11DrawEnvNodeE,poke_3d::renderer::BloomRenderPath::SetDrawEnvNode(gfl2::renderingengine::scenegraph::instance::DrawEnvNode const*),0,3246124,.text,FUNCTION,RETAIL_ORIGINAL_SYMBOL
|static|,static.crs,named,2645,_ZN7poke_3d8renderer15BloomRenderPath16StartAsyncCreateEPN4gfl24heap11CtrHeapBaseES5_PNS2_3gfx12IGLAllocatorES8_PNS2_2fs16AsyncFileManagerERKNS1_11DescriptionE,"poke_3d::renderer::BloomRenderPath::StartAsyncCreate(gfl2::heap::CtrHeapBase*, gfl2::heap::CtrHeapBase*, gfl2::gfx::IGLAllocator*, gfl2::gfx::IGLAllocator*, gfl2::fs::AsyncFileManager*, poke_3d::renderer::BloomRenderPath::Description const&)",0,3246144,.text,FUNCTION,RETAIL_ORIGINAL_SYMBOL
|static|,static.crs,named,2646,_ZN7poke_3d8renderer15BloomRenderPath10SyncCreateEPN4gfl24heap11CtrHeapBaseES5_PNS2_3gfx12IGLAllocatorES8_PNS2_2fs16AsyncFileManagerERKNS1_11DescriptionE,"poke_3d::renderer::BloomRenderPath::SyncCreate(gfl2::heap::CtrHeapBase*, gfl2::heap::CtrHeapBase*, gfl2::gfx::IGLAllocator*, gfl2::gfx::IGLAllocator*, gfl2::fs::AsyncFileManager*, poke_3d::renderer::BloomRenderPath::Description const&)",0,3254348,.text,FUNCTION,RETAIL_ORIGINAL_SYMBOL
|static|,static.crs,named,2647,_ZN7poke_3d8renderer15BloomRenderPath19SetAlphaMaskTextureEPKN4gfl23gfx7TextureE,poke_3d::renderer::BloomRenderPath::SetAlphaMaskTexture(gfl2::gfx::Texture const*),0,3255984,.text,FUNCTION,RETAIL_ORIGINAL_SYMBOL
|static|,static.crs,named,2648,_ZN7poke_3d8renderer15BloomRenderPath6UpdateEv,poke_3d::renderer::BloomRenderPath::Update(),0,3256004,.text,FUNCTION,RETAIL_ORIGINAL_SYMBOL
|static|,static.crs,named,2649,_ZN7poke_3d8renderer15BloomRenderPathC1Ev,poke_3d::renderer::BloomRenderPath::BloomRenderPath(),0,3256044,.text,FUNCTION,RETAIL_ORIGINAL_SYMBOL
|static|,static.crs,named,2650,_ZN7poke_3d8renderer15BloomRenderPathD1Ev,poke_3d::renderer::BloomRenderPath::~BloomRenderPath(),0,3256312,.text,FUNCTION,RETAIL_ORIGINAL_SYMBOL
|static|,static.crs,named,2651,_ZN7poke_3d8renderer15BloomRenderPath22GetTextureResourceNodeEPN4gfl215renderingengine10scenegraph7DagNodeE,poke_3d::renderer::BloomRenderPath::GetTextureResourceNode(gfl2::renderingengine::scenegraph::DagNode*),0,3256472,.text,FUNCTION,RETAIL_ORIGINAL_SYMBOL
|static|,static.crs,named,2652,_ZN7poke_3d8renderer21OutLinePostRenderPath17SetEdgeMapTextureEjPKN4gfl23gfx7TextureE,"poke_3d::renderer::OutLinePostRenderPath::SetEdgeMapTexture(unsigned int, gfl2::gfx::Texture const*)",0,3258180,.text,FUNCTION,RETAIL_ORIGINAL_SYMBOL
|static|,static.crs,named,2653,_ZN7poke_3d8renderer21OutLinePostRenderPath9SetEnableEji,"poke_3d::renderer::OutLinePostRenderPath::SetEnable(unsigned int, int)",0,3259760,.text,FUNCTION,RETAIL_ORIGINAL_SYMBOL
|static|,static.crs,named,2654,_ZN7poke_3d8renderer22EdgeMapSceneRenderPath20CreateEdgeMapTextureEPN4gfl23gfx12IGLAllocatorEff,"poke_3d::renderer::EdgeMapSceneRenderPath::CreateEdgeMapTexture(gfl2::gfx::IGLAllocator*, float, float)",0,3262368,.text,FUNCTION,RETAIL_ORIGINAL_SYMBOL
|static|,static.crs,named,2655,_ZN7poke_3d8renderer22EdgeMapSceneRenderPath22AddEdgeRenderingTargetEPN4gfl215renderingengine10scenegraph8instance12DrawableNodeE,poke_3d::renderer::EdgeMapSceneRenderPath::AddEdgeRenderingTarget(gfl2::renderingengine::scenegraph::instance::DrawableNode*),0,3262640,.text,FUNCTION,RETAIL_ORIGINAL_SYMBOL
|static|,static.crs,named,2656,_ZN7poke_3d8renderer22EdgeMapSceneRenderPath25RemoveEdgeRenderingTargetEPN4gfl215renderingengine10scenegraph8instance12DrawableNodeE,poke_3d::renderer::EdgeMapSceneRenderPath::RemoveEdgeRenderingTarget(gfl2::renderingengine::scenegraph::instance::DrawableNode*),0,3263164,.text,FUNCTION,RETAIL_ORIGINAL_SYMBOL
|static|,static.crs,named,2657,_ZN7poke_3d8renderer22EdgeMapSceneRenderPath9SetEnableEji,"poke_3d::renderer::EdgeMapSceneRenderPath::SetEnable(unsigned int, int)",0,3263580,.text,FUNCTION,RETAIL_ORIGINAL_SYMBOL
|static|,static.crs,named,2658,_ZN7poke_3d8renderer24DistortionPostRenderPath10AddDrawEnvEPN4gfl215renderingengine10scenegraph8instance11DrawEnvNodeE,poke_3d::renderer::DistortionPostRenderPath::AddDrawEnv(gfl2::renderingengine::scenegraph::instance::DrawEnvNode*),0,3264084,.text,FUNCTION,RETAIL_ORIGINAL_SYMBOL
|static|,static.crs,named,2659,_ZN7poke_3d8renderer24DistortionPostRenderPath12CreateBufferEPN4gfl23gfx12IGLAllocatorEi,"poke_3d::renderer::DistortionPostRenderPath::CreateBuffer(gfl2::gfx::IGLAllocator*, int)",0,3264092,.text,FUNCTION,RETAIL_ORIGINAL_SYMBOL
|static|,static.crs,named,2660,_ZN7poke_3d8renderer24DistortionPostRenderPath28AddDistortionRenderingTargetEPN4gfl215renderingengine10scenegraph8instance12DrawableNodeE,poke_3d::renderer::DistortionPostRenderPath::AddDistortionRenderingTarget(gfl2::renderingengine::scenegraph::instance::DrawableNode*),0,3264568,.text,FUNCTION,RETAIL_ORIGINAL_SYMBOL
|static|,static.crs,named,2661,_ZN7poke_3d8renderer24DistortionPostRenderPath31RemoveDistortionRenderingTargetEPN4gfl215renderingengine10scenegraph8instance12DrawableNodeE,poke_3d::renderer::DistortionPostRenderPath::RemoveDistortionRenderingTarget(gfl2::renderingengine::scenegraph::instance::DrawableNode*),0,3264772,.text,FUNCTION,RETAIL_ORIGINAL_SYMBOL
|static|,static.crs,named,2662,_ZN7poke_3d8renderer24DistortionPostRenderPathC1Ev,poke_3d::renderer::DistortionPostRenderPath::DistortionPostRenderPath(),0,3265312,.text,FUNCTION,RETAIL_ORIGINAL_SYMBOL
|static|,static.crs,named,2663,_ZN7trainer14TrainerMessage11GetStringIDENS_9TrainerIDENS_11MessageKindEPN4gfl24heap11CtrHeapBaseE,"trainer::TrainerMessage::GetStringID(trainer::TrainerID, trainer::MessageKind, gfl2::heap::CtrHeapBase*)",0,3267668,.text,FUNCTION,RETAIL_ORIGINAL_SYMBOL
|static|,static.crs,named,2664,_ZN7trainer14TrainerMessage9GetStringEPN4gfl23str6StrBufENS_9TrainerIDENS_11MessageKindEPNS1_4heap11CtrHeapBaseE,"trainer::TrainerMessage::GetString(gfl2::str::StrBuf*, trainer::TrainerID, trainer::MessageKind, gfl2::heap::CtrHeapBase*)",0,3268064,.text,FUNCTION,RETAIL_ORIGINAL_SYMBOL
|static|,static.crs,named,2665,_ZN7trainer15LoadTrainerDataEPN4gfl24heap11CtrHeapBaseENS_9TrainerIDEPNS_12TRAINER_DATAE,"trainer::LoadTrainerData(gfl2::heap::CtrHeapBase*, trainer::TrainerID, trainer::TRAINER_DATA*)",0,3269516,.text,FUNCTION,RETAIL_ORIGINAL_SYMBOL
|static|,static.crs,named,2666,_ZN7trainer15TrainerPairData14SearchPairDataEjPj,"trainer::TrainerPairData::SearchPairData(unsigned int, unsigned int*)",0,3270316,.text,FUNCTION,RETAIL_ORIGINAL_SYMBOL
|static|,static.crs,named,2667,_ZN7trainer15TrainerTypeData11IsBossGroupENS_11TrTypeGroupE,trainer::TrainerTypeData::IsBossGroup(trainer::TrTypeGroup),0,3270460,.text,FUNCTION,RETAIL_ORIGINAL_SYMBOL
|static|,static.crs,named,2668,_ZN7trainer15TrainerTypeData13GetMegaItemIdENS_6TrTypeE,trainer::TrainerTypeData::GetMegaItemId(trainer::TrType),0,3270492,.text,FUNCTION,RETAIL_ORIGINAL_SYMBOL
|static|,static.crs,named,2669,_ZN7trainer15TrainerTypeData8LoadDataEPN4gfl24heap11CtrHeapBaseENS_6TrTypeE,"trainer::TrainerTypeData::LoadData(gfl2::heap::CtrHeapBase*, trainer::TrType)",0,3270608,.text,FUNCTION,RETAIL_ORIGINAL_SYMBOL
|static|,static.crs,named,2670,_ZN7trainer15TrainerTypeDataC1Ev,trainer::TrainerTypeData::TrainerTypeData(),0,3270804,.text,FUNCTION,RETAIL_ORIGINAL_SYMBOL
|static|,static.crs,named,2671,_ZN7trainer17GetTagTrainerTypeEtt,"trainer::GetTagTrainerType(unsigned short, unsigned short)",0,3271168,.text,FUNCTION,RETAIL_ORIGINAL_SYMBOL
|static|,static.crs,named,2672,_ZN8NetEvent10BattleSpot15BattleSpotEvent17IsEnterBattleSpotEv,NetEvent::BattleSpot::BattleSpotEvent::IsEnterBattleSpot(),0,3272580,.text,FUNCTION,RETAIL_ORIGINAL_SYMBOL
|static|,static.crs,named,2673,_ZN8NetEvent10BattleSpot15BattleSpotEvent17IsSessionLeftFlagEv,NetEvent::BattleSpot::BattleSpotEvent::IsSessionLeftFlag(),0,3272596,.text,FUNCTION,RETAIL_ORIGINAL_SYMBOL
|static|,static.crs,named,2674,_ZN8NetEvent10BattleSpot15BattleSpotEvent18SetSessionLeftFlagEb,NetEvent::BattleSpot::BattleSpotEvent::SetSessionLeftFlag(bool),0,3272612,.text,FUNCTION,RETAIL_ORIGINAL_SYMBOL
|static|,static.crs,named,2675,_ZN8NetEvent10FatalError15FatalErrorEventC1EPN4gfl24heap11CtrHeapBaseE,NetEvent::FatalError::FatalErrorEvent::FatalErrorEvent(gfl2::heap::CtrHeapBase*),0,3276032,.text,FUNCTION,RETAIL_ORIGINAL_SYMBOL
|static|,static.crs,named,2676,_ZN8NetEvent18JoinFestaOpenEvent10StartEventEPN7GameSys11GameManagerEi,"NetEvent::JoinFestaOpenEvent::StartEvent(GameSys::GameManager*, int)",0,3297592,.text,FUNCTION,RETAIL_ORIGINAL_SYMBOL
|static|,static.crs,named,2677,_ZN8NetEvent19JoinFestaCloseEvent10StartEventEPN7GameSys11GameManagerE,NetEvent::JoinFestaCloseEvent::StartEvent(GameSys::GameManager*),0,3298556,.text,FUNCTION,RETAIL_ORIGINAL_SYMBOL
|static|,static.crs,named,2678,_ZN8NetEvent23JoinFestaEventLinkEvent12SetRequestIDEN5Field9SubScreen21FieldMenuOutRequestIDE,NetEvent::JoinFestaEventLinkEvent::SetRequestID(Field::SubScreen::FieldMenuOutRequestID),0,3300964,.text,FUNCTION,RETAIL_ORIGINAL_SYMBOL
|static|,static.crs,named,2679,_ZN8NetEvent23JoinFestaEventLinkEventC1EPN4gfl24heap11CtrHeapBaseE,NetEvent::JoinFestaEventLinkEvent::JoinFestaEventLinkEvent(gfl2::heap::CtrHeapBase*),0,3302296,.text,FUNCTION,RETAIL_ORIGINAL_SYMBOL
|static|,static.crs,named,2680,_ZN8NetEvent30JoinFestaAttractionRetireEventC1EPN4gfl24heap11CtrHeapBaseE,NetEvent::JoinFestaAttractionRetireEvent::JoinFestaAttractionRetireEvent(gfl2::heap::CtrHeapBase*),0,3303996,.text,FUNCTION,RETAIL_ORIGINAL_SYMBOL
|static|,static.crs,named,2681,_ZN8PokeTool10ExtendData20GetLocalNumberStaticEjNS0_9LocalAreaE,"PokeTool::ExtendData::GetLocalNumberStatic(unsigned int, PokeTool::ExtendData::LocalArea)",0,3319020,.text,FUNCTION,RETAIL_ORIGINAL_SYMBOL
|static|,static.crs,named,2682,_ZN8PokeTool10ExtendData23IsExistLocalZukanStaticEjNS0_9LocalAreaE,"PokeTool::ExtendData::IsExistLocalZukanStatic(unsigned int, PokeTool::ExtendData::LocalArea)",0,3319096,.text,FUNCTION,RETAIL_ORIGINAL_SYMBOL
|static|,static.crs,named,2683,_ZN8PokeTool10GetDrawSexE6MonsNoN3pml3SexEbb,"PokeTool::GetDrawSex(MonsNo, pml::Sex, bool, bool)",0,3320128,.text,FUNCTION,RETAIL_ORIGINAL_SYMBOL
|static|,static.crs,named,2684,_ZN8PokeTool10GetDrawSexEPKN3pml8pokepara9CoreParamE,PokeTool::GetDrawSex(pml::pokepara::CoreParam const*),0,3320176,.text,FUNCTION,RETAIL_ORIGINAL_SYMBOL
|static|,static.crs,named,2685,_ZN8PokeTool11BattleParty17CreateBattlePartyEPKN8Savedata3BOXEPNS1_10BoxPokemonEiPN4gfl24heap11CtrHeapBaseE,"PokeTool::BattleParty::CreateBattleParty(Savedata::BOX const*, Savedata::BoxPokemon*, int, gfl2::heap::CtrHeapBase*)",0,3320600,.text,FUNCTION,RETAIL_ORIGINAL_SYMBOL
|static|,static.crs,named,2686,_ZN8PokeTool11BattlePartyC1EPN4gfl24heap11CtrHeapBaseE,PokeTool::BattleParty::BattleParty(gfl2::heap::CtrHeapBase*),0,3321228,.text,FUNCTION,RETAIL_ORIGINAL_SYMBOL
|static|,static.crs,named,2687,_ZN8PokeTool11BattlePartyD1Ev,PokeTool::BattleParty::~BattleParty(),0,3321384,.text,FUNCTION,RETAIL_ORIGINAL_SYMBOL
|static|,static.crs,named,2688,_ZN8PokeTool11PokeGetUtil11DoesSetFlagEPKN3pml8pokepara12PokemonParamENS0_10CallerType3TagE,"PokeTool::PokeGetUtil::DoesSetFlag(pml::pokepara::PokemonParam const*, PokeTool::PokeGetUtil::CallerType::Tag)",0,3321464,.text,FUNCTION,RETAIL_ORIGINAL_SYMBOL
|static|,static.crs,named,2689,_ZN8PokeTool11PokeGetUtil14Put_NotSetFlagEPN4gfl24heap11CtrHeapBaseEPKN3pml8pokepara12PokemonParamENS0_8PutPlace3TagENS0_8PutSpace3TagEjjPNS0_11ReturnParamE,"PokeTool::PokeGetUtil::Put_NotSetFlag(gfl2::heap::CtrHeapBase*, pml::pokepara::PokemonParam const*, PokeTool::PokeGetUtil::PutPlace::Tag, PokeTool::PokeGetUtil::PutSpace::Tag, unsigned int, unsigned int, PokeTool::PokeGetUtil::ReturnParam*)",0,3322140,.text,FUNCTION,RETAIL_ORIGINAL_SYMBOL
|static|,static.crs,named,2690,_ZN8PokeTool11PokeGetUtil16DoesGoToInfoShowEPKN3pml8pokepara12PokemonParamENS0_10CallerType3TagE,"PokeTool::PokeGetUtil::DoesGoToInfoShow(pml::pokepara::PokemonParam const*, PokeTool::PokeGetUtil::CallerType::Tag)",0,3322776,.text,FUNCTION,RETAIL_ORIGINAL_SYMBOL
|static|,static.crs,named,2691,_ZN8PokeTool11PokeGetUtil18DoesPut_NotSetFlagEPKN3pml8pokepara12PokemonParamENS0_10CallerType3TagE,"PokeTool::PokeGetUtil::DoesPut_NotSetFlag(pml::pokepara::PokemonParam const*, PokeTool::PokeGetUtil::CallerType::Tag)",0,3323000,.text,FUNCTION,RETAIL_ORIGINAL_SYMBOL
|static|,static.crs,named,2692,_ZN8PokeTool11PokeGetUtil19UpdatePokeAtPokeGetEPN4gfl24heap11CtrHeapBaseEPN3pml8pokepara12PokemonParamENS0_10CallerType3TagEPNS0_11ReturnParamEPNS0_6ExDataE,"PokeTool::PokeGetUtil::UpdatePokeAtPokeGet(gfl2::heap::CtrHeapBase*, pml::pokepara::PokemonParam*, PokeTool::PokeGetUtil::CallerType::Tag, PokeTool::PokeGetUtil::ReturnParam*, PokeTool::PokeGetUtil::ExData*)",0,3323084,.text,FUNCTION,RETAIL_ORIGINAL_SYMBOL
|static|,static.crs,named,2693,_ZN8PokeTool11PokeGetUtil21DoesGoToPokeNameInputEPKN3pml8pokepara12PokemonParamENS0_10CallerType3TagE,"PokeTool::PokeGetUtil::DoesGoToPokeNameInput(pml::pokepara::PokemonParam const*, PokeTool::PokeGetUtil::CallerType::Tag)",0,3323524,.text,FUNCTION,RETAIL_ORIGINAL_SYMBOL
|static|,static.crs,named,2694,_ZN8PokeTool11PokeGetUtil21DoesGoToPokePutSelectEPKN3pml8pokepara12PokemonParamENS0_10CallerType3TagE,"PokeTool::PokeGetUtil::DoesGoToPokePutSelect(pml::pokepara::PokemonParam const*, PokeTool::PokeGetUtil::CallerType::Tag)",0,3323604,.text,FUNCTION,RETAIL_ORIGINAL_SYMBOL
|static|,static.crs,named,2695,_ZN8PokeTool11PokeGetUtil25DoesDecidePlaceSpaceIfPutEPKN3pml8pokepara12PokemonParamENS0_10CallerType3TagEPNS0_8PutPlace3TagEPNS0_8PutSpace3TagE,"PokeTool::PokeGetUtil::DoesDecidePlaceSpaceIfPut(pml::pokepara::PokemonParam const*, PokeTool::PokeGetUtil::CallerType::Tag, PokeTool::PokeGetUtil::PutPlace::Tag*, PokeTool::PokeGetUtil::PutSpace::Tag*)",0,3323756,.text,FUNCTION,RETAIL_ORIGINAL_SYMBOL
|static|,static.crs,named,2696,_ZN8PokeTool11PokeGetUtil5CheckEPKN3pml8pokepara12PokemonParamENS0_10CallerType3TagE,"PokeTool::PokeGetUtil::Check(pml::pokepara::PokemonParam const*, PokeTool::PokeGetUtil::CallerType::Tag)",0,3324248,.text,FUNCTION,RETAIL_ORIGINAL_SYMBOL
|static|,static.crs,named,2697,_ZN8PokeTool11PokeGetUtil7SetFlagEPKN3pml8pokepara12PokemonParamE,PokeTool::PokeGetUtil::SetFlag(pml::pokepara::PokemonParam const*),0,3324704,.text,FUNCTION,RETAIL_ORIGINAL_SYMBOL
|static|,static.crs,named,2698,_ZN8PokeTool11PokemonSort15OrderByMonsNameEj,PokeTool::PokemonSort::OrderByMonsName(unsigned int),0,3325356,.text,FUNCTION,RETAIL_ORIGINAL_SYMBOL
|static|,static.crs,named,2699,_ZN8PokeTool11PokemonSort15OrderByMonsNameEv,PokeTool::PokemonSort::OrderByMonsName(),0,3325416,.text,FUNCTION,RETAIL_ORIGINAL_SYMBOL
|static|,static.crs,named,2700,_ZN8PokeTool11PokemonSort17ClearAllConditionEv,PokeTool::PokemonSort::ClearAllCondition(),0,3325868,.text,FUNCTION,RETAIL_ORIGINAL_SYMBOL
|static|,static.crs,named,2701,_ZN8PokeTool11PokemonSort17SetConditionColorEN3pml8personal5ColorE,PokeTool::PokemonSort::SetConditionColor(pml::personal::Color),0,3325964,.text,FUNCTION,RETAIL_ORIGINAL_SYMBOL
|static|,static.crs,named,2702,_ZN8PokeTool11PokemonSort17SetConditionStyleENS_10ExtendData9StyleTypeE,PokeTool::PokemonSort::SetConditionStyle(PokeTool::ExtendData::StyleType),0,3326008,.text,FUNCTION,RETAIL_ORIGINAL_SYMBOL
|static|,static.crs,named,2703,_ZN8PokeTool11PokemonSort17SetConditionZukanENS0_14ContidionZukanE,PokeTool::PokemonSort::SetConditionZukan(PokeTool::PokemonSort::ContidionZukan),0,3326052,.text,FUNCTION,RETAIL_ORIGINAL_SYMBOL
|static|,static.crs,named,2704,_ZN8PokeTool11PokemonSort19SetConditionInitialEj,PokeTool::PokemonSort::SetConditionInitial(unsigned int),0,3327012,.text,FUNCTION,RETAIL_ORIGINAL_SYMBOL
|static|,static.crs,named,2705,_ZN8PokeTool11PokemonSort20SetConditionPokeTypeEhh,"PokeTool::PokemonSort::SetConditionPokeType(unsigned char, unsigned char)",0,3327856,.text,FUNCTION,RETAIL_ORIGINAL_SYMBOL
|static|,static.crs,named,2706,_ZN8PokeTool11PokemonSort21SetConditionLocalAreaENS_10ExtendData9LocalAreaE,PokeTool::PokemonSort::SetConditionLocalArea(PokeTool::ExtendData::LocalArea),0,3327912,.text,FUNCTION,RETAIL_ORIGINAL_SYMBOL
|static|,static.crs,named,2707,_ZN8PokeTool12PersonalSort14ReloadFullDataEv,PokeTool::PersonalSort::ReloadFullData(),0,3329540,.text,FUNCTION,RETAIL_ORIGINAL_SYMBOL
|static|,static.crs,named,2708,_ZN8PokeTool12PersonalSort15GetSortedMonsNoEj,PokeTool::PersonalSort::GetSortedMonsNo(unsigned int),0,3329784,.text,FUNCTION,RETAIL_ORIGINAL_SYMBOL
|static|,static.crs,named,2709,_ZN8PokeTool12PersonalSortC1EjPKN8Savedata9ZukanDataEPN4gfl24heap11CtrHeapBaseENS0_8LoadTypeENS0_4ModeE,"PokeTool::PersonalSort::PersonalSort(unsigned int, Savedata::ZukanData const*, gfl2::heap::CtrHeapBase*, PokeTool::PersonalSort::LoadType, PokeTool::PersonalSort::Mode)",0,3330612,.text,FUNCTION,RETAIL_ORIGINAL_SYMBOL
|static|,static.crs,named,2710,_ZN8PokeTool12PersonalSortD1Ev,PokeTool::PersonalSort::~PersonalSort(),0,3330916,.text,FUNCTION,RETAIL_ORIGINAL_SYMBOL
|static|,static.crs,named,2711,_ZN8PokeTool12RemaindSkill15LoadRemaindWazaEPKN3pml8pokepara9CoreParamEPN4gfl24heap11CtrHeapBaseE,"PokeTool::RemaindSkill::LoadRemaindWaza(pml::pokepara::CoreParam const*, gfl2::heap::CtrHeapBase*)",0,3332600,.text,FUNCTION,RETAIL_ORIGINAL_SYMBOL
|static|,static.crs,named,2712,_ZN8PokeTool12RemaindSkillC1EPN4gfl24heap11CtrHeapBaseE,PokeTool::RemaindSkill::RemaindSkill(gfl2::heap::CtrHeapBase*),0,3333420,.text,FUNCTION,RETAIL_ORIGINAL_SYMBOL
|static|,static.crs,named,2713,_ZN8PokeTool14GetSimpleParamEPNS_11SimpleParamEPKN3pml8pokepara9CoreParamE,"PokeTool::GetSimpleParam(PokeTool::SimpleParam*, pml::pokepara::CoreParam const*)",0,3333928,.text,FUNCTION,RETAIL_ORIGINAL_SYMBOL
|static|,static.crs,named,2714,_ZN8PokeTool14NatsukiManager12CalcWhenWalkEPN3pml8pokepara9CoreParamEt,"PokeTool::NatsukiManager::CalcWhenWalk(pml::pokepara::CoreParam*, unsigned short)",0,3334020,.text,FUNCTION,RETAIL_ORIGINAL_SYMBOL
|static|,static.crs,named,2715,_ZN8PokeTool14NatsukiManager15CalcWhenUseItemEPN3pml8pokepara9CoreParamEttPN4gfl24heap11CtrHeapBaseE,"PokeTool::NatsukiManager::CalcWhenUseItem(pml::pokepara::CoreParam*, unsigned short, unsigned short, gfl2::heap::CtrHeapBase*)",0,3334116,.text,FUNCTION,RETAIL_ORIGINAL_SYMBOL
|static|,static.crs,named,2716,_ZN8PokeTool14NatsukiManager20CalcWhenResortHotSpaEPN3pml8pokepara9CoreParamEta,"PokeTool::NatsukiManager::CalcWhenResortHotSpa(pml::pokepara::CoreParam*, unsigned short, signed char)",0,3334276,.text,FUNCTION,RETAIL_ORIGINAL_SYMBOL
|static|,static.crs,named,2717,_ZN8PokeTool14NatsukiManager4CalcEPN3pml8pokepara9CoreParamENS_11NatsukiTypeEt,"PokeTool::NatsukiManager::Calc(pml::pokepara::CoreParam*, PokeTool::NatsukiType, unsigned short)",0,3334304,.text,FUNCTION,RETAIL_ORIGINAL_SYMBOL
|static|,static.crs,named,2718,_ZN8PokeTool14PresentPokemon12IsTradeEntryEPN3pml8pokepara9CoreParamE,PokeTool::PresentPokemon::IsTradeEntry(pml::pokepara::CoreParam*),0,3334524,.text,FUNCTION,RETAIL_ORIGINAL_SYMBOL
|static|,static.crs,named,2719,_ZN8PokeTool15PokeModelSystem10GetDataIdxEiii,"PokeTool::PokeModelSystem::GetDataIdx(int, int, int)",0,3337708,.text,FUNCTION,RETAIL_ORIGINAL_SYMBOL
|static|,static.crs,named,2720,_ZN8PokeTool15PokeModelSystem11DeleteModelEPNS_9PokeModelE,PokeTool::PokeModelSystem::DeleteModel(PokeTool::PokeModel*),0,3338172,.text,FUNCTION,RETAIL_ORIGINAL_SYMBOL
|static|,static.crs,named,2721,_ZN8PokeTool15PokeModelSystem12CreateSystemEPN4gfl23gfx12IGLAllocatorEbb,"PokeTool::PokeModelSystem::CreateSystem(gfl2::gfx::IGLAllocator*, bool, bool)",0,3338448,.text,FUNCTION,RETAIL_ORIGINAL_SYMBOL
|static|,static.crs,named,2722,_ZN8PokeTool15PokeModelSystem15InitSystemAsyncEPN4gfl24heap11CtrHeapBaseES4_PNS1_2fs16AsyncFileManagerEi,"PokeTool::PokeModelSystem::InitSystemAsync(gfl2::heap::CtrHeapBase*, gfl2::heap::CtrHeapBase*, gfl2::fs::AsyncFileManager*, int)",0,3339512,.text,FUNCTION,RETAIL_ORIGINAL_SYMBOL
|static|,static.crs,named,2723,_ZN8PokeTool15PokeModelSystem15TermSystemAsyncEv,PokeTool::PokeModelSystem::TermSystemAsync(),0,3340112,.text,FUNCTION,RETAIL_ORIGINAL_SYMBOL
|static|,static.crs,named,2724,_ZN8PokeTool15PokeModelSystem17CreateModelSimpleEPKNS_11SimpleParamERKNS_9PokeModel11SetupOptionE,"PokeTool::PokeModelSystem::CreateModelSimple(PokeTool::SimpleParam const*, PokeTool::PokeModel::SetupOption const&)",0,3340464,.text,FUNCTION,RETAIL_ORIGINAL_SYMBOL
|static|,static.crs,named,2725,_ZN8PokeTool15PokeModelSystem17GetPokeShaderPathEj,PokeTool::PokeModelSystem::GetPokeShaderPath(unsigned int),0,3340816,.text,FUNCTION,RETAIL_ORIGINAL_SYMBOL
|static|,static.crs,named,2726,_ZN8PokeTool15PokeModelSystem19CreatePokeModelHeapEPN4gfl24heap11CtrHeapBaseEPKNS0_10HeapOptionE,"PokeTool::PokeModelSystem::CreatePokeModelHeap(gfl2::heap::CtrHeapBase*, PokeTool::PokeModelSystem::HeapOption const*)",0,3340904,.text,FUNCTION,RETAIL_ORIGINAL_SYMBOL
|static|,static.crs,named,2727,_ZN8PokeTool15PokeModelSystem19DeletePokeModelHeapEv,PokeTool::PokeModelSystem::DeletePokeModelHeap(),0,3341208,.text,FUNCTION,RETAIL_ORIGINAL_SYMBOL
|static|,static.crs,named,2728,_ZN8PokeTool15PokeModelSystem21CalcPokeModelHeapSizeEPKNS0_10HeapOptionE,PokeTool::PokeModelSystem::CalcPokeModelHeapSize(PokeTool::PokeModelSystem::HeapOption const*),0,3341944,.text,FUNCTION,RETAIL_ORIGINAL_SYMBOL
|static|,static.crs,named,2729,_ZN8PokeTool15PokeModelSystem23IsFinishInitSystemAsyncEv,PokeTool::PokeModelSystem::IsFinishInitSystemAsync(),0,3341976,.text,FUNCTION,RETAIL_ORIGINAL_SYMBOL
|static|,static.crs,named,2730,_ZN8PokeTool15PokeModelSystem23IsFinishTermSystemAsyncEv,PokeTool::PokeModelSystem::IsFinishTermSystemAsync(),0,3342096,.text,FUNCTION,RETAIL_ORIGINAL_SYMBOL
|static|,static.crs,named,2731,_ZN8PokeTool15PokeModelSystem6UpdateEv,PokeTool::PokeModelSystem::Update(),0,3342156,.text,FUNCTION,RETAIL_ORIGINAL_SYMBOL
|static|,static.crs,named,2732,_ZN8PokeTool15PokeModelSystemC1Ev,PokeTool::PokeModelSystem::PokeModelSystem(),0,3342276,.text,FUNCTION,RETAIL_ORIGINAL_SYMBOL
|static|,static.crs,named,2733,_ZN8PokeTool15PokeModelSystemD1Ev,PokeTool::PokeModelSystem::~PokeModelSystem(),0,3342368,.text,FUNCTION,RETAIL_ORIGINAL_SYMBOL
|static|,static.crs,named,2734,_ZN8PokeTool16ITEM_RCV_RecoverEPN3pml8pokepara12PokemonParamEtttPN7itemman12ITEM_MANAGERE,"PokeTool::ITEM_RCV_Recover(pml::pokepara::PokemonParam*, unsigned short, unsigned short, unsigned short, itemman::ITEM_MANAGER*)",0,3342476,.text,FUNCTION,RETAIL_ORIGINAL_SYMBOL
|static|,static.crs,named,2735,_ZN8PokeTool18CompareSimpleParamERKNS_11SimpleParamES2_,"PokeTool::CompareSimpleParam(PokeTool::SimpleParam const&, PokeTool::SimpleParam const&)",0,3342984,.text,FUNCTION,RETAIL_ORIGINAL_SYMBOL
|static|,static.crs,named,2736,_ZN8PokeTool20SetupEvolveSituationEPN3pml8pokepara15EvolveSituationEPN7GameSys11GameManagerEbN5Field7weather11WeatherKindE,"PokeTool::SetupEvolveSituation(pml::pokepara::EvolveSituation*, GameSys::GameManager*, bool, Field::weather::WeatherKind)",0,3343244,.text,FUNCTION,RETAIL_ORIGINAL_SYMBOL
|static|,static.crs,named,2737,_ZN8PokeTool21ITEM_RCV_RecoverCheckEPKN3pml8pokepara12PokemonParamEttPN7itemman12ITEM_MANAGERE,"PokeTool::ITEM_RCV_RecoverCheck(pml::pokepara::PokemonParam const*, unsigned short, unsigned short, itemman::ITEM_MANAGER*)",0,3343512,.text,FUNCTION,RETAIL_ORIGINAL_SYMBOL
|static|,static.crs,named,2738,_ZN8PokeTool24CheckUsingKawaigariInAppEPKN3pml8pokepara9CoreParamE,PokeTool::CheckUsingKawaigariInApp(pml::pokepara::CoreParam const*),0,3343652,.text,FUNCTION,RETAIL_ORIGINAL_SYMBOL
|static|,static.crs,named,2739,_ZN8PokeTool29KawaigariParamCareCoreManager16TypeEnabled_DirtEiii,"PokeTool::KawaigariParamCareCoreManager::TypeEnabled_Dirt(int, int, int)",0,3344172,.text,FUNCTION,RETAIL_ORIGINAL_SYMBOL
|static|,static.crs,named,2740,_ZN8PokeTool29KawaigariParamCareCoreManager16TypeEnabled_DustEiii,"PokeTool::KawaigariParamCareCoreManager::TypeEnabled_Dust(int, int, int)",0,3344244,.text,FUNCTION,RETAIL_ORIGINAL_SYMBOL
|static|,static.crs,named,2741,_ZN8PokeTool29KawaigariParamCareCoreManager16TypeEnabled_HairEiii,"PokeTool::KawaigariParamCareCoreManager::TypeEnabled_Hair(int, int, int)",0,3344324,.text,FUNCTION,RETAIL_ORIGINAL_SYMBOL
|static|,static.crs,named,2742,_ZN8PokeTool29KawaigariParamCareCoreManager17TypeEnabled_WaterEiii,"PokeTool::KawaigariParamCareCoreManager::TypeEnabled_Water(int, int, int)",0,3344404,.text,FUNCTION,RETAIL_ORIGINAL_SYMBOL
|static|,static.crs,named,2743,_ZN8PokeTool29KawaigariParamCareCoreManager8IsLoadedEv,PokeTool::KawaigariParamCareCoreManager::IsLoaded(),0,3344684,.text,FUNCTION,RETAIL_ORIGINAL_SYMBOL
|static|,static.crs,named,2744,_ZN8PokeTool29KawaigariParamCareCoreManagerC1EPN4gfl24heap11CtrHeapBaseES4_PNS1_2fs16AsyncFileManagerE,"PokeTool::KawaigariParamCareCoreManager::KawaigariParamCareCoreManager(gfl2::heap::CtrHeapBase*, gfl2::heap::CtrHeapBase*, gfl2::fs::AsyncFileManager*)",0,3344820,.text,FUNCTION,RETAIL_ORIGINAL_SYMBOL
|static|,static.crs,named,2745,_ZN8PokeTool29KawaigariParamCareCoreManagerD1Ev,PokeTool::KawaigariParamCareCoreManager::~KawaigariParamCareCoreManager(),0,3345040,.text,FUNCTION,RETAIL_ORIGINAL_SYMBOL
|static|,static.crs,named,2746,_ZN8PokeTool31KawaigariParamOptionCoreManager18GetAdjustLookAngleEiii,"PokeTool::KawaigariParamOptionCoreManager::GetAdjustLookAngle(int, int, int)",0,3345072,.text,FUNCTION,RETAIL_ORIGINAL_SYMBOL
|static|,static.crs,named,2747,_ZN8PokeTool31KawaigariParamOptionCoreManager8FinalizeEv,PokeTool::KawaigariParamOptionCoreManager::Finalize(),0,3345244,.text,FUNCTION,RETAIL_ORIGINAL_SYMBOL
|static|,static.crs,named,2748,_ZN8PokeTool31KawaigariParamOptionCoreManager8IsLoadedEv,PokeTool::KawaigariParamOptionCoreManager::IsLoaded(),0,3345280,.text,FUNCTION,RETAIL_ORIGINAL_SYMBOL
|static|,static.crs,named,2749,_ZN8PokeTool31KawaigariParamOptionCoreManagerC1EPN4gfl24heap11CtrHeapBaseES4_PNS1_2fs16AsyncFileManagerE,"PokeTool::KawaigariParamOptionCoreManager::KawaigariParamOptionCoreManager(gfl2::heap::CtrHeapBase*, gfl2::heap::CtrHeapBase*, gfl2::fs::AsyncFileManager*)",0,3345416,.text,FUNCTION,RETAIL_ORIGINAL_SYMBOL
|static|,static.crs,named,2750,_ZN8PokeTool31KawaigariParamOptionCoreManagerD1Ev,PokeTool::KawaigariParamOptionCoreManager::~KawaigariParamOptionCoreManager(),0,3345636,.text,FUNCTION,RETAIL_ORIGINAL_SYMBOL
|static|,static.crs,named,2751,_ZN8PokeTool4Mega12GetMegaIndexE6MonsNoh,"PokeTool::Mega::GetMegaIndex(MonsNo, unsigned char)",0,3345668,.text,FUNCTION,RETAIL_ORIGINAL_SYMBOL
|static|,static.crs,named,2752,_ZN8PokeTool4form12SetHuupaFormEPN3pml8pokepara12PokemonParamEh,"PokeTool::form::SetHuupaForm(pml::pokepara::PokemonParam*, unsigned char)",0,3346008,.text,FUNCTION,RETAIL_ORIGINAL_SYMBOL
|static|,static.crs,named,2753,_ZN8PokeTool4form16UpdateFormForBoxEPN3pml8pokepara9CoreParamE,PokeTool::form::UpdateFormForBox(pml::pokepara::CoreParam*),0,3346568,.text,FUNCTION,RETAIL_ORIGINAL_SYMBOL
|static|,static.crs,named,2754,_ZN8PokeTool9GetDrawIDEPKN3pml8pokepara9CoreParamEPj,"PokeTool::GetDrawID(pml::pokepara::CoreParam const*, unsigned int*)",0,3352072,.text,FUNCTION,RETAIL_ORIGINAL_SYMBOL
|static|,static.crs,named,2755,_ZN8PokeTool9PokeModel11SetEnvColorENS_13POKE_ENV_TYPEE,PokeTool::PokeModel::SetEnvColor(PokeTool::POKE_ENV_TYPE),0,3355756,.text,FUNCTION,RETAIL_ORIGINAL_SYMBOL
|static|,static.crs,named,2756,_ZN8PokeTool9PokeModel11UpdateAfterEv,PokeTool::PokeModel::UpdateAfter(),0,3355868,.text,FUNCTION,RETAIL_ORIGINAL_SYMBOL
|static|,static.crs,named,2757,_ZN8PokeTool9PokeModel12GetKeyTimingENS_11MODEL_ANIMEEPKc,"PokeTool::PokeModel::GetKeyTiming(PokeTool::MODEL_ANIME, char const*)",0,3357920,.text,FUNCTION,RETAIL_ORIGINAL_SYMBOL
|static|,static.crs,named,2758,_ZN8PokeTool9PokeModel12IsFinishLoadEv,PokeTool::PokeModel::IsFinishLoad(),0,3358272,.text,FUNCTION,RETAIL_ORIGINAL_SYMBOL
|static|,static.crs,named,2759,_ZN8PokeTool9PokeModel12SetAutoBlinkEb,PokeTool::PokeModel::SetAutoBlink(bool),0,3358356,.text,FUNCTION,RETAIL_ORIGINAL_SYMBOL
|static|,static.crs,named,2760,_ZN8PokeTool9PokeModel15ChangeAnimationENS_23MODEL_ANIME_POKE_FINDEREb,"PokeTool::PokeModel::ChangeAnimation(PokeTool::MODEL_ANIME_POKE_FINDER, bool)",0,3360720,.text,FUNCTION,RETAIL_ORIGINAL_SYMBOL
|static|,static.crs,named,2761,_ZN8PokeTool9PokeModel15SetAdjustHeightEf,PokeTool::PokeModel::SetAdjustHeight(float),0,3360724,.text,FUNCTION,RETAIL_ORIGINAL_SYMBOL
|static|,static.crs,named,2762,_ZN8PokeTool9PokeModel16CleanColorShaderEv,PokeTool::PokeModel::CleanColorShader(),0,3360848,.text,FUNCTION,RETAIL_ORIGINAL_SYMBOL
|static|,static.crs,named,2763,_ZN8PokeTool9PokeModel16GetAnimationTypeEv,PokeTool::PokeModel::GetAnimationType(),0,3361188,.text,FUNCTION,RETAIL_ORIGINAL_SYMBOL
|static|,static.crs,named,2764,_ZN8PokeTool9PokeModel16NoLoadFormChangeEh,PokeTool::PokeModel::NoLoadFormChange(unsigned char),0,3361204,.text,FUNCTION,RETAIL_ORIGINAL_SYMBOL
|static|,static.crs,named,2765,_ZN8PokeTool9PokeModel16SetFaceAnime_EyeEiib,"PokeTool::PokeModel::SetFaceAnime_Eye(int, int, bool)",0,3361736,.text,FUNCTION,RETAIL_ORIGINAL_SYMBOL
|static|,static.crs,named,2766,_ZN8PokeTool9PokeModel16SetupColorShaderEv,PokeTool::PokeModel::SetupColorShader(),0,3361808,.text,FUNCTION,RETAIL_ORIGINAL_SYMBOL
|static|,static.crs,named,2767,_ZN8PokeTool9PokeModel18GetAnimationIsLoopEv,PokeTool::PokeModel::GetAnimationIsLoop(),0,3362168,.text,FUNCTION,RETAIL_ORIGINAL_SYMBOL
|static|,static.crs,named,2768,_ZN8PokeTool9PokeModel18GetDistortionModelEv,PokeTool::PokeModel::GetDistortionModel(),0,3362180,.text,FUNCTION,RETAIL_ORIGINAL_SYMBOL
|static|,static.crs,named,2769,_ZN8PokeTool9PokeModel18IsAvailableIdModelEv,PokeTool::PokeModel::IsAvailableIdModel(),0,3362232,.text,FUNCTION,RETAIL_ORIGINAL_SYMBOL
|static|,static.crs,named,2770,_ZN8PokeTool9PokeModel18ResetFaceAnime_EyeEi,PokeTool::PokeModel::ResetFaceAnime_Eye(int),0,3362280,.text,FUNCTION,RETAIL_ORIGINAL_SYMBOL
|static|,static.crs,named,2771,_ZN8PokeTool9PokeModel18SetAnimationIsLoopEb,PokeTool::PokeModel::SetAnimationIsLoop(bool),0,3362352,.text,FUNCTION,RETAIL_ORIGINAL_SYMBOL
|static|,static.crs,named,2772,_ZN8PokeTool9PokeModel18SetFaceAnime_MouthEii,"PokeTool::PokeModel::SetFaceAnime_Mouth(int, int)",0,3362380,.text,FUNCTION,RETAIL_ORIGINAL_SYMBOL
|static|,static.crs,named,2773,_ZN8PokeTool9PokeModel20IsAvailableAnimationENS_11MODEL_ANIMEE,PokeTool::PokeModel::IsAvailableAnimation(PokeTool::MODEL_ANIME),0,3362448,.text,FUNCTION,RETAIL_ORIGINAL_SYMBOL
|static|,static.crs,named,2774,_ZN8PokeTool9PokeModel20IsAvailableAnimationENS_23MODEL_ANIME_POKE_FINDERE,PokeTool::PokeModel::IsAvailableAnimation(PokeTool::MODEL_ANIME_POKE_FINDER),0,3362488,.text,FUNCTION,RETAIL_ORIGINAL_SYMBOL
|static|,static.crs,named,2775,_ZN8PokeTool9PokeModel20ResetFaceAnime_MouthEi,PokeTool::PokeModel::ResetFaceAnime_Mouth(int),0,3362528,.text,FUNCTION,RETAIL_ORIGINAL_SYMBOL
|static|,static.crs,named,2776,_ZN8PokeTool9PokeModel15ChangeAnimationENS_11MODEL_ANIMEEb,"PokeTool::PokeModel::ChangeAnimation(PokeTool::MODEL_ANIME, bool)",0,3362596,.text,FUNCTION,RETAIL_ORIGINAL_SYMBOL
|static|,static.crs,named,2777,_ZN8PokeTool9PokeModel21ChangeAnimationDirectEib,"PokeTool::PokeModel::ChangeAnimationDirect(int, bool)",0,3362600,.text,FUNCTION,RETAIL_ORIGINAL_SYMBOL
|static|,static.crs,named,2778,_ZN8PokeTool9PokeModel21ChangeAnimationSmoothENS_11MODEL_ANIMEEib,"PokeTool::PokeModel::ChangeAnimationSmooth(PokeTool::MODEL_ANIME, int, bool)",0,3362756,.text,FUNCTION,RETAIL_ORIGINAL_SYMBOL
|static|,static.crs,named,2779,_ZN8PokeTool9PokeModel21GetEffectNodePositionENS_10MODEL_NODEEiPN4gfl24math7Vector3E,"PokeTool::PokeModel::GetEffectNodePosition(PokeTool::MODEL_NODE, int, gfl2::math::Vector3*)",0,3363788,.text,FUNCTION,RETAIL_ORIGINAL_SYMBOL
|static|,static.crs,named,2780,_ZN8PokeTool9PokeModel23ChangeAnimationResourceEPN4gfl215renderingengine10scenegraph8resource12ResourceNodeEi,"PokeTool::PokeModel::ChangeAnimationResource(gfl2::renderingengine::scenegraph::resource::ResourceNode*, int)",0,3364000,.text,FUNCTION,RETAIL_ORIGINAL_SYMBOL
|static|,static.crs,named,2781,_ZN8PokeTool9PokeModel18GetMotionCollisionEPN4gfl24math4AABBE,PokeTool::PokeModel::GetMotionCollision(gfl2::math::AABB*),0,3364160,.text,FUNCTION,RETAIL_ORIGINAL_SYMBOL
|static|,static.crs,named,2782,_ZN8PokeTool9PokeModel24GetMotionCollisionDirectEPN4gfl24math4AABBEi,"PokeTool::PokeModel::GetMotionCollisionDirect(gfl2::math::AABB*, int)",0,3364168,.text,FUNCTION,RETAIL_ORIGINAL_SYMBOL
|static|,static.crs,named,2783,_ZN8PokeTool9PokeModel24SetFaceAnimeSmoothEnableEb,PokeTool::PokeModel::SetFaceAnimeSmoothEnable(bool),0,3364404,.text,FUNCTION,RETAIL_ORIGINAL_SYMBOL
|static|,static.crs,named,2784,_ZN8PokeTool9PokeModel24SetMegaGangarEffectStateEf,PokeTool::PokeModel::SetMegaGangarEffectState(float),0,3364476,.text,FUNCTION,RETAIL_ORIGINAL_SYMBOL
|static|,static.crs,named,2785,_ZN8PokeTool9PokeModel25SetStencilReferenceOffsetEh,PokeTool::PokeModel::SetStencilReferenceOffset(unsigned char),0,3364576,.text,FUNCTION,RETAIL_ORIGINAL_SYMBOL
|static|,static.crs,named,2786,_ZN8PokeTool9PokeModel26IsAvailableAnimationDirectEi,PokeTool::PokeModel::IsAvailableAnimationDirect(int),0,3364732,.text,FUNCTION,RETAIL_ORIGINAL_SYMBOL
|static|,static.crs,named,2787,_ZN8PokeTool9PokeModel31GetFullPowerDisableMaterialDataEPi,PokeTool::PokeModel::GetFullPowerDisableMaterialData(int*),0,3364772,.text,FUNCTION,RETAIL_ORIGINAL_SYMBOL
|static|,static.crs,named,2788,_ZN8PokeTool9PokeModel6CreateEv,PokeTool::PokeModel::Create(),0,3364852,.text,FUNCTION,RETAIL_ORIGINAL_SYMBOL
|static|,static.crs,named,2789,_ZN8PokeTool9PokeModel6UpdateEv,PokeTool::PokeModel::Update(),0,3366684,.text,FUNCTION,RETAIL_ORIGINAL_SYMBOL
|static|,static.crs,named,2790,_ZN8PokeTool9PokeModel9CanDeleteEv,PokeTool::PokeModel::CanDelete(),0,3367188,.text,FUNCTION,RETAIL_ORIGINAL_SYMBOL
|static|,static.crs,named,2791,_ZN8PokeTool9PokePlace14GetPlaceMarkIDEh,PokeTool::PokePlace::GetPlaceMarkID(unsigned char),0,3367808,.text,FUNCTION,RETAIL_ORIGINAL_SYMBOL
|static|,static.crs,named,2792,_ZN8PokeTool9PokePlace15CreatePlaceNameEjPN4gfl24heap11CtrHeapBaseE,"PokeTool::PokePlace::CreatePlaceName(unsigned int, gfl2::heap::CtrHeapBase*)",0,3367892,.text,FUNCTION,RETAIL_ORIGINAL_SYMBOL
|static|,static.crs,named,2793,_ZN8PokeTool9PokePlace17CreateVersionNameEjPN4gfl24heap11CtrHeapBaseE,"PokeTool::PokePlace::CreateVersionName(unsigned int, gfl2::heap::CtrHeapBase*)",0,3368424,.text,FUNCTION,RETAIL_ORIGINAL_SYMBOL
|static|,static.crs,named,2794,_ZN8PokeTool9nakayoshi16UpdateFriendshipEPN3pml8pokepara9CoreParamEPKN8Savedata8MyStatusEi,"PokeTool::nakayoshi::UpdateFriendship(pml::pokepara::CoreParam*, Savedata::MyStatus const*, int)",0,3369244,.text,FUNCTION,RETAIL_ORIGINAL_SYMBOL
|static|,static.crs,named,2795,_ZN8PokeTool9nakayoshi28UpdateFeedAndNadenadeOnFieldEPN3pml9PokePartyE,PokeTool::nakayoshi::UpdateFeedAndNadenadeOnField(pml::PokeParty*),0,3369508,.text,FUNCTION,RETAIL_ORIGINAL_SYMBOL
|static|,static.crs,named,2796,_ZN8Savedata10BoxPokemon10ChangeTrayEjjPN4gfl24heap11CtrHeapBaseE,"Savedata::BoxPokemon::ChangeTray(unsigned int, unsigned int, gfl2::heap::CtrHeapBase*)",0,3369724,.text,FUNCTION,RETAIL_ORIGINAL_SYMBOL
|static|,static.crs,named,2797,_ZN8Savedata10BoxPokemon10GetPokemonEPN3pml8pokepara9CoreParamEjj,"Savedata::BoxPokemon::GetPokemon(pml::pokepara::CoreParam*, unsigned int, unsigned int)",0,3369864,.text,FUNCTION,RETAIL_ORIGINAL_SYMBOL
|static|,static.crs,named,2798,_ZN8Savedata10BoxPokemon10GetPokemonEjjPN4gfl24heap11CtrHeapBaseE,"Savedata::BoxPokemon::GetPokemon(unsigned int, unsigned int, gfl2::heap::CtrHeapBase*)",0,3369956,.text,FUNCTION,RETAIL_ORIGINAL_SYMBOL
|static|,static.crs,named,2799,_ZN8Savedata10BoxPokemon10PutPokemonEPKN3pml8pokepara9CoreParamEjjPN4gfl24heap11CtrHeapBaseE,"Savedata::BoxPokemon::PutPokemon(pml::pokepara::CoreParam const*, unsigned int, unsigned int, gfl2::heap::CtrHeapBase*)",0,3370108,.text,FUNCTION,RETAIL_ORIGINAL_SYMBOL
|static|,static.crs,named,2800,_ZN8Savedata10BoxPokemon11GetSpacePosERjS1_PN4gfl24heap11CtrHeapBaseE,"Savedata::BoxPokemon::GetSpacePos(unsigned int&, unsigned int&, gfl2::heap::CtrHeapBase*)",0,3370752,.text,FUNCTION,RETAIL_ORIGINAL_SYMBOL
|static|,static.crs,named,2801,_ZN8Savedata10BoxPokemon12CheckPokemonEjjPN3pml8pokepara9CoreParamEb,"Savedata::BoxPokemon::CheckPokemon(unsigned int, unsigned int, pml::pokepara::CoreParam*, bool)",0,3370868,.text,FUNCTION,RETAIL_ORIGINAL_SYMBOL
|static|,static.crs,named,2802,_ZN8Savedata10BoxPokemon12ClearPokemonEjjPN4gfl24heap11CtrHeapBaseE,"Savedata::BoxPokemon::ClearPokemon(unsigned int, unsigned int, gfl2::heap::CtrHeapBase*)",0,3371032,.text,FUNCTION,RETAIL_ORIGINAL_SYMBOL
|static|,static.crs,named,2803,_ZN8Savedata10BoxPokemon13ChangePokemonEjjjjPN4gfl24heap11CtrHeapBaseE,"Savedata::BoxPokemon::ChangePokemon(unsigned int, unsigned int, unsigned int, unsigned int, gfl2::heap::CtrHeapBase*)",0,3371216,.text,FUNCTION,RETAIL_ORIGINAL_SYMBOL
|static|,static.crs,named,2804,_ZN8Savedata10BoxPokemon13GetSpaceCountEjPN3pml8pokepara9CoreParamE,"Savedata::BoxPokemon::GetSpaceCount(unsigned int, pml::pokepara::CoreParam*)",0,3371468,.text,FUNCTION,RETAIL_ORIGINAL_SYMBOL
|static|,static.crs,named,2805,_ZN8Savedata10BoxPokemon15GetPokemonCountEjPN3pml8pokepara9CoreParamEb,"Savedata::BoxPokemon::GetPokemonCount(unsigned int, pml::pokepara::CoreParam*, bool)",0,3371832,.text,FUNCTION,RETAIL_ORIGINAL_SYMBOL
|static|,static.crs,named,2806,_ZN8Savedata10BoxPokemon16GetSpaceCountAllEPN4gfl24heap11CtrHeapBaseE,Savedata::BoxPokemon::GetSpaceCountAll(gfl2::heap::CtrHeapBase*),0,3371912,.text,FUNCTION,RETAIL_ORIGINAL_SYMBOL
|static|,static.crs,named,2807,_ZN8Savedata10BoxPokemon18GetPokemonCountAllEPN3pml8pokepara9CoreParamEb,"Savedata::BoxPokemon::GetPokemonCountAll(pml::pokepara::CoreParam*, bool)",0,3372128,.text,FUNCTION,RETAIL_ORIGINAL_SYMBOL
|static|,static.crs,named,2808,_ZN8Savedata10BoxPokemon18GetPokemonCountAllEPN4gfl24heap11CtrHeapBaseEb,"Savedata::BoxPokemon::GetPokemonCountAll(gfl2::heap::CtrHeapBase*, bool)",0,3372364,.text,FUNCTION,RETAIL_ORIGINAL_SYMBOL
|static|,static.crs,named,2809,_ZN8Savedata10BoxPokemon18UpdatePokemonConstEPKN3pml8pokepara9CoreParamEjj,"Savedata::BoxPokemon::UpdatePokemonConst(pml::pokepara::CoreParam const*, unsigned int, unsigned int)",0,3372528,.text,FUNCTION,RETAIL_ORIGINAL_SYMBOL
|static|,static.crs,named,2810,_ZN8Savedata10BoxPokemon22CheckPokemonTrayRetPosEjPN3pml8pokepara9CoreParamE,"Savedata::BoxPokemon::CheckPokemonTrayRetPos(unsigned int, pml::pokepara::CoreParam*)",0,3372824,.text,FUNCTION,RETAIL_ORIGINAL_SYMBOL
|static|,static.crs,named,2811,_ZN8Savedata10BoxPokemon22PutPokemonEmptyTrayAllEPKN3pml8pokepara9CoreParamEjPN4gfl24heap11CtrHeapBaseEPt,"Savedata::BoxPokemon::PutPokemonEmptyTrayAll(pml::pokepara::CoreParam const*, unsigned int, gfl2::heap::CtrHeapBase*, unsigned short*)",0,3372912,.text,FUNCTION,RETAIL_ORIGINAL_SYMBOL
|static|,static.crs,named,2812,_ZN8Savedata10ConfigSave10IsJapaneseEv,Savedata::ConfigSave::IsJapanese(),0,3373652,.text,FUNCTION,RETAIL_ORIGINAL_SYMBOL
|static|,static.crs,named,2813,_ZN8Savedata10ConfigSave12SetBoxStatusENS0_10BOX_STATUSE,Savedata::ConfigSave::SetBoxStatus(Savedata::ConfigSave::BOX_STATUS),0,3373680,.text,FUNCTION,RETAIL_ORIGINAL_SYMBOL
|static|,static.crs,named,2814,_ZN8Savedata10ConfigSave12SetKanjiModeEb,Savedata::ConfigSave::SetKanjiMode(bool),0,3373708,.text,FUNCTION,RETAIL_ORIGINAL_SYMBOL
|static|,static.crs,named,2815,_ZN8Savedata10ConfigSave13SetBattleRuleENS0_11BATTLE_RULEE,Savedata::ConfigSave::SetBattleRule(Savedata::ConfigSave::BATTLE_RULE),0,3373772,.text,FUNCTION,RETAIL_ORIGINAL_SYMBOL
|static|,static.crs,named,2816,_ZN8Savedata10ConfigSave15SetTalkingSpeedENS0_9MSG_SPEEDE,Savedata::ConfigSave::SetTalkingSpeed(Savedata::ConfigSave::MSG_SPEED),0,3373800,.text,FUNCTION,RETAIL_ORIGINAL_SYMBOL
|static|,static.crs,named,2817,_ZN8Savedata10ConfigSave18SetBattleAnimationENS0_16BATTLE_ANIMATIONE,Savedata::ConfigSave::SetBattleAnimation(Savedata::ConfigSave::BATTLE_ANIMATION),0,3373824,.text,FUNCTION,RETAIL_ORIGINAL_SYMBOL
|static|,static.crs,named,2818,_ZN8Savedata10ResortSave11GetFarmTimeEiPhS1_S1_,"Savedata::ResortSave::GetFarmTime(int, unsigned char*, unsigned char*, unsigned char*)",0,3374460,.text,FUNCTION,RETAIL_ORIGINAL_SYMBOL
|static|,static.crs,named,2819,_ZN8Savedata10ResortSave11SetFarmTimeEihhh,"Savedata::ResortSave::SetFarmTime(int, unsigned char, unsigned char, unsigned char)",0,3374532,.text,FUNCTION,RETAIL_ORIGINAL_SYMBOL
|static|,static.crs,named,2820,_ZN8Savedata10ResortSave11SetPlayTimeEPN7GameSys10DeviceDateE,Savedata::ResortSave::SetPlayTime(GameSys::DeviceDate*),0,3374592,.text,FUNCTION,RETAIL_ORIGINAL_SYMBOL
|static|,static.crs,named,2821,_ZN8Savedata10ResortSave12SetUpdateFlgEv,Savedata::ResortSave::SetUpdateFlg(),0,3375136,.text,FUNCTION,RETAIL_ORIGINAL_SYMBOL
|static|,static.crs,named,2822,_ZN8Savedata10ResortSave13GetBonusLevelEv,Savedata::ResortSave::GetBonusLevel(),0,3375152,.text,FUNCTION,RETAIL_ORIGINAL_SYMBOL
|static|,static.crs,named,2823,_ZN8Savedata10ResortSave13GetGimEndTimeEiPhS1_S1_,"Savedata::ResortSave::GetGimEndTime(int, unsigned char*, unsigned char*, unsigned char*)",0,3375168,.text,FUNCTION,RETAIL_ORIGINAL_SYMBOL
|static|,static.crs,named,2824,_ZN8Savedata10ResortSave13GetGimPokemonEiPN3pml8pokepara9CoreParamE,"Savedata::ResortSave::GetGimPokemon(int, pml::pokepara::CoreParam*)",0,3375240,.text,FUNCTION,RETAIL_ORIGINAL_SYMBOL
|static|,static.crs,named,2825,_ZN8Savedata10ResortSave13SetBonusLevelEh,Savedata::ResortSave::SetBonusLevel(unsigned char),0,3375296,.text,FUNCTION,RETAIL_ORIGINAL_SYMBOL
|static|,static.crs,named,2826,_ZN8Savedata10ResortSave13SetGimEndTimeEihhh,"Savedata::ResortSave::SetGimEndTime(int, unsigned char, unsigned char, unsigned char)",0,3375312,.text,FUNCTION,RETAIL_ORIGINAL_SYMBOL
|static|,static.crs,named,2827,_ZN8Savedata10ResortSave13SetGimPokemonEiPKN3pml8pokepara9CoreParamE,"Savedata::ResortSave::SetGimPokemon(int, pml::pokepara::CoreParam const*)",0,3375372,.text,FUNCTION,RETAIL_ORIGINAL_SYMBOL
|static|,static.crs,named,2828,_ZN8Savedata10ResortSave17FarmTimeDownCountEi,Savedata::ResortSave::FarmTimeDownCount(int),0,3375464,.text,FUNCTION,RETAIL_ORIGINAL_SYMBOL
|static|,static.crs,named,2829,_ZN8Savedata10ResortSave14CheckUpdateFlgEv,Savedata::ResortSave::CheckUpdateFlg(),0,3375572,.text,FUNCTION,RETAIL_ORIGINAL_SYMBOL
|static|,static.crs,named,2830,_ZN8Savedata10ResortSave14GetFarmPokemonEiPN3pml8pokepara9CoreParamE,"Savedata::ResortSave::GetFarmPokemon(int, pml::pokepara::CoreParam*)",0,3375600,.text,FUNCTION,RETAIL_ORIGINAL_SYMBOL
|static|,static.crs,named,2831,_ZN8Savedata10ResortSave14GetWildPokemonEiPN3pml8pokepara9CoreParamE,"Savedata::ResortSave::GetWildPokemon(int, pml::pokepara::CoreParam*)",0,3375656,.text,FUNCTION,RETAIL_ORIGINAL_SYMBOL
|static|,static.crs,named,2832,_ZN8Savedata10ResortSave14IsGimBonusTimeEv,Savedata::ResortSave::IsGimBonusTime(),0,3375768,.text,FUNCTION,RETAIL_ORIGINAL_SYMBOL
|static|,static.crs,named,2833,_ZN8Savedata10ResortSave14SetFarmPokemonEiPKN3pml8pokepara9CoreParamEii,"Savedata::ResortSave::SetFarmPokemon(int, pml::pokepara::CoreParam const*, int, int)",0,3375808,.text,FUNCTION,RETAIL_ORIGINAL_SYMBOL
|static|,static.crs,named,2834,_ZN8Savedata10ResortSave14SetGroundBeansEih,"Savedata::ResortSave::SetGroundBeans(int, unsigned char)",0,3375944,.text,FUNCTION,RETAIL_ORIGINAL_SYMBOL
|static|,static.crs,named,2835,_ZN8Savedata10ResortSave14SetResortLevelENS0_14PokeResortKindEh,"Savedata::ResortSave::SetResortLevel(Savedata::ResortSave::PokeResortKind, unsigned char)",0,3376008,.text,FUNCTION,RETAIL_ORIGINAL_SYMBOL
|static|,static.crs,named,2836,_ZN8Savedata10ResortSave14SetWildPokemonEiPKN3pml8pokepara9CoreParamE,"Savedata::ResortSave::SetWildPokemon(int, pml::pokepara::CoreParam const*)",0,3376072,.text,FUNCTION,RETAIL_ORIGINAL_SYMBOL
|static|,static.crs,named,2837,_ZN8Savedata10ResortSave15GetDiffTimeDateEPN7GameSys10DeviceDateE,Savedata::ResortSave::GetDiffTimeDate(GameSys::DeviceDate*),0,3376192,.text,FUNCTION,RETAIL_ORIGINAL_SYMBOL
|static|,static.crs,named,2838,_ZN8Savedata10ResortSave15GetGimBonusTimeEPhS1_S1_,"Savedata::ResortSave::GetGimBonusTime(unsigned char*, unsigned char*, unsigned char*)",0,3376380,.text,FUNCTION,RETAIL_ORIGINAL_SYMBOL
|static|,static.crs,named,2839,_ZN8Savedata10ResortSave15GetPokeBeansNumENS0_13PokeBeansEnumE,Savedata::ResortSave::GetPokeBeansNum(Savedata::ResortSave::PokeBeansEnum),0,3376488,.text,FUNCTION,RETAIL_ORIGINAL_SYMBOL
|static|,static.crs,named,2840,_ZN8Savedata10ResortSave15ResultBoxHotSpaEPN4gfl24heap11CtrHeapBaseEi,"Savedata::ResortSave::ResultBoxHotSpa(gfl2::heap::CtrHeapBase*, int)",0,3376508,.text,FUNCTION,RETAIL_ORIGINAL_SYMBOL
|static|,static.crs,named,2841,_ZN8Savedata10ResortSave15SetGimBonusTimeEhhh,"Savedata::ResortSave::SetGimBonusTime(unsigned char, unsigned char, unsigned char)",0,3376848,.text,FUNCTION,RETAIL_ORIGINAL_SYMBOL
|static|,static.crs,named,2842,_ZN8Savedata10ResortSave15SetPokeBeansNumENS0_13PokeBeansEnumEi,"Savedata::ResortSave::SetPokeBeansNum(Savedata::ResortSave::PokeBeansEnum, int)",0,3376900,.text,FUNCTION,RETAIL_ORIGINAL_SYMBOL
|static|,static.crs,named,2843,_ZN8Savedata10ResortSave15SubPokeBeansNumEiii,"Savedata::ResortSave::SubPokeBeansNum(int, int, int)",0,3376948,.text,FUNCTION,RETAIL_ORIGINAL_SYMBOL
|static|,static.crs,named,2844,_ZN8Savedata10ResortSave16AddAdventureItemEti,"Savedata::ResortSave::AddAdventureItem(unsigned short, int)",0,3377272,.text,FUNCTION,RETAIL_ORIGINAL_SYMBOL
|static|,static.crs,named,2845,_ZN8Savedata10ResortSave16GetAdventureItemEi,Savedata::ResortSave::GetAdventureItem(int),0,3377336,.text,FUNCTION,RETAIL_ORIGINAL_SYMBOL
|static|,static.crs,named,2846,_ZN8Savedata10ResortSave16GetAdventureTimeEPhS1_S1_,"Savedata::ResortSave::GetAdventureTime(unsigned char*, unsigned char*, unsigned char*)",0,3377392,.text,FUNCTION,RETAIL_ORIGINAL_SYMBOL
|static|,static.crs,named,2847,_ZN8Savedata10ResortSave16GetGimStartValueEh,Savedata::ResortSave::GetGimStartValue(unsigned char),0,3377452,.text,FUNCTION,RETAIL_ORIGINAL_SYMBOL
|static|,static.crs,named,2848,_ZN8Savedata10ResortSave16GetHotSpaPokemonEiPN3pml8pokepara9CoreParamE,"Savedata::ResortSave::GetHotSpaPokemon(int, pml::pokepara::CoreParam*)",0,3377472,.text,FUNCTION,RETAIL_ORIGINAL_SYMBOL
|static|,static.crs,named,2849,_ZN8Savedata10ResortSave16SetAdventureItemEit,"Savedata::ResortSave::SetAdventureItem(int, unsigned short)",0,3377528,.text,FUNCTION,RETAIL_ORIGINAL_SYMBOL
|static|,static.crs,named,2850,_ZN8Savedata10ResortSave16SetAdventureTimeEhhh,"Savedata::ResortSave::SetAdventureTime(unsigned char, unsigned char, unsigned char)",0,3377588,.text,FUNCTION,RETAIL_ORIGINAL_SYMBOL
|static|,static.crs,named,2851,_ZN8Savedata10ResortSave16SetGimStartValueEhh,"Savedata::ResortSave::SetGimStartValue(unsigned char, unsigned char)",0,3377640,.text,FUNCTION,RETAIL_ORIGINAL_SYMBOL
|static|,static.crs,named,2852,_ZN8Savedata10ResortSave16SetHotSpaPokemonEiPKN3pml8pokepara9CoreParamEb,"Savedata::ResortSave::SetHotSpaPokemon(int, pml::pokepara::CoreParam const*, bool)",0,3377660,.text,FUNCTION,RETAIL_ORIGINAL_SYMBOL
|static|,static.crs,named,2853,_ZN8Savedata10ResortSave17GetGimKindPowerIDENS0_17PokeResortGimKindE,Savedata::ResortSave::GetGimKindPowerID(Savedata::ResortSave::PokeResortGimKind),0,3377772,.text,FUNCTION,RETAIL_ORIGINAL_SYMBOL
|static|,static.crs,named,2854,_ZN8Savedata10ResortSave17GetResortProgressENS0_19ResortTutorialStateE,Savedata::ResortSave::GetResortProgress(Savedata::ResortSave::ResortTutorialState),0,3377832,.text,FUNCTION,RETAIL_ORIGINAL_SYMBOL
|static|,static.crs,named,2855,_ZN8Savedata10ResortSave17GetUseBeansBottleEv,Savedata::ResortSave::GetUseBeansBottle(),0,3377856,.text,FUNCTION,RETAIL_ORIGINAL_SYMBOL
|static|,static.crs,named,2856,_ZN8Savedata10ResortSave17IsHotSpaBonusTimeEv,Savedata::ResortSave::IsHotSpaBonusTime(),0,3377880,.text,FUNCTION,RETAIL_ORIGINAL_SYMBOL
|static|,static.crs,named,2857,_ZN8Savedata10ResortSave17SetFriendShipTimeEhhh,"Savedata::ResortSave::SetFriendShipTime(unsigned char, unsigned char, unsigned char)",0,3377920,.text,FUNCTION,RETAIL_ORIGINAL_SYMBOL
|static|,static.crs,named,2858,_ZN8Savedata10ResortSave17SetResortProgressENS0_19ResortTutorialStateE,Savedata::ResortSave::SetResortProgress(Savedata::ResortSave::ResortTutorialState),0,3377972,.text,FUNCTION,RETAIL_ORIGINAL_SYMBOL
|static|,static.crs,named,2859,_ZN8Savedata10ResortSave17SetUseBeansBottleEb,Savedata::ResortSave::SetUseBeansBottle(bool),0,3377996,.text,FUNCTION,RETAIL_ORIGINAL_SYMBOL
|static|,static.crs,named,2860,_ZN8Savedata10ResortSave18GetGroundBeansRankEi,Savedata::ResortSave::GetGroundBeansRank(int),0,3378012,.text,FUNCTION,RETAIL_ORIGINAL_SYMBOL
|static|,static.crs,named,2861,_ZN8Savedata10ResortSave18GetHotSpaBonusTimeEPhS1_S1_,"Savedata::ResortSave::GetHotSpaBonusTime(unsigned char*, unsigned char*, unsigned char*)",0,3378112,.text,FUNCTION,RETAIL_ORIGINAL_SYMBOL
|static|,static.crs,named,2862,_ZN8Savedata10ResortSave18GetTreasureItemNumEv,Savedata::ResortSave::GetTreasureItemNum(),0,3378172,.text,FUNCTION,RETAIL_ORIGINAL_SYMBOL
|static|,static.crs,named,2863,_ZN8Savedata10ResortSave18IsNewHotSpaPokemonEi,Savedata::ResortSave::IsNewHotSpaPokemon(int),0,3378212,.text,FUNCTION,RETAIL_ORIGINAL_SYMBOL
|static|,static.crs,named,2864,_ZN8Savedata10ResortSave18SetHotSpaBonusTimeEhhh,"Savedata::ResortSave::SetHotSpaBonusTime(unsigned char, unsigned char, unsigned char)",0,3378336,.text,FUNCTION,RETAIL_ORIGINAL_SYMBOL
|static|,static.crs,named,2865,_ZN8Savedata10ResortSave18SetWildPokemonTimeEhhh,"Savedata::ResortSave::SetWildPokemonTime(unsigned char, unsigned char, unsigned char)",0,3378388,.text,FUNCTION,RETAIL_ORIGINAL_SYMBOL
|static|,static.crs,named,2866,_ZN8Savedata10ResortSave19GetAdventurePokemonEiPN3pml8pokepara9CoreParamE,"Savedata::ResortSave::GetAdventurePokemon(int, pml::pokepara::CoreParam*)",0,3378440,.text,FUNCTION,RETAIL_ORIGINAL_SYMBOL
|static|,static.crs,named,2867,_ZN8Savedata10ResortSave19GetPokemonEventTimeEPhS1_S1_,"Savedata::ResortSave::GetPokemonEventTime(unsigned char*, unsigned char*, unsigned char*)",0,3378496,.text,FUNCTION,RETAIL_ORIGINAL_SYMBOL
|static|,static.crs,named,2868,_ZN8Savedata10ResortSave19GimEndTimeDownCountEi,Savedata::ResortSave::GimEndTimeDownCount(int),0,3378556,.text,FUNCTION,RETAIL_ORIGINAL_SYMBOL
|static|,static.crs,named,2869,_ZN8Savedata10ResortSave19IsBeansBottleGroundENS0_14PokeResortKindE,Savedata::ResortSave::IsBeansBottleGround(Savedata::ResortSave::PokeResortKind),0,3378576,.text,FUNCTION,RETAIL_ORIGINAL_SYMBOL
|static|,static.crs,named,2870,_ZN8Savedata10ResortSave19SetAdventurePokemonEiPKN3pml8pokepara9CoreParamEii,"Savedata::ResortSave::SetAdventurePokemon(int, pml::pokepara::CoreParam const*, int, int)",0,3378628,.text,FUNCTION,RETAIL_ORIGINAL_SYMBOL
|static|,static.crs,named,2871,_ZN8Savedata10ResortSave19SetPokemonEventTimeEhhh,"Savedata::ResortSave::SetPokemonEventTime(unsigned char, unsigned char, unsigned char)",0,3378764,.text,FUNCTION,RETAIL_ORIGINAL_SYMBOL
|static|,static.crs,named,2872,_ZN8Savedata10ResortSave20GetFarmPokemonBoxPosEi,Savedata::ResortSave::GetFarmPokemonBoxPos(int),0,3378816,.text,FUNCTION,RETAIL_ORIGINAL_SYMBOL
|static|,static.crs,named,2873,_ZN8Savedata10ResortSave20GetFriendShipPokemonEiPN3pml8pokepara9CoreParamE,"Savedata::ResortSave::GetFriendShipPokemon(int, pml::pokepara::CoreParam*)",0,3378884,.text,FUNCTION,RETAIL_ORIGINAL_SYMBOL
|static|,static.crs,named,2874,_ZN8Savedata10ResortSave20IsAdventureBonusTimeEv,Savedata::ResortSave::IsAdventureBonusTime(),0,3378936,.text,FUNCTION,RETAIL_ORIGINAL_SYMBOL
|static|,static.crs,named,2875,_ZN8Savedata10ResortSave20IsFarmFertilizerTimeEv,Savedata::ResortSave::IsFarmFertilizerTime(),0,3378976,.text,FUNCTION,RETAIL_ORIGINAL_SYMBOL
|static|,static.crs,named,2876,_ZN8Savedata10ResortSave20SetBeansBottleGroundENS0_14PokeResortKindEb,"Savedata::ResortSave::SetBeansBottleGround(Savedata::ResortSave::PokeResortKind, bool)",0,3379016,.text,FUNCTION,RETAIL_ORIGINAL_SYMBOL
|static|,static.crs,named,2877,_ZN8Savedata10ResortSave20SetFriendShipPokemonEiPKN3pml8pokepara9CoreParamEii,"Savedata::ResortSave::SetFriendShipPokemon(int, pml::pokepara::CoreParam const*, int, int)",0,3379052,.text,FUNCTION,RETAIL_ORIGINAL_SYMBOL
|static|,static.crs,named,2878,_ZN8Savedata10ResortSave20SetHotSpaPokemonTimeEihhh,"Savedata::ResortSave::SetHotSpaPokemonTime(int, unsigned char, unsigned char, unsigned char)",0,3379160,.text,FUNCTION,RETAIL_ORIGINAL_SYMBOL
|static|,static.crs,named,2879,_ZN8Savedata10ResortSave21GetAdventureBonusTimeEPhS1_S1_,"Savedata::ResortSave::GetAdventureBonusTime(unsigned char*, unsigned char*, unsigned char*)",0,3379220,.text,FUNCTION,RETAIL_ORIGINAL_SYMBOL
|static|,static.crs,named,2880,_ZN8Savedata10ResortSave21GetFarmFertilizerTimeEPhS1_S1_,"Savedata::ResortSave::GetFarmFertilizerTime(unsigned char*, unsigned char*, unsigned char*)",0,3379280,.text,FUNCTION,RETAIL_ORIGINAL_SYMBOL
|static|,static.crs,named,2881,_ZN8Savedata10ResortSave21GimBonusTimeDownCountEv,Savedata::ResortSave::GimBonusTimeDownCount(),0,3379340,.text,FUNCTION,RETAIL_ORIGINAL_SYMBOL
|static|,static.crs,named,2882,_ZN8Savedata10ResortSave21ResetNewHotSpaPokemonEi,Savedata::ResortSave::ResetNewHotSpaPokemon(int),0,3379412,.text,FUNCTION,RETAIL_ORIGINAL_SYMBOL
|static|,static.crs,named,2883,_ZN8Savedata10ResortSave21SetAdventureBonusTimeEhhh,"Savedata::ResortSave::SetAdventureBonusTime(unsigned char, unsigned char, unsigned char)",0,3379444,.text,FUNCTION,RETAIL_ORIGINAL_SYMBOL
|static|,static.crs,named,2884,_ZN8Savedata10ResortSave21SetBeansIvyHiddenTimeEhhh,"Savedata::ResortSave::SetBeansIvyHiddenTime(unsigned char, unsigned char, unsigned char)",0,3379496,.text,FUNCTION,RETAIL_ORIGINAL_SYMBOL
|static|,static.crs,named,2885,_ZN8Savedata10ResortSave21SetFarmFertilizerTimeEhhh,"Savedata::ResortSave::SetFarmFertilizerTime(unsigned char, unsigned char, unsigned char)",0,3379548,.text,FUNCTION,RETAIL_ORIGINAL_SYMBOL
|static|,static.crs,named,2886,_ZN8Savedata10ResortSave22AddBeansIvyHiddenCountEh,Savedata::ResortSave::AddBeansIvyHiddenCount(unsigned char),0,3379600,.text,FUNCTION,RETAIL_ORIGINAL_SYMBOL
|static|,static.crs,named,2887,_ZN8Savedata10ResortSave22AdventureTimeDownCountEv,Savedata::ResortSave::AdventureTimeDownCount(),0,3379628,.text,FUNCTION,RETAIL_ORIGINAL_SYMBOL
|static|,static.crs,named,2888,_ZN8Savedata10ResortSave22GetBeansIvyHiddenCountEv,Savedata::ResortSave::GetBeansIvyHiddenCount(),0,3379640,.text,FUNCTION,RETAIL_ORIGINAL_SYMBOL
|static|,static.crs,named,2889,_ZN8Savedata10ResortSave23FriendShipTimeDownCountEv,Savedata::ResortSave::FriendShipTimeDownCount(),0,3379656,.text,FUNCTION,RETAIL_ORIGINAL_SYMBOL
|static|,static.crs,named,2890,_ZN8Savedata10ResortSave24HotSpaBonusTimeDownCountEv,Savedata::ResortSave::HotSpaBonusTimeDownCount(),0,3379668,.text,FUNCTION,RETAIL_ORIGINAL_SYMBOL
|static|,static.crs,named,2891,_ZN8Savedata10ResortSave24IsWildPokemonServiceTimeEv,Savedata::ResortSave::IsWildPokemonServiceTime(),0,3379740,.text,FUNCTION,RETAIL_ORIGINAL_SYMBOL
|static|,static.crs,named,2892,_ZN8Savedata10ResortSave24PokemonCountHotSpaAndGimEPN3pml8pokepara9CoreParamE,Savedata::ResortSave::PokemonCountHotSpaAndGim(pml::pokepara::CoreParam*),0,3379780,.text,FUNCTION,RETAIL_ORIGINAL_SYMBOL
|static|,static.crs,named,2893,_ZN8Savedata10ResortSave24ResetBeansIvyHiddenCountEv,Savedata::ResortSave::ResetBeansIvyHiddenCount(),0,3380028,.text,FUNCTION,RETAIL_ORIGINAL_SYMBOL
|static|,static.crs,named,2894,_ZN8Savedata10ResortSave24SetPokePartyToGimPokemonEjPKN3pml9PokePartyEPN4gfl24heap11CtrHeapBaseE,"Savedata::ResortSave::SetPokePartyToGimPokemon(unsigned int, pml::PokeParty const*, gfl2::heap::CtrHeapBase*)",0,3380048,.text,FUNCTION,RETAIL_ORIGINAL_SYMBOL
|static|,static.crs,named,2895,_ZN8Savedata10ResortSave24WildPokemonTimeDownCountEv,Savedata::ResortSave::WildPokemonTimeDownCount(),0,3380436,.text,FUNCTION,RETAIL_ORIGINAL_SYMBOL
|static|,static.crs,named,2896,_ZN8Savedata10ResortSave25GetAdventurePokemonBoxPosEi,Savedata::ResortSave::GetAdventurePokemonBoxPos(int),0,3380448,.text,FUNCTION,RETAIL_ORIGINAL_SYMBOL
|static|,static.crs,named,2897,_ZN8Savedata10ResortSave25GetWildPokemonServiceTimeEPhS1_S1_,"Savedata::ResortSave::GetWildPokemonServiceTime(unsigned char*, unsigned char*, unsigned char*)",0,3380516,.text,FUNCTION,RETAIL_ORIGINAL_SYMBOL
|static|,static.crs,named,2898,_ZN8Savedata10ResortSave25HotSpaNoboseTimeDownCountEi,Savedata::ResortSave::HotSpaNoboseTimeDownCount(int),0,3380576,.text,FUNCTION,RETAIL_ORIGINAL_SYMBOL
|static|,static.crs,named,2899,_ZN8Savedata10ResortSave25PokemonEventTimeDownCountEv,Savedata::ResortSave::PokemonEventTimeDownCount(),0,3380700,.text,FUNCTION,RETAIL_ORIGINAL_SYMBOL
|static|,static.crs,named,2900,_ZN8Savedata10ResortSave25SetBeansBottleServiceTimeEhhh,"Savedata::ResortSave::SetBeansBottleServiceTime(unsigned char, unsigned char, unsigned char)",0,3380712,.text,FUNCTION,RETAIL_ORIGINAL_SYMBOL
|static|,static.crs,named,2901,_ZN8Savedata10ResortSave25SetWildPokemonServiceTimeEhhh,"Savedata::ResortSave::SetWildPokemonServiceTime(unsigned char, unsigned char, unsigned char)",0,3380764,.text,FUNCTION,RETAIL_ORIGINAL_SYMBOL
|static|,static.crs,named,2902,_ZN8Savedata10ResortSave26GetFriendShipPokemonBoxPosEi,Savedata::ResortSave::GetFriendShipPokemonBoxPos(int),0,3380816,.text,FUNCTION,RETAIL_ORIGINAL_SYMBOL
|static|,static.crs,named,2903,_ZN8Savedata10ResortSave26HotSpaPokemonTimeDownCountEi,Savedata::ResortSave::HotSpaPokemonTimeDownCount(int),0,3380884,.text,FUNCTION,RETAIL_ORIGINAL_SYMBOL
|static|,static.crs,named,2904,_ZN8Savedata10ResortSave27AdventureBonusTimeDownCountEv,Savedata::ResortSave::AdventureBonusTimeDownCount(),0,3380952,.text,FUNCTION,RETAIL_ORIGINAL_SYMBOL
|static|,static.crs,named,2905,_ZN8Savedata10ResortSave27FarmFertilizerTimeDownCountEv,Savedata::ResortSave::FarmFertilizerTimeDownCount(),0,3381024,.text,FUNCTION,RETAIL_ORIGINAL_SYMBOL
|static|,static.crs,named,2906,_ZN8Savedata10ResortSave27SetPokePartyToHotSpaPokemonEjPKN3pml9PokePartyEPN4gfl24heap11CtrHeapBaseE,"Savedata::ResortSave::SetPokePartyToHotSpaPokemon(unsigned int, pml::PokeParty const*, gfl2::heap::CtrHeapBase*)",0,3381096,.text,FUNCTION,RETAIL_ORIGINAL_SYMBOL
|static|,static.crs,named,2907,_ZN8Savedata10ResortSave30SetBeansIvyHiddenTimeDownCountEv,Savedata::ResortSave::SetBeansIvyHiddenTimeDownCount(),0,3381508,.text,FUNCTION,RETAIL_ORIGINAL_SYMBOL
|static|,static.crs,named,2908,_ZN8Savedata10ResortSave31BeansBottleServiceTimeDownCountEv,Savedata::ResortSave::BeansBottleServiceTimeDownCount(),0,3381520,.text,FUNCTION,RETAIL_ORIGINAL_SYMBOL
|static|,static.crs,named,2909,_ZN8Savedata10ResortSave31WildPokemonServiceTimeDownCountEv,Savedata::ResortSave::WildPokemonServiceTimeDownCount(),0,3381532,.text,FUNCTION,RETAIL_ORIGINAL_SYMBOL
|static|,static.crs,named,2910,_ZN8Savedata11FishingSpot10EscapeRareEj,Savedata::FishingSpot::EscapeRare(unsigned int),0,3383020,.text,FUNCTION,RETAIL_ORIGINAL_SYMBOL
|static|,static.crs,named,2911,_ZN8Savedata11FishingSpot16ResetFishingSpotEv,Savedata::FishingSpot::ResetFishingSpot(),0,3383048,.text,FUNCTION,RETAIL_ORIGINAL_SYMBOL
|static|,static.crs,named,2912,_ZN8Savedata11FishingSpot7LotRareEPjj,"Savedata::FishingSpot::LotRare(unsigned int*, unsigned int)",0,3383128,.text,FUNCTION,RETAIL_ORIGINAL_SYMBOL
|static|,static.crs,named,2913,_ZN8Savedata11WeatherSave10GetWeatherEi,Savedata::WeatherSave::GetWeather(int),0,3383584,.text,FUNCTION,RETAIL_ORIGINAL_SYMBOL
|static|,static.crs,named,2914,_ZN8Savedata12GameSyncSave12SetSignedPGLEb,Savedata::GameSyncSave::SetSignedPGL(bool),0,3383836,.text,FUNCTION,RETAIL_ORIGINAL_SYMBOL
|static|,static.crs,named,2915,_ZN8Savedata12GameSyncSave16SetIsNoRegistPGLEb,Savedata::GameSyncSave::SetIsNoRegistPGL(bool),0,3384012,.text,FUNCTION,RETAIL_ORIGINAL_SYMBOL
|static|,static.crs,named,2916,_ZN8Savedata12GameSyncSave23SetDispedFirstGuideFlagEb,Savedata::GameSyncSave::SetDispedFirstGuideFlag(bool),0,3384040,.text,FUNCTION,RETAIL_ORIGINAL_SYMBOL
|static|,static.crs,named,2917,_ZN8Savedata12GameSyncSave25SetGameSyncFirstConnectedEb,Savedata::GameSyncSave::SetGameSyncFirstConnected(bool),0,3384064,.text,FUNCTION,RETAIL_ORIGINAL_SYMBOL
|static|,static.crs,named,2918,_ZN8Savedata12GameSyncSave32CheckLockGameSyncSaveFor5xxErrorEv,Savedata::GameSyncSave::CheckLockGameSyncSaveFor5xxError(),0,3384320,.text,FUNCTION,RETAIL_ORIGINAL_SYMBOL
|static|,static.crs,named,2919,_ZN8Savedata12UnionPokemon10GetPokemonEPN3pml8pokepara12PokemonParamE,Savedata::UnionPokemon::GetPokemon(pml::pokepara::PokemonParam*),0,3385212,.text,FUNCTION,RETAIL_ORIGINAL_SYMBOL
|static|,static.crs,named,2920,_ZN8Savedata12UnionPokemon15InitPokemonDataEPN4gfl24heap11CtrHeapBaseE,Savedata::UnionPokemon::InitPokemonData(gfl2::heap::CtrHeapBase*),0,3385236,.text,FUNCTION,RETAIL_ORIGINAL_SYMBOL
|static|,static.crs,named,2921,_ZN8Savedata13LiveMatchData16SetLiveEntryWorkEh,Savedata::LiveMatchData::SetLiveEntryWork(unsigned char),0,3385604,.text,FUNCTION,RETAIL_ORIGINAL_SYMBOL
|static|,static.crs,named,2922,_ZN8Savedata13LiveMatchData17GetLastLiveRecordEv,Savedata::LiveMatchData::GetLastLiveRecord(),0,3385612,.text,FUNCTION,RETAIL_ORIGINAL_SYMBOL
|static|,static.crs,named,2923,_ZN8Savedata13PokeDiarySave3GetE4PDIDbPNS0_10DIARY_DATAE,"Savedata::PokeDiarySave::Get(PDID, bool, Savedata::PokeDiarySave::DIARY_DATA*)",0,3386500,.text,FUNCTION,RETAIL_ORIGINAL_SYMBOL
|static|,static.crs,named,2924,_ZN8Savedata14BattleInstSave11GetCountMaxEv,Savedata::BattleInstSave::GetCountMax(),0,3387308,.text,FUNCTION,RETAIL_ORIGINAL_SYMBOL
|static|,static.crs,named,2925,_ZN8Savedata14BattleInstSave11GetWinCountENS_14BattleTreeTypeENS_14BattleTreeRankE,"Savedata::BattleInstSave::GetWinCount(Savedata::BattleTreeType, Savedata::BattleTreeRank)",0,3387328,.text,FUNCTION,RETAIL_ORIGINAL_SYMBOL
|static|,static.crs,named,2926,_ZN8Savedata14BattleInstSave12GetBattleBgmEv,Savedata::BattleInstSave::GetBattleBgm(),0,3387400,.text,FUNCTION,RETAIL_ORIGINAL_SYMBOL
|static|,static.crs,named,2927,_ZN8Savedata14BattleInstSave12SetBattleBgmEi,Savedata::BattleInstSave::SetBattleBgm(int),0,3387408,.text,FUNCTION,RETAIL_ORIGINAL_SYMBOL
|static|,static.crs,named,2928,_ZN8Savedata14BattleInstSave13ClearWinCountENS_14BattleTreeTypeENS_14BattleTreeRankE,"Savedata::BattleInstSave::ClearWinCount(Savedata::BattleTreeType, Savedata::BattleTreeRank)",0,3387416,.text,FUNCTION,RETAIL_ORIGINAL_SYMBOL
|static|,static.crs,named,2929,_ZN8Savedata14BattleInstSave13GetBattleTypeEv,Savedata::BattleInstSave::GetBattleType(),0,3387460,.text,FUNCTION,RETAIL_ORIGINAL_SYMBOL
|static|,static.crs,named,2930,_ZN8Savedata14BattleInstSave14GetMaxWinCountENS_14BattleTreeTypeENS_14BattleTreeRankE,"Savedata::BattleInstSave::GetMaxWinCount(Savedata::BattleTreeType, Savedata::BattleTreeRank)",0,3387468,.text,FUNCTION,RETAIL_ORIGINAL_SYMBOL
|static|,static.crs,named,2931,_ZN8Savedata14BattleInstSave14ResetBattleBgmEv,Savedata::BattleInstSave::ResetBattleBgm(),0,3387560,.text,FUNCTION,RETAIL_ORIGINAL_SYMBOL
|static|,static.crs,named,2932,_ZN8Savedata14BattleInstSave16AddWinCountRoyalEv,Savedata::BattleInstSave::AddWinCountRoyal(),0,3387572,.text,FUNCTION,RETAIL_ORIGINAL_SYMBOL
|static|,static.crs,named,2933,_ZN8Savedata14BattleInstSave16GetPrizeWinCountEv,Savedata::BattleInstSave::GetPrizeWinCount(),0,3387596,.text,FUNCTION,RETAIL_ORIGINAL_SYMBOL
|static|,static.crs,named,2934,_ZN8Savedata14BattleInstSave16SetPrizeWinCountEt,Savedata::BattleInstSave::SetPrizeWinCount(unsigned short),0,3387608,.text,FUNCTION,RETAIL_ORIGINAL_SYMBOL
|static|,static.crs,named,2935,_ZN8Savedata14BattleInstSave18ClearWinCountRoyalEv,Savedata::BattleInstSave::ClearWinCountRoyal(),0,3387648,.text,FUNCTION,RETAIL_ORIGINAL_SYMBOL
|static|,static.crs,named,2936,_ZN8Savedata14BattleInstSave18ResetPrizeWinCountEv,Savedata::BattleInstSave::ResetPrizeWinCount(),0,3387664,.text,FUNCTION,RETAIL_ORIGINAL_SYMBOL
|static|,static.crs,named,2937,_ZN8Savedata14BattleInstSave20ReleaseNextRankRoyalEv,Savedata::BattleInstSave::ReleaseNextRankRoyal(),0,3387956,.text,FUNCTION,RETAIL_ORIGINAL_SYMBOL
|static|,static.crs,named,2938,_ZN8Savedata14BattleInstSave22ClearScoutTrainerIndexEi,Savedata::BattleInstSave::ClearScoutTrainerIndex(int),0,3387988,.text,FUNCTION,RETAIL_ORIGINAL_SYMBOL
|static|,static.crs,named,2939,_ZN8Savedata14BattleInstSave22ResetBattleTypeAndRankEv,Savedata::BattleInstSave::ResetBattleTypeAndRank(),0,3388032,.text,FUNCTION,RETAIL_ORIGINAL_SYMBOL
|static|,static.crs,named,2940,_ZN8Savedata14BattleInstSave7GetRankEv,Savedata::BattleInstSave::GetRank(),0,3388164,.text,FUNCTION,RETAIL_ORIGINAL_SYMBOL
|static|,static.crs,named,2941,_ZN8Savedata14BattleSpotData17SetEntryCommunityERKNS0_15ENTRY_COMMUNITYENS0_20ENTRY_COMMUNITY_TYPEE,"Savedata::BattleSpotData::SetEntryCommunity(Savedata::BattleSpotData::ENTRY_COMMUNITY const&, Savedata::BattleSpotData::ENTRY_COMMUNITY_TYPE)",0,3388316,.text,FUNCTION,RETAIL_ORIGINAL_SYMBOL
|static|,static.crs,named,2942,_ZN8Savedata14BattleSpotData19SetInternetTimeZoneEa,Savedata::BattleSpotData::SetInternetTimeZone(signed char),0,3388368,.text,FUNCTION,RETAIL_ORIGINAL_SYMBOL
|static|,static.crs,named,2943,_ZN8Savedata14BattleSpotData20SetInternetEntryWorkEh,Savedata::BattleSpotData::SetInternetEntryWork(unsigned char),0,3388376,.text,FUNCTION,RETAIL_ORIGINAL_SYMBOL
|static|,static.crs,named,2944,_ZN8Savedata14BattleSpotData21SetInternetMatchCountEh,Savedata::BattleSpotData::SetInternetMatchCount(unsigned char),0,3388384,.text,FUNCTION,RETAIL_ORIGINAL_SYMBOL
|static|,static.crs,named,2945,_ZN8Savedata14PokeFinderSave11GetGyroFlagEv,Savedata::PokeFinderSave::GetGyroFlag(),0,3388956,.text,FUNCTION,RETAIL_ORIGINAL_SYMBOL
|static|,static.crs,named,2946,_ZN8Savedata14PokeFinderSave11SetGyroFlagEb,Savedata::PokeFinderSave::SetGyroFlag(bool),0,3388972,.text,FUNCTION,RETAIL_ORIGINAL_SYMBOL
|static|,static.crs,named,2947,_ZN8Savedata14PokeFinderSave12AddSnapCountEj,Savedata::PokeFinderSave::AddSnapCount(unsigned int),0,3388988,.text,FUNCTION,RETAIL_ORIGINAL_SYMBOL
|static|,static.crs,named,2948,_ZN8Savedata14PokeFinderSave12GetHighValueEv,Savedata::PokeFinderSave::GetHighValue(),0,3389004,.text,FUNCTION,RETAIL_ORIGINAL_SYMBOL
|static|,static.crs,named,2949,_ZN8Savedata14PokeFinderSave12GetSpotFlagsEj,Savedata::PokeFinderSave::GetSpotFlags(unsigned int),0,3389012,.text,FUNCTION,RETAIL_ORIGINAL_SYMBOL
|static|,static.crs,named,2950,_ZN8Savedata14PokeFinderSave12SetSpotFlagsEjjb,"Savedata::PokeFinderSave::SetSpotFlags(unsigned int, unsigned int, bool)",0,3389036,.text,FUNCTION,RETAIL_ORIGINAL_SYMBOL
|static|,static.crs,named,2951,_ZN8Savedata14PokeFinderSave13AddTotalValueEj,Savedata::PokeFinderSave::AddTotalValue(unsigned int),0,3389076,.text,FUNCTION,RETAIL_ORIGINAL_SYMBOL
|static|,static.crs,named,2952,_ZN8Savedata14PokeFinderSave13GetTotalValueEv,Savedata::PokeFinderSave::GetTotalValue(),0,3389124,.text,FUNCTION,RETAIL_ORIGINAL_SYMBOL
|static|,static.crs,named,2953,_ZN8Savedata14PokeFinderSave16GetCameraVersionEv,Savedata::PokeFinderSave::GetCameraVersion(),0,3389132,.text,FUNCTION,RETAIL_ORIGINAL_SYMBOL
|static|,static.crs,named,2954,_ZN8Savedata14PokeFinderSave16GetTutorialFlagsEv,Savedata::PokeFinderSave::GetTutorialFlags(),0,3389140,.text,FUNCTION,RETAIL_ORIGINAL_SYMBOL
|static|,static.crs,named,2955,_ZN8Savedata14PokeFinderSave16SetCameraVersionEt,Savedata::PokeFinderSave::SetCameraVersion(unsigned short),0,3389148,.text,FUNCTION,RETAIL_ORIGINAL_SYMBOL
|static|,static.crs,named,2956,_ZN8Savedata14PokeFinderSave16SetTutorialFlagsEtb,"Savedata::PokeFinderSave::SetTutorialFlags(unsigned short, bool)",0,3389164,.text,FUNCTION,RETAIL_ORIGINAL_SYMBOL
|static|,static.crs,named,2957,_ZN8Savedata15MysteryGiftSave10SetupCloneERNS0_9CORE_DATAE,Savedata::MysteryGiftSave::SetupClone(Savedata::MysteryGiftSave::CORE_DATA&),0,3389784,.text,FUNCTION,RETAIL_ORIGINAL_SYMBOL
|static|,static.crs,named,2958,_ZN8Savedata15MysteryGiftSave11GetRecvFlagEj,Savedata::MysteryGiftSave::GetRecvFlag(unsigned int),0,3389820,.text,FUNCTION,RETAIL_ORIGINAL_SYMBOL
|static|,static.crs,named,2959,_ZN8Savedata15MysteryGiftSave11SERIAL_DATA19QueryTimeoutPenaltyEthhhh,"Savedata::MysteryGiftSave::SERIAL_DATA::QueryTimeoutPenalty(unsigned short, unsigned char, unsigned char, unsigned char, unsigned char)",0,3389868,.text,FUNCTION,RETAIL_ORIGINAL_SYMBOL
|static|,static.crs,named,2960,_ZN8Savedata15MysteryGiftSave11SERIAL_DATA22UpdateSerialAuthStatusEbthhhh,"Savedata::MysteryGiftSave::SERIAL_DATA::UpdateSerialAuthStatus(bool, unsigned short, unsigned char, unsigned char, unsigned char, unsigned char)",0,3390224,.text,FUNCTION,RETAIL_ORIGINAL_SYMBOL
|static|,static.crs,named,2961,_ZN8Savedata15MysteryGiftSave12GetBPGiftNumEv,Savedata::MysteryGiftSave::GetBPGiftNum(),0,3390596,.text,FUNCTION,RETAIL_ORIGINAL_SYMBOL
|static|,static.crs,named,2962,_ZN8Savedata15MysteryGiftSave12ReceiveCheckEPKNS0_22MYSTERY_GIFT_RECV_DATAE,Savedata::MysteryGiftSave::ReceiveCheck(Savedata::MysteryGiftSave::MYSTERY_GIFT_RECV_DATA const*),0,3390772,.text,FUNCTION,RETAIL_ORIGINAL_SYMBOL
|static|,static.crs,named,2963,_ZN8Savedata15MysteryGiftSave12ReceiveCheckEPKNS0_17MYSTERY_GIFT_DATAE,Savedata::MysteryGiftSave::ReceiveCheck(Savedata::MysteryGiftSave::MYSTERY_GIFT_DATA const*),0,3390780,.text,FUNCTION,RETAIL_ORIGINAL_SYMBOL
|static|,static.crs,named,2964,_ZN8Savedata15MysteryGiftSave12SwapGiftDataEjj,"Savedata::MysteryGiftSave::SwapGiftData(unsigned int, unsigned int)",0,3391232,.text,FUNCTION,RETAIL_ORIGINAL_SYMBOL
|static|,static.crs,named,2965,_ZN8Savedata15MysteryGiftSave14DeleteGiftDataEjb,"Savedata::MysteryGiftSave::DeleteGiftData(unsigned int, bool)",0,3391472,.text,FUNCTION,RETAIL_ORIGINAL_SYMBOL
|static|,static.crs,named,2966,_ZN8Savedata15MysteryGiftSave14GetItemGiftNumEv,Savedata::MysteryGiftSave::GetItemGiftNum(),0,3391700,.text,FUNCTION,RETAIL_ORIGINAL_SYMBOL
|static|,static.crs,named,2967,_ZN8Savedata15MysteryGiftSave14GetMameGiftNumEv,Savedata::MysteryGiftSave::GetMameGiftNum(),0,3391876,.text,FUNCTION,RETAIL_ORIGINAL_SYMBOL
|static|,static.crs,named,2968,_ZN8Savedata15MysteryGiftSave14GetPokeGiftNumEv,Savedata::MysteryGiftSave::GetPokeGiftNum(),0,3392052,.text,FUNCTION,RETAIL_ORIGINAL_SYMBOL
|static|,static.crs,named,2969,_ZN8Savedata15MysteryGiftSave14WriteBackCloneEPKNS0_9CORE_DATAE,Savedata::MysteryGiftSave::WriteBackClone(Savedata::MysteryGiftSave::CORE_DATA const*),0,3392228,.text,FUNCTION,RETAIL_ORIGINAL_SYMBOL
|static|,static.crs,named,2970,_ZN8Savedata15MysteryGiftSave16PushBackGiftDataEPKNS0_22MYSTERY_GIFT_RECV_DATAE,Savedata::MysteryGiftSave::PushBackGiftData(Savedata::MysteryGiftSave::MYSTERY_GIFT_RECV_DATA const*),0,3392580,.text,FUNCTION,RETAIL_ORIGINAL_SYMBOL
|static|,static.crs,named,2971,_ZN8Savedata15MysteryGiftSave22MYSTERY_GIFT_RECV_DATA8CRCCheckEPt,Savedata::MysteryGiftSave::MYSTERY_GIFT_RECV_DATA::CRCCheck(unsigned short*),0,3395484,.text,FUNCTION,RETAIL_ORIGINAL_SYMBOL
|static|,static.crs,named,2972,_ZN8Savedata15MysteryGiftSave30CreatePokemonParamFromGiftDataEPKNS0_22MYSTERY_GIFT_POKE_DATAEPN4gfl24heap11CtrHeapBaseEi,"Savedata::MysteryGiftSave::CreatePokemonParamFromGiftData(Savedata::MysteryGiftSave::MYSTERY_GIFT_POKE_DATA const*, gfl2::heap::CtrHeapBase*, int)",0,3395904,.text,FUNCTION,RETAIL_ORIGINAL_SYMBOL
|static|,static.crs,named,2973,_ZN8Savedata15MysteryGiftSave34GetGiftDataVacanciesWithDeletablesEv,Savedata::MysteryGiftSave::GetGiftDataVacanciesWithDeletables(),0,3397812,.text,FUNCTION,RETAIL_ORIGINAL_SYMBOL
|static|,static.crs,named,2974,_ZN8Savedata16QRReaderSaveData12BatteryQueryEv,Savedata::QRReaderSaveData::BatteryQuery(),0,3398272,.text,FUNCTION,RETAIL_ORIGINAL_SYMBOL
|static|,static.crs,named,2975,_ZN8Savedata16QRReaderSaveData14FieldScanQueryEPNS0_22IFieldScanQueryHandlerEPNS0_18FieldScanQueryInfoE,"Savedata::QRReaderSaveData::FieldScanQuery(Savedata::QRReaderSaveData::IFieldScanQueryHandler*, Savedata::QRReaderSaveData::FieldScanQueryInfo*)",0,3398576,.text,FUNCTION,RETAIL_ORIGINAL_SYMBOL
|static|,static.crs,named,2976,_ZN8Savedata16QRReaderSaveData15ChargeScanPowerEjPj,"Savedata::QRReaderSaveData::ChargeScanPower(unsigned int, unsigned int*)",0,3398732,.text,FUNCTION,RETAIL_ORIGINAL_SYMBOL
|static|,static.crs,named,2977,_ZN8Savedata16QRReaderSaveData17ActivateFieldScanEb,Savedata::QRReaderSaveData::ActivateFieldScan(bool),0,3398824,.text,FUNCTION,RETAIL_ORIGINAL_SYMBOL
|static|,static.crs,named,2978,_ZN8Savedata16QRReaderSaveData18UseBatteryOnQRScanEv,Savedata::QRReaderSaveData::UseBatteryOnQRScan(),0,3398944,.text,FUNCTION,RETAIL_ORIGINAL_SYMBOL
|static|,static.crs,named,2979,_ZN8Savedata16QRReaderSaveData19InactivateFieldScanEv,Savedata::QRReaderSaveData::InactivateFieldScan(),0,3399048,.text,FUNCTION,RETAIL_ORIGINAL_SYMBOL
|static|,static.crs,named,2980,_ZN8Savedata16QRReaderSaveData22GetFieldScanTargetInfoEPtS1_P6MonsNoPhPN3pml3SexE,"Savedata::QRReaderSaveData::GetFieldScanTargetInfo(unsigned short*, unsigned short*, MonsNo*, unsigned char*, pml::Sex*)",0,3399196,.text,FUNCTION,RETAIL_ORIGINAL_SYMBOL
|static|,static.crs,named,2981,_ZN8Savedata16QRReaderSaveData22SetFieldScanTargetInfoEtt6MonsNohN3pml3SexE,"Savedata::QRReaderSaveData::SetFieldScanTargetInfo(unsigned short, unsigned short, MonsNo, unsigned char, pml::Sex)",0,3399280,.text,FUNCTION,RETAIL_ORIGINAL_SYMBOL
|static|,static.crs,named,2982,_ZN8Savedata16QRReaderSaveData23ResetScannedDataHistoryEv,Savedata::QRReaderSaveData::ResetScannedDataHistory(),0,3399320,.text,FUNCTION,RETAIL_ORIGINAL_SYMBOL
|static|,static.crs,named,2983,_ZN8Savedata16QRReaderSaveData26RegisterScannedDataHistoryEPN4gfl24heap11CtrHeapBaseEPKvj,"Savedata::QRReaderSaveData::RegisterScannedDataHistory(gfl2::heap::CtrHeapBase*, void const*, unsigned int)",0,3399332,.text,FUNCTION,RETAIL_ORIGINAL_SYMBOL
|static|,static.crs,named,2984,_ZN8Savedata17JoinFestaDataSave10SetPatternEN15JoinFestaScript11PatternTypeEtt,"Savedata::JoinFestaDataSave::SetPattern(JoinFestaScript::PatternType, unsigned short, unsigned short)",0,3400052,.text,FUNCTION,RETAIL_ORIGINAL_SYMBOL
|static|,static.crs,named,2985,_ZN8Savedata17JoinFestaDataSave12AddBlackListERKN9NetAppLib9JoinFesta21JoinFestaPersonalDataE,Savedata::JoinFestaDataSave::AddBlackList(NetAppLib::JoinFesta::JoinFestaPersonalData const&),0,3400176,.text,FUNCTION,RETAIL_ORIGINAL_SYMBOL
|static|,static.crs,named,2986,_ZN8Savedata17JoinFestaDataSave12SetRejectVipEb,Savedata::JoinFestaDataSave::SetRejectVip(bool),0,3400516,.text,FUNCTION,RETAIL_ORIGINAL_SYMBOL
|static|,static.crs,named,2987,_ZN8Savedata17JoinFestaDataSave14SetRejectGuestEb,Savedata::JoinFestaDataSave::SetRejectGuest(bool),0,3400620,.text,FUNCTION,RETAIL_ORIGINAL_SYMBOL
|static|,static.crs,named,2988,_ZN8Savedata17JoinFestaDataSave14SetRewardStateEN15JoinFestaScript10RewardTypeENS1_15RewardStateTypeE,"Savedata::JoinFestaDataSave::SetRewardState(JoinFestaScript::RewardType, JoinFestaScript::RewardStateType)",0,3400724,.text,FUNCTION,RETAIL_ORIGINAL_SYMBOL
|static|,static.crs,named,2989,_ZN8Savedata17JoinFestaDataSave15DeleteBlackListE18nnfriendsFriendKey,Savedata::JoinFestaDataSave::DeleteBlackList(nnfriendsFriendKey),0,3400764,.text,FUNCTION,RETAIL_ORIGINAL_SYMBOL
|static|,static.crs,named,2990,_ZN8Savedata17JoinFestaDataSave15IsFacilitiesBuyEj,Savedata::JoinFestaDataSave::IsFacilitiesBuy(unsigned int),0,3401032,.text,FUNCTION,RETAIL_ORIGINAL_SYMBOL
|static|,static.crs,named,2991,_ZN8Savedata17JoinFestaDataSave15SetRejectFriendEb,Savedata::JoinFestaDataSave::SetRejectFriend(bool),0,3401176,.text,FUNCTION,RETAIL_ORIGINAL_SYMBOL
|static|,static.crs,named,2992,_ZN8Savedata17JoinFestaDataSave16FacilitiesChangeEN15JoinFestaScript15FacilitiesIndexEhjh,"Savedata::JoinFestaDataSave::FacilitiesChange(JoinFestaScript::FacilitiesIndex, unsigned char, unsigned int, unsigned char)",0,3401220,.text,FUNCTION,RETAIL_ORIGINAL_SYMBOL
|static|,static.crs,named,2993,_ZN8Savedata17JoinFestaDataSave16SetAlwaysTradeOkEb,Savedata::JoinFestaDataSave::SetAlwaysTradeOk(bool),0,3401384,.text,FUNCTION,RETAIL_ORIGINAL_SYMBOL
|static|,static.crs,named,2994,_ZN8Savedata17JoinFestaDataSave16SetFacilitiesBuyEj,Savedata::JoinFestaDataSave::SetFacilitiesBuy(unsigned int),0,3401404,.text,FUNCTION,RETAIL_ORIGINAL_SYMBOL
|static|,static.crs,named,2995,_ZN8Savedata17JoinFestaDataSave16SetFortuneResultEN15JoinFestaScript15FacilitiesIndexENS1_16FortuneResultHitENS1_19FortuneResultActionE,"Savedata::JoinFestaDataSave::SetFortuneResult(JoinFestaScript::FacilitiesIndex, JoinFestaScript::FortuneResultHit, JoinFestaScript::FortuneResultAction)",0,3401500,.text,FUNCTION,RETAIL_ORIGINAL_SYMBOL
|static|,static.crs,named,2996,_ZN8Savedata17JoinFestaDataSave16SetTempSaveThemeEh,Savedata::JoinFestaDataSave::SetTempSaveTheme(unsigned char),0,3401528,.text,FUNCTION,RETAIL_ORIGINAL_SYMBOL
|static|,static.crs,named,2997,_ZN8Savedata17JoinFestaDataSave16SetUseSelectWordEj,Savedata::JoinFestaDataSave::SetUseSelectWord(unsigned int),0,3401544,.text,FUNCTION,RETAIL_ORIGINAL_SYMBOL
|static|,static.crs,named,2998,_ZN8Savedata17JoinFestaDataSave17GetFacilitiesDataEN15JoinFestaScript15FacilitiesIndexE,Savedata::JoinFestaDataSave::GetFacilitiesData(JoinFestaScript::FacilitiesIndex),0,3401624,.text,FUNCTION,RETAIL_ORIGINAL_SYMBOL
|static|,static.crs,named,2999,_ZN8Savedata17JoinFestaDataSave17SetAlwaysBattleOkEb,Savedata::JoinFestaDataSave::SetAlwaysBattleOk(bool),0,3401852,.text,FUNCTION,RETAIL_ORIGINAL_SYMBOL
|static|,static.crs,named,3000,_ZN8Savedata17JoinFestaDataSave18GetLastP2pPersonalEv,Savedata::JoinFestaDataSave::GetLastP2pPersonal(),0,3401912,.text,FUNCTION,RETAIL_ORIGINAL_SYMBOL
|static|,static.crs,named,3001,_ZN9NetAppLib4Util23NetAppCommonSaveUtility25SetDisconnectDetectedFlagEb,NetAppLib::Util::NetAppCommonSaveUtility::SetDisconnectDetectedFlag(bool),0,3402132,.text,FUNCTION,RETAIL_ORIGINAL_SYMBOL
|static|,static.crs,named,3002,_ZN8Savedata17JoinFestaDataSave21FacilitiesChangeIndexEN15JoinFestaScript15FacilitiesIndexES2_,"Savedata::JoinFestaDataSave::FacilitiesChangeIndex(JoinFestaScript::FacilitiesIndex, JoinFestaScript::FacilitiesIndex)",0,3402208,.text,FUNCTION,RETAIL_ORIGINAL_SYMBOL
|static|,static.crs,named,3003,_ZN8Savedata17JoinFestaDataSave21SetAlwaysAttractionOkEb,Savedata::JoinFestaDataSave::SetAlwaysAttractionOk(bool),0,3402308,.text,FUNCTION,RETAIL_ORIGINAL_SYMBOL
|static|,static.crs,named,3004,_ZN8Savedata17JoinFestaDataSave21SetIsSkipMessageStallEb,Savedata::JoinFestaDataSave::SetIsSkipMessageStall(bool),0,3402328,.text,FUNCTION,RETAIL_ORIGINAL_SYMBOL
|static|,static.crs,named,3005,_ZN8Savedata17JoinFestaDataSave22SetIsSkipMessageAirToyEb,Savedata::JoinFestaDataSave::SetIsSkipMessageAirToy(bool),0,3402344,.text,FUNCTION,RETAIL_ORIGINAL_SYMBOL
|static|,static.crs,named,3006,_ZN8Savedata17JoinFestaDataSave22SetQuestionnaireAnswerEjj,"Savedata::JoinFestaDataSave::SetQuestionnaireAnswer(unsigned int, unsigned int)",0,3402408,.text,FUNCTION,RETAIL_ORIGINAL_SYMBOL
|static|,static.crs,named,3007,_ZN8Savedata17JoinFestaDataSave23FacilitiesFakeChangeEndEv,Savedata::JoinFestaDataSave::FacilitiesFakeChangeEnd(),0,3402424,.text,FUNCTION,RETAIL_ORIGINAL_SYMBOL
|static|,static.crs,named,3008,_ZN8Savedata17JoinFestaDataSave23GetGlobalAttractionDataEh,Savedata::JoinFestaDataSave::GetGlobalAttractionData(unsigned char),0,3402500,.text,FUNCTION,RETAIL_ORIGINAL_SYMBOL
|static|,static.crs,named,3009,_ZN8Savedata17JoinFestaDataSave23SetGlobalAttractionDataEhPN9NetAppLib9JoinFesta31JoinFestaGlobalAttractionDefine8SaveDataE,"Savedata::JoinFestaDataSave::SetGlobalAttractionData(unsigned char, NetAppLib::JoinFesta::JoinFestaGlobalAttractionDefine::SaveData*)",0,3402568,.text,FUNCTION,RETAIL_ORIGINAL_SYMBOL
|static|,static.crs,named,3010,_ZN8Savedata17JoinFestaDataSave24GetFacilitiesLotterySeedEv,Savedata::JoinFestaDataSave::GetFacilitiesLotterySeed(),0,3402668,.text,FUNCTION,RETAIL_ORIGINAL_SYMBOL
|static|,static.crs,named,3011,_ZN8Savedata17JoinFestaDataSave24InitializeDefaultPatternEh,Savedata::JoinFestaDataSave::InitializeDefaultPattern(unsigned char),0,3402732,.text,FUNCTION,RETAIL_ORIGINAL_SYMBOL
|static|,static.crs,named,3012,_ZN8Savedata17JoinFestaDataSave24SetSelectWordAppTutorialEv,Savedata::JoinFestaDataSave::SetSelectWordAppTutorial(),0,3402968,.text,FUNCTION,RETAIL_ORIGINAL_SYMBOL
|static|,static.crs,named,3013,_ZN8Savedata17JoinFestaDataSave25FacilitiesFakeChangeStartEN15JoinFestaScript15FacilitiesIndexEhjh,"Savedata::JoinFestaDataSave::FacilitiesFakeChangeStart(JoinFestaScript::FacilitiesIndex, unsigned char, unsigned int, unsigned char)",0,3402984,.text,FUNCTION,RETAIL_ORIGINAL_SYMBOL
|static|,static.crs,named,3014,_ZN8Savedata17JoinFestaDataSave25SetProfileAppTutorialFlagEv,Savedata::JoinFestaDataSave::SetProfileAppTutorialFlag(),0,3403168,.text,FUNCTION,RETAIL_ORIGINAL_SYMBOL
|static|,static.crs,named,3015,_ZN8Savedata17JoinFestaDataSave26AddPersonalTalkCameraCountEv,Savedata::JoinFestaDataSave::AddPersonalTalkCameraCount(),0,3403184,.text,FUNCTION,RETAIL_ORIGINAL_SYMBOL
|static|,static.crs,named,3016,_ZN8Savedata17JoinFestaDataSave26GetPersonalTalkCameraCountEv,Savedata::JoinFestaDataSave::GetPersonalTalkCameraCount(),0,3403272,.text,FUNCTION,RETAIL_ORIGINAL_SYMBOL
|static|,static.crs,named,3017,_ZN8Savedata17JoinFestaDataSave26ResetFacilitiesLotterySeedEv,Savedata::JoinFestaDataSave::ResetFacilitiesLotterySeed(),0,3403288,.text,FUNCTION,RETAIL_ORIGINAL_SYMBOL
|static|,static.crs,named,3018,_ZN8Savedata17JoinFestaDataSave27GetCoinNecessaryForNextRankEv,Savedata::JoinFestaDataSave::GetCoinNecessaryForNextRank(),0,3403308,.text,FUNCTION,RETAIL_ORIGINAL_SYMBOL
|static|,static.crs,named,3019,_ZN8Savedata17JoinFestaDataSave27SetIsSkipMessageHorrorHouseEb,Savedata::JoinFestaDataSave::SetIsSkipMessageHorrorHouse(bool),0,3403732,.text,FUNCTION,RETAIL_ORIGINAL_SYMBOL
|static|,static.crs,named,3020,_ZN8Savedata17JoinFestaDataSave30SetFacilitiesIndexOfScriptCallEN15JoinFestaScript15FacilitiesIndexE,Savedata::JoinFestaDataSave::SetFacilitiesIndexOfScriptCall(JoinFestaScript::FacilitiesIndex),0,3403748,.text,FUNCTION,RETAIL_ORIGINAL_SYMBOL
|static|,static.crs,named,3021,_ZN8Savedata17JoinFestaDataSave32SetPlayerListShowAppTutorialFlagEv,Savedata::JoinFestaDataSave::SetPlayerListShowAppTutorialFlag(),0,3404128,.text,FUNCTION,RETAIL_ORIGINAL_SYMBOL
|static|,static.crs,named,3022,_ZN8Savedata17JoinFestaDataSave34GetQuestionnaireIdForPersonalEventEv,Savedata::JoinFestaDataSave::GetQuestionnaireIdForPersonalEvent(),0,3404144,.text,FUNCTION,RETAIL_ORIGINAL_SYMBOL
|static|,static.crs,named,3023,_ZN8Savedata17JoinFestaDataSave7AddCoinEj,Savedata::JoinFestaDataSave::AddCoin(unsigned int),0,3404644,.text,FUNCTION,RETAIL_ORIGINAL_SYMBOL
|static|,static.crs,named,3024,_ZN8Savedata17JoinFestaDataSave7SetRankEt,Savedata::JoinFestaDataSave::SetRank(unsigned short),0,3404752,.text,FUNCTION,RETAIL_ORIGINAL_SYMBOL
|static|,static.crs,named,3025,_ZN8Savedata17JoinFestaDataSave8SetThemeEh,Savedata::JoinFestaDataSave::SetTheme(unsigned char),0,3404780,.text,FUNCTION,RETAIL_ORIGINAL_SYMBOL
|static|,static.crs,named,3026,_ZN8Savedata3BOX10ChangeTrayEjjPN4gfl24heap11CtrHeapBaseE,"Savedata::BOX::ChangeTray(unsigned int, unsigned int, gfl2::heap::CtrHeapBase*)",0,3411424,.text,FUNCTION,RETAIL_ORIGINAL_SYMBOL
|static|,static.crs,named,3027,_ZN8Savedata3BOX10DeleteTeamEjj,"Savedata::BOX::DeleteTeam(unsigned int, unsigned int)",0,3411700,.text,FUNCTION,RETAIL_ORIGINAL_SYMBOL
|static|,static.crs,named,3028,_ZN8Savedata3BOX11SetTeamLockEjb,"Savedata::BOX::SetTeamLock(unsigned int, bool)",0,3412336,.text,FUNCTION,RETAIL_ORIGINAL_SYMBOL
|static|,static.crs,named,3029,_ZN8Savedata3BOX12SetWallPaperEjj,"Savedata::BOX::SetWallPaper(unsigned int, unsigned int)",0,3412540,.text,FUNCTION,RETAIL_ORIGINAL_SYMBOL
|static|,static.crs,named,3030,_ZN8Savedata3BOX13ChangePokemonEjjjj,"Savedata::BOX::ChangePokemon(unsigned int, unsigned int, unsigned int, unsigned int)",0,3412552,.text,FUNCTION,RETAIL_ORIGINAL_SYMBOL
|static|,static.crs,named,3031,_ZN8Savedata3BOX14SetTeamPokePosEjjt,"Savedata::BOX::SetTeamPokePos(unsigned int, unsigned int, unsigned short)",0,3412700,.text,FUNCTION,RETAIL_ORIGINAL_SYMBOL
|static|,static.crs,named,3032,_ZN8Savedata3BOX8PackTeamEj,Savedata::BOX::PackTeam(unsigned int),0,3412880,.text,FUNCTION,RETAIL_ORIGINAL_SYMBOL
|static|,static.crs,named,3033,_ZN8Savedata4Misc16SetStrInputParamEj,Savedata::Misc::SetStrInputParam(unsigned int),0,3413436,.text,FUNCTION,RETAIL_ORIGINAL_SYMBOL
|static|,static.crs,named,3034,_ZN8Savedata4Misc18SetEventFirstCheckEj,Savedata::Misc::SetEventFirstCheck(unsigned int),0,3413464,.text,FUNCTION,RETAIL_ORIGINAL_SYMBOL
|static|,static.crs,named,3035,_ZN8Savedata4Misc19SetTrainerPassStampENS_18TrainerPassStampIDE,Savedata::Misc::SetTrainerPassStamp(Savedata::TrainerPassStampID),0,3413824,.text,FUNCTION,RETAIL_ORIGINAL_SYMBOL
|static|,static.crs,named,3036,_ZN8Savedata4Misc20SetGakusyuusoutiFlagEb,Savedata::Misc::SetGakusyuusoutiFlag(bool),0,3413924,.text,FUNCTION,RETAIL_ORIGINAL_SYMBOL
|static|,static.crs,named,3037,_ZN8Savedata4Misc20SetKawaigariTutorialEv,Savedata::Misc::SetKawaigariTutorial(),0,3413944,.text,FUNCTION,RETAIL_ORIGINAL_SYMBOL
|static|,static.crs,named,3038,_ZN8Savedata4Misc22ResetKawaigariPastDaysEv,Savedata::Misc::ResetKawaigariPastDays(),0,3414004,.text,FUNCTION,RETAIL_ORIGINAL_SYMBOL
|static|,static.crs,named,3039,_ZN8Savedata4Misc28SetBattleVideoPlayerTutorialEv,Savedata::Misc::SetBattleVideoPlayerTutorial(),0,3414016,.text,FUNCTION,RETAIL_ORIGINAL_SYMBOL
|static|,static.crs,named,3040,_ZN8Savedata4Misc5SetBPEj,Savedata::Misc::SetBP(unsigned int),0,3414304,.text,FUNCTION,RETAIL_ORIGINAL_SYMBOL
|static|,static.crs,named,3041,_ZN8Savedata4Misc7AddGoldEj,Savedata::Misc::AddGold(unsigned int),0,3414336,.text,FUNCTION,RETAIL_ORIGINAL_SYMBOL
|static|,static.crs,named,3042,_ZN8Savedata4Misc7SetGoldEj,Savedata::Misc::SetGold(unsigned int),0,3414408,.text,FUNCTION,RETAIL_ORIGINAL_SYMBOL
|static|,static.crs,named,3043,_ZN8Savedata4Misc7SubGoldEj,Savedata::Misc::SubGold(unsigned int),0,3414436,.text,FUNCTION,RETAIL_ORIGINAL_SYMBOL
|static|,static.crs,named,3044,_ZN8Savedata6MyItem10SortByNameEPKN3app4sort10StringItemEPPNS0_7ITEM_STEj,"Savedata::MyItem::SortByName(app::sort::StringItem const*, Savedata::MyItem::ITEM_ST**, unsigned int)",0,3414784,.text,FUNCTION,RETAIL_ORIGINAL_SYMBOL
|static|,static.crs,named,3045,_ZN8Savedata6MyItem12AddFreeSpaceEPPNS0_7ITEM_STES2_Pjb,"Savedata::MyItem::AddFreeSpace(Savedata::MyItem::ITEM_ST**, Savedata::MyItem::ITEM_ST*, unsigned int*, bool)",0,3415220,.text,FUNCTION,RETAIL_ORIGINAL_SYMBOL
|static|,static.crs,named,3046,_ZN8Savedata6MyItem12GetItemCountEjb,"Savedata::MyItem::GetItemCount(unsigned int, bool)",0,3415320,.text,FUNCTION,RETAIL_ORIGINAL_SYMBOL
|static|,static.crs,named,3047,_ZN8Savedata6MyItem12SubFreeSpaceEPNS0_7ITEM_STE,Savedata::MyItem::SubFreeSpace(Savedata::MyItem::ITEM_ST*),0,3415452,.text,FUNCTION,RETAIL_ORIGINAL_SYMBOL
|static|,static.crs,named,3048,_ZN8Savedata6MyItem14SortByWazaNameEPKN3app4sort10StringWazaEPPNS0_7ITEM_STEj,"Savedata::MyItem::SortByWazaName(app::sort::StringWaza const*, Savedata::MyItem::ITEM_ST**, unsigned int)",0,3415688,.text,FUNCTION,RETAIL_ORIGINAL_SYMBOL
|static|,static.crs,named,3049,_ZN8Savedata6MyItem15InsertFreeSpaceEPPNS0_7ITEM_STES2_Pjj,"Savedata::MyItem::InsertFreeSpace(Savedata::MyItem::ITEM_ST**, Savedata::MyItem::ITEM_ST*, unsigned int*, unsigned int)",0,3415876,.text,FUNCTION,RETAIL_ORIGINAL_SYMBOL
|static|,static.crs,named,3050,_ZN8Savedata6MyItem19IsRegisterFreeSpaceEPKNS0_7ITEM_STE,Savedata::MyItem::IsRegisterFreeSpace(Savedata::MyItem::ITEM_ST const*),0,3416524,.text,FUNCTION,RETAIL_ORIGINAL_SYMBOL
|static|,static.crs,named,3051,_ZN8Savedata6MyItem19IsRegisterFreeSpaceEj,Savedata::MyItem::IsRegisterFreeSpace(unsigned int),0,3416556,.text,FUNCTION,RETAIL_ORIGINAL_SYMBOL
|static|,static.crs,named,3052,_ZN8Savedata6MyItem19MakePocketItemTableEjPPNS0_7ITEM_STEj,"Savedata::MyItem::MakePocketItemTable(unsigned int, Savedata::MyItem::ITEM_ST**, unsigned int)",0,3416596,.text,FUNCTION,RETAIL_ORIGINAL_SYMBOL
|static|,static.crs,named,3053,_ZN8Savedata6MyItem22MakeFreeSpaceItemTableEPPNS0_7ITEM_STEj,"Savedata::MyItem::MakeFreeSpaceItemTable(Savedata::MyItem::ITEM_ST**, unsigned int)",0,3416728,.text,FUNCTION,RETAIL_ORIGINAL_SYMBOL
|static|,static.crs,named,3054,_ZN8Savedata6MyItem3AddEttb,"Savedata::MyItem::Add(unsigned short, unsigned short, bool)",0,3417100,.text,FUNCTION,RETAIL_ORIGINAL_SYMBOL
|static|,static.crs,named,3055,_ZN8Savedata6MyItem3SubEtt,"Savedata::MyItem::Sub(unsigned short, unsigned short)",0,3417368,.text,FUNCTION,RETAIL_ORIGINAL_SYMBOL
|static|,static.crs,named,3056,_ZN8Savedata6MyItem4SwapEj,Savedata::MyItem::Swap(unsigned int),0,3417620,.text,FUNCTION,RETAIL_ORIGINAL_SYMBOL
|static|,static.crs,named,3057,_ZN8Savedata6MyItem6ChangeEPNS0_7ITEM_STES2_,"Savedata::MyItem::Change(Savedata::MyItem::ITEM_ST*, Savedata::MyItem::ITEM_ST*)",0,3417916,.text,FUNCTION,RETAIL_ORIGINAL_SYMBOL
|static|,static.crs,named,3058,_ZN8Savedata6MyItem6InsertEjjjb,"Savedata::MyItem::Insert(unsigned int, unsigned int, unsigned int, bool)",0,3417936,.text,FUNCTION,RETAIL_ORIGINAL_SYMBOL
|static|,static.crs,named,3059,_ZN8Savedata6MyItem8ResetNewEPNS0_7ITEM_STE,Savedata::MyItem::ResetNew(Savedata::MyItem::ITEM_ST*),0,3418264,.text,FUNCTION,RETAIL_ORIGINAL_SYMBOL
|static|,static.crs,named,3060,_ZN8Savedata6MyItemC1Ev,Savedata::MyItem::MyItem(),0,3418280,.text,FUNCTION,RETAIL_ORIGINAL_SYMBOL
|static|,static.crs,named,3061,_ZN8Savedata6Record3GetENS0_9RECORD_IDE,Savedata::Record::Get(Savedata::Record::RECORD_ID),0,3418964,.text,FUNCTION,RETAIL_ORIGINAL_SYMBOL
|static|,static.crs,named,3062,_ZN8Savedata7Fashion12ClearNewFlagEji,"Savedata::Fashion::ClearNewFlag(unsigned int, int)",0,3419332,.text,FUNCTION,RETAIL_ORIGINAL_SYMBOL
|static|,static.crs,named,3063,_ZN8Savedata7Fashion20GetCagoryItmeDataNumENS0_8CategoryE,Savedata::Fashion::GetCagoryItmeDataNum(Savedata::Fashion::Category),0,3419564,.text,FUNCTION,RETAIL_ORIGINAL_SYMBOL
|static|,static.crs,named,3064,_ZN8Savedata7Fashion20IsChangeDressUpParamERKN7poke_3d5model12DressUpParamES5_,"Savedata::Fashion::IsChangeDressUpParam(poke_3d::model::DressUpParam const&, poke_3d::model::DressUpParam const&)",0,3419612,.text,FUNCTION,RETAIL_ORIGINAL_SYMBOL
|static|,static.crs,named,3065,_ZN8Savedata7Fashion28InitializeDefaultFashionItemEb,Savedata::Fashion::InitializeDefaultFashionItem(bool),0,3420156,.text,FUNCTION,RETAIL_ORIGINAL_SYMBOL
|static|,static.crs,named,3066,_ZN8Savedata7Fashion3AddEji,"Savedata::Fashion::Add(unsigned int, int)",0,3420756,.text,FUNCTION,RETAIL_ORIGINAL_SYMBOL
|static|,static.crs,named,3067,_ZN8Savedata7Fashion3DelEji,"Savedata::Fashion::Del(unsigned int, int)",0,3420828,.text,FUNCTION,RETAIL_ORIGINAL_SYMBOL
|static|,static.crs,named,3068,_ZN8Savedata7Fashion48ConvSavedataCategoryFromDressUpParamItemCategoryEN7poke_3d5model12DressUpParam12ItemCategoryE,Savedata::Fashion::ConvSavedataCategoryFromDressUpParamItemCategory(poke_3d::model::DressUpParam::ItemCategory),0,3420900,.text,FUNCTION,RETAIL_ORIGINAL_SYMBOL
|static|,static.crs,named,3069,_ZN8Savedata7Fashion49ConvDressUpParamItemCategoryFromtSavedataCategoryENS0_8CategoryE,Savedata::Fashion::ConvDressUpParamItemCategoryFromtSavedataCategory(Savedata::Fashion::Category),0,3421004,.text,FUNCTION,RETAIL_ORIGINAL_SYMBOL
|static|,static.crs,named,3070,_ZN8Savedata7Fashion5IsNewEji,"Savedata::Fashion::IsNew(unsigned int, int)",0,3421120,.text,FUNCTION,RETAIL_ORIGINAL_SYMBOL
|static|,static.crs,named,3071,_ZN8Savedata7Fashion7IsOwnedEji,"Savedata::Fashion::IsOwned(unsigned int, int)",0,3421160,.text,FUNCTION,RETAIL_ORIGINAL_SYMBOL
|static|,static.crs,named,3072,_ZN8Savedata7GtsData12SetUploadKeyERKN6NetApp3GTS21GtsSerializeRecordKeyE,Savedata::GtsData::SetUploadKey(NetApp::GTS::GtsSerializeRecordKey const&),0,3421260,.text,FUNCTION,RETAIL_ORIGINAL_SYMBOL
|static|,static.crs,named,3073,_ZN8Savedata7GtsData14GetDepositFlagEv,Savedata::GtsData::GetDepositFlag(),0,3421272,.text,FUNCTION,RETAIL_ORIGINAL_SYMBOL
|static|,static.crs,named,3074,_ZN8Savedata7GtsData14GetReturnPosNoEv,Savedata::GtsData::GetReturnPosNo(),0,3421288,.text,FUNCTION,RETAIL_ORIGINAL_SYMBOL
|static|,static.crs,named,3075,_ZN8Savedata7GtsData14SetDepositFlagEb,Savedata::GtsData::SetDepositFlag(bool),0,3421296,.text,FUNCTION,RETAIL_ORIGINAL_SYMBOL
|static|,static.crs,named,3076,_ZN8Savedata7GtsData15GetReturnTrayNoEv,Savedata::GtsData::GetReturnTrayNo(),0,3421304,.text,FUNCTION,RETAIL_ORIGINAL_SYMBOL
|static|,static.crs,named,3077,_ZN8Savedata7GtsData15SetWantPokeNameEPKN4gfl23str6StrBufE,Savedata::GtsData::SetWantPokeName(gfl2::str::StrBuf const*),0,3421312,.text,FUNCTION,RETAIL_ORIGINAL_SYMBOL
|static|,static.crs,named,3078,_ZN8Savedata7GtsData21SetUploadGtsIndexDataERKN6NetApp3GTS12GtsIndexDataE,Savedata::GtsData::SetUploadGtsIndexData(NetApp::GTS::GtsIndexData const&),0,3421336,.text,FUNCTION,RETAIL_ORIGINAL_SYMBOL
|static|,static.crs,named,3079,_ZN8Savedata7GtsData25GetBackupPokemonCoreParamEPN3pml8pokepara9CoreParamE,Savedata::GtsData::GetBackupPokemonCoreParam(pml::pokepara::CoreParam*),0,3421348,.text,FUNCTION,RETAIL_ORIGINAL_SYMBOL
|static|,static.crs,named,3080,_ZN8Savedata7GtsData25SetBackupPokemonCoreParamEPKN3pml8pokepara9CoreParamEhh6MonsNoii,"Savedata::GtsData::SetBackupPokemonCoreParam(pml::pokepara::CoreParam const*, unsigned char, unsigned char, MonsNo, int, int)",0,3421372,.text,FUNCTION,RETAIL_ORIGINAL_SYMBOL
|static|,static.crs,named,3081,_ZN8Savedata8GameTime7SetDateEPKN4gfl26system4DateE,Savedata::GameTime::SetDate(gfl2::system::Date const*),0,3422352,.text,FUNCTION,RETAIL_ORIGINAL_SYMBOL
|static|,static.crs,named,3082,_ZN8Savedata8GameTimeC1Ev,Savedata::GameTime::GameTime(),0,3422452,.text,FUNCTION,RETAIL_ORIGINAL_SYMBOL
|static|,static.crs,named,3083,_ZN8Savedata8GameTimeD1Ev,Savedata::GameTime::~GameTime(),0,3422492,.text,FUNCTION,RETAIL_ORIGINAL_SYMBOL
|static|,static.crs,named,3084,_ZN8Savedata8MyStatus10SetDressupEN7poke_3d5model12DressUpParamE,Savedata::MyStatus::SetDressup(poke_3d::model::DressUpParam),0,3422496,.text,FUNCTION,RETAIL_ORIGINAL_SYMBOL
|static|,static.crs,named,3085,_ZN8Savedata8MyStatus13SetNameStringEPN4gfl23str6StrBufE,Savedata::MyStatus::SetNameString(gfl2::str::StrBuf*),0,3422552,.text,FUNCTION,RETAIL_ORIGINAL_SYMBOL
|static|,static.crs,named,3086,_ZN8Savedata8MyStatus14SetNexUniqueIDEy,Savedata::MyStatus::SetNexUniqueID(unsigned long long),0,3422636,.text,FUNCTION,RETAIL_ORIGINAL_SYMBOL
|static|,static.crs,named,3087,_ZN8Savedata8MyStatus17SetQuickMatchInfoEbbb,"Savedata::MyStatus::SetQuickMatchInfo(bool, bool, bool)",0,3422856,.text,FUNCTION,RETAIL_ORIGINAL_SYMBOL
|static|,static.crs,named,3088,_ZN8Savedata8MyStatus20GetSerializeDataSizeEv,Savedata::MyStatus::GetSerializeDataSize(),0,3422892,.text,FUNCTION,RETAIL_ORIGINAL_SYMBOL
|static|,static.crs,named,3089,_ZN8Savedata8MyStatus25SetPssPersonalDataStoreIdEy,Savedata::MyStatus::SetPssPersonalDataStoreId(unsigned long long),0,3422936,.text,FUNCTION,RETAIL_ORIGINAL_SYMBOL
|static|,static.crs,named,3090,_ZN8Savedata8MyStatus6SetSexEh,Savedata::MyStatus::SetSex(unsigned char),0,3423408,.text,FUNCTION,RETAIL_ORIGINAL_SYMBOL
|static|,static.crs,named,3091,_ZN8Savedata8MyStatus7SetIconERKNS0_9ICON_DATAE,Savedata::MyStatus::SetIcon(Savedata::MyStatus::ICON_DATA const&),0,3423436,.text,FUNCTION,RETAIL_ORIGINAL_SYMBOL
|static|,static.crs,named,3092,_ZN8Savedata8MyStatus8CopyFromERKS0_,Savedata::MyStatus::CopyFrom(Savedata::MyStatus const&),0,3423460,.text,FUNCTION,RETAIL_ORIGINAL_SYMBOL
|static|,static.crs,named,3093,_ZN8Savedata8MyStatusC1Ev,Savedata::MyStatus::MyStatus(),0,3423476,.text,FUNCTION,RETAIL_ORIGINAL_SYMBOL
|static|,static.crs,named,3094,_ZN8Savedata8MyStatusD1Ev,Savedata::MyStatus::~MyStatus(),0,3423552,.text,FUNCTION,RETAIL_ORIGINAL_SYMBOL
|static|,static.crs,named,3095,_ZN8Savedata8PlayTime10GetSaveDayEv,Savedata::PlayTime::GetSaveDay(),0,3423580,.text,FUNCTION,RETAIL_ORIGINAL_SYMBOL
|static|,static.crs,named,3096,_ZN8Savedata8PlayTime11GetSaveHourEv,Savedata::PlayTime::GetSaveHour(),0,3423620,.text,FUNCTION,RETAIL_ORIGINAL_SYMBOL
|static|,static.crs,named,3097,_ZN8Savedata8PlayTime11GetSaveYearEv,Savedata::PlayTime::GetSaveYear(),0,3423636,.text,FUNCTION,RETAIL_ORIGINAL_SYMBOL
|static|,static.crs,named,3098,_ZN8Savedata8PlayTime11PopSaveTimeEv,Savedata::PlayTime::PopSaveTime(),0,3423652,.text,FUNCTION,RETAIL_ORIGINAL_SYMBOL
|static|,static.crs,named,3099,_ZN8Savedata8PlayTime11SetSaveTimeEPNS_8GameTimeE,Savedata::PlayTime::SetSaveTime(Savedata::GameTime*),0,3423664,.text,FUNCTION,RETAIL_ORIGINAL_SYMBOL
|static|,static.crs,named,3100,_ZN8Savedata8PlayTime12GetSaveMonthEv,Savedata::PlayTime::GetSaveMonth(),0,3423872,.text,FUNCTION,RETAIL_ORIGINAL_SYMBOL
|static|,static.crs,named,3101,_ZN8Savedata8PlayTime12PushSaveTimeEv,Savedata::PlayTime::PushSaveTime(),0,3423888,.text,FUNCTION,RETAIL_ORIGINAL_SYMBOL
|static|,static.crs,named,3102,_ZN8Savedata8PlayTime13GetSaveMinuteEv,Savedata::PlayTime::GetSaveMinute(),0,3423900,.text,FUNCTION,RETAIL_ORIGINAL_SYMBOL
|static|,static.crs,named,3103,_ZN7GameSys8GameData15FirstSaveCancelEv,GameSys::GameData::FirstSaveCancel(),0,3424816,.text,FUNCTION,RETAIL_ORIGINAL_SYMBOL
|static|,static.crs,named,3104,_ZN8Savedata8Sodateya10IsEggExistENS_10SodateyaIDE,Savedata::Sodateya::IsEggExist(Savedata::SodateyaID),0,3426920,.text,FUNCTION,RETAIL_ORIGINAL_SYMBOL
|static|,static.crs,named,3105,_ZN8Savedata8Sodateya10PokeNumGetENS_10SodateyaIDE,Savedata::Sodateya::PokeNumGet(Savedata::SodateyaID),0,3426936,.text,FUNCTION,RETAIL_ORIGINAL_SYMBOL
|static|,static.crs,named,3106,_ZN8Savedata8Sodateya8EggClearENS_10SodateyaIDE,Savedata::Sodateya::EggClear(Savedata::SodateyaID),0,3427324,.text,FUNCTION,RETAIL_ORIGINAL_SYMBOL
|static|,static.crs,named,3107,_ZN8Savedata17JoinFestaDataSave7SubCoinEj,Savedata::JoinFestaDataSave::SubCoin(unsigned int),0,3427472,.text,FUNCTION,RETAIL_ORIGINAL_SYMBOL
|static|,static.crs,named,3108,_ZN8Savedata9AddRecordENS_6Record9RECORD_IDEj,"Savedata::AddRecord(Savedata::Record::RECORD_ID, unsigned int)",0,3427508,.text,FUNCTION,RETAIL_ORIGINAL_SYMBOL
|static|,static.crs,named,3109,_ZN8Savedata9FieldMenu11SetMenuPageEj,Savedata::FieldMenu::SetMenuPage(unsigned int),0,3428176,.text,FUNCTION,RETAIL_ORIGINAL_SYMBOL
|static|,static.crs,named,3110,_ZN8Savedata9FieldMenu12ResetIconNewENS0_6IconIDE,Savedata::FieldMenu::ResetIconNew(Savedata::FieldMenu::IconID),0,3428232,.text,FUNCTION,RETAIL_ORIGINAL_SYMBOL
|static|,static.crs,named,3111,_ZN8Savedata9FieldMenu13IsRideNewFlagENS0_6RideIDE,Savedata::FieldMenu::IsRideNewFlag(Savedata::FieldMenu::RideID),0,3428276,.text,FUNCTION,RETAIL_ORIGINAL_SYMBOL
|static|,static.crs,named,3112,_ZN8Savedata9FieldMenu14GetMenuIconPosENS0_6IconIDE,Savedata::FieldMenu::GetMenuIconPos(Savedata::FieldMenu::IconID),0,3429368,.text,FUNCTION,RETAIL_ORIGINAL_SYMBOL
|static|,static.crs,named,3113,_ZN8Savedata9FieldMenu15GetRideShortcutENS0_9RideKeyIDE,Savedata::FieldMenu::GetRideShortcut(Savedata::FieldMenu::RideKeyID),0,3429492,.text,FUNCTION,RETAIL_ORIGINAL_SYMBOL
|static|,static.crs,named,3114,_ZN8Savedata9FieldMenu15SetRideShortcutENS0_9RideKeyIDENS0_6RideIDE,"Savedata::FieldMenu::SetRideShortcut(Savedata::FieldMenu::RideKeyID, Savedata::FieldMenu::RideID)",0,3429504,.text,FUNCTION,RETAIL_ORIGINAL_SYMBOL
|static|,static.crs,named,3115,_ZN8Savedata9FieldMenu15SetVisibleRotomEb,Savedata::FieldMenu::SetVisibleRotom(bool),0,3429516,.text,FUNCTION,RETAIL_ORIGINAL_SYMBOL
|static|,static.crs,named,3116,_ZN8Savedata9FieldMenu16ChangeMenuIconIDENS0_6IconIDES1_,"Savedata::FieldMenu::ChangeMenuIconID(Savedata::FieldMenu::IconID, Savedata::FieldMenu::IconID)",0,3429540,.text,FUNCTION,RETAIL_ORIGINAL_SYMBOL
|static|,static.crs,named,3117,_ZN8Savedata9FieldMenu16IsMenuIconEnableENS0_6IconIDE,Savedata::FieldMenu::IsMenuIconEnable(Savedata::FieldMenu::IconID),0,3429800,.text,FUNCTION,RETAIL_ORIGINAL_SYMBOL
|static|,static.crs,named,3118,_ZN8Savedata9FieldMenu16ResetRideNewFlagENS0_6RideIDE,Savedata::FieldMenu::ResetRideNewFlag(Savedata::FieldMenu::RideID),0,3429828,.text,FUNCTION,RETAIL_ORIGINAL_SYMBOL
|static|,static.crs,named,3119,_ZN8Savedata9FieldMenu18GetRideShortcutKeyENS0_6RideIDE,Savedata::FieldMenu::GetRideShortcutKey(Savedata::FieldMenu::RideID),0,3429856,.text,FUNCTION,RETAIL_ORIGINAL_SYMBOL
|static|,static.crs,named,3120,_ZN5Field13FieldSodateya9PokeLeaveEN8Savedata10SodateyaIDEj,"Field::FieldSodateya::PokeLeave(Savedata::SodateyaID, unsigned int)",0,3430368,.text,FUNCTION,RETAIL_ORIGINAL_SYMBOL
|static|,static.crs,named,3121,_ZN8Savedata9IncRecordENS_6Record9RECORD_IDE,Savedata::IncRecord(Savedata::Record::RECORD_ID),0,3430696,.text,FUNCTION,RETAIL_ORIGINAL_SYMBOL
|static|,static.crs,named,3122,_ZN8Savedata9Situation13SetLastZoneIDEt,Savedata::Situation::SetLastZoneID(unsigned short),0,3431444,.text,FUNCTION,RETAIL_ORIGINAL_SYMBOL
|static|,static.crs,named,3123,_ZN8Savedata9Situation15SetEggStepCountEj,Savedata::Situation::SetEggStepCount(unsigned int),0,3431452,.text,FUNCTION,RETAIL_ORIGINAL_SYMBOL
|static|,static.crs,named,3124,_ZN8Savedata9Situation16GetStartLocationEv,Savedata::Situation::GetStartLocation(),0,3431460,.text,FUNCTION,RETAIL_ORIGINAL_SYMBOL
|static|,static.crs,named,3125,_ZN8Savedata9Situation18GetSpecialLocationEv,Savedata::Situation::GetSpecialLocation(),0,3431468,.text,FUNCTION,RETAIL_ORIGINAL_SYMBOL
|static|,static.crs,named,3126,_ZN8Savedata9Situation20SetFriendlyStepCountEt,Savedata::Situation::SetFriendlyStepCount(unsigned short),0,3431476,.text,FUNCTION,RETAIL_ORIGINAL_SYMBOL
|static|,static.crs,named,3127,_ZN8Savedata9Situation21SetKawaigariStepCountEt,Savedata::Situation::SetKawaigariStepCount(unsigned short),0,3431484,.text,FUNCTION,RETAIL_ORIGINAL_SYMBOL
|static|,static.crs,named,3128,_ZN8Savedata9ZukanData10SetPokeSeeERKN3pml8pokepara9CoreParamE,Savedata::ZukanData::SetPokeSee(pml::pokepara::CoreParam const&),0,3432596,.text,FUNCTION,RETAIL_ORIGINAL_SYMBOL
|static|,static.crs,named,3129,_ZN8Savedata9ZukanData10SetPokeSeeERKN8PokeTool11SimpleParamE,Savedata::ZukanData::SetPokeSee(PokeTool::SimpleParam const&),0,3433036,.text,FUNCTION,RETAIL_ORIGINAL_SYMBOL
|static|,static.crs,named,3130,_ZN8Savedata9ZukanData11SetDrawDataE6MonsNoN3pml3SexEbh,"Savedata::ZukanData::SetDrawData(MonsNo, pml::Sex, bool, unsigned char)",0,3433288,.text,FUNCTION,RETAIL_ORIGINAL_SYMBOL
|static|,static.crs,named,3131,_ZN8Savedata9ZukanData12SetZukanModeENS0_4ModeE,Savedata::ZukanData::SetZukanMode(Savedata::ZukanData::Mode),0,3434200,.text,FUNCTION,RETAIL_ORIGINAL_SYMBOL
|static|,static.crs,named,3132,_ZN8Savedata9ZukanData14SetDefaultMonsE6MonsNo,Savedata::ZukanData::SetDefaultMons(MonsNo),0,3434276,.text,FUNCTION,RETAIL_ORIGINAL_SYMBOL
|static|,static.crs,named,3133,_ZN8Savedata9ZukanData17SetZukanOSVersionEj,Savedata::ZukanData::SetZukanOSVersion(unsigned int),0,3434516,.text,FUNCTION,RETAIL_ORIGINAL_SYMBOL
|static|,static.crs,named,3134,_ZN8Savedata9ZukanData19SetPokeRegisterShowE6MonsNo,Savedata::ZukanData::SetPokeRegisterShow(MonsNo),0,3434592,.text,FUNCTION,RETAIL_ORIGINAL_SYMBOL
|static|,static.crs,named,3135,_ZN8Savedata9ZukanData22IncrementPokeSeeAmountE6MonsNo,Savedata::ZukanData::IncrementPokeSeeAmount(MonsNo),0,3435024,.text,FUNCTION,RETAIL_ORIGINAL_SYMBOL
|static|,static.crs,named,3136,_ZN8Savedata9ZukanDataC1Ev,Savedata::ZukanData::ZukanData(),0,3436156,.text,FUNCTION,RETAIL_ORIGINAL_SYMBOL
|static|,static.crs,named,3137,_ZN9NetAppLib11JoinFestaUI19JoinFestaPlayerDataC1ERKS1_,NetAppLib::JoinFestaUI::JoinFestaPlayerData::JoinFestaPlayerData(NetAppLib::JoinFestaUI::JoinFestaPlayerData const&),0,3442916,.text,FUNCTION,RETAIL_ORIGINAL_SYMBOL
|static|,static.crs,named,3138,_ZN9NetAppLib11JoinFestaUI19JoinFestaPlayerDataC1Ev,NetAppLib::JoinFestaUI::JoinFestaPlayerData::JoinFestaPlayerData(),0,3443064,.text,FUNCTION,RETAIL_ORIGINAL_SYMBOL
|static|,static.crs,named,3139,_ZN9NetAppLib11JoinFestaUI19JoinFestaPlayerDataD1Ev,NetAppLib::JoinFestaUI::JoinFestaPlayerData::~JoinFestaPlayerData(),0,3443180,.text,FUNCTION,RETAIL_ORIGINAL_SYMBOL
|static|,static.crs,named,3140,_ZN9NetAppLib11JoinFestaUI19JoinFestaPlayerDataaSERKS1_,NetAppLib::JoinFestaUI::JoinFestaPlayerData::operator=(NetAppLib::JoinFestaUI::JoinFestaPlayerData const&),0,3443212,.text,FUNCTION,RETAIL_ORIGINAL_SYMBOL
|static|,static.crs,named,3141,_ZN9NetAppLib11JoinFestaUI23JoinFestaAlertLowerView10SetMessageEj,NetAppLib::JoinFestaUI::JoinFestaAlertLowerView::SetMessage(unsigned int),0,3443292,.text,FUNCTION,RETAIL_ORIGINAL_SYMBOL
|static|,static.crs,named,3142,_ZN9NetAppLib11JoinFestaUI23JoinFestaAlertLowerView10SetMessageEjj,"NetAppLib::JoinFestaUI::JoinFestaAlertLowerView::SetMessage(unsigned int, unsigned int)",0,3443436,.text,FUNCTION,RETAIL_ORIGINAL_SYMBOL
|static|,static.crs,named,3143,_ZN9NetAppLib11JoinFestaUI23JoinFestaAlertLowerViewC1EPNS_6System19ApplicationWorkBaseEi,"NetAppLib::JoinFestaUI::JoinFestaAlertLowerView::JoinFestaAlertLowerView(NetAppLib::System::ApplicationWorkBase*, int)",0,3444084,.text,FUNCTION,RETAIL_ORIGINAL_SYMBOL
|static|,static.crs,named,3144,_ZN9NetAppLib11JoinFestaUI23JoinFestaAttractionData15GetAttractionIDEv,NetAppLib::JoinFestaUI::JoinFestaAttractionData::GetAttractionID(),0,3444752,.text,FUNCTION,RETAIL_ORIGINAL_SYMBOL
|static|,static.crs,named,3145,_ZN9NetAppLib11JoinFestaUI23JoinFestaAttractionDataC1ERKS1_,NetAppLib::JoinFestaUI::JoinFestaAttractionData::JoinFestaAttractionData(NetAppLib::JoinFestaUI::JoinFestaAttractionData const&),0,3444804,.text,FUNCTION,RETAIL_ORIGINAL_SYMBOL
|static|,static.crs,named,3146,_ZN9NetAppLib11JoinFestaUI23JoinFestaAttractionDataC1Ev,NetAppLib::JoinFestaUI::JoinFestaAttractionData::JoinFestaAttractionData(),0,3444912,.text,FUNCTION,RETAIL_ORIGINAL_SYMBOL
|static|,static.crs,named,3147,_ZN9NetAppLib11JoinFestaUI23JoinFestaAttractionDataaSERKS1_,NetAppLib::JoinFestaUI::JoinFestaAttractionData::operator=(NetAppLib::JoinFestaUI::JoinFestaAttractionData const&),0,3444968,.text,FUNCTION,RETAIL_ORIGINAL_SYMBOL
|static|,static.crs,named,3148,_ZN9NetAppLib11JoinFestaUI24JoinFestaSurveyLowerView7SetListEPN4gfl24util4ListINS0_19JoinFestaSurveyDataEEEb,"NetAppLib::JoinFestaUI::JoinFestaSurveyLowerView::SetList(gfl2::util::List<NetAppLib::JoinFestaUI::JoinFestaSurveyData>*, bool)",0,3447752,.text,FUNCTION,RETAIL_ORIGINAL_SYMBOL
|static|,static.crs,named,3149,_ZN9NetAppLib11JoinFestaUI24JoinFestaSurveyLowerViewC1EPNS_6System19ApplicationWorkBaseEii,"NetAppLib::JoinFestaUI::JoinFestaSurveyLowerView::JoinFestaSurveyLowerView(NetAppLib::System::ApplicationWorkBase*, int, int)",0,3448060,.text,FUNCTION,RETAIL_ORIGINAL_SYMBOL
|static|,static.crs,named,3150,_ZN9NetAppLib11JoinFestaUI25JoinFestaRankingLowerView7SetListEPN4gfl24util4ListINS0_20JoinFestaRankingDataEEE,NetAppLib::JoinFestaUI::JoinFestaRankingLowerView::SetList(gfl2::util::List<NetAppLib::JoinFestaUI::JoinFestaRankingData>*),0,3450632,.text,FUNCTION,RETAIL_ORIGINAL_SYMBOL
|static|,static.crs,named,3151,_ZN9NetAppLib11JoinFestaUI25JoinFestaRankingLowerViewC1EPNS_6System19ApplicationWorkBaseEii,"NetAppLib::JoinFestaUI::JoinFestaRankingLowerView::JoinFestaRankingLowerView(NetAppLib::System::ApplicationWorkBase*, int, int)",0,3450876,.text,FUNCTION,RETAIL_ORIGINAL_SYMBOL
|static|,static.crs,named,3152,_ZN9NetAppLib11JoinFestaUI26JoinFestaPlayerListManager10UpdateListEb,NetAppLib::JoinFestaUI::JoinFestaPlayerListManager::UpdateList(bool),0,3451712,.text,FUNCTION,RETAIL_ORIGINAL_SYMBOL
|static|,static.crs,named,3153,_ZN9NetAppLib11JoinFestaUI26JoinFestaPlayerListManager15UpdateListMode3Eb,NetAppLib::JoinFestaUI::JoinFestaPlayerListManager::UpdateListMode3(bool),0,3452592,.text,FUNCTION,RETAIL_ORIGINAL_SYMBOL
|static|,static.crs,named,3154,_ZN9NetAppLib11JoinFestaUI26JoinFestaPlayerListManager19UpdateListMode4And5Ebj,"NetAppLib::JoinFestaUI::JoinFestaPlayerListManager::UpdateListMode4And5(bool, unsigned int)",0,3453108,.text,FUNCTION,RETAIL_ORIGINAL_SYMBOL
|static|,static.crs,named,3155,_ZN9NetAppLib11JoinFestaUI26JoinFestaPlayerListManager8IsOnlineEPNS0_19JoinFestaPlayerDataE,NetAppLib::JoinFestaUI::JoinFestaPlayerListManager::IsOnline(NetAppLib::JoinFestaUI::JoinFestaPlayerData*),0,3453304,.text,FUNCTION,RETAIL_ORIGINAL_SYMBOL
|static|,static.crs,named,3156,_ZN9NetAppLib11JoinFestaUI26JoinFestaPlayerListManager8SortListEv,NetAppLib::JoinFestaUI::JoinFestaPlayerListManager::SortList(),0,3456908,.text,FUNCTION,RETAIL_ORIGINAL_SYMBOL
|static|,static.crs,named,3157,_ZN9NetAppLib11JoinFestaUI26JoinFestaPlayerListManagerC1EPN4gfl24heap11CtrHeapBaseE,NetAppLib::JoinFestaUI::JoinFestaPlayerListManager::JoinFestaPlayerListManager(gfl2::heap::CtrHeapBase*),0,3458016,.text,FUNCTION,RETAIL_ORIGINAL_SYMBOL
|static|,static.crs,named,3158,_ZN9NetAppLib11JoinFestaUI26JoinFestaPlayerListManagerD1Ev,NetAppLib::JoinFestaUI::JoinFestaPlayerListManager::~JoinFestaPlayerListManager(),0,3458144,.text,FUNCTION,RETAIL_ORIGINAL_SYMBOL
|static|,static.crs,named,3159,_ZN9NetAppLib11JoinFestaUI26JoinFestaRecordListManager19SetupRecordDataListEPNS0_19JoinFestaPlayerDataE,NetAppLib::JoinFestaUI::JoinFestaRecordListManager::SetupRecordDataList(NetAppLib::JoinFestaUI::JoinFestaPlayerData*),0,3458488,.text,FUNCTION,RETAIL_ORIGINAL_SYMBOL
|static|,static.crs,named,3160,_ZN9NetAppLib11JoinFestaUI26JoinFestaRecordListManagerC1EPN4gfl24heap11CtrHeapBaseE,NetAppLib::JoinFestaUI::JoinFestaRecordListManager::JoinFestaRecordListManager(gfl2::heap::CtrHeapBase*),0,3460168,.text,FUNCTION,RETAIL_ORIGINAL_SYMBOL
|static|,static.crs,named,3161,_ZN9NetAppLib11JoinFestaUI26JoinFestaRecordListManagerD1Ev,NetAppLib::JoinFestaUI::JoinFestaRecordListManager::~JoinFestaRecordListManager(),0,3460440,.text,FUNCTION,RETAIL_ORIGINAL_SYMBOL
|static|,static.crs,named,3162,_ZN9NetAppLib11JoinFestaUI26JoinFestaSurveyListManager19SetupSurveyDataListEPNS0_19JoinFestaPlayerDataE,NetAppLib::JoinFestaUI::JoinFestaSurveyListManager::SetupSurveyDataList(NetAppLib::JoinFestaUI::JoinFestaPlayerData*),0,3460524,.text,FUNCTION,RETAIL_ORIGINAL_SYMBOL
|static|,static.crs,named,3163,_ZN9NetAppLib11JoinFestaUI26JoinFestaSurveyListManagerC1EPN4gfl24heap11CtrHeapBaseE,NetAppLib::JoinFestaUI::JoinFestaSurveyListManager::JoinFestaSurveyListManager(gfl2::heap::CtrHeapBase*),0,3461032,.text,FUNCTION,RETAIL_ORIGINAL_SYMBOL
|static|,static.crs,named,3164,_ZN9NetAppLib11JoinFestaUI26JoinFestaSurveyListManagerD1Ev,NetAppLib::JoinFestaUI::JoinFestaSurveyListManager::~JoinFestaSurveyListManager(),0,3461292,.text,FUNCTION,RETAIL_ORIGINAL_SYMBOL
|static|,static.crs,named,3165,_ZN9NetAppLib11JoinFestaUI27JoinFestaRankingListManager20SetupRankingDataListEv,NetAppLib::JoinFestaUI::JoinFestaRankingListManager::SetupRankingDataList(),0,3461608,.text,FUNCTION,RETAIL_ORIGINAL_SYMBOL
|static|,static.crs,named,3166,_ZN9NetAppLib11JoinFestaUI27JoinFestaRankingListManagerC1EPN4gfl24heap11CtrHeapBaseE,NetAppLib::JoinFestaUI::JoinFestaRankingListManager::JoinFestaRankingListManager(gfl2::heap::CtrHeapBase*),0,3462652,.text,FUNCTION,RETAIL_ORIGINAL_SYMBOL
|static|,static.crs,named,3167,_ZN9NetAppLib11JoinFestaUI27JoinFestaRankingListManagerD1Ev,NetAppLib::JoinFestaUI::JoinFestaRankingListManager::~JoinFestaRankingListManager(),0,3462940,.text,FUNCTION,RETAIL_ORIGINAL_SYMBOL
|static|,static.crs,named,3168,_ZN9NetAppLib11JoinFestaUI29JoinFestaRecordRankingManager10GetVipRankENS1_14RecordCategoryE18nnfriendsFriendKey,"NetAppLib::JoinFestaUI::JoinFestaRecordRankingManager::GetVipRank(NetAppLib::JoinFestaUI::JoinFestaRecordRankingManager::RecordCategory, nnfriendsFriendKey)",0,3463024,.text,FUNCTION,RETAIL_ORIGINAL_SYMBOL
|static|,static.crs,named,3169,_ZN9NetAppLib11JoinFestaUI29JoinFestaRecordRankingManager12GetGuestRankENS1_14RecordCategoryE18nnfriendsFriendKey,"NetAppLib::JoinFestaUI::JoinFestaRecordRankingManager::GetGuestRank(NetAppLib::JoinFestaUI::JoinFestaRecordRankingManager::RecordCategory, nnfriendsFriendKey)",0,3463688,.text,FUNCTION,RETAIL_ORIGINAL_SYMBOL
|static|,static.crs,named,3170,_ZN9NetAppLib11JoinFestaUI29JoinFestaRecordRankingManager17UpdateRankingListEPNS_9JoinFesta21JoinFestaPersonalDataE,NetAppLib::JoinFestaUI::JoinFestaRecordRankingManager::UpdateRankingList(NetAppLib::JoinFesta::JoinFestaPersonalData*),0,3464348,.text,FUNCTION,RETAIL_ORIGINAL_SYMBOL
|static|,static.crs,named,3171,_ZN9NetAppLib11JoinFestaUI29JoinFestaRecordRankingManagerC1Ev,NetAppLib::JoinFestaUI::JoinFestaRecordRankingManager::JoinFestaRecordRankingManager(),0,3470780,.text,FUNCTION,RETAIL_ORIGINAL_SYMBOL
|static|,static.crs,named,3172,_ZN9NetAppLib11JoinFestaUI30JoinFestaAttractionListManager10UpdateListEb,NetAppLib::JoinFestaUI::JoinFestaAttractionListManager::UpdateList(bool),0,3471220,.text,FUNCTION,RETAIL_ORIGINAL_SYMBOL
|static|,static.crs,named,3173,_ZN9NetAppLib11JoinFestaUI30JoinFestaAttractionListManager20UpdateEntryTimeLimitEv,NetAppLib::JoinFestaUI::JoinFestaAttractionListManager::UpdateEntryTimeLimit(),0,3472504,.text,FUNCTION,RETAIL_ORIGINAL_SYMBOL
|static|,static.crs,named,3174,_ZN9NetAppLib11JoinFestaUI30JoinFestaAttractionListManager8SortListEv,NetAppLib::JoinFestaUI::JoinFestaAttractionListManager::SortList(),0,3473972,.text,FUNCTION,RETAIL_ORIGINAL_SYMBOL
|static|,static.crs,named,3175,_ZN9NetAppLib11JoinFestaUI30JoinFestaAttractionListManagerC1EPN4gfl24heap11CtrHeapBaseE,NetAppLib::JoinFestaUI::JoinFestaAttractionListManager::JoinFestaAttractionListManager(gfl2::heap::CtrHeapBase*),0,3474640,.text,FUNCTION,RETAIL_ORIGINAL_SYMBOL
|static|,static.crs,named,3176,_ZN9NetAppLib11JoinFestaUI30JoinFestaAttractionListManagerD1Ev,NetAppLib::JoinFestaUI::JoinFestaAttractionListManager::~JoinFestaAttractionListManager(),0,3475312,.text,FUNCTION,RETAIL_ORIGINAL_SYMBOL
|static|,static.crs,named,3177,_ZN9NetAppLib11JoinFestaUI30JoinFestaPlayerListBGLowerViewC1EPNS_6System19ApplicationWorkBaseEi,"NetAppLib::JoinFestaUI::JoinFestaPlayerListBGLowerView::JoinFestaPlayerListBGLowerView(NetAppLib::System::ApplicationWorkBase*, int)",0,3475684,.text,FUNCTION,RETAIL_ORIGINAL_SYMBOL
|static|,static.crs,named,3178,_ZN9NetAppLib11JoinFestaUI30JoinFestaPlayerListBGUpperViewC1EPNS_6System19ApplicationWorkBaseEi,"NetAppLib::JoinFestaUI::JoinFestaPlayerListBGUpperView::JoinFestaPlayerListBGUpperView(NetAppLib::System::ApplicationWorkBase*, int)",0,3475828,.text,FUNCTION,RETAIL_ORIGINAL_SYMBOL
|static|,static.crs,named,3179,_ZN9NetAppLib11JoinFestaUI30JoinFestaRecordDetailLowerView13SetRecordDataERNS0_19JoinFestaRecordDataE,NetAppLib::JoinFestaUI::JoinFestaRecordDetailLowerView::SetRecordData(NetAppLib::JoinFestaUI::JoinFestaRecordData&),0,3476116,.text,FUNCTION,RETAIL_ORIGINAL_SYMBOL
|static|,static.crs,named,3180,_ZN9NetAppLib11JoinFestaUI30JoinFestaRecordDetailLowerViewC1EPNS_6System19ApplicationWorkBaseEii,"NetAppLib::JoinFestaUI::JoinFestaRecordDetailLowerView::JoinFestaRecordDetailLowerView(NetAppLib::System::ApplicationWorkBase*, int, int)",0,3477008,.text,FUNCTION,RETAIL_ORIGINAL_SYMBOL
|static|,static.crs,named,3181,_ZN9NetAppLib11JoinFestaUI30JoinFestaRecordSelectLowerView7SetListEPN4gfl24util4ListINS0_19JoinFestaRecordDataEEEb,"NetAppLib::JoinFestaUI::JoinFestaRecordSelectLowerView::SetList(gfl2::util::List<NetAppLib::JoinFestaUI::JoinFestaRecordData>*, bool)",0,3479336,.text,FUNCTION,RETAIL_ORIGINAL_SYMBOL
|static|,static.crs,named,3182,_ZN9NetAppLib11JoinFestaUI30JoinFestaRecordSelectLowerViewC1EPNS_6System19ApplicationWorkBaseEii,"NetAppLib::JoinFestaUI::JoinFestaRecordSelectLowerView::JoinFestaRecordSelectLowerView(NetAppLib::System::ApplicationWorkBase*, int, int)",0,3479648,.text,FUNCTION,RETAIL_ORIGINAL_SYMBOL
|static|,static.crs,named,3183,_ZN9NetAppLib11JoinFestaUI32JoinFestaAttractionInfoUpperView26SetJoinFestaAttractionDataEPNS0_23JoinFestaAttractionDataE,NetAppLib::JoinFestaUI::JoinFestaAttractionInfoUpperView::SetJoinFestaAttractionData(NetAppLib::JoinFestaUI::JoinFestaAttractionData*),0,3480744,.text,FUNCTION,RETAIL_ORIGINAL_SYMBOL
|static|,static.crs,named,3184,_ZN9NetAppLib11JoinFestaUI32JoinFestaAttractionInfoUpperViewC1EPNS_6System19ApplicationWorkBaseEi,"NetAppLib::JoinFestaUI::JoinFestaAttractionInfoUpperView::JoinFestaAttractionInfoUpperView(NetAppLib::System::ApplicationWorkBase*, int)",0,3482020,.text,FUNCTION,RETAIL_ORIGINAL_SYMBOL
|static|,static.crs,named,3185,_ZN9NetAppLib11JoinFestaUI32JoinFestaPlayerListLowerViewBase20SetVisibleBackButtonEb,NetAppLib::JoinFestaUI::JoinFestaPlayerListLowerViewBase::SetVisibleBackButton(bool),0,3482236,.text,FUNCTION,RETAIL_ORIGINAL_SYMBOL
|static|,static.crs,named,3186,_ZN9NetAppLib11JoinFestaUI32JoinFestaPlayerListLowerViewBase20SetVisibleInfoButtonEb,NetAppLib::JoinFestaUI::JoinFestaPlayerListLowerViewBase::SetVisibleInfoButton(bool),0,3482284,.text,FUNCTION,RETAIL_ORIGINAL_SYMBOL
|static|,static.crs,named,3187,_ZN9NetAppLib11JoinFestaUI32JoinFestaPlayerListLowerViewBase20SetVisibleMenuCursorEb,NetAppLib::JoinFestaUI::JoinFestaPlayerListLowerViewBase::SetVisibleMenuCursor(bool),0,3482332,.text,FUNCTION,RETAIL_ORIGINAL_SYMBOL
|static|,static.crs,named,3188,_ZN9NetAppLib11JoinFestaUI32JoinFestaPlayerListLowerViewBase22SetVisibleDecideButtonEb,NetAppLib::JoinFestaUI::JoinFestaPlayerListLowerViewBase::SetVisibleDecideButton(bool),0,3482344,.text,FUNCTION,RETAIL_ORIGINAL_SYMBOL
|static|,static.crs,named,3189,_ZN9NetAppLib11JoinFestaUI32JoinFestaPlayerListLowerViewBase22SetVisibleUpdateButtonEb,NetAppLib::JoinFestaUI::JoinFestaPlayerListLowerViewBase::SetVisibleUpdateButton(bool),0,3482504,.text,FUNCTION,RETAIL_ORIGINAL_SYMBOL
|static|,static.crs,named,3190,_ZN9NetAppLib11JoinFestaUI34JoinFestaAttractionSelectLowerView10SetPassiveEv,NetAppLib::JoinFestaUI::JoinFestaAttractionSelectLowerView::SetPassive(),0,3483040,.text,FUNCTION,RETAIL_ORIGINAL_SYMBOL
|static|,static.crs,named,3191,_ZN9NetAppLib11JoinFestaUI34JoinFestaAttractionSelectLowerView11SetOpenListEPN4gfl24util4ListINS0_23JoinFestaAttractionDataEEE,NetAppLib::JoinFestaUI::JoinFestaAttractionSelectLowerView::SetOpenList(gfl2::util::List<NetAppLib::JoinFestaUI::JoinFestaAttractionData>*),0,3483232,.text,FUNCTION,RETAIL_ORIGINAL_SYMBOL
|static|,static.crs,named,3192,_ZN9NetAppLib11JoinFestaUI34JoinFestaAttractionSelectLowerView12SetEntryListEPN4gfl24util4ListINS0_23JoinFestaAttractionDataEEE,NetAppLib::JoinFestaUI::JoinFestaAttractionSelectLowerView::SetEntryList(gfl2::util::List<NetAppLib::JoinFestaUI::JoinFestaAttractionData>*),0,3484328,.text,FUNCTION,RETAIL_ORIGINAL_SYMBOL
|static|,static.crs,named,3193,_ZN9NetAppLib11JoinFestaUI34JoinFestaAttractionSelectLowerView19SetVisibleArrowIconEb,NetAppLib::JoinFestaUI::JoinFestaAttractionSelectLowerView::SetVisibleArrowIcon(bool),0,3486200,.text,FUNCTION,RETAIL_ORIGINAL_SYMBOL
|static|,static.crs,named,3194,_ZN9NetAppLib11JoinFestaUI34JoinFestaAttractionSelectLowerView23ResetPaneListCursorInfoEv,NetAppLib::JoinFestaUI::JoinFestaAttractionSelectLowerView::ResetPaneListCursorInfo(),0,3486288,.text,FUNCTION,RETAIL_ORIGINAL_SYMBOL
|static|,static.crs,named,3195,_ZN9NetAppLib11JoinFestaUI34JoinFestaAttractionSelectLowerViewC1EPNS_6System19ApplicationWorkBaseEii,"NetAppLib::JoinFestaUI::JoinFestaAttractionSelectLowerView::JoinFestaAttractionSelectLowerView(NetAppLib::System::ApplicationWorkBase*, int, int)",0,3486600,.text,FUNCTION,RETAIL_ORIGINAL_SYMBOL
|static|,static.crs,named,3196,_ZN9NetAppLib11JoinFestaUI38JoinFestaPlayerListPlayerInfoUpperView16TimerIconDisableEv,NetAppLib::JoinFestaUI::JoinFestaPlayerListPlayerInfoUpperView::TimerIconDisable(),0,3487012,.text,FUNCTION,RETAIL_ORIGINAL_SYMBOL
|static|,static.crs,named,3197,_ZN9NetAppLib11JoinFestaUI38JoinFestaPlayerListPlayerInfoUpperView22SetJoinFestaPlayerDataEPNS0_19JoinFestaPlayerDataE,NetAppLib::JoinFestaUI::JoinFestaPlayerListPlayerInfoUpperView::SetJoinFestaPlayerData(NetAppLib::JoinFestaUI::JoinFestaPlayerData*),0,3487064,.text,FUNCTION,RETAIL_ORIGINAL_SYMBOL
|static|,static.crs,named,3198,_ZN9NetAppLib11JoinFestaUI38JoinFestaPlayerListPlayerInfoUpperView30ResetCurrentJoinFestaFriendKeyEv,NetAppLib::JoinFestaUI::JoinFestaPlayerListPlayerInfoUpperView::ResetCurrentJoinFestaFriendKey(),0,3490048,.text,FUNCTION,RETAIL_ORIGINAL_SYMBOL
|static|,static.crs,named,3199,_ZN9NetAppLib11JoinFestaUI38JoinFestaPlayerListPlayerInfoUpperViewC1EPNS_6System19ApplicationWorkBaseEiRNS_4Util24NetAppTrainerIconUtilityE,"NetAppLib::JoinFestaUI::JoinFestaPlayerListPlayerInfoUpperView::JoinFestaPlayerListPlayerInfoUpperView(NetAppLib::System::ApplicationWorkBase*, int, NetAppLib::Util::NetAppTrainerIconUtility&)",0,3490196,.text,FUNCTION,RETAIL_ORIGINAL_SYMBOL
|static|,static.crs,named,3200,_ZN9NetAppLib11JoinFestaUI38JoinFestaPlayerListSelectLowerViewBase10OnAddChildEv,NetAppLib::JoinFestaUI::JoinFestaPlayerListSelectLowerViewBase::OnAddChild(),0,3490380,.text,FUNCTION,RETAIL_ORIGINAL_SYMBOL
|static|,static.crs,named,3201,_ZN9NetAppLib11JoinFestaUI38JoinFestaPlayerListSelectLowerViewBase10SetPassiveEv,NetAppLib::JoinFestaUI::JoinFestaPlayerListSelectLowerViewBase::SetPassive(),0,3490436,.text,FUNCTION,RETAIL_ORIGINAL_SYMBOL
|static|,static.crs,named,3202,_ZN9NetAppLib11JoinFestaUI38JoinFestaPlayerListSelectLowerViewBase10UpdateListEv,NetAppLib::JoinFestaUI::JoinFestaPlayerListSelectLowerViewBase::UpdateList(),0,3490524,.text,FUNCTION,RETAIL_ORIGINAL_SYMBOL
|static|,static.crs,named,3203,_ZN9NetAppLib11JoinFestaUI38JoinFestaPlayerListSelectLowerViewBase11OnKeyActionEPN4gfl22ui6ButtonEPNS3_12VectorDeviceES7_,"NetAppLib::JoinFestaUI::JoinFestaPlayerListSelectLowerViewBase::OnKeyAction(gfl2::ui::Button*, gfl2::ui::VectorDevice*, gfl2::ui::VectorDevice*)",0,3491056,.text,FUNCTION,RETAIL_ORIGINAL_SYMBOL
|static|,static.crs,named,3204,_ZN9NetAppLib11JoinFestaUI38JoinFestaPlayerListSelectLowerViewBase13OnRemoveChildEv,NetAppLib::JoinFestaUI::JoinFestaPlayerListSelectLowerViewBase::OnRemoveChild(),0,3491864,.text,FUNCTION,RETAIL_ORIGINAL_SYMBOL
|static|,static.crs,named,3205,_ZThn196_N9NetAppLib11JoinFestaUI38JoinFestaPlayerListSelectLowerViewBase17OnLayoutPaneEventEj,non-virtual thunk to NetAppLib::JoinFestaUI::JoinFestaPlayerListSelectLowerViewBase::OnLayoutPaneEvent(unsigned int),0,3492832,.text,FUNCTION,RETAIL_ORIGINAL_SYMBOL
|static|,static.crs,named,3206,_ZN9NetAppLib11JoinFestaUI38JoinFestaPlayerListSelectLowerViewBase17OnLayoutPaneEventEj,NetAppLib::JoinFestaUI::JoinFestaPlayerListSelectLowerViewBase::OnLayoutPaneEvent(unsigned int),0,3492840,.text,FUNCTION,RETAIL_ORIGINAL_SYMBOL
|static|,static.crs,named,3207,_ZN9NetAppLib11JoinFestaUI38JoinFestaPlayerListSelectLowerViewBase18CallBack_CursorOffEPvPKN3app4tool8PaneList9PANE_DATAEjj,"NetAppLib::JoinFestaUI::JoinFestaPlayerListSelectLowerViewBase::CallBack_CursorOff(void*, app::tool::PaneList::PANE_DATA const*, unsigned int, unsigned int)",0,3493572,.text,FUNCTION,RETAIL_ORIGINAL_SYMBOL
|static|,static.crs,named,3208,_ZN9NetAppLib11JoinFestaUI38JoinFestaPlayerListSelectLowerViewBase18CallBack_ListWriteEPvPKN3app4tool8PaneList9PANE_DATAEjj,"NetAppLib::JoinFestaUI::JoinFestaPlayerListSelectLowerViewBase::CallBack_ListWrite(void*, app::tool::PaneList::PANE_DATA const*, unsigned int, unsigned int)",0,3493576,.text,FUNCTION,RETAIL_ORIGINAL_SYMBOL
|static|,static.crs,named,3209,_ZN9NetAppLib11JoinFestaUI38JoinFestaPlayerListSelectLowerViewBase19CallBack_CursorMoveEPvPKN3app4tool8PaneList9PANE_DATAEjj,"NetAppLib::JoinFestaUI::JoinFestaPlayerListSelectLowerViewBase::CallBack_CursorMove(void*, app::tool::PaneList::PANE_DATA const*, unsigned int, unsigned int)",0,3493996,.text,FUNCTION,RETAIL_ORIGINAL_SYMBOL
|static|,static.crs,named,3210,_ZN9NetAppLib11JoinFestaUI38JoinFestaPlayerListSelectLowerViewBase19CallBack_ItemChangeEPvjj,"NetAppLib::JoinFestaUI::JoinFestaPlayerListSelectLowerViewBase::CallBack_ItemChange(void*, unsigned int, unsigned int)",0,3494044,.text,FUNCTION,RETAIL_ORIGINAL_SYMBOL
|static|,static.crs,named,3211,_ZN9NetAppLib11JoinFestaUI38JoinFestaPlayerListSelectLowerViewBase22getJoinFestaPlayerDataEj,NetAppLib::JoinFestaUI::JoinFestaPlayerListSelectLowerViewBase::getJoinFestaPlayerData(unsigned int),0,3494048,.text,FUNCTION,RETAIL_ORIGINAL_SYMBOL
|static|,static.crs,named,3212,_ZN9NetAppLib11JoinFestaUI38JoinFestaPlayerListSelectLowerViewBase22setInputEnablePaneListEb,NetAppLib::JoinFestaUI::JoinFestaPlayerListSelectLowerViewBase::setInputEnablePaneList(bool),0,3494124,.text,FUNCTION,RETAIL_ORIGINAL_SYMBOL
|static|,static.crs,named,3213,_ZN9NetAppLib11JoinFestaUI38JoinFestaPlayerListSelectLowerViewBase23ResetPaneListCursorInfoEv,NetAppLib::JoinFestaUI::JoinFestaPlayerListSelectLowerViewBase::ResetPaneListCursorInfo(),0,3494180,.text,FUNCTION,RETAIL_ORIGINAL_SYMBOL
|static|,static.crs,named,3214,_ZN9NetAppLib11JoinFestaUI38JoinFestaPlayerListSelectLowerViewBase26PaneListItemSelectListenerEj,NetAppLib::JoinFestaUI::JoinFestaPlayerListSelectLowerViewBase::PaneListItemSelectListener(unsigned int),0,3494232,.text,FUNCTION,RETAIL_ORIGINAL_SYMBOL
|static|,static.crs,named,3215,_ZN9NetAppLib11JoinFestaUI38JoinFestaPlayerListSelectLowerViewBase4DrawEN4gfl23gfx12CtrDisplayNoE,NetAppLib::JoinFestaUI::JoinFestaPlayerListSelectLowerViewBase::Draw(gfl2::gfx::CtrDisplayNo),0,3494432,.text,FUNCTION,RETAIL_ORIGINAL_SYMBOL
|static|,static.crs,named,3216,_ZN9NetAppLib11JoinFestaUI38JoinFestaPlayerListSelectLowerViewBase6UpdateEv,NetAppLib::JoinFestaUI::JoinFestaPlayerListSelectLowerViewBase::Update(),0,3494436,.text,FUNCTION,RETAIL_ORIGINAL_SYMBOL
|static|,static.crs,named,3217,_ZN9NetAppLib11JoinFestaUI38JoinFestaPlayerListSelectLowerViewBase7SetListEPN4gfl24util4ListINS0_19JoinFestaPlayerDataEEEjNS1_8ListTypeE,"NetAppLib::JoinFestaUI::JoinFestaPlayerListSelectLowerViewBase::SetList(gfl2::util::List<NetAppLib::JoinFestaUI::JoinFestaPlayerData>*, unsigned int, NetAppLib::JoinFestaUI::JoinFestaPlayerListSelectLowerViewBase::ListType)",0,3494440,.text,FUNCTION,RETAIL_ORIGINAL_SYMBOL
|static|,static.crs,named,3218,_ZN9NetAppLib11JoinFestaUI38JoinFestaPlayerListSelectLowerViewBaseC1EPNS_6System19ApplicationWorkBaseEii,"NetAppLib::JoinFestaUI::JoinFestaPlayerListSelectLowerViewBase::JoinFestaPlayerListSelectLowerViewBase(NetAppLib::System::ApplicationWorkBase*, int, int)",0,3494636,.text,FUNCTION,RETAIL_ORIGINAL_SYMBOL
|static|,static.crs,named,3219,_ZN9NetAppLib11JoinFestaUI38JoinFestaPlayerListSelectLowerViewBaseD1Ev,NetAppLib::JoinFestaUI::JoinFestaPlayerListSelectLowerViewBase::~JoinFestaPlayerListSelectLowerViewBase(),0,3495036,.text,FUNCTION,RETAIL_ORIGINAL_SYMBOL
|static|,static.crs,named,3220,_ZN9NetAppLib11JoinFestaUI39JoinFestaPlayerListMessageMenuLowerView16SetStreamMessageEjRN4gfl23str6StrBufEb,"NetAppLib::JoinFestaUI::JoinFestaPlayerListMessageMenuLowerView::SetStreamMessage(unsigned int, gfl2::str::StrBuf&, bool)",0,3495196,.text,FUNCTION,RETAIL_ORIGINAL_SYMBOL
|static|,static.crs,named,3221,_ZN9NetAppLib11JoinFestaUI39JoinFestaPlayerListMessageMenuLowerView21SetMessageBlackFilterEjb,"NetAppLib::JoinFestaUI::JoinFestaPlayerListMessageMenuLowerView::SetMessageBlackFilter(unsigned int, bool)",0,3495416,.text,FUNCTION,RETAIL_ORIGINAL_SYMBOL
|static|,static.crs,named,3222,_ZN9NetAppLib11JoinFestaUI39JoinFestaPlayerListMessageMenuLowerView25SetMessageMenuBlackFilterEjPKwjjj,"NetAppLib::JoinFestaUI::JoinFestaPlayerListMessageMenuLowerView::SetMessageMenuBlackFilter(unsigned int, wchar_t const*, unsigned int, unsigned int, unsigned int)",0,3495980,.text,FUNCTION,RETAIL_ORIGINAL_SYMBOL
|static|,static.crs,named,3223,_ZN9NetAppLib11JoinFestaUI39JoinFestaPlayerListMessageMenuLowerView25SetMessageMenuBlackFilterEjjjj,"NetAppLib::JoinFestaUI::JoinFestaPlayerListMessageMenuLowerView::SetMessageMenuBlackFilter(unsigned int, unsigned int, unsigned int, unsigned int)",0,3496176,.text,FUNCTION,RETAIL_ORIGINAL_SYMBOL
|static|,static.crs,named,3224,_ZN9NetAppLib11JoinFestaUI39JoinFestaPlayerListMessageMenuLowerView26SetMessageYesNoBlackFilterEjPKw,"NetAppLib::JoinFestaUI::JoinFestaPlayerListMessageMenuLowerView::SetMessageYesNoBlackFilter(unsigned int, wchar_t const*)",0,3496380,.text,FUNCTION,RETAIL_ORIGINAL_SYMBOL
|static|,static.crs,named,3225,_ZN9NetAppLib11JoinFestaUI39JoinFestaPlayerListMessageMenuLowerView27SetStreamMessageBlackFilterEjPKwb,"NetAppLib::JoinFestaUI::JoinFestaPlayerListMessageMenuLowerView::SetStreamMessageBlackFilter(unsigned int, wchar_t const*, bool)",0,3496552,.text,FUNCTION,RETAIL_ORIGINAL_SYMBOL
|static|,static.crs,named,3226,_ZN9NetAppLib11JoinFestaUI39JoinFestaPlayerListMessageMenuLowerView27SetStreamMessageBlackFilterEjb,"NetAppLib::JoinFestaUI::JoinFestaPlayerListMessageMenuLowerView::SetStreamMessageBlackFilter(unsigned int, bool)",0,3496648,.text,FUNCTION,RETAIL_ORIGINAL_SYMBOL
|static|,static.crs,named,3227,_ZN9NetAppLib11JoinFestaUI39JoinFestaPlayerListMessageMenuLowerView32SetStreamMessageYesNoBlackFilterEj,NetAppLib::JoinFestaUI::JoinFestaPlayerListMessageMenuLowerView::SetStreamMessageYesNoBlackFilter(unsigned int),0,3496752,.text,FUNCTION,RETAIL_ORIGINAL_SYMBOL
|static|,static.crs,named,3228,_ZN9NetAppLib11JoinFestaUI39JoinFestaPlayerListMessageMenuLowerView32SetStreamMessageYesNoBlackFilterEjPKw,"NetAppLib::JoinFestaUI::JoinFestaPlayerListMessageMenuLowerView::SetStreamMessageYesNoBlackFilter(unsigned int, wchar_t const*)",0,3496860,.text,FUNCTION,RETAIL_ORIGINAL_SYMBOL
|static|,static.crs,named,3229,_ZN9NetAppLib11JoinFestaUI39JoinFestaPlayerListMessageMenuLowerViewC1EPNS_6System19ApplicationWorkBaseERNS_2UI17NetAppMessageMenuE,"NetAppLib::JoinFestaUI::JoinFestaPlayerListMessageMenuLowerView::JoinFestaPlayerListMessageMenuLowerView(NetAppLib::System::ApplicationWorkBase*, NetAppLib::UI::NetAppMessageMenu&)",0,3497036,.text,FUNCTION,RETAIL_ORIGINAL_SYMBOL
|static|,static.crs,named,3230,_ZN9NetAppLib16GlobalAttraction29GlobalAttractionRequestFacade19AddOpenCheckRequestEPNS0_41GlobalAttractionOpenCheckResponseListenerEPNS_6System19ApplicationWorkBaseE,"NetAppLib::GlobalAttraction::GlobalAttractionRequestFacade::AddOpenCheckRequest(NetAppLib::GlobalAttraction::GlobalAttractionOpenCheckResponseListener*, NetAppLib::System::ApplicationWorkBase*)",0,3497480,.text,FUNCTION,RETAIL_ORIGINAL_SYMBOL
|static|,static.crs,named,3231,_ZN9NetAppLib17BattleVideoPlayer10VIDEO_DATA19IsPlayerTrainerIconERNS0_11PLAYER_DATAE,NetAppLib::BattleVideoPlayer::VIDEO_DATA::IsPlayerTrainerIcon(NetAppLib::BattleVideoPlayer::PLAYER_DATA&),0,3499008,.text,FUNCTION,RETAIL_ORIGINAL_SYMBOL
|static|,static.crs,named,3232,_ZN9NetAppLib17BattleVideoPlayer10VIDEO_DATA21OutputIconObjectParamEPN3app4tool27AppToolTrainerIconRendering16ICON_OBJECT_DATAERNS0_11PLAYER_DATAE,"NetAppLib::BattleVideoPlayer::VIDEO_DATA::OutputIconObjectParam(app::tool::AppToolTrainerIconRendering::ICON_OBJECT_DATA*, NetAppLib::BattleVideoPlayer::PLAYER_DATA&)",0,3499032,.text,FUNCTION,RETAIL_ORIGINAL_SYMBOL
|static|,static.crs,named,3233,_ZN9NetAppLib17BattleVideoPlayer10VIDEO_DATA22OutputLeftPosPokeParamEPN8PokeTool11SimpleParamEj,"NetAppLib::BattleVideoPlayer::VIDEO_DATA::OutputLeftPosPokeParam(PokeTool::SimpleParam*, unsigned int)",0,3499104,.text,FUNCTION,RETAIL_ORIGINAL_SYMBOL
|static|,static.crs,named,3234,_ZN9NetAppLib17BattleVideoPlayer10VIDEO_DATA23OutputRightPosPokeParamEPN8PokeTool11SimpleParamEj,"NetAppLib::BattleVideoPlayer::VIDEO_DATA::OutputRightPosPokeParam(PokeTool::SimpleParam*, unsigned int)",0,3499220,.text,FUNCTION,RETAIL_ORIGINAL_SYMBOL
|static|,static.crs,named,3235,_ZN9NetAppLib17BattleVideoPlayer16VideoDataManager10InitOnlineEv,NetAppLib::BattleVideoPlayer::VideoDataManager::InitOnline(),0,3499672,.text,FUNCTION,RETAIL_ORIGINAL_SYMBOL
|static|,static.crs,named,3236,_ZN9NetAppLib17BattleVideoPlayer16VideoDataManager10LoadOnlineEv,NetAppLib::BattleVideoPlayer::VideoDataManager::LoadOnline(),0,3499828,.text,FUNCTION,RETAIL_ORIGINAL_SYMBOL
|static|,static.crs,named,3237,_ZN9NetAppLib17BattleVideoPlayer16VideoDataManager10WaitUploadEv,NetAppLib::BattleVideoPlayer::VideoDataManager::WaitUpload(),0,3499844,.text,FUNCTION,RETAIL_ORIGINAL_SYMBOL
|static|,static.crs,named,3238,_ZN9NetAppLib17BattleVideoPlayer16VideoDataManager11GetListDataEj,NetAppLib::BattleVideoPlayer::VideoDataManager::GetListData(unsigned int),0,3500172,.text,FUNCTION,RETAIL_ORIGINAL_SYMBOL
|static|,static.crs,named,3239,_ZN9NetAppLib17BattleVideoPlayer16VideoDataManager11StartUploadEPNS0_10VIDEO_DATAE,NetAppLib::BattleVideoPlayer::VideoDataManager::StartUpload(NetAppLib::BattleVideoPlayer::VIDEO_DATA*),0,3500244,.text,FUNCTION,RETAIL_ORIGINAL_SYMBOL
|static|,static.crs,named,3240,_ZN9NetAppLib17BattleVideoPlayer16VideoDataManager13GetDataDelFlgEj,NetAppLib::BattleVideoPlayer::VideoDataManager::GetDataDelFlg(unsigned int),0,3500348,.text,FUNCTION,RETAIL_ORIGINAL_SYMBOL
|static|,static.crs,named,3241,_ZN9NetAppLib17BattleVideoPlayer16VideoDataManager13InitVideoDataEv,NetAppLib::BattleVideoPlayer::VideoDataManager::InitVideoData(),0,3500432,.text,FUNCTION,RETAIL_ORIGINAL_SYMBOL
|static|,static.crs,named,3242,_ZN9NetAppLib17BattleVideoPlayer16VideoDataManager13LoadVideoDataEv,NetAppLib::BattleVideoPlayer::VideoDataManager::LoadVideoData(),0,3500568,.text,FUNCTION,RETAIL_ORIGINAL_SYMBOL
|static|,static.crs,named,3243,_ZN9NetAppLib17BattleVideoPlayer16VideoDataManager13SetDataDelFlgEjb,"NetAppLib::BattleVideoPlayer::VideoDataManager::SetDataDelFlg(unsigned int, bool)",0,3501500,.text,FUNCTION,RETAIL_ORIGINAL_SYMBOL
|static|,static.crs,named,3244,_ZN9NetAppLib17BattleVideoPlayer16VideoDataManager15ClearDataDelFlgEv,NetAppLib::BattleVideoPlayer::VideoDataManager::ClearDataDelFlg(),0,3501564,.text,FUNCTION,RETAIL_ORIGINAL_SYMBOL
|static|,static.crs,named,3245,_ZN9NetAppLib17BattleVideoPlayer16VideoDataManager15UpdateTitleNameEPN4gfl23str7MsgDataEPN5print7WordSetE,"NetAppLib::BattleVideoPlayer::VideoDataManager::UpdateTitleName(gfl2::str::MsgData*, print::WordSet*)",0,3501860,.text,FUNCTION,RETAIL_ORIGINAL_SYMBOL
|static|,static.crs,named,3246,_ZN9NetAppLib17BattleVideoPlayer16VideoDataManager16InitSerialNoDataEv,NetAppLib::BattleVideoPlayer::VideoDataManager::InitSerialNoData(),0,3501996,.text,FUNCTION,RETAIL_ORIGINAL_SYMBOL
|static|,static.crs,named,3247,_ZN9NetAppLib17BattleVideoPlayer16VideoDataManager16LoadSerialNoDataEyPN4gfl23str7MsgDataEPN5print7WordSetE,"NetAppLib::BattleVideoPlayer::VideoDataManager::LoadSerialNoData(unsigned long long, gfl2::str::MsgData*, print::WordSet*)",0,3502068,.text,FUNCTION,RETAIL_ORIGINAL_SYMBOL
|static|,static.crs,named,3248,_ZN9NetAppLib17BattleVideoPlayer16VideoDataManager16WaitUploadCancelEv,NetAppLib::BattleVideoPlayer::VideoDataManager::WaitUploadCancel(),0,3502728,.text,FUNCTION,RETAIL_ORIGINAL_SYMBOL
|static|,static.crs,named,3249,_ZN9NetAppLib17BattleVideoPlayer16VideoDataManager17StartUploadCancelEPNS0_10VIDEO_DATAE,NetAppLib::BattleVideoPlayer::VideoDataManager::StartUploadCancel(NetAppLib::BattleVideoPlayer::VIDEO_DATA*),0,3504320,.text,FUNCTION,RETAIL_ORIGINAL_SYMBOL
|static|,static.crs,named,3250,_ZN9NetAppLib17BattleVideoPlayer16VideoDataManager18GetDataDelFlgCountEv,NetAppLib::BattleVideoPlayer::VideoDataManager::GetDataDelFlgCount(),0,3505320,.text,FUNCTION,RETAIL_ORIGINAL_SYMBOL
|static|,static.crs,named,3251,_ZN9NetAppLib17BattleVideoPlayer16VideoDataManager19GetVideoDataListIdxEPKNS0_10VIDEO_DATAE,NetAppLib::BattleVideoPlayer::VideoDataManager::GetVideoDataListIdx(NetAppLib::BattleVideoPlayer::VIDEO_DATA const*),0,3505448,.text,FUNCTION,RETAIL_ORIGINAL_SYMBOL
|static|,static.crs,named,3252,_ZN9NetAppLib17BattleVideoPlayer16VideoDataManager20StartDeleteVideoDataEv,NetAppLib::BattleVideoPlayer::VideoDataManager::StartDeleteVideoData(),0,3505692,.text,FUNCTION,RETAIL_ORIGINAL_SYMBOL
|static|,static.crs,named,3253,_ZN9NetAppLib17BattleVideoPlayer16VideoDataManager21StartSendPlayCompleteEPNS0_10VIDEO_DATAE,NetAppLib::BattleVideoPlayer::VideoDataManager::StartSendPlayComplete(NetAppLib::BattleVideoPlayer::VIDEO_DATA*),0,3505976,.text,FUNCTION,RETAIL_ORIGINAL_SYMBOL
|static|,static.crs,named,3254,_ZN9NetAppLib17BattleVideoPlayer16VideoDataManager21UpdateDeleteVideoDataEv,NetAppLib::BattleVideoPlayer::VideoDataManager::UpdateDeleteVideoData(),0,3506076,.text,FUNCTION,RETAIL_ORIGINAL_SYMBOL
|static|,static.crs,named,3255,_ZN9NetAppLib17BattleVideoPlayer16VideoDataManager22UpdateSendPlayComplateEv,NetAppLib::BattleVideoPlayer::VideoDataManager::UpdateSendPlayComplate(),0,3506696,.text,FUNCTION,RETAIL_ORIGINAL_SYMBOL
|static|,static.crs,named,3256,_ZN9NetAppLib17BattleVideoPlayer16VideoDataManager26StartIncPlayCountVideoDataEPNS0_10VIDEO_DATAE,NetAppLib::BattleVideoPlayer::VideoDataManager::StartIncPlayCountVideoData(NetAppLib::BattleVideoPlayer::VIDEO_DATA*),0,3506836,.text,FUNCTION,RETAIL_ORIGINAL_SYMBOL
|static|,static.crs,named,3257,_ZN9NetAppLib17BattleVideoPlayer16VideoDataManager27UpdateIncPlayCountVideoDataEv,NetAppLib::BattleVideoPlayer::VideoDataManager::UpdateIncPlayCountVideoData(),0,3506936,.text,FUNCTION,RETAIL_ORIGINAL_SYMBOL
|static|,static.crs,named,3258,_ZN9NetAppLib2UI15NetAppQRTexture5BuildEPKN4gfl22qr14QRRGBImageInfoE,NetAppLib::UI::NetAppQRTexture::Build(gfl2::qr::QRRGBImageInfo const*),0,3509624,.text,FUNCTION,RETAIL_ORIGINAL_SYMBOL
|static|,static.crs,named,3259,_ZN9NetAppLib2UI15NetAppQRTextureC1EPNS_6System19ApplicationWorkBaseE,NetAppLib::UI::NetAppQRTexture::NetAppQRTexture(NetAppLib::System::ApplicationWorkBase*),0,3510080,.text,FUNCTION,RETAIL_ORIGINAL_SYMBOL
|static|,static.crs,named,3260,_ZN9NetAppLib2UI15NetAppQRTextureD1Ev,NetAppLib::UI::NetAppQRTexture::~NetAppQRTexture(),0,3510172,.text,FUNCTION,RETAIL_ORIGINAL_SYMBOL
|static|,static.crs,named,3261,_ZThn160_N9NetAppLib2UI16NetAppCursorView11OnKeyActionEPN4gfl22ui6ButtonEPNS3_12VectorDeviceES7_,"non-virtual thunk to NetAppLib::UI::NetAppCursorView::OnKeyAction(gfl2::ui::Button*, gfl2::ui::VectorDevice*, gfl2::ui::VectorDevice*)",0,3510208,.text,FUNCTION,RETAIL_ORIGINAL_SYMBOL
|static|,static.crs,named,3262,_ZN9NetAppLib2UI16NetAppCursorView11OnKeyActionEPN4gfl22ui6ButtonEPNS3_12VectorDeviceES7_,"NetAppLib::UI::NetAppCursorView::OnKeyAction(gfl2::ui::Button*, gfl2::ui::VectorDevice*, gfl2::ui::VectorDevice*)",0,3510216,.text,FUNCTION,RETAIL_ORIGINAL_SYMBOL
|static|,static.crs,named,3263,_ZN9NetAppLib2UI16NetAppCursorView12CreateCursorEijj,"NetAppLib::UI::NetAppCursorView::CreateCursor(int, unsigned int, unsigned int)",0,3510572,.text,FUNCTION,RETAIL_ORIGINAL_SYMBOL
|static|,static.crs,named,3264,_ZN9NetAppLib2UI16NetAppCursorView12CreateCursorEijjPKjS3_S3_i,"NetAppLib::UI::NetAppCursorView::CreateCursor(int, unsigned int, unsigned int, unsigned int const*, unsigned int const*, unsigned int const*, int)",0,3510812,.text,FUNCTION,RETAIL_ORIGINAL_SYMBOL
|static|,static.crs,named,3265,_ZN9NetAppLib2UI16NetAppCursorView13ReleaseCursorEv,NetAppLib::UI::NetAppCursorView::ReleaseCursor(),0,3511296,.text,FUNCTION,RETAIL_ORIGINAL_SYMBOL
|static|,static.crs,named,3266,_ZN9NetAppLib2UI16NetAppCursorView16SetCusorPosPanesEPPN2nw3lyt4PaneEPKji,"NetAppLib::UI::NetAppCursorView::SetCusorPosPanes(nw::lyt::Pane**, unsigned int const*, int)",0,3511380,.text,FUNCTION,RETAIL_ORIGINAL_SYMBOL
|static|,static.crs,named,3267,_ZN9NetAppLib2UI16NetAppCursorView17CursorMoveToIndexEj,NetAppLib::UI::NetAppCursorView::CursorMoveToIndex(unsigned int),0,3511576,.text,FUNCTION,RETAIL_ORIGINAL_SYMBOL
|static|,static.crs,named,3268,_ZN9NetAppLib2UI16NetAppCursorView18CursorMoveToButtonEj,NetAppLib::UI::NetAppCursorView::CursorMoveToButton(unsigned int),0,3511600,.text,FUNCTION,RETAIL_ORIGINAL_SYMBOL
|static|,static.crs,named,3269,_ZN9NetAppLib2UI16NetAppCursorView19SetCursorControllerEPN3app4tool16CursorControllerE,NetAppLib::UI::NetAppCursorView::SetCursorController(app::tool::CursorController*),0,3511680,.text,FUNCTION,RETAIL_ORIGINAL_SYMBOL
|static|,static.crs,named,3270,_ZN9NetAppLib2UI16NetAppCursorView24CursorController_OnEventEPN3app4tool16CursorControllerENS4_13IEventHandler9EventCodeE,"NetAppLib::UI::NetAppCursorView::CursorController_OnEvent(app::tool::CursorController*, app::tool::CursorController::IEventHandler::EventCode)",0,3511696,.text,FUNCTION,RETAIL_ORIGINAL_SYMBOL
|static|,static.crs,named,3271,_ZN9NetAppLib2UI16NetAppCursorView29OnLayoutPaneTouchTriggerEventEj,NetAppLib::UI::NetAppCursorView::OnLayoutPaneTouchTriggerEvent(unsigned int),0,3511764,.text,FUNCTION,RETAIL_ORIGINAL_SYMBOL
|static|,static.crs,named,3272,_ZN9NetAppLib2UI16NetAppCursorView4DrawEN4gfl23gfx12CtrDisplayNoE,NetAppLib::UI::NetAppCursorView::Draw(gfl2::gfx::CtrDisplayNo),0,3511844,.text,FUNCTION,RETAIL_ORIGINAL_SYMBOL
|static|,static.crs,named,3273,_ZN9NetAppLib2UI16NetAppCursorView6UpdateEv,NetAppLib::UI::NetAppCursorView::Update(),0,3511876,.text,FUNCTION,RETAIL_ORIGINAL_SYMBOL
|static|,static.crs,named,3274,_ZN9NetAppLib2UI16NetAppCursorViewC1EPNS_6System19ApplicationWorkBaseE,NetAppLib::UI::NetAppCursorView::NetAppCursorView(NetAppLib::System::ApplicationWorkBase*),0,3511924,.text,FUNCTION,RETAIL_ORIGINAL_SYMBOL
|static|,static.crs,named,3275,_ZN9NetAppLib2UI16NetAppCursorViewD1Ev,NetAppLib::UI::NetAppCursorView::~NetAppCursorView(),0,3512184,.text,FUNCTION,RETAIL_ORIGINAL_SYMBOL
|static|,static.crs,named,3276,_ZN9NetAppLib2UI16NetAppMenuCursor4DrawEN4gfl23gfx12CtrDisplayNoE,NetAppLib::UI::NetAppMenuCursor::Draw(gfl2::gfx::CtrDisplayNo),0,3512468,.text,FUNCTION,RETAIL_ORIGINAL_SYMBOL
|static|,static.crs,named,3277,_ZN9NetAppLib2UI16NetAppMenuCursor6CreateEPN3app4util7G2DUtilEjji,"NetAppLib::UI::NetAppMenuCursor::Create(app::util::G2DUtil*, unsigned int, unsigned int, int)",0,3512520,.text,FUNCTION,RETAIL_ORIGINAL_SYMBOL
|static|,static.crs,named,3278,_ZN9NetAppLib2UI16NetAppMenuCursor7DestroyEv,NetAppLib::UI::NetAppMenuCursor::Destroy(),0,3512564,.text,FUNCTION,RETAIL_ORIGINAL_SYMBOL
|static|,static.crs,named,3279,_ZN9NetAppLib2UI16NetAppMenuCursorC1EPNS_6System19ApplicationWorkBaseE,NetAppLib::UI::NetAppMenuCursor::NetAppMenuCursor(NetAppLib::System::ApplicationWorkBase*),0,3512644,.text,FUNCTION,RETAIL_ORIGINAL_SYMBOL
|static|,static.crs,named,3280,_ZN9NetAppLib2UI16NetAppMenuCursorC1EPNS_6System19ApplicationWorkBaseEPN3app4util7G2DUtilEijj,"NetAppLib::UI::NetAppMenuCursor::NetAppMenuCursor(NetAppLib::System::ApplicationWorkBase*, app::util::G2DUtil*, int, unsigned int, unsigned int)",0,3512704,.text,FUNCTION,RETAIL_ORIGINAL_SYMBOL
|static|,static.crs,named,3281,_ZN9NetAppLib2UI16NetAppMenuCursorD1Ev,NetAppLib::UI::NetAppMenuCursor::~NetAppMenuCursor(),0,3512932,.text,FUNCTION,RETAIL_ORIGINAL_SYMBOL
|static|,static.crs,named,3282,_ZN9NetAppLib2UI17NetAppMessageMenu11ShowMessageEjjbbb,"NetAppLib::UI::NetAppMessageMenu::ShowMessage(unsigned int, unsigned int, bool, bool, bool)",0,3513036,.text,FUNCTION,RETAIL_ORIGINAL_SYMBOL
|static|,static.crs,named,3283,_ZN9NetAppLib2UI17NetAppMessageMenu23ShowMessageWithListMenuEPKN4gfl23str6StrBufEbS6_S6_S6_S6_S6_S6_,"NetAppLib::UI::NetAppMessageMenu::ShowMessageWithListMenu(gfl2::str::StrBuf const*, bool, gfl2::str::StrBuf const*, gfl2::str::StrBuf const*, gfl2::str::StrBuf const*, gfl2::str::StrBuf const*, gfl2::str::StrBuf const*, gfl2::str::StrBuf const*)",0,3513116,.text,FUNCTION,RETAIL_ORIGINAL_SYMBOL
|static|,static.crs,named,3284,_ZN9NetAppLib2UI17NetAppMessageMenu23ShowMessageWithListMenuEjjbjjjjjjj,"NetAppLib::UI::NetAppMessageMenu::ShowMessageWithListMenu(unsigned int, unsigned int, bool, unsigned int, unsigned int, unsigned int, unsigned int, unsigned int, unsigned int, unsigned int)",0,3513168,.text,FUNCTION,RETAIL_ORIGINAL_SYMBOL
|static|,static.crs,named,3285,_ZN9NetAppLib2UI17NetAppMessageMenuC1EPNS_6System19ApplicationWorkBaseEPN3App4Tool15MessageMenuView13IEventHandlerE,"NetAppLib::UI::NetAppMessageMenu::NetAppMessageMenu(NetAppLib::System::ApplicationWorkBase*, App::Tool::MessageMenuView::IEventHandler*)",0,3513292,.text,FUNCTION,RETAIL_ORIGINAL_SYMBOL
|static|,static.crs,named,3286,_ZN9NetAppLib2UI18RegulationDrawInfo14CopyRegulationEPS1_,NetAppLib::UI::RegulationDrawInfo::CopyRegulation(NetAppLib::UI::RegulationDrawInfo*),0,3513384,.text,FUNCTION,RETAIL_ORIGINAL_SYMBOL
|static|,static.crs,named,3287,_ZN9NetAppLib2UI18RegulationDrawInfo22GetBattleNameMessageIDEv,NetAppLib::UI::RegulationDrawInfo::GetBattleNameMessageID(),0,3513496,.text,FUNCTION,RETAIL_ORIGINAL_SYMBOL
|static|,static.crs,named,3288,_ZN9NetAppLib2UI18RegulationDrawInfo22GetBattleRankMessageIDEv,NetAppLib::UI::RegulationDrawInfo::GetBattleRankMessageID(),0,3513528,.text,FUNCTION,RETAIL_ORIGINAL_SYMBOL
|static|,static.crs,named,3289,_ZN9NetAppLib2UI18RegulationDrawInfo22GetBattleRuleMessageIDEv,NetAppLib::UI::RegulationDrawInfo::GetBattleRuleMessageID(),0,3513720,.text,FUNCTION,RETAIL_ORIGINAL_SYMBOL
|static|,static.crs,named,3290,_ZN9NetAppLib2UI18RegulationDrawInfo24GetBattleSystemMessageIDEv,NetAppLib::UI::RegulationDrawInfo::GetBattleSystemMessageID(),0,3513796,.text,FUNCTION,RETAIL_ORIGINAL_SYMBOL
|static|,static.crs,named,3291,_ZN9NetAppLib2UI18RegulationDrawInfoC1EPN4gfl24heap11CtrHeapBaseEN10Regulation6PRESETENS1_4RankE,"NetAppLib::UI::RegulationDrawInfo::RegulationDrawInfo(gfl2::heap::CtrHeapBase*, Regulation::PRESET, NetAppLib::UI::RegulationDrawInfo::Rank)",0,3513968,.text,FUNCTION,RETAIL_ORIGINAL_SYMBOL
|static|,static.crs,named,3292,_ZN9NetAppLib2UI18RegulationDrawInfoC1EPN4gfl24heap11CtrHeapBaseEPKvj,"NetAppLib::UI::RegulationDrawInfo::RegulationDrawInfo(gfl2::heap::CtrHeapBase*, void const*, unsigned int)",0,3514056,.text,FUNCTION,RETAIL_ORIGINAL_SYMBOL
|static|,static.crs,named,3293,_ZN9NetAppLib2UI18RegulationDrawInfoC1EPN4gfl24heap11CtrHeapBaseEPKvji,"NetAppLib::UI::RegulationDrawInfo::RegulationDrawInfo(gfl2::heap::CtrHeapBase*, void const*, unsigned int, int)",0,3514148,.text,FUNCTION,RETAIL_ORIGINAL_SYMBOL
|static|,static.crs,named,3294,_ZN9NetAppLib2UI22NetAppPokePartyUtility5SetupEjPN3app2ui6UIViewEj,"NetAppLib::UI::NetAppPokePartyUtility::Setup(unsigned int, app::ui::UIView*, unsigned int)",0,3514916,.text,FUNCTION,RETAIL_ORIGINAL_SYMBOL
|static|,static.crs,named,3295,_ZN9NetAppLib2UI22NetAppPokePartyUtility7CleanupEv,NetAppLib::UI::NetAppPokePartyUtility::Cleanup(),0,3515844,.text,FUNCTION,RETAIL_ORIGINAL_SYMBOL
|static|,static.crs,named,3296,_ZN9NetAppLib2UI21NetAppPokeparaUtility8OnUpdateEv,NetAppLib::UI::NetAppPokeparaUtility::OnUpdate(),0,3516088,.text,FUNCTION,RETAIL_ORIGINAL_SYMBOL
|static|,static.crs,named,3297,_ZN9NetAppLib2UI22NetAppPokePartyUtilityD1Ev,NetAppLib::UI::NetAppPokePartyUtility::~NetAppPokePartyUtility(),0,3516296,.text,FUNCTION,RETAIL_ORIGINAL_SYMBOL
|static|,static.crs,named,3298,_ZN9NetAppLib2UI22NetAppPokePartyUtility12SetPokePartyEjPKN3pml9PokePartyE,"NetAppLib::UI::NetAppPokePartyUtility::SetPokeParty(unsigned int, pml::PokeParty const*)",0,3516424,.text,FUNCTION,RETAIL_ORIGINAL_SYMBOL
|static|,static.crs,named,3299,_ZN9NetAppLib2UI22NetAppPokePartyUtility22RegisterStatusResourceEjjRKNS0_21NetAppPokeparaUtility12RegisterInfoE,"NetAppLib::UI::NetAppPokePartyUtility::RegisterStatusResource(unsigned int, unsigned int, NetAppLib::UI::NetAppPokeparaUtility::RegisterInfo const&)",0,3516516,.text,FUNCTION,RETAIL_ORIGINAL_SYMBOL
|static|,static.crs,named,3300,_ZN9NetAppLib2UI22NetAppPokePartyUtilityC1EPNS_6System19ApplicationWorkBaseE,NetAppLib::UI::NetAppPokePartyUtility::NetAppPokePartyUtility(NetAppLib::System::ApplicationWorkBase*),0,3516552,.text,FUNCTION,RETAIL_ORIGINAL_SYMBOL
|static|,static.crs,named,3301,_ZN9NetAppLib2UI25NetAppRegulationUpperView21SetRegulationDrawInfoEPNS0_18RegulationDrawInfoEN6NetApp16RegulationSelect8BootModeE,"NetAppLib::UI::NetAppRegulationUpperView::SetRegulationDrawInfo(NetAppLib::UI::RegulationDrawInfo*, NetApp::RegulationSelect::BootMode)",0,3516736,.text,FUNCTION,RETAIL_ORIGINAL_SYMBOL
|static|,static.crs,named,3302,_ZN9NetAppLib2UI25NetAppRegulationUpperView23ResetRegulationDrawInfoEv,NetAppLib::UI::NetAppRegulationUpperView::ResetRegulationDrawInfo(),0,3518180,.text,FUNCTION,RETAIL_ORIGINAL_SYMBOL
|static|,static.crs,named,3303,_ZN9NetAppLib2UI25NetAppRegulationUpperViewC1EPN3app4util4HeapEPNS3_19AppRenderingManagerEPv,"NetAppLib::UI::NetAppRegulationUpperView::NetAppRegulationUpperView(app::util::Heap*, app::util::AppRenderingManager*, void*)",0,3518248,.text,FUNCTION,RETAIL_ORIGINAL_SYMBOL
|static|,static.crs,named,3304,_ZN9NetAppLib2UI25NetAppRegulationUpperViewC1EPNS_6System19ApplicationWorkBaseEiPNS_7Message14MessageUtilityE,"NetAppLib::UI::NetAppRegulationUpperView::NetAppRegulationUpperView(NetAppLib::System::ApplicationWorkBase*, int, NetAppLib::Message::MessageUtility*)",0,3518484,.text,FUNCTION,RETAIL_ORIGINAL_SYMBOL
|static|,static.crs,named,3305,_ZN9NetAppLib2UI25NetAppRegulationUpperViewD1Ev,NetAppLib::UI::NetAppRegulationUpperView::~NetAppRegulationUpperView(),0,3518624,.text,FUNCTION,RETAIL_ORIGINAL_SYMBOL
|static|,static.crs,named,3306,_ZN9NetAppLib2UI36NetAppCommonMessageWindowManipulatorC1Ev,NetAppLib::UI::NetAppCommonMessageWindowManipulator::NetAppCommonMessageWindowManipulator(),0,3518628,.text,FUNCTION,RETAIL_ORIGINAL_SYMBOL
|static|,static.crs,named,3307,_ZN9NetAppLib4Util11BossUtility12GetRegionURLEv,NetAppLib::Util::BossUtility::GetRegionURL(),0,3518668,.text,FUNCTION,RETAIL_ORIGINAL_SYMBOL
|static|,static.crs,named,3308,_ZN9NetAppLib4Util11BossUtility14GetSerialIdMaxENS1_13BOSS_APP_TYPEE,NetAppLib::Util::BossUtility::GetSerialIdMax(NetAppLib::Util::BossUtility::BOSS_APP_TYPE),0,3518692,.text,FUNCTION,RETAIL_ORIGINAL_SYMBOL
|static|,static.crs,named,3309,_ZN9NetAppLib4Util11BossUtility14GetSerialIdMinENS1_13BOSS_APP_TYPEE,NetAppLib::Util::BossUtility::GetSerialIdMin(NetAppLib::Util::BossUtility::BOSS_APP_TYPE),0,3518732,.text,FUNCTION,RETAIL_ORIGINAL_SYMBOL
|static|,static.crs,named,3310,_ZN9NetAppLib4Util11BossUtility22CreateXYBossAttribute1ENS1_13BOSS_APP_TYPEEPc,"NetAppLib::Util::BossUtility::CreateXYBossAttribute1(NetAppLib::Util::BossUtility::BOSS_APP_TYPE, char*)",0,3518756,.text,FUNCTION,RETAIL_ORIGINAL_SYMBOL
|static|,static.crs,named,3311,_ZN9NetAppLib4Util11BossUtility25GetFreeRagulationFileNameEv,NetAppLib::Util::BossUtility::GetFreeRagulationFileName(),0,3519204,.text,FUNCTION,RETAIL_ORIGINAL_SYMBOL
|static|,static.crs,named,3312,_ZN9NetAppLib4Util11BossUtility25GetRateRegulationFileNameEv,NetAppLib::Util::BossUtility::GetRateRegulationFileName(),0,3519220,.text,FUNCTION,RETAIL_ORIGINAL_SYMBOL
|static|,static.crs,named,3313,_ZN9NetAppLib4Util11BossUtility27GetGlobalAttractionFileNameEv,NetAppLib::Util::BossUtility::GetGlobalAttractionFileName(),0,3519236,.text,FUNCTION,RETAIL_ORIGINAL_SYMBOL
|static|,static.crs,named,3314,_ZN9NetAppLib4Util13NetAppTimeout12TimeOutStartEj,NetAppLib::Util::NetAppTimeout::TimeOutStart(unsigned int),0,3519252,.text,FUNCTION,RETAIL_ORIGINAL_SYMBOL
|static|,static.crs,named,3315,_ZN9NetAppLib4Util13NetAppTimeout6ResumeEv,NetAppLib::Util::NetAppTimeout::Resume(),0,3519388,.text,FUNCTION,RETAIL_ORIGINAL_SYMBOL
|static|,static.crs,named,3316,_ZN9NetAppLib4Util13NetAppTimeout7SuspendEv,NetAppLib::Util::NetAppTimeout::Suspend(),0,3519512,.text,FUNCTION,RETAIL_ORIGINAL_SYMBOL
|static|,static.crs,named,3317,_ZN9NetAppLib4Util13NetAppTimeout9IsTimeOutEPj,NetAppLib::Util::NetAppTimeout::IsTimeOut(unsigned int*),0,3519592,.text,FUNCTION,RETAIL_ORIGINAL_SYMBOL
|static|,static.crs,named,3318,_ZN9NetAppLib4Util13NetAppTimeoutC1Ev,NetAppLib::Util::NetAppTimeout::NetAppTimeout(),0,3519852,.text,FUNCTION,RETAIL_ORIGINAL_SYMBOL
|static|,static.crs,named,3319,_ZN9NetAppLib4Util13NetAppTimeoutD1Ev,NetAppLib::Util::NetAppTimeout::~NetAppTimeout(),0,3519956,.text,FUNCTION,RETAIL_ORIGINAL_SYMBOL
|static|,static.crs,named,3320,_ZN9NetAppLib4Util14NetAppDateTime7GetTimeEv,NetAppLib::Util::NetAppDateTime::GetTime(),0,3519992,.text,FUNCTION,RETAIL_ORIGINAL_SYMBOL
|static|,static.crs,named,3321,_ZN9NetAppLib4Util14NetAppDateTimeC1Ethhhh,"NetAppLib::Util::NetAppDateTime::NetAppDateTime(unsigned short, unsigned char, unsigned char, unsigned char, unsigned char)",0,3520076,.text,FUNCTION,RETAIL_ORIGINAL_SYMBOL
|static|,static.crs,named,3322,_ZN9NetAppLib4Util14NetAppDateTimeC1Ev,NetAppLib::Util::NetAppDateTime::NetAppDateTime(),0,3520128,.text,FUNCTION,RETAIL_ORIGINAL_SYMBOL
|static|,static.crs,named,3323,_ZN9NetAppLib4Util14NetAppDateTimeD1Ev,NetAppLib::Util::NetAppDateTime::~NetAppDateTime(),0,3520172,.text,FUNCTION,RETAIL_ORIGINAL_SYMBOL
|static|,static.crs,named,3324,_ZN9NetAppLib4Util14NetAppDateTimeaSERKS1_,NetAppLib::Util::NetAppDateTime::operator=(NetAppLib::Util::NetAppDateTime const&),0,3520176,.text,FUNCTION,RETAIL_ORIGINAL_SYMBOL
|static|,static.crs,named,3325,_ZN9NetAppLib4Util14NetAppEffectBG14PushClearColorEffff,"NetAppLib::Util::NetAppEffectBG::PushClearColor(float, float, float, float)",0,3520220,.text,FUNCTION,RETAIL_ORIGINAL_SYMBOL
|static|,static.crs,named,3326,_ZN9NetAppLib4Util14NetAppEffectBG14SetLowerCameraEffffffffffff,"NetAppLib::Util::NetAppEffectBG::SetLowerCamera(float, float, float, float, float, float, float, float, float, float, float, float)",0,3520452,.text,FUNCTION,RETAIL_ORIGINAL_SYMBOL
|static|,static.crs,named,3327,_ZN9NetAppLib4Util14NetAppEffectBG14SetUpperCameraEffffffffffff,"NetAppLib::Util::NetAppEffectBG::SetUpperCamera(float, float, float, float, float, float, float, float, float, float, float, float)",0,3520628,.text,FUNCTION,RETAIL_ORIGINAL_SYMBOL
|static|,static.crs,named,3328,_ZN9NetAppLib4Util14NetAppEffectBG5SetupEPNS_6System19ApplicationWorkBaseEPjj,"NetAppLib::Util::NetAppEffectBG::Setup(NetAppLib::System::ApplicationWorkBase*, unsigned int*, unsigned int)",0,3520804,.text,FUNCTION,RETAIL_ORIGINAL_SYMBOL
|static|,static.crs,named,3329,_ZN9NetAppLib4Util14NetAppEffectBG5SetupEPNS_6System19ApplicationWorkBaseEPjjS5_jS5_j,"NetAppLib::Util::NetAppEffectBG::Setup(NetAppLib::System::ApplicationWorkBase*, unsigned int*, unsigned int, unsigned int*, unsigned int, unsigned int*, unsigned int)",0,3521588,.text,FUNCTION,RETAIL_ORIGINAL_SYMBOL
|static|,static.crs,named,3330,_ZN9NetAppLib4Util14NetAppEffectBGC1Ev,NetAppLib::Util::NetAppEffectBG::NetAppEffectBG(),0,3522648,.text,FUNCTION,RETAIL_ORIGINAL_SYMBOL
|static|,static.crs,named,3331,_ZN9NetAppLib4Util14NetAppEffectBGD1Ev,NetAppLib::Util::NetAppEffectBG::~NetAppEffectBG(),0,3522792,.text,FUNCTION,RETAIL_ORIGINAL_SYMBOL
|static|,static.crs,named,3332,_ZN9NetAppLib4Util18NetAppEntryChecker17CheckTradePenaltyEv,NetAppLib::Util::NetAppEntryChecker::CheckTradePenalty(),0,3522864,.text,FUNCTION,RETAIL_ORIGINAL_SYMBOL
|static|,static.crs,named,3333,_ZN9NetAppLib4Util18NetAppEntryChecker24CheckFreeSpaceForGtsPlayEPN4gfl24heap11CtrHeapBaseE,NetAppLib::Util::NetAppEntryChecker::CheckFreeSpaceForGtsPlay(gfl2::heap::CtrHeapBase*),0,3522912,.text,FUNCTION,RETAIL_ORIGINAL_SYMBOL
|static|,static.crs,named,3334,_ZN9NetAppLib4Util18NetAppEntryChecker25CheckPokemonCountForTradeEPN4gfl24heap11CtrHeapBaseE,NetAppLib::Util::NetAppEntryChecker::CheckPokemonCountForTrade(gfl2::heap::CtrHeapBase*),0,3523036,.text,FUNCTION,RETAIL_ORIGINAL_SYMBOL
|static|,static.crs,named,3335,_ZN9NetAppLib4Util18NetAppEntryChecker27CheckPokemonCountForGtsPlayEPN4gfl24heap11CtrHeapBaseE,NetAppLib::Util::NetAppEntryChecker::CheckPokemonCountForGtsPlay(gfl2::heap::CtrHeapBase*),0,3523132,.text,FUNCTION,RETAIL_ORIGINAL_SYMBOL
|static|,static.crs,named,3336,_ZN9NetAppLib4Util18NetAppEntryChecker32CheckPokemonCountForDoubleBattleEPN4gfl24heap11CtrHeapBaseE,NetAppLib::Util::NetAppEntryChecker::CheckPokemonCountForDoubleBattle(gfl2::heap::CtrHeapBase*),0,3523256,.text,FUNCTION,RETAIL_ORIGINAL_SYMBOL
|static|,static.crs,named,3337,_ZN9NetAppLib4Util22NetAppPokeModelUtility13ClearHandlersEv,NetAppLib::Util::NetAppPokeModelUtility::ClearHandlers(),0,3523352,.text,FUNCTION,RETAIL_ORIGINAL_SYMBOL
|static|,static.crs,named,3338,_ZN9NetAppLib4Util22NetAppPokeModelUtility14CleanupRequestEv,NetAppLib::Util::NetAppPokeModelUtility::CleanupRequest(),0,3523448,.text,FUNCTION,RETAIL_ORIGINAL_SYMBOL
|static|,static.crs,named,3339,_ZN9NetAppLib4Util22NetAppPokeModelUtility14ReleaseRequestEj,NetAppLib::Util::NetAppPokeModelUtility::ReleaseRequest(unsigned int),0,3523460,.text,FUNCTION,RETAIL_ORIGINAL_SYMBOL
|static|,static.crs,named,3340,_ZN9NetAppLib4Util22NetAppPokeModelUtility14SetShaderColorEjRKN4gfl23gfx5ColorE,"NetAppLib::Util::NetAppPokeModelUtility::SetShaderColor(unsigned int, gfl2::gfx::Color const&)",0,3523564,.text,FUNCTION,RETAIL_ORIGINAL_SYMBOL
|static|,static.crs,named,3341,_ZN9NetAppLib4Util22NetAppPokeModelUtility15SetEventHandlerEjPNS1_13IEventHandlerE,"NetAppLib::Util::NetAppPokeModelUtility::SetEventHandler(unsigned int, NetAppLib::Util::NetAppPokeModelUtility::IEventHandler*)",0,3523672,.text,FUNCTION,RETAIL_ORIGINAL_SYMBOL
|static|,static.crs,named,3342,_ZN9NetAppLib4Util22NetAppPokeModelUtility16SetFramePositionEPKN2nw3lyt4PaneEb,"NetAppLib::Util::NetAppPokeModelUtility::SetFramePosition(nw::lyt::Pane const*, bool)",0,3524536,.text,FUNCTION,RETAIL_ORIGINAL_SYMBOL
|static|,static.crs,named,3343,_ZN9NetAppLib4Util22NetAppPokeModelUtility16SetFramePositionEiiii,"NetAppLib::Util::NetAppPokeModelUtility::SetFramePosition(int, int, int, int)",0,3524692,.text,FUNCTION,RETAIL_ORIGINAL_SYMBOL
|static|,static.crs,named,3344,_ZN9NetAppLib4Util22NetAppPokeModelUtility21SetVisibility_InFrameEjb,"NetAppLib::Util::NetAppPokeModelUtility::SetVisibility_InFrame(unsigned int, bool)",0,3524720,.text,FUNCTION,RETAIL_ORIGINAL_SYMBOL
|static|,static.crs,named,3345,_ZN9NetAppLib4Util22NetAppPokeModelUtility5SetupEjPKNS1_12InFrameParamEj,"NetAppLib::Util::NetAppPokeModelUtility::Setup(unsigned int, NetAppLib::Util::NetAppPokeModelUtility::InFrameParam const*, unsigned int)",0,3524816,.text,FUNCTION,RETAIL_ORIGINAL_SYMBOL
|static|,static.crs,named,3346,_ZN9NetAppLib4Util22NetAppPokeModelUtility9RequestExEN3app4util19AppRenderingManager15RenderPlaceType3TagEjRKN8PokeTool11SimpleParamEj,"NetAppLib::Util::NetAppPokeModelUtility::RequestEx(app::util::AppRenderingManager::RenderPlaceType::Tag, unsigned int, PokeTool::SimpleParam const&, unsigned int)",0,3526084,.text,FUNCTION,RETAIL_ORIGINAL_SYMBOL
|static|,static.crs,named,3347,_ZN9NetAppLib4Util22NetAppPokeModelUtilityC1EPNS_6System19ApplicationWorkBaseE,NetAppLib::Util::NetAppPokeModelUtility::NetAppPokeModelUtility(NetAppLib::System::ApplicationWorkBase*),0,3526196,.text,FUNCTION,RETAIL_ORIGINAL_SYMBOL
|static|,static.crs,named,3348,_ZN9NetAppLib4Util23NetAppCommonSaveUtility4SaveEb,NetAppLib::Util::NetAppCommonSaveUtility::Save(bool),0,3526876,.text,FUNCTION,RETAIL_ORIGINAL_SYMBOL
|static|,static.crs,named,3349,_ZN9NetAppLib4Util23NetAppCommonSaveUtility8SaveWaitEb,NetAppLib::Util::NetAppCommonSaveUtility::SaveWait(bool),0,3527180,.text,FUNCTION,RETAIL_ORIGINAL_SYMBOL
|static|,static.crs,named,3350,_ZN9NetAppLib4Util23NetAppCommonSaveUtilityC1Ev,NetAppLib::Util::NetAppCommonSaveUtility::NetAppCommonSaveUtility(),0,3527528,.text,FUNCTION,RETAIL_ORIGINAL_SYMBOL
|static|,static.crs,named,3351,_ZN9NetAppLib4Util23NetAppCommonSaveUtilityD1Ev,NetAppLib::Util::NetAppCommonSaveUtility::~NetAppCommonSaveUtility(),0,3527588,.text,FUNCTION,RETAIL_ORIGINAL_SYMBOL
|static|,static.crs,named,3352,_ZN9NetAppLib4Util23NetAppLatinumStringTool27CompareBufferNoCaseNoAccentEPKN4gfl23str6StrBufES6_,"NetAppLib::Util::NetAppLatinumStringTool::CompareBufferNoCaseNoAccent(gfl2::str::StrBuf const*, gfl2::str::StrBuf const*)",0,3527936,.text,FUNCTION,RETAIL_ORIGINAL_SYMBOL
|static|,static.crs,named,3353,_ZN9NetAppLib4Util24NetAppCommonTradeUtility14UpdateSaveDataEPN4gfl24heap11CtrHeapBaseENS0_7TradeIDEbjjPN3pml8pokepara9CoreParamESA_RbRN3app5event23ZukanRegisterEventParamESB_RN8NetEvent9Evolution19EvolutionEventParamE,"NetAppLib::Util::NetAppCommonTradeUtility::UpdateSaveData(gfl2::heap::CtrHeapBase*, NetAppLib::Util::TradeID, bool, unsigned int, unsigned int, pml::pokepara::CoreParam*, pml::pokepara::CoreParam*, bool&, app::event::ZukanRegisterEventParam&, bool&, NetEvent::Evolution::EvolutionEventParam&)",0,3528128,.text,FUNCTION,RETAIL_ORIGINAL_SYMBOL
|static|,static.crs,named,3354,_ZN9NetAppLib4Util24NetAppTrainerIconUtility17SetIconObjectDataEjRKN3app4tool27AppToolTrainerIconRendering16ICON_OBJECT_DATAEb,"NetAppLib::Util::NetAppTrainerIconUtility::SetIconObjectData(unsigned int, app::tool::AppToolTrainerIconRendering::ICON_OBJECT_DATA const&, bool)",0,3529684,.text,FUNCTION,RETAIL_ORIGINAL_SYMBOL
|static|,static.crs,named,3355,_ZN9NetAppLib4Util24NetAppTrainerIconUtility19IsEndIconObjectDataEj,NetAppLib::Util::NetAppTrainerIconUtility::IsEndIconObjectData(unsigned int),0,3529756,.text,FUNCTION,RETAIL_ORIGINAL_SYMBOL
|static|,static.crs,named,3356,_ZN9NetAppLib4Util24NetAppTrainerIconUtility6UpdateEv,NetAppLib::Util::NetAppTrainerIconUtility::Update(),0,3530160,.text,FUNCTION,RETAIL_ORIGINAL_SYMBOL
|static|,static.crs,named,3357,_ZN9NetAppLib4Util24NetAppTrainerIconUtility8IsDeleteEv,NetAppLib::Util::NetAppTrainerIconUtility::IsDelete(),0,3530224,.text,FUNCTION,RETAIL_ORIGINAL_SYMBOL
|static|,static.crs,named,3358,_ZN9NetAppLib4Util30NetAppPokemonValidationUtility10CanDestroyEv,NetAppLib::Util::NetAppPokemonValidationUtility::CanDestroy(),0,3530668,.text,FUNCTION,RETAIL_ORIGINAL_SYMBOL
|static|,static.crs,named,3359,_ZN9NetAppLib4Util30NetAppPokemonValidationUtility12GetSignatureEv,NetAppLib::Util::NetAppPokemonValidationUtility::GetSignature(),0,3530724,.text,FUNCTION,RETAIL_ORIGINAL_SYMBOL
|static|,static.crs,named,3360,_ZN9NetAppLib4Util30NetAppPokemonValidationUtility15VerifySignatureERbN6NetLib10Validation17PokemonValidation8GameModeEPhjPKN3pml8pokepara9CoreParamEj,"NetAppLib::Util::NetAppPokemonValidationUtility::VerifySignature(bool&, NetLib::Validation::PokemonValidation::GameMode, unsigned char*, unsigned int, pml::pokepara::CoreParam const*, unsigned int)",0,3530732,.text,FUNCTION,RETAIL_ORIGINAL_SYMBOL
|static|,static.crs,named,3361,_ZN9NetAppLib4Util30NetAppPokemonValidationUtility16GetSignatureSizeEv,NetAppLib::Util::NetAppPokemonValidationUtility::GetSignatureSize(),0,3531132,.text,FUNCTION,RETAIL_ORIGINAL_SYMBOL
|static|,static.crs,named,3362,_ZN9NetAppLib4Util30NetAppPokemonValidationUtility6VerifyEN6NetLib10Validation17PokemonValidation8GameModeEPKN3pml8pokepara9CoreParamEj,"NetAppLib::Util::NetAppPokemonValidationUtility::Verify(NetLib::Validation::PokemonValidation::GameMode, pml::pokepara::CoreParam const*, unsigned int)",0,3531488,.text,FUNCTION,RETAIL_ORIGINAL_SYMBOL
|static|,static.crs,named,3363,_ZN9NetAppLib4Util30NetAppPokemonValidationUtility6VerifyEN6NetLib10Validation17PokemonValidation8GameModeEPKN6NetApp3GTS12GtsIndexDataEPKN3pml8pokepara9CoreParamE,"NetAppLib::Util::NetAppPokemonValidationUtility::Verify(NetLib::Validation::PokemonValidation::GameMode, NetApp::GTS::GtsIndexData const*, pml::pokepara::CoreParam const*)",0,3531512,.text,FUNCTION,RETAIL_ORIGINAL_SYMBOL
|static|,static.crs,named,3364,_ZN9NetAppLib4Util30NetAppPokemonValidationUtilityC1EPN4gfl24heap11CtrHeapBaseE,NetAppLib::Util::NetAppPokemonValidationUtility::NetAppPokemonValidationUtility(gfl2::heap::CtrHeapBase*),0,3532008,.text,FUNCTION,RETAIL_ORIGINAL_SYMBOL
|static|,static.crs,named,3365,_ZN9NetAppLib4Util8PackFile11GetFileSizeEj,NetAppLib::Util::PackFile::GetFileSize(unsigned int),0,3532216,.text,FUNCTION,RETAIL_ORIGINAL_SYMBOL
|static|,static.crs,named,3366,_ZN9NetAppLib4Util8PackFile12GetFileCountEv,NetAppLib::Util::PackFile::GetFileCount(),0,3532324,.text,FUNCTION,RETAIL_ORIGINAL_SYMBOL
|static|,static.crs,named,3367,_ZN9NetAppLib4Util8PackFile13GetFileBufferEj,NetAppLib::Util::PackFile::GetFileBuffer(unsigned int),0,3532388,.text,FUNCTION,RETAIL_ORIGINAL_SYMBOL
|static|,static.crs,named,3368,_ZN9NetAppLib4Util8PackFile26IsBrokenRegulationPackFileEjjj,"NetAppLib::Util::PackFile::IsBrokenRegulationPackFile(unsigned int, unsigned int, unsigned int)",0,3532500,.text,FUNCTION,RETAIL_ORIGINAL_SYMBOL
|static|,static.crs,named,3369,_ZN9NetAppLib4Util8PackFileC1EPKh,NetAppLib::Util::PackFile::PackFile(unsigned char const*),0,3532724,.text,FUNCTION,RETAIL_ORIGINAL_SYMBOL
|static|,static.crs,named,3370,_ZN9NetAppLib4Util8PackFileD1Ev,NetAppLib::Util::PackFile::~PackFile(),0,3532760,.text,FUNCTION,RETAIL_ORIGINAL_SYMBOL
|static|,static.crs,named,3371,_ZN9NetAppLib6System15NetAppFrameBase10UpdateFuncEv,NetAppLib::System::NetAppFrameBase::UpdateFunc(),0,3532764,.text,FUNCTION,RETAIL_ORIGINAL_SYMBOL
|static|,static.crs,named,3372,_ZN9NetAppLib6System15NetAppFrameBase10UpdateSaveEv,NetAppLib::System::NetAppFrameBase::UpdateSave(),0,3532924,.text,FUNCTION,RETAIL_ORIGINAL_SYMBOL
|static|,static.crs,named,3373,_ZN9NetAppLib6System15NetAppFrameBase7EndFuncEv,NetAppLib::System::NetAppFrameBase::EndFunc(),0,3533172,.text,FUNCTION,RETAIL_ORIGINAL_SYMBOL
|static|,static.crs,named,3374,_ZN9NetAppLib6System15NetAppFrameBase8DrawFuncEN4gfl23gfx12CtrDisplayNoE,NetAppLib::System::NetAppFrameBase::DrawFunc(gfl2::gfx::CtrDisplayNo),0,3533744,.text,FUNCTION,RETAIL_ORIGINAL_SYMBOL
|static|,static.crs,named,3375,_ZN9NetAppLib6System15NetAppFrameBase8InitFuncEv,NetAppLib::System::NetAppFrameBase::InitFunc(),0,3533748,.text,FUNCTION,RETAIL_ORIGINAL_SYMBOL
|static|,static.crs,named,3376,_ZN9NetAppLib6System15NetAppFrameBase9exitFrameEi,NetAppLib::System::NetAppFrameBase::exitFrame(int),0,3534008,.text,FUNCTION,RETAIL_ORIGINAL_SYMBOL
|static|,static.crs,named,3377,_ZN9NetAppLib6System15NetAppFrameBaseC1EPNS0_19ApplicationWorkBaseE,NetAppLib::System::NetAppFrameBase::NetAppFrameBase(NetAppLib::System::ApplicationWorkBase*),0,3534048,.text,FUNCTION,RETAIL_ORIGINAL_SYMBOL
|static|,static.crs,named,3378,_ZN9NetAppLib6System15NetAppFrameBaseD1Ev,NetAppLib::System::NetAppFrameBase::~NetAppFrameBase(),0,3534156,.text,FUNCTION,RETAIL_ORIGINAL_SYMBOL
|static|,static.crs,named,3379,_ZN9NetAppLib6System15ResourceManager14AddLoadRequestEijjbbN4gfl22fs10ToolDefine11ArcLangType3TagE,"NetAppLib::System::ResourceManager::AddLoadRequest(int, unsigned int, unsigned int, bool, bool, gfl2::fs::ToolDefine::ArcLangType::Tag)",0,3534188,.text,FUNCTION,RETAIL_ORIGINAL_SYMBOL
|static|,static.crs,named,3380,_ZN9NetAppLib6System15ResourceManager15FontLoadRequestENS1_8FontTypeE,NetAppLib::System::ResourceManager::FontLoadRequest(NetAppLib::System::ResourceManager::FontType),0,3534600,.text,FUNCTION,RETAIL_ORIGINAL_SYMBOL
|static|,static.crs,named,3381,_ZN9NetAppLib6System15ResourceManager15GetResourceSizeEi,NetAppLib::System::ResourceManager::GetResourceSize(int),0,3534624,.text,FUNCTION,RETAIL_ORIGINAL_SYMBOL
|static|,static.crs,named,3382,_ZN9NetAppLib6System15ResourceManager17GetResourceBufferEi,NetAppLib::System::ResourceManager::GetResourceBuffer(int),0,3534688,.text,FUNCTION,RETAIL_ORIGINAL_SYMBOL
|static|,static.crs,named,3383,_ZN9NetAppLib6System15ResourceManager17GetResourceBufferEjj,"NetAppLib::System::ResourceManager::GetResourceBuffer(unsigned int, unsigned int)",0,3534752,.text,FUNCTION,RETAIL_ORIGINAL_SYMBOL
|static|,static.crs,named,3384,_ZN9NetAppLib6System19ApplicationWorkBaseC1Eijj,"NetAppLib::System::ApplicationWorkBase::ApplicationWorkBase(int, unsigned int, unsigned int)",0,3536224,.text,FUNCTION,RETAIL_ORIGINAL_SYMBOL
|static|,static.crs,named,3385,_ZN9NetAppLib6System19ApplicationWorkBaseC1Ejj,"NetAppLib::System::ApplicationWorkBase::ApplicationWorkBase(unsigned int, unsigned int)",0,3536324,.text,FUNCTION,RETAIL_ORIGINAL_SYMBOL
|static|,static.crs,named,3386,_ZN9NetAppLib6System19ApplicationWorkBaseD1Ev,NetAppLib::System::ApplicationWorkBase::~ApplicationWorkBase(),0,3536596,.text,FUNCTION,RETAIL_ORIGINAL_SYMBOL
|static|,static.crs,named,3387,_ZN9NetAppLib6System21ApplicationSystemBase17NonUseFadeRequestEv,NetAppLib::System::ApplicationSystemBase::NonUseFadeRequest(),0,3538900,.text,FUNCTION,RETAIL_ORIGINAL_SYMBOL
|static|,static.crs,named,3388,_ZN9NetAppLib6System21ApplicationSystemBase3EndEv,NetAppLib::System::ApplicationSystemBase::End(),0,3538932,.text,FUNCTION,RETAIL_ORIGINAL_SYMBOL
|static|,static.crs,named,3389,_ZN9NetAppLib6System21ApplicationSystemBase4DrawEN4gfl23gfx12CtrDisplayNoE,NetAppLib::System::ApplicationSystemBase::Draw(gfl2::gfx::CtrDisplayNo),0,3539456,.text,FUNCTION,RETAIL_ORIGINAL_SYMBOL
|static|,static.crs,named,3390,_ZN9NetAppLib6System21ApplicationSystemBase5BuildEPNS0_25IApplicationSystemBuilderE,NetAppLib::System::ApplicationSystemBase::Build(NetAppLib::System::IApplicationSystemBuilder*),0,3539576,.text,FUNCTION,RETAIL_ORIGINAL_SYMBOL
|static|,static.crs,named,3391,_ZN9NetAppLib6System21ApplicationSystemBase6ResumeEv,NetAppLib::System::ApplicationSystemBase::Resume(),0,3540860,.text,FUNCTION,RETAIL_ORIGINAL_SYMBOL
|static|,static.crs,named,3392,_ZN9NetAppLib6System21ApplicationSystemBase6UpdateEv,NetAppLib::System::ApplicationSystemBase::Update(),0,3540912,.text,FUNCTION,RETAIL_ORIGINAL_SYMBOL
|static|,static.crs,named,3393,_ZN9NetAppLib6System21ApplicationSystemBase7DestroyEv,NetAppLib::System::ApplicationSystemBase::Destroy(),0,3541328,.text,FUNCTION,RETAIL_ORIGINAL_SYMBOL
|static|,static.crs,named,3394,_ZN9NetAppLib6System21ApplicationSystemBase7LoadingEv,NetAppLib::System::ApplicationSystemBase::Loading(),0,3541692,.text,FUNCTION,RETAIL_ORIGINAL_SYMBOL
|static|,static.crs,named,3395,_ZN9NetAppLib6System21ApplicationSystemBase7PreDrawEv,NetAppLib::System::ApplicationSystemBase::PreDraw(),0,3542404,.text,FUNCTION,RETAIL_ORIGINAL_SYMBOL
|static|,static.crs,named,3396,_ZN9NetAppLib6System21ApplicationSystemBase7SuspendEv,NetAppLib::System::ApplicationSystemBase::Suspend(),0,3542468,.text,FUNCTION,RETAIL_ORIGINAL_SYMBOL
|static|,static.crs,named,3397,_ZN9NetAppLib6System21ApplicationSystemBaseC1Ev,NetAppLib::System::ApplicationSystemBase::ApplicationSystemBase(),0,3542536,.text,FUNCTION,RETAIL_ORIGINAL_SYMBOL
|static|,static.crs,named,3398,_ZN9NetAppLib6System21ApplicationSystemBaseD1Ev,NetAppLib::System::ApplicationSystemBase::~ApplicationSystemBase(),0,3542712,.text,FUNCTION,RETAIL_ORIGINAL_SYMBOL
|static|,static.crs,named,3399,_ZN9NetAppLib6System22NetApplicationViewBase11setupLayoutEjj,"NetAppLib::System::NetApplicationViewBase::setupLayout(unsigned int, unsigned int)",0,3542772,.text,FUNCTION,RETAIL_ORIGINAL_SYMBOL
|static|,static.crs,named,3400,_ZN9NetAppLib6System22NetApplicationViewBase17Create2DOneLayoutEPNS0_19ApplicationWorkBaseEijjN3app4util7G2DUtil18SETUP_DISPLAY_TYPEEPNS_7Message14MessageUtilityEj,"NetAppLib::System::NetApplicationViewBase::Create2DOneLayout(NetAppLib::System::ApplicationWorkBase*, int, unsigned int, unsigned int, app::util::G2DUtil::SETUP_DISPLAY_TYPE, NetAppLib::Message::MessageUtility*, unsigned int)",0,3542864,.text,FUNCTION,RETAIL_ORIGINAL_SYMBOL
|static|,static.crs,named,3401,_ZN9NetAppLib6System22NetApplicationViewBaseC2EPN3app4util4HeapE,NetAppLib::System::NetApplicationViewBase::NetApplicationViewBase(app::util::Heap*),0,3543088,.text,FUNCTION,RETAIL_ORIGINAL_SYMBOL
|static|,static.crs,named,3402,_ZN9NetAppLib6System22NetApplicationViewBaseC2EPNS0_19ApplicationWorkBaseEijjN3app4util7G2DUtil18SETUP_DISPLAY_TYPEEPNS_7Message14MessageUtilityEj,"NetAppLib::System::NetApplicationViewBase::NetApplicationViewBase(NetAppLib::System::ApplicationWorkBase*, int, unsigned int, unsigned int, app::util::G2DUtil::SETUP_DISPLAY_TYPE, NetAppLib::Message::MessageUtility*, unsigned int)",0,3543156,.text,FUNCTION,RETAIL_ORIGINAL_SYMBOL
|static|,static.crs,named,3403,_ZN9NetAppLib6System22NetApplicationViewBaseD2Ev,NetAppLib::System::NetApplicationViewBase::~NetApplicationViewBase(),0,3543512,.text,FUNCTION,RETAIL_ORIGINAL_SYMBOL
|static|,static.crs,named,3404,_ZN9NetAppLib7Message14MessageUtility14LoadFromMemoryEjPKv,"NetAppLib::Message::MessageUtility::LoadFromMemory(unsigned int, void const*)",0,3543560,.text,FUNCTION,RETAIL_ORIGINAL_SYMBOL
|static|,static.crs,named,3405,_ZN9NetAppLib7Message14MessageUtility17GetExpandedStringEjj,"NetAppLib::Message::MessageUtility::GetExpandedString(unsigned int, unsigned int)",0,3543640,.text,FUNCTION,RETAIL_ORIGINAL_SYMBOL
|static|,static.crs,named,3406,_ZN9NetAppLib7Message14MessageUtility7GetDataEj,NetAppLib::Message::MessageUtility::GetData(unsigned int),0,3543808,.text,FUNCTION,RETAIL_ORIGINAL_SYMBOL
|static|,static.crs,named,3407,_ZN9NetAppLib7Message14MessageUtility9GetStringEjj,"NetAppLib::Message::MessageUtility::GetString(unsigned int, unsigned int)",0,3543872,.text,FUNCTION,RETAIL_ORIGINAL_SYMBOL
|static|,static.crs,named,3408,_ZN9NetAppLib7Message14MessageUtilityC1EPN4gfl24heap11CtrHeapBaseEj,"NetAppLib::Message::MessageUtility::MessageUtility(gfl2::heap::CtrHeapBase*, unsigned int)",0,3543988,.text,FUNCTION,RETAIL_ORIGINAL_SYMBOL
|static|,static.crs,named,3409,_ZN9NetAppLib7Message14MessageUtilityC1EPN4gfl24heap11CtrHeapBaseEjjj,"NetAppLib::Message::MessageUtility::MessageUtility(gfl2::heap::CtrHeapBase*, unsigned int, unsigned int, unsigned int)",0,3544204,.text,FUNCTION,RETAIL_ORIGINAL_SYMBOL
|static|,static.crs,named,3410,_ZN9NetAppLib7Message14MessageUtilityD1Ev,NetAppLib::Message::MessageUtility::~MessageUtility(),0,3544452,.text,FUNCTION,RETAIL_ORIGINAL_SYMBOL
|static|,static.crs,named,3411,_ZN9NetAppLib7Message17TelopTagProcessor6UpdateEv,NetAppLib::Message::TelopTagProcessor::Update(),0,3544956,.text,FUNCTION,RETAIL_ORIGINAL_SYMBOL
|static|,static.crs,named,3412,_ZN9NetAppLib8GameSync21GameSyncRequestFacade22AddSaveDataSyncRequestEPNS0_36GameSyncSaveDataSyncResponseListenerEPNS0_14GAMESYNC_PARAME,"NetAppLib::GameSync::GameSyncRequestFacade::AddSaveDataSyncRequest(NetAppLib::GameSync::GameSyncSaveDataSyncResponseListener*, NetAppLib::GameSync::GAMESYNC_PARAM*)",0,3544996,.text,FUNCTION,RETAIL_ORIGINAL_SYMBOL
|static|,static.crs,named,3413,_ZN9NetAppLib8GameSync21GameSyncRequestFacade24AddCreateSaveDataRequestEPNS0_38GameSyncCreateSaveDataResponseListenerEPNS0_14GAMESYNC_PARAME,"NetAppLib::GameSync::GameSyncRequestFacade::AddCreateSaveDataRequest(NetAppLib::GameSync::GameSyncCreateSaveDataResponseListener*, NetAppLib::GameSync::GAMESYNC_PARAM*)",0,3545136,.text,FUNCTION,RETAIL_ORIGINAL_SYMBOL
|static|,static.crs,named,3414,_ZN9NetAppLib8GameSync21GameSyncRequestFacade27AddConfirmPlayStatusRequestEPNS0_41GameSyncConfirmPlayStatusResponseListenerEPNS0_19GETPLAYSTATUS_PARAME,"NetAppLib::GameSync::GameSyncRequestFacade::AddConfirmPlayStatusRequest(NetAppLib::GameSync::GameSyncConfirmPlayStatusResponseListener*, NetAppLib::GameSync::GETPLAYSTATUS_PARAM*)",0,3545272,.text,FUNCTION,RETAIL_ORIGINAL_SYMBOL
|static|,static.crs,named,3415,_ZN9NetAppLib8P2PTrade21P2PTradeRequestClient19AddFinalSyncRequestEv,NetAppLib::P2PTrade::P2PTradeRequestClient::AddFinalSyncRequest(),0,3558272,.text,FUNCTION,RETAIL_ORIGINAL_SYMBOL
|static|,static.crs,named,3416,_ZN9NetAppLib8P2PTrade21P2PTradeRequestClient19AddTradeExitRequestEv,NetAppLib::P2PTrade::P2PTradeRequestClient::AddTradeExitRequest(),0,3558304,.text,FUNCTION,RETAIL_ORIGINAL_SYMBOL
|static|,static.crs,named,3417,_ZN9NetAppLib8P2PTrade21P2PTradeRequestClient19IsFinalTradeSuccessEv,NetAppLib::P2PTrade::P2PTradeRequestClient::IsFinalTradeSuccess(),0,3558356,.text,FUNCTION,RETAIL_ORIGINAL_SYMBOL
|static|,static.crs,named,3418,_ZN9NetAppLib8P2PTrade21P2PTradeRequestClient20AddFinalTradeRequestEv,NetAppLib::P2PTrade::P2PTradeRequestClient::AddFinalTradeRequest(),0,3558388,.text,FUNCTION,RETAIL_ORIGINAL_SYMBOL
|static|,static.crs,named,3419,_ZN9NetAppLib8P2PTrade21P2PTradeRequestClient20AddFirstTradeRequestERKN3pml8pokepara12PokemonParamEhh,"NetAppLib::P2PTrade::P2PTradeRequestClient::AddFirstTradeRequest(pml::pokepara::PokemonParam const&, unsigned char, unsigned char)",0,3558420,.text,FUNCTION,RETAIL_ORIGINAL_SYMBOL
|static|,static.crs,named,3420,_ZN9NetAppLib8P2PTrade21P2PTradeRequestClient20GetLastRecvMessageIDEv,NetAppLib::P2PTrade::P2PTradeRequestClient::GetLastRecvMessageID(),0,3558452,.text,FUNCTION,RETAIL_ORIGINAL_SYMBOL
|static|,static.crs,named,3421,_ZN9NetAppLib8P2PTrade21P2PTradeRequestClient20IsFinalTradeCompleteEv,NetAppLib::P2PTrade::P2PTradeRequestClient::IsFinalTradeComplete(),0,3558488,.text,FUNCTION,RETAIL_ORIGINAL_SYMBOL
|static|,static.crs,named,3422,_ZN9NetAppLib8P2PTrade21P2PTradeRequestClient23AddSendMessageIDRequestENS0_9MessageIDE6MonsNoRKN3pml8pokepara12PokemonParamE,"NetAppLib::P2PTrade::P2PTradeRequestClient::AddSendMessageIDRequest(NetAppLib::P2PTrade::MessageID, MonsNo, pml::pokepara::PokemonParam const&)",0,3558552,.text,FUNCTION,RETAIL_ORIGINAL_SYMBOL
|static|,static.crs,named,3423,_ZN9NetAppLib8P2PTrade21P2PTradeRequestClient23CancelFinalTradeRequestEv,NetAppLib::P2PTrade::P2PTradeRequestClient::CancelFinalTradeRequest(),0,3558608,.text,FUNCTION,RETAIL_ORIGINAL_SYMBOL
|static|,static.crs,named,3424,_ZN9NetAppLib8P2PTrade21P2PTradeRequestClient23CancelFirstTradeRequestEv,NetAppLib::P2PTrade::P2PTradeRequestClient::CancelFirstTradeRequest(),0,3558640,.text,FUNCTION,RETAIL_ORIGINAL_SYMBOL
|static|,static.crs,named,3425,_ZN9NetAppLib8P2PTrade21P2PTradeRequestClient23GetLastRecvPokemonParamEv,NetAppLib::P2PTrade::P2PTradeRequestClient::GetLastRecvPokemonParam(),0,3558672,.text,FUNCTION,RETAIL_ORIGINAL_SYMBOL
|static|,static.crs,named,3426,_ZN9NetAppLib8P2PTrade21P2PTradeRequestClient25AddFinalSyncCancelRequestEv,NetAppLib::P2PTrade::P2PTradeRequestClient::AddFinalSyncCancelRequest(),0,3558680,.text,FUNCTION,RETAIL_ORIGINAL_SYMBOL
|static|,static.crs,named,3427,_ZN9NetAppLib8P2PTrade21P2PTradeRequestClient25AddSendTradeCancelRequestEv,NetAppLib::P2PTrade::P2PTradeRequestClient::AddSendTradeCancelRequest(),0,3558712,.text,FUNCTION,RETAIL_ORIGINAL_SYMBOL
|static|,static.crs,named,3428,_ZN9NetAppLib8P2PTrade21P2PTradeRequestClient26AddSendPokemonParamRequestERKN3pml8pokepara12PokemonParamE,NetAppLib::P2PTrade::P2PTradeRequestClient::AddSendPokemonParamRequest(pml::pokepara::PokemonParam const&),0,3558744,.text,FUNCTION,RETAIL_ORIGINAL_SYMBOL
|static|,static.crs,named,3429,_ZN9NetAppLib8P2PTrade21P2PTradeRequestClient27SetP2PTradeResponseListenerEPNS0_24P2PTradeResponseListenerE,NetAppLib::P2PTrade::P2PTradeRequestClient::SetP2PTradeResponseListener(NetAppLib::P2PTrade::P2PTradeResponseListener*),0,3558796,.text,FUNCTION,RETAIL_ORIGINAL_SYMBOL
|static|,static.crs,named,3430,_ZN9NetAppLib8P2PTrade21P2PTradeRequestClient29GetLastRecvPokemonParamBufferEv,NetAppLib::P2PTrade::P2PTradeRequestClient::GetLastRecvPokemonParamBuffer(),0,3558804,.text,FUNCTION,RETAIL_ORIGINAL_SYMBOL
|static|,static.crs,named,3431,_ZN9NetAppLib8P2PTrade21P2PTradeRequestClient30RemoveP2PTradeResponseListenerEv,NetAppLib::P2PTrade::P2PTradeRequestClient::RemoveP2PTradeResponseListener(),0,3558816,.text,FUNCTION,RETAIL_ORIGINAL_SYMBOL
|static|,static.crs,named,3432,_ZN9NetAppLib9JoinFesta19JoinFestaPacketUtil15IsSameFriendKeyERK18nnfriendsFriendKeyS4_,"NetAppLib::JoinFesta::JoinFestaPacketUtil::IsSameFriendKey(nnfriendsFriendKey const&, nnfriendsFriendKey const&)",0,3562880,.text,FUNCTION,RETAIL_ORIGINAL_SYMBOL
|static|,static.crs,named,3433,_ZN9NetAppLib9JoinFesta19JoinFestaPacketUtil16IsValidFriendKeyERK18nnfriendsFriendKey,NetAppLib::JoinFesta::JoinFestaPacketUtil::IsValidFriendKey(nnfriendsFriendKey const&),0,3562960,.text,FUNCTION,RETAIL_ORIGINAL_SYMBOL
|static|,static.crs,named,3434,_ZN9NetAppLib9JoinFesta19JoinFestaPacketUtil25CheckAttractionJoinEnableEPNS0_21JoinFestaPersonalDataE,NetAppLib::JoinFesta::JoinFestaPacketUtil::CheckAttractionJoinEnable(NetAppLib::JoinFesta::JoinFestaPersonalData*),0,3563300,.text,FUNCTION,RETAIL_ORIGINAL_SYMBOL
|static|,static.crs,named,3435,_ZN9NetAppLib9JoinFesta19JoinFestaPacketUtil30SetOfflineJoinFestaPersonalAllEv,NetAppLib::JoinFesta::JoinFestaPacketUtil::SetOfflineJoinFestaPersonalAll(),0,3563500,.text,FUNCTION,RETAIL_ORIGINAL_SYMBOL
|static|,static.crs,named,3436,_ZN9NetAppLib9JoinFesta21JoinFestaPersonalData11SetRelationENS0_15JoinFestaDefine21E_JOIN_FESTA_RELATIONE,NetAppLib::JoinFesta::JoinFestaPersonalData::SetRelation(NetAppLib::JoinFesta::JoinFestaDefine::E_JOIN_FESTA_RELATION),0,3565072,.text,FUNCTION,RETAIL_ORIGINAL_SYMBOL
|static|,static.crs,named,3437,_ZN9NetAppLib9JoinFesta22JoinFestaPacketManager25SetPacketGameStatusWithMeEv,NetAppLib::JoinFesta::JoinFestaPacketManager::SetPacketGameStatusWithMe(),0,3565080,.text,FUNCTION,RETAIL_ORIGINAL_SYMBOL
|static|,static.crs,named,3438,_ZN9NetAppLib9JoinFesta21JoinFestaPersonalData17SetCommRouteForceEN15JoinFestaScript13CommRouteTypeE,NetAppLib::JoinFesta::JoinFestaPersonalData::SetCommRouteForce(JoinFestaScript::CommRouteType),0,3571168,.text,FUNCTION,RETAIL_ORIGINAL_SYMBOL
|static|,static.crs,named,3439,_ZN9NetAppLib9JoinFesta21JoinFestaPersonalData18ResetPersonalEventEv,NetAppLib::JoinFesta::JoinFestaPersonalData::ResetPersonalEvent(),0,3571180,.text,FUNCTION,RETAIL_ORIGINAL_SYMBOL
|static|,static.crs,named,3440,_ZN9NetAppLib9JoinFesta21JoinFestaPersonalData19FinishPersonalEventEv,NetAppLib::JoinFesta::JoinFestaPersonalData::FinishPersonalEvent(),0,3571544,.text,FUNCTION,RETAIL_ORIGINAL_SYMBOL
|static|,static.crs,named,3441,_ZN9NetAppLib9JoinFesta21JoinFestaPersonalData21SetScriptListSelectedEb,NetAppLib::JoinFesta::JoinFestaPersonalData::SetScriptListSelected(bool),0,3571904,.text,FUNCTION,RETAIL_ORIGINAL_SYMBOL
|static|,static.crs,named,3442,_ZN9NetAppLib9JoinFesta21JoinFestaPersonalData21SetupPresetNpcDressUpEPKN6NetApp9JoinFesta18JoinFestaDataTableE,NetAppLib::JoinFesta::JoinFestaPersonalData::SetupPresetNpcDressUp(NetApp::JoinFesta::JoinFestaDataTable const*),0,3571912,.text,FUNCTION,RETAIL_ORIGINAL_SYMBOL
|static|,static.crs,named,3443,_ZN9NetAppLib9JoinFesta21JoinFestaPersonalData22SetRequestRecieveTradeERK18nnfriendsFriendKeyjb,"NetAppLib::JoinFesta::JoinFestaPersonalData::SetRequestRecieveTrade(nnfriendsFriendKey const&, unsigned int, bool)",0,3572552,.text,FUNCTION,RETAIL_ORIGINAL_SYMBOL
|static|,static.crs,named,3444,_ZN9NetAppLib9JoinFesta21JoinFestaPersonalData22SetupTutorialDummyDataEjPKN6NetApp9JoinFesta18JoinFestaDataTableE,"NetAppLib::JoinFesta::JoinFestaPersonalData::SetupTutorialDummyData(unsigned int, NetApp::JoinFesta::JoinFestaDataTable const*)",0,3572608,.text,FUNCTION,RETAIL_ORIGINAL_SYMBOL
|static|,static.crs,named,3445,_ZN9NetAppLib9JoinFesta21JoinFestaPersonalData23SetLastP2PPersonalEventEv,NetAppLib::JoinFesta::JoinFestaPersonalData::SetLastP2PPersonalEvent(),0,3572772,.text,FUNCTION,RETAIL_ORIGINAL_SYMBOL
|static|,static.crs,named,3446,_ZN9NetAppLib9JoinFesta21JoinFestaPersonalData23SetRequestInvitingTradeEv,NetAppLib::JoinFesta::JoinFestaPersonalData::SetRequestInvitingTrade(),0,3572784,.text,FUNCTION,RETAIL_ORIGINAL_SYMBOL
|static|,static.crs,named,3447,_ZN9NetAppLib9JoinFesta21JoinFestaPersonalData23SetRequestJoinFestaShopEv,NetAppLib::JoinFesta::JoinFestaPersonalData::SetRequestJoinFestaShop(),0,3572888,.text,FUNCTION,RETAIL_ORIGINAL_SYMBOL
|static|,static.crs,named,3448,_ZN9NetAppLib9JoinFesta21JoinFestaPersonalData23SetRequestRecieveBattleERK18nnfriendsFriendKeyjbbh,"NetAppLib::JoinFesta::JoinFestaPersonalData::SetRequestRecieveBattle(nnfriendsFriendKey const&, unsigned int, bool, bool, unsigned char)",0,3572952,.text,FUNCTION,RETAIL_ORIGINAL_SYMBOL
|static|,static.crs,named,3449,_ZN9NetAppLib9JoinFesta21JoinFestaPersonalData23SetupTutorialDummyEventEv,NetAppLib::JoinFesta::JoinFestaPersonalData::SetupTutorialDummyEvent(),0,3573028,.text,FUNCTION,RETAIL_ORIGINAL_SYMBOL
|static|,static.crs,named,3450,_ZN9NetAppLib9JoinFesta21JoinFestaPersonalData24SetRequestCancelingTradeEv,NetAppLib::JoinFesta::JoinFestaPersonalData::SetRequestCancelingTrade(),0,3573048,.text,FUNCTION,RETAIL_ORIGINAL_SYMBOL
|static|,static.crs,named,3451,_ZN9NetAppLib9JoinFesta21JoinFestaPersonalData24SetRequestInvitingBattleEN10Regulation11BATTLE_RULEEb,"NetAppLib::JoinFesta::JoinFestaPersonalData::SetRequestInvitingBattle(Regulation::BATTLE_RULE, bool)",0,3573068,.text,FUNCTION,RETAIL_ORIGINAL_SYMBOL
|static|,static.crs,named,3452,_ZN9NetAppLib9JoinFesta21JoinFestaPersonalData25SetRequestCancelingBattleEv,NetAppLib::JoinFesta::JoinFestaPersonalData::SetRequestCancelingBattle(),0,3573620,.text,FUNCTION,RETAIL_ORIGINAL_SYMBOL
|static|,static.crs,named,3453,_ZN9NetAppLib9JoinFesta21JoinFestaPersonalData25SetTradeRequestTargetUserERK18nnfriendsFriendKeyNS0_15JoinFestaDefine21E_JOIN_FESTA_RELATIONEj,"NetAppLib::JoinFesta::JoinFestaPersonalData::SetTradeRequestTargetUser(nnfriendsFriendKey const&, NetAppLib::JoinFesta::JoinFestaDefine::E_JOIN_FESTA_RELATION, unsigned int)",0,3573704,.text,FUNCTION,RETAIL_ORIGINAL_SYMBOL
|static|,static.crs,named,3454,_ZN9NetAppLib9JoinFesta21JoinFestaPersonalData26SetBattleRequestTargetUserEbPK18nnfriendsFriendKeyPNS0_15JoinFestaDefine21E_JOIN_FESTA_RELATIONEjb,"NetAppLib::JoinFesta::JoinFestaPersonalData::SetBattleRequestTargetUser(bool, nnfriendsFriendKey const*, NetAppLib::JoinFesta::JoinFestaDefine::E_JOIN_FESTA_RELATION*, unsigned int, bool)",0,3573744,.text,FUNCTION,RETAIL_ORIGINAL_SYMBOL
|static|,static.crs,named,3455,_ZN9NetAppLib9JoinFesta21JoinFestaPersonalData27SetRequestJoinFestaPersonalEv,NetAppLib::JoinFesta::JoinFestaPersonalData::SetRequestJoinFestaPersonal(),0,3574240,.text,FUNCTION,RETAIL_ORIGINAL_SYMBOL
|static|,static.crs,named,3456,_ZN9NetAppLib9JoinFesta21JoinFestaPersonalData28SetAttractionAppearanceStateENS0_25JoinFestaAttractionDefine15AppearanceStateE,NetAppLib::JoinFesta::JoinFestaPersonalData::SetAttractionAppearanceState(NetAppLib::JoinFesta::JoinFestaAttractionDefine::AppearanceState),0,3574432,.text,FUNCTION,RETAIL_ORIGINAL_SYMBOL
|static|,static.crs,named,3457,_ZN9NetAppLib9JoinFesta21JoinFestaPersonalData4CopyERKNS1_8CoreDataE,NetAppLib::JoinFesta::JoinFestaPersonalData::Copy(NetAppLib::JoinFesta::JoinFestaPersonalData::CoreData const&),0,3575552,.text,FUNCTION,RETAIL_ORIGINAL_SYMBOL
|static|,static.crs,named,3458,_ZN9NetAppLib9JoinFesta21JoinFestaPersonalData4CopyERKS1_,NetAppLib::JoinFesta::JoinFestaPersonalData::Copy(NetAppLib::JoinFesta::JoinFestaPersonalData const&),0,3575564,.text,FUNCTION,RETAIL_ORIGINAL_SYMBOL
|static|,static.crs,named,3459,_ZN9NetAppLib9JoinFesta28JoinFestaPersonalDataManager25ResetScriptSelectPersonalEv,NetAppLib::JoinFesta::JoinFestaPersonalDataManager::ResetScriptSelectPersonal(),0,3575624,.text,FUNCTION,RETAIL_ORIGINAL_SYMBOL
|static|,static.crs,named,3460,_ZN9NetAppLib9JoinFesta21JoinFestaPersonalData6UnLockEv,NetAppLib::JoinFesta::JoinFestaPersonalData::UnLock(),0,3575908,.text,FUNCTION,RETAIL_ORIGINAL_SYMBOL
|static|,static.crs,named,3461,_ZN9NetAppLib9JoinFesta21JoinFestaPersonalDataC1Ev,NetAppLib::JoinFesta::JoinFestaPersonalData::JoinFestaPersonalData(),0,3576520,.text,FUNCTION,RETAIL_ORIGINAL_SYMBOL
|static|,static.crs,named,3462,_ZN9NetAppLib11JoinFestaUI23JoinFestaAttractionDataD1Ev,NetAppLib::JoinFestaUI::JoinFestaAttractionData::~JoinFestaAttractionData(),0,3576660,.text,FUNCTION,RETAIL_ORIGINAL_SYMBOL
|static|,static.crs,named,3463,_ZN9NetAppLib9JoinFesta21JoinFestaPersonalDataD1Ev,NetAppLib::JoinFesta::JoinFestaPersonalData::~JoinFestaPersonalData(),0,3576664,.text,FUNCTION,RETAIL_ORIGINAL_SYMBOL
|static|,static.crs,named,3464,_ZN9NetAppLib9JoinFesta22InformationMessageDataC1Ev,NetAppLib::JoinFesta::InformationMessageData::InformationMessageData(),0,3576692,.text,FUNCTION,RETAIL_ORIGINAL_SYMBOL
|static|,static.crs,named,3465,_ZN9NetAppLib9JoinFesta22InformationMessageDataD1Ev,NetAppLib::JoinFesta::InformationMessageData::~InformationMessageData(),0,3576756,.text,FUNCTION,RETAIL_ORIGINAL_SYMBOL
|static|,static.crs,named,3466,_ZN9NetAppLib9JoinFesta22JoinFestaPacketManager10SendMyDataEb,NetAppLib::JoinFesta::JoinFestaPacketManager::SendMyData(bool),0,3576844,.text,FUNCTION,RETAIL_ORIGINAL_SYMBOL
|static|,static.crs,named,3467,_ZN9NetAppLib9JoinFesta22JoinFestaPacketManager14UnlockListenerEv,NetAppLib::JoinFesta::JoinFestaPacketManager::UnlockListener(),0,3578652,.text,FUNCTION,RETAIL_ORIGINAL_SYMBOL
|static|,static.crs,named,3468,_ZN9NetAppLib9JoinFesta22JoinFestaPacketManager22RegistPersonalListenerEPNS0_25JoinFestaPersonalListenerE,NetAppLib::JoinFesta::JoinFestaPacketManager::RegistPersonalListener(NetAppLib::JoinFesta::JoinFestaPersonalListener*),0,3582528,.text,FUNCTION,RETAIL_ORIGINAL_SYMBOL
|static|,static.crs,named,3469,_ZN9NetAppLib9JoinFesta26JoinFestaAttractionManager13FinishRequestEv,NetAppLib::JoinFesta::JoinFestaAttractionManager::FinishRequest(),0,3582616,.text,FUNCTION,RETAIL_ORIGINAL_SYMBOL
|static|,static.crs,named,3470,_ZN9NetAppLib9JoinFesta22JoinFestaPacketManager22RemovePersonalListenerEPNS0_25JoinFestaPersonalListenerE,NetAppLib::JoinFesta::JoinFestaPacketManager::RemovePersonalListener(NetAppLib::JoinFesta::JoinFestaPersonalListener*),0,3582664,.text,FUNCTION,RETAIL_ORIGINAL_SYMBOL
|static|,static.crs,named,3471,_ZN9NetAppLib9JoinFesta22JoinFestaPacketManager29UpdateWithJoinFestaPacketDataEPKvb,"NetAppLib::JoinFesta::JoinFestaPacketManager::UpdateWithJoinFestaPacketData(void const*, bool)",0,3582764,.text,FUNCTION,RETAIL_ORIGINAL_SYMBOL
|static|,static.crs,named,3472,_ZN9NetAppLib9JoinFesta22JoinFestaPacketManager30GetJoinFestaInformationMessageEv,NetAppLib::JoinFesta::JoinFestaPacketManager::GetJoinFestaInformationMessage(),0,3583332,.text,FUNCTION,RETAIL_ORIGINAL_SYMBOL
|static|,static.crs,named,3473,_ZN9NetAppLib9JoinFesta22JoinFestaPacketManager34RequestAllUpdatingWithSubscriptionEv,NetAppLib::JoinFesta::JoinFestaPacketManager::RequestAllUpdatingWithSubscription(),0,3583340,.text,FUNCTION,RETAIL_ORIGINAL_SYMBOL
|static|,static.crs,named,3474,_ZN9NetAppLib9JoinFesta22JoinFestaPersonalEvent12IsEventExistEv,NetAppLib::JoinFesta::JoinFestaPersonalEvent::IsEventExist(),0,3584584,.text,FUNCTION,RETAIL_ORIGINAL_SYMBOL
|static|,static.crs,named,3475,_ZN9NetAppLib9JoinFesta22JoinFestaPersonalEvent14GetBaseFesCoinEj,NetAppLib::JoinFesta::JoinFestaPersonalEvent::GetBaseFesCoin(unsigned int),0,3585928,.text,FUNCTION,RETAIL_ORIGINAL_SYMBOL
|static|,static.crs,named,3476,_ZN9NetAppLib9JoinFesta22JoinFestaPersonalEvent20GetRecordCategoryNumEh,NetAppLib::JoinFesta::JoinFestaPersonalEvent::GetRecordCategoryNum(unsigned char),0,3586052,.text,FUNCTION,RETAIL_ORIGINAL_SYMBOL
|static|,static.crs,named,3477,_ZN9NetAppLib9JoinFesta22JoinFestaPersonalEvent39GetWordWindowMessageIdFromPersonalEventEjj,"NetAppLib::JoinFesta::JoinFestaPersonalEvent::GetWordWindowMessageIdFromPersonalEvent(unsigned int, unsigned int)",0,3588840,.text,FUNCTION,RETAIL_ORIGINAL_SYMBOL
|static|,static.crs,named,3478,_ZN9NetAppLib9JoinFesta23JoinFestaAttractionUtil25CheckAttractionPlayEnableEN15JoinFestaScript12AttractionIdE,NetAppLib::JoinFesta::JoinFestaAttractionUtil::CheckAttractionPlayEnable(JoinFestaScript::AttractionId),0,3592660,.text,FUNCTION,RETAIL_ORIGINAL_SYMBOL
|static|,static.crs,named,3479,_ZN9NetAppLib9JoinFesta23JoinFestaAttractionUtil27GetPokeTypeFromAttractionIdEN15JoinFestaScript12AttractionIdE,NetAppLib::JoinFesta::JoinFestaAttractionUtil::GetPokeTypeFromAttractionId(JoinFestaScript::AttractionId),0,3592768,.text,FUNCTION,RETAIL_ORIGINAL_SYMBOL
|static|,static.crs,named,3480,_ZN9NetAppLib9JoinFesta23JoinFestaAttractionUtil31GetAnswerMaxFromQuestionnaireIdEh,NetAppLib::JoinFesta::JoinFestaAttractionUtil::GetAnswerMaxFromQuestionnaireId(unsigned char),0,3594044,.text,FUNCTION,RETAIL_ORIGINAL_SYMBOL
|static|,static.crs,named,3481,_ZN9NetAppLib9JoinFesta23JoinFestaAttractionUtil34GetQuestionnaireIdFromAttractionIdEN15JoinFestaScript12AttractionIdE,NetAppLib::JoinFesta::JoinFestaAttractionUtil::GetQuestionnaireIdFromAttractionId(JoinFestaScript::AttractionId),0,3594532,.text,FUNCTION,RETAIL_ORIGINAL_SYMBOL
|static|,static.crs,named,3482,_ZN9NetAppLib9JoinFesta23JoinFestaAttractionUtil36CreateFieldPersonalListForAttractionEN15JoinFestaScript12AttractionIdEPKN6NetApp9JoinFesta18JoinFestaDataTableE,"NetAppLib::JoinFesta::JoinFestaAttractionUtil::CreateFieldPersonalListForAttraction(JoinFestaScript::AttractionId, NetApp::JoinFesta::JoinFestaDataTable const*)",0,3594912,.text,FUNCTION,RETAIL_ORIGINAL_SYMBOL
|static|,static.crs,named,3483,_ZN9NetAppLib9JoinFesta23JoinFestaFacilitiesUtil14GetRandomColorEPN4gfl24math6RandomEN15JoinFestaScript14FacilitiesTypeEj,"NetAppLib::JoinFesta::JoinFestaFacilitiesUtil::GetRandomColor(gfl2::math::Random*, JoinFestaScript::FacilitiesType, unsigned int)",0,3601644,.text,FUNCTION,RETAIL_ORIGINAL_SYMBOL
|static|,static.crs,named,3484,_ZN9NetAppLib9JoinFesta23JoinFestaFacilitiesUtil19LotteryFacilitiesIdEPN4gfl24math6RandomEPKN6NetApp9JoinFesta18JoinFestaDataTableE,"NetAppLib::JoinFesta::JoinFestaFacilitiesUtil::LotteryFacilitiesId(gfl2::math::Random*, NetApp::JoinFesta::JoinFestaDataTable const*)",0,3602216,.text,FUNCTION,RETAIL_ORIGINAL_SYMBOL
|static|,static.crs,named,3485,_ZN9NetAppLib9JoinFesta23JoinFestaFacilitiesUtil24GetTrTypeFromCharacterIdEj,NetAppLib::JoinFesta::JoinFestaFacilitiesUtil::GetTrTypeFromCharacterId(unsigned int),0,3603044,.text,FUNCTION,RETAIL_ORIGINAL_SYMBOL
|static|,static.crs,named,3486,_ZN9NetAppLib9JoinFesta23JoinFestaFacilitiesUtil26GetCharaSexFromCharacterIdEj,NetAppLib::JoinFesta::JoinFestaFacilitiesUtil::GetCharaSexFromCharacterId(unsigned int),0,3603096,.text,FUNCTION,RETAIL_ORIGINAL_SYMBOL
|static|,static.crs,named,3487,_ZN9NetAppLib9JoinFesta23JoinFestaFacilitiesUtil30GetCharaModelIdFromCharacterIdEj,NetAppLib::JoinFesta::JoinFestaFacilitiesUtil::GetCharaModelIdFromCharacterId(unsigned int),0,3603148,.text,FUNCTION,RETAIL_ORIGINAL_SYMBOL
|static|,static.crs,named,3488,_ZN9NetAppLib9JoinFesta24JoinFestaPacketEventList8PopEventEb,NetAppLib::JoinFesta::JoinFestaPacketEventList::PopEvent(bool),0,3603476,.text,FUNCTION,RETAIL_ORIGINAL_SYMBOL
|static|,static.crs,named,3489,_ZN9NetAppLib9JoinFesta24JoinFestaSelectWordTable15IsOpenMessageIdEj,NetAppLib::JoinFesta::JoinFestaSelectWordTable::IsOpenMessageId(unsigned int),0,3604704,.text,FUNCTION,RETAIL_ORIGINAL_SYMBOL
|static|,static.crs,named,3490,_ZN9NetAppLib9JoinFesta24JoinFestaSelectWordTable19GetMessageTableSizeENS1_8CategoryE,NetAppLib::JoinFesta::JoinFestaSelectWordTable::GetMessageTableSize(NetAppLib::JoinFesta::JoinFestaSelectWordTable::Category),0,3604844,.text,FUNCTION,RETAIL_ORIGINAL_SYMBOL
|static|,static.crs,named,3491,_ZN9NetAppLib9JoinFesta24JoinFestaSelectWordTable5SetupEPvS2_,"NetAppLib::JoinFesta::JoinFestaSelectWordTable::Setup(void*, void*)",0,3604896,.text,FUNCTION,RETAIL_ORIGINAL_SYMBOL
|static|,static.crs,named,3492,_ZN9NetAppLib9JoinFesta24JoinFestaSelectWordTableC1Ev,NetAppLib::JoinFesta::JoinFestaSelectWordTable::JoinFestaSelectWordTable(),0,3605204,.text,FUNCTION,RETAIL_ORIGINAL_SYMBOL
|static|,static.crs,named,3493,_ZN9NetAppLib9JoinFesta24JoinFestaSelectWordTableD1Ev,NetAppLib::JoinFesta::JoinFestaSelectWordTable::~JoinFestaSelectWordTable(),0,3605264,.text,FUNCTION,RETAIL_ORIGINAL_SYMBOL
|static|,static.crs,named,3494,_ZN9NetAppLib9JoinFesta26JoinFestaAttractionManager10GetMyScoreEv,NetAppLib::JoinFesta::JoinFestaAttractionManager::GetMyScore(),0,3606388,.text,FUNCTION,RETAIL_ORIGINAL_SYMBOL
|static|,static.crs,named,3495,_ZN9NetAppLib9JoinFesta26JoinFestaAttractionManager11JoinRequestERKNS0_21JoinFestaPersonalDataE,NetAppLib::JoinFesta::JoinFestaAttractionManager::JoinRequest(NetAppLib::JoinFesta::JoinFestaPersonalData const&),0,3606396,.text,FUNCTION,RETAIL_ORIGINAL_SYMBOL
|static|,static.crs,named,3496,_ZN9NetAppLib9JoinFesta26JoinFestaAttractionManager11OpenRequestEN15JoinFestaScript12AttractionIdE,NetAppLib::JoinFesta::JoinFestaAttractionManager::OpenRequest(JoinFestaScript::AttractionId),0,3606576,.text,FUNCTION,RETAIL_ORIGINAL_SYMBOL
|static|,static.crs,named,3497,_ZN9NetAppLib9JoinFesta26JoinFestaAttractionManager12GetMemberNumEv,NetAppLib::JoinFesta::JoinFestaAttractionManager::GetMemberNum(),0,3606784,.text,FUNCTION,RETAIL_ORIGINAL_SYMBOL
|static|,static.crs,named,3498,_ZN9NetAppLib9JoinFesta26JoinFestaAttractionManager12IsEndRequestEv,NetAppLib::JoinFesta::JoinFestaAttractionManager::IsEndRequest(),0,3606800,.text,FUNCTION,RETAIL_ORIGINAL_SYMBOL
|static|,static.crs,named,3499,_ZN9NetAppLib9JoinFesta26JoinFestaAttractionManager13GetResultDataEv,NetAppLib::JoinFesta::JoinFestaAttractionManager::GetResultData(),0,3606860,.text,FUNCTION,RETAIL_ORIGINAL_SYMBOL
|static|,static.crs,named,3500,_ZN9NetAppLib9JoinFesta26JoinFestaAttractionManager13GetTotalScoreEv,NetAppLib::JoinFesta::JoinFestaAttractionManager::GetTotalScore(),0,3606868,.text,FUNCTION,RETAIL_ORIGINAL_SYMBOL
|static|,static.crs,named,3501,_ZN9NetAppLib9JoinFesta26JoinFestaAttractionManager13IsErrorRetireEv,NetAppLib::JoinFesta::JoinFestaAttractionManager::IsErrorRetire(),0,3606876,.text,FUNCTION,RETAIL_ORIGINAL_SYMBOL
|static|,static.crs,named,3502,_ZN9NetAppLib9JoinFesta26JoinFestaAttractionManager15IsRetireRequestEv,NetAppLib::JoinFesta::JoinFestaAttractionManager::IsRetireRequest(),0,3607676,.text,FUNCTION,RETAIL_ORIGINAL_SYMBOL
|static|,static.crs,named,3503,_ZN9NetAppLib9JoinFesta26JoinFestaAttractionManager16CheckForceRetireEv,NetAppLib::JoinFesta::JoinFestaAttractionManager::CheckForceRetire(),0,3609980,.text,FUNCTION,RETAIL_ORIGINAL_SYMBOL
|static|,static.crs,named,3504,_ZN9NetAppLib9JoinFesta26JoinFestaAttractionManager16GetRequestResultEv,NetAppLib::JoinFesta::JoinFestaAttractionManager::GetRequestResult(),0,3610040,.text,FUNCTION,RETAIL_ORIGINAL_SYMBOL
|static|,static.crs,named,3505,_ZN9NetAppLib9JoinFesta26JoinFestaAttractionManager21GetPlayAttractionDataEv,NetAppLib::JoinFesta::JoinFestaAttractionManager::GetPlayAttractionData(),0,3610076,.text,FUNCTION,RETAIL_ORIGINAL_SYMBOL
|static|,static.crs,named,3506,_ZN9NetAppLib9JoinFesta26JoinFestaAttractionManager17GetAttractionDataEN15JoinFestaScript12AttractionIdE,NetAppLib::JoinFesta::JoinFestaAttractionManager::GetAttractionData(JoinFestaScript::AttractionId),0,3610084,.text,FUNCTION,RETAIL_ORIGINAL_SYMBOL
|static|,static.crs,named,3507,_ZN9NetAppLib9JoinFesta26JoinFestaAttractionManager17GetTimeLimitFrameEv,NetAppLib::JoinFesta::JoinFestaAttractionManager::GetTimeLimitFrame(),0,3610208,.text,FUNCTION,RETAIL_ORIGINAL_SYMBOL
|static|,static.crs,named,3508,_ZN9NetAppLib9JoinFesta26JoinFestaAttractionManager18TimeCountDownStartEv,NetAppLib::JoinFesta::JoinFestaAttractionManager::TimeCountDownStart(),0,3610240,.text,FUNCTION,RETAIL_ORIGINAL_SYMBOL
|static|,static.crs,named,3509,_ZN9NetAppLib9JoinFesta26JoinFestaAttractionManager19GetPlayAttractionIdEv,NetAppLib::JoinFesta::JoinFestaAttractionManager::GetPlayAttractionId(),0,3610252,.text,FUNCTION,RETAIL_ORIGINAL_SYMBOL
|static|,static.crs,named,3510,_ZN9NetAppLib9JoinFesta26JoinFestaAttractionManager20IsKairikyRideScoreUpEPKNS0_21JoinFestaPersonalDataE,NetAppLib::JoinFesta::JoinFestaAttractionManager::IsKairikyRideScoreUp(NetAppLib::JoinFesta::JoinFestaPersonalData const*),0,3610260,.text,FUNCTION,RETAIL_ORIGINAL_SYMBOL
|static|,static.crs,named,3511,_ZN9NetAppLib9JoinFesta26JoinFestaAttractionManager22GetQuestionAnswerMsgIdEN15JoinFestaScript12AttractionIdEj,"NetAppLib::JoinFesta::JoinFestaAttractionManager::GetQuestionAnswerMsgId(JoinFestaScript::AttractionId, unsigned int)",0,3610360,.text,FUNCTION,RETAIL_ORIGINAL_SYMBOL
|static|,static.crs,named,3512,_ZN9NetAppLib9JoinFesta26JoinFestaAttractionManager23IsQuestionAnswerScoreUpEN15JoinFestaScript12AttractionIdEj,"NetAppLib::JoinFesta::JoinFestaAttractionManager::IsQuestionAnswerScoreUp(JoinFestaScript::AttractionId, unsigned int)",0,3610484,.text,FUNCTION,RETAIL_ORIGINAL_SYMBOL
|static|,static.crs,named,3513,_ZN9NetAppLib9JoinFesta26JoinFestaAttractionManager27SetKentarosuRideRockBreakerEv,NetAppLib::JoinFesta::JoinFestaAttractionManager::SetKentarosuRideRockBreaker(),0,3610576,.text,FUNCTION,RETAIL_ORIGINAL_SYMBOL
|static|,static.crs,named,3514,_ZN9NetAppLib9JoinFesta26JoinFestaAttractionManager34IsKentarosuRideRockBreakerAllBreakEv,NetAppLib::JoinFesta::JoinFestaAttractionManager::IsKentarosuRideRockBreakerAllBreak(),0,3610740,.text,FUNCTION,RETAIL_ORIGINAL_SYMBOL
|static|,static.crs,named,3515,_ZN9NetAppLib9JoinFesta26JoinFestaAttractionManager8AddScoreEv,NetAppLib::JoinFesta::JoinFestaAttractionManager::AddScore(),0,3611312,.text,FUNCTION,RETAIL_ORIGINAL_SYMBOL
|static|,static.crs,named,3516,_ZN9NetAppLib9JoinFesta26JoinFestaAttractionManager9IsPlayingEv,NetAppLib::JoinFesta::JoinFestaAttractionManager::IsPlaying(),0,3611392,.text,FUNCTION,RETAIL_ORIGINAL_SYMBOL
|static|,static.crs,named,3517,_ZN9NetAppLib9JoinFesta27JoinFestaInformationMessage10PopMessageERNS0_22InformationMessageDataE,NetAppLib::JoinFesta::JoinFestaInformationMessage::PopMessage(NetAppLib::JoinFesta::InformationMessageData&),0,3612088,.text,FUNCTION,RETAIL_ORIGINAL_SYMBOL
|static|,static.crs,named,3518,_ZN9NetAppLib9JoinFesta28JoinFestaPersonalDataManager15GetPersonalDataERK18nnfriendsFriendKey,NetAppLib::JoinFesta::JoinFestaPersonalDataManager::GetPersonalData(nnfriendsFriendKey const&),0,3614032,.text,FUNCTION,RETAIL_ORIGINAL_SYMBOL
|static|,static.crs,named,3519,_ZN9NetAppLib9JoinFesta28JoinFestaPersonalDataManager17RemoveListAndSaveERK18nnfriendsFriendKey,NetAppLib::JoinFesta::JoinFestaPersonalDataManager::RemoveListAndSave(nnfriendsFriendKey const&),0,3615084,.text,FUNCTION,RETAIL_ORIGINAL_SYMBOL
|static|,static.crs,named,3520,_ZN9NetAppLib9JoinFesta28JoinFestaPersonalDataManager18GetLastP2pPersonalEv,NetAppLib::JoinFesta::JoinFestaPersonalDataManager::GetLastP2pPersonal(),0,3615588,.text,FUNCTION,RETAIL_ORIGINAL_SYMBOL
|static|,static.crs,named,3521,_ZN9NetAppLib9JoinFesta28JoinFestaPersonalDataManager18SetInviteFriendKeyERK18nnfriendsFriendKeyj,"NetAppLib::JoinFesta::JoinFestaPersonalDataManager::SetInviteFriendKey(nnfriendsFriendKey const&, unsigned int)",0,3615948,.text,FUNCTION,RETAIL_ORIGINAL_SYMBOL
|static|,static.crs,named,3522,_ZN9NetAppLib9JoinFesta21JoinFestaPersonalData12SetCommRouteEN15JoinFestaScript13CommRouteTypeE,NetAppLib::JoinFesta::JoinFestaPersonalData::SetCommRoute(JoinFestaScript::CommRouteType),0,3616080,.text,FUNCTION,RETAIL_ORIGINAL_SYMBOL
|static|,static.crs,named,3523,_ZN9NetAppLib9JoinFesta28JoinFestaPersonalDataManager19GetPersonalDataListENS0_15JoinFestaDefine21E_JOIN_FESTA_RELATIONE,NetAppLib::JoinFesta::JoinFestaPersonalDataManager::GetPersonalDataList(NetAppLib::JoinFesta::JoinFestaDefine::E_JOIN_FESTA_RELATION),0,3616464,.text,FUNCTION,RETAIL_ORIGINAL_SYMBOL
|static|,static.crs,named,3524,_ZN9NetAppLib9JoinFesta28JoinFestaPersonalDataManager20AddFieldPersonalListERKNS0_21JoinFestaPersonalDataE,NetAppLib::JoinFesta::JoinFestaPersonalDataManager::AddFieldPersonalList(NetAppLib::JoinFesta::JoinFestaPersonalData const&),0,3616560,.text,FUNCTION,RETAIL_ORIGINAL_SYMBOL
|static|,static.crs,named,3525,_ZN9NetAppLib9JoinFesta28JoinFestaPersonalDataManager20GetFieldPersonalDataERK18nnfriendsFriendKey,NetAppLib::JoinFesta::JoinFestaPersonalDataManager::GetFieldPersonalData(nnfriendsFriendKey const&),0,3616964,.text,FUNCTION,RETAIL_ORIGINAL_SYMBOL
|static|,static.crs,named,3526,_ZN9NetAppLib9JoinFesta28JoinFestaPersonalDataManager20GetFieldPersonalListEv,NetAppLib::JoinFesta::JoinFestaPersonalDataManager::GetFieldPersonalList(),0,3617048,.text,FUNCTION,RETAIL_ORIGINAL_SYMBOL
|static|,static.crs,named,3527,_ZN9NetAppLib9JoinFesta28JoinFestaPersonalDataManager20GetRecruiterPersonalEv,NetAppLib::JoinFesta::JoinFestaPersonalDataManager::GetRecruiterPersonal(),0,3617056,.text,FUNCTION,RETAIL_ORIGINAL_SYMBOL
|static|,static.crs,named,3528,_ZN9NetAppLib9JoinFesta28JoinFestaPersonalDataManager20ResetInviteFriendKeyEv,NetAppLib::JoinFesta::JoinFestaPersonalDataManager::ResetInviteFriendKey(),0,3617096,.text,FUNCTION,RETAIL_ORIGINAL_SYMBOL
|static|,static.crs,named,3529,_ZN9NetAppLib9JoinFesta28JoinFestaPersonalDataManager21SetRecruiterVisibleOnEv,NetAppLib::JoinFesta::JoinFestaPersonalDataManager::SetRecruiterVisibleOn(),0,3617280,.text,FUNCTION,RETAIL_ORIGINAL_SYMBOL
|static|,static.crs,named,3530,_ZN9NetAppLib9JoinFesta28JoinFestaPersonalDataManager22ChangePersonalRelationENS0_15JoinFestaDefine21E_JOIN_FESTA_RELATIONERK18nnfriendsFriendKey,"NetAppLib::JoinFesta::JoinFestaPersonalDataManager::ChangePersonalRelation(NetAppLib::JoinFesta::JoinFestaDefine::E_JOIN_FESTA_RELATION, nnfriendsFriendKey const&)",0,3617292,.text,FUNCTION,RETAIL_ORIGINAL_SYMBOL
|static|,static.crs,named,3531,_ZN9NetAppLib9JoinFesta28JoinFestaPersonalDataManager22ResetRecruiterPersonalEv,NetAppLib::JoinFesta::JoinFestaPersonalDataManager::ResetRecruiterPersonal(),0,3617944,.text,FUNCTION,RETAIL_ORIGINAL_SYMBOL
|static|,static.crs,named,3532,_ZN9NetAppLib9JoinFesta28JoinFestaPersonalDataManager22SetScriptTalkFriendKeyEPNS0_21JoinFestaPersonalDataE,NetAppLib::JoinFesta::JoinFestaPersonalDataManager::SetScriptTalkFriendKey(NetAppLib::JoinFesta::JoinFestaPersonalData*),0,3617976,.text,FUNCTION,RETAIL_ORIGINAL_SYMBOL
|static|,static.crs,named,3533,_ZN9NetAppLib9JoinFesta28JoinFestaPersonalDataManager23GetScriptSelectPersonalEv,NetAppLib::JoinFesta::JoinFestaPersonalDataManager::GetScriptSelectPersonal(),0,3618860,.text,FUNCTION,RETAIL_ORIGINAL_SYMBOL
|static|,static.crs,named,3534,_ZN9NetAppLib9JoinFesta28JoinFestaPersonalDataManager24ReleaseFieldPersonalListEv,NetAppLib::JoinFesta::JoinFestaPersonalDataManager::ReleaseFieldPersonalList(),0,3619204,.text,FUNCTION,RETAIL_ORIGINAL_SYMBOL
|static|,static.crs,named,3535,_ZN9NetAppLib9JoinFesta28JoinFestaPersonalDataManager24ResetScriptTalkFriendKeyEv,NetAppLib::JoinFesta::JoinFestaPersonalDataManager::ResetScriptTalkFriendKey(),0,3619348,.text,FUNCTION,RETAIL_ORIGINAL_SYMBOL
|static|,static.crs,named,3536,_ZN9NetAppLib9JoinFesta28JoinFestaPersonalDataManager25IsExistOpenAttractionUserEv,NetAppLib::JoinFesta::JoinFestaPersonalDataManager::IsExistOpenAttractionUser(),0,3619360,.text,FUNCTION,RETAIL_ORIGINAL_SYMBOL
|static|,static.crs,named,3537,_ZN9NetAppLib9JoinFesta28JoinFestaPersonalDataManager30GetScriptTalkFieldPersonalDataEv,NetAppLib::JoinFesta::JoinFestaPersonalDataManager::GetScriptTalkFieldPersonalData(),0,3620272,.text,FUNCTION,RETAIL_ORIGINAL_SYMBOL
|static|,static.crs,named,3538,_ZN9NetAppLib9JoinFesta28JoinFestaPersonalDataManager9GetMyDataEv,NetAppLib::JoinFesta::JoinFestaPersonalDataManager::GetMyData(),0,3620716,.text,FUNCTION,RETAIL_ORIGINAL_SYMBOL
|static|,static.crs,named,3539,_ZN9PokeDiary3SetE4PDIDttt,"PokeDiary::Set(PDID, unsigned short, unsigned short, unsigned short)",0,3621660,.text,FUNCTION,RETAIL_ORIGINAL_SYMBOL
|static|,static.crs,named,3540,_ZNK10BattleInst10BattleInst40ConvertEntryPartyIndexToSelectPartyIndexEj,BattleInst::BattleInst::ConvertEntryPartyIndexToSelectPartyIndex(unsigned int) const,0,3622100,.text,FUNCTION,RETAIL_ORIGINAL_SYMBOL
|static|,static.crs,named,3541,_ZNK10Regulation10GetVersionEv,Regulation::GetVersion() const,0,3622196,.text,FUNCTION,RETAIL_ORIGINAL_SYMBOL
|static|,static.crs,named,3542,_ZNK10Regulation12GetBoolParamENS_11BoolParamIdE,Regulation::GetBoolParam(Regulation::BoolParamId) const,0,3622244,.text,FUNCTION,RETAIL_ORIGINAL_SYMBOL
|static|,static.crs,named,3543,_ZNK10Regulation12GetTextParamENS_11TextParamIdE,Regulation::GetTextParam(Regulation::TextParamId) const,0,3622504,.text,FUNCTION,RETAIL_ORIGINAL_SYMBOL
|static|,static.crs,named,3544,_ZNK10Regulation12GetTextParamENS_11TextParamIdEPN4gfl23str6StrBufE,"Regulation::GetTextParam(Regulation::TextParamId, gfl2::str::StrBuf*) const",0,3622792,.text,FUNCTION,RETAIL_ORIGINAL_SYMBOL
|static|,static.crs,named,3545,_ZNK10Regulation13CheckParamBitENS_10BitParamIdEj,"Regulation::CheckParamBit(Regulation::BitParamId, unsigned int) const",0,3623016,.text,FUNCTION,RETAIL_ORIGINAL_SYMBOL
|static|,static.crs,named,3546,_ZNK10Regulation13CheckParamRomEi,Regulation::CheckParamRom(int) const,0,3623192,.text,FUNCTION,RETAIL_ORIGINAL_SYMBOL
|static|,static.crs,named,3547,_ZNK10Regulation13GetBattleRuleEv,Regulation::GetBattleRule() const,0,3623284,.text,FUNCTION,RETAIL_ORIGINAL_SYMBOL
|static|,static.crs,named,3548,_ZNK10Regulation13GetValueParamENS_12ValueParamIdE,Regulation::GetValueParam(Regulation::ValueParamId) const,0,3623332,.text,FUNCTION,RETAIL_ORIGINAL_SYMBOL
|static|,static.crs,named,3549,_ZNK10Regulation16GetTimeLimitTypeEv,Regulation::GetTimeLimitType() const,0,3623720,.text,FUNCTION,RETAIL_ORIGINAL_SYMBOL
|static|,static.crs,named,3550,_ZNK10Regulation17GetBackGroundTypeEv,Regulation::GetBackGroundType() const,0,3623768,.text,FUNCTION,RETAIL_ORIGINAL_SYMBOL
|static|,static.crs,named,3551,_ZNK10Regulation17GetBattleCategoryEv,Regulation::GetBattleCategory() const,0,3623816,.text,FUNCTION,RETAIL_ORIGINAL_SYMBOL
|static|,static.crs,named,3552,_ZNK10Regulation17GetLevelRangeTypeEv,Regulation::GetLevelRangeType() const,0,3623864,.text,FUNCTION,RETAIL_ORIGINAL_SYMBOL
|static|,static.crs,named,3553,_ZNK10Regulation18CheckParamLanguageEi,Regulation::CheckParamLanguage(int) const,0,3623912,.text,FUNCTION,RETAIL_ORIGINAL_SYMBOL
|static|,static.crs,named,3554,_ZNK10Regulation18GetParamMustPokeOREh,Regulation::GetParamMustPokeOR(unsigned char) const,0,3624000,.text,FUNCTION,RETAIL_ORIGINAL_SYMBOL
|static|,static.crs,named,3555,_ZNK10Regulation19GetParamMustPokeANDEh,Regulation::GetParamMustPokeAND(unsigned char) const,0,3624092,.text,FUNCTION,RETAIL_ORIGINAL_SYMBOL
|static|,static.crs,named,3556,_ZNK10Regulation20GetSerializeDataSizeEv,Regulation::GetSerializeDataSize() const,0,3624124,.text,FUNCTION,RETAIL_ORIGINAL_SYMBOL
|static|,static.crs,named,3557,_ZNK10Regulation22GetParamMustPokeFormOREh,Regulation::GetParamMustPokeFormOR(unsigned char) const,0,3624172,.text,FUNCTION,RETAIL_ORIGINAL_SYMBOL
|static|,static.crs,named,3558,_ZNK10Regulation23GetParamMustPokeFormANDEh,Regulation::GetParamMustPokeFormAND(unsigned char) const,0,3624308,.text,FUNCTION,RETAIL_ORIGINAL_SYMBOL
|static|,static.crs,named,3559,_ZNK10Regulation6GetCrcEv,Regulation::GetCrc() const,0,3624564,.text,FUNCTION,RETAIL_ORIGINAL_SYMBOL
|static|,static.crs,named,3560,_ZNK10Regulation8CheckCrcEv,Regulation::CheckCrc() const,0,3624628,.text,FUNCTION,RETAIL_ORIGINAL_SYMBOL
|static|,static.crs,named,3561,_ZNK10Regulation9SerializeEPv,Regulation::Serialize(void*) const,0,3624720,.text,FUNCTION,RETAIL_ORIGINAL_SYMBOL
|static|,static.crs,named,3562,_ZNK11ExtSavedata17NijiExtSaveSystem13GetBootResultEv,ExtSavedata::NijiExtSaveSystem::GetBootResult() const,0,3624740,.text,FUNCTION,RETAIL_ORIGINAL_SYMBOL
|static|,static.crs,named,3563,_ZNK11ExtSavedata22BattleRecorderSaveData22GetBattleRecUploadDataEv,ExtSavedata::BattleRecorderSaveData::GetBattleRecUploadData() const,0,3624952,.text,FUNCTION,RETAIL_ORIGINAL_SYMBOL
|static|,static.crs,named,3564,_ZNK16BSP_TRAINER_DATA15GetTrTypePluralEv,BSP_TRAINER_DATA::GetTrTypePlural() const,0,3625544,.text,FUNCTION,RETAIL_ORIGINAL_SYMBOL
|static|,static.crs,named,3565,_ZNK16BSP_TRAINER_DATA9SerializeEPNS_14SERIALIZE_DATAE,BSP_TRAINER_DATA::Serialize(BSP_TRAINER_DATA::SERIALIZE_DATA*) const,0,3625556,.text,FUNCTION,RETAIL_ORIGINAL_SYMBOL
|static|,static.crs,named,3566,_ZNK2nn2fs6detail8FileBase10TryGetSizeEPx,nn::fs::detail::FileBase::TryGetSize(long long*) const,0,3626332,.text,FUNCTION,RETAIL_ORIGINAL_SYMBOL
|static|,static.crs,named,3567,_ZNK2nn3fnd11ExpHeapBase10HasAddressEPKv,nn::fnd::ExpHeapBase::HasAddress(void const*) const,0,3637812,.text,FUNCTION,RETAIL_ORIGINAL_SYMBOL
|static|,static.crs,named,3568,_ZNK4gfl26system4Date14GetMilliSecondEv,gfl2::system::Date::GetMilliSecond() const,0,3639668,.text,FUNCTION,RETAIL_ORIGINAL_SYMBOL
|static|,static.crs,named,3569,_ZNK4gfl26system4Date6GetDayEv,gfl2::system::Date::GetDay() const,0,3639928,.text,FUNCTION,RETAIL_ORIGINAL_SYMBOL
|static|,static.crs,named,3570,_ZNK4gfl26system4Date7GetHourEv,gfl2::system::Date::GetHour() const,0,3640020,.text,FUNCTION,RETAIL_ORIGINAL_SYMBOL
|static|,static.crs,named,3571,_ZNK4gfl26system4Date7GetWeekEv,gfl2::system::Date::GetWeek() const,0,3640128,.text,FUNCTION,RETAIL_ORIGINAL_SYMBOL
|static|,static.crs,named,3572,_ZNK4gfl26system4Date7GetYearEv,gfl2::system::Date::GetYear() const,0,3640276,.text,FUNCTION,RETAIL_ORIGINAL_SYMBOL
|static|,static.crs,named,3573,_ZNK4gfl26system4Date8GetMonthEv,gfl2::system::Date::GetMonth() const,0,3640368,.text,FUNCTION,RETAIL_ORIGINAL_SYMBOL
|static|,static.crs,named,3574,_ZNK4gfl26system4Date9GetMinuteEv,gfl2::system::Date::GetMinute() const,0,3640460,.text,FUNCTION,RETAIL_ORIGINAL_SYMBOL
|static|,static.crs,named,3575,_ZNK4gfl26system4Date9GetSecondEv,gfl2::system::Date::GetSecond() const,0,3640572,.text,FUNCTION,RETAIL_ORIGINAL_SYMBOL
|static|,static.crs,named,3576,_ZNK2nn3nex10RendezVous17GetGameServerTimeEPNS0_8DateTimeE,nn::nex::RendezVous::GetGameServerTime(nn::nex::DateTime*) const,0,3641268,.text,FUNCTION,RETAIL_ORIGINAL_SYMBOL
|static|,static.crs,named,3577,_ZNK2nn3nex19PersistentGathering12GetAttributeEj,nn::nex::PersistentGathering::GetAttribute(unsigned int) const,0,3662488,.text,FUNCTION,RETAIL_ORIGINAL_SYMBOL
|static|,static.crs,named,3578,_ZNK2nn3nex7qResultcvbEv,nn::nex::qResult::operator bool() const,0,3686320,.text,FUNCTION,RETAIL_ORIGINAL_SYMBOL
|static|,static.crs,named,3579,_ZNK2nn3nex8DateTime6GetDayEv,nn::nex::DateTime::GetDay() const,0,3687048,.text,FUNCTION,RETAIL_ORIGINAL_SYMBOL
|static|,static.crs,named,3580,_ZNK2nn3nex8DateTime7GetHourEv,nn::nex::DateTime::GetHour() const,0,3687076,.text,FUNCTION,RETAIL_ORIGINAL_SYMBOL
|static|,static.crs,named,3581,_ZNK2nn3nex8DateTime7GetYearEv,nn::nex::DateTime::GetYear() const,0,3687104,.text,FUNCTION,RETAIL_ORIGINAL_SYMBOL
|static|,static.crs,named,3582,_ZNK2nn3nex8DateTime8GetMonthEv,nn::nex::DateTime::GetMonth() const,0,3687132,.text,FUNCTION,RETAIL_ORIGINAL_SYMBOL
|static|,static.crs,named,3583,_ZNK2nn3nex8DateTime9GetMinuteEv,nn::nex::DateTime::GetMinute() const,0,3687160,.text,FUNCTION,RETAIL_ORIGINAL_SYMBOL
|static|,static.crs,named,3584,_ZNK2nn3nex8DateTimegtERKS1_,nn::nex::DateTime::operator>(nn::nex::DateTime const&) const,0,3687216,.text,FUNCTION,RETAIL_ORIGINAL_SYMBOL
|static|,static.crs,named,3585,_ZNK2nn3nex8DateTimeltERKS1_,nn::nex::DateTime::operator<(nn::nex::DateTime const&) const,0,3687252,.text,FUNCTION,RETAIL_ORIGINAL_SYMBOL
|static|,static.crs,named,3586,_ZNK2nn3nex8DateTimemiERKS1_,nn::nex::DateTime::operator-(nn::nex::DateTime const&) const,0,3687288,.text,FUNCTION,RETAIL_ORIGINAL_SYMBOL
|static|,static.crs,named,3587,_ZNK2nw3lyt4Pane11GetMaterialEv,nw::lyt::Pane::GetMaterial() const,0,3691648,.text,FUNCTION,RETAIL_ORIGINAL_SYMBOL
|static|,static.crs,named,3588,_ZNK2nw3lyt6TexMap14GetTextureInfoEPNS0_11TextureInfoE,nw::lyt::TexMap::GetTextureInfo(nw::lyt::TextureInfo*) const,0,3693896,.text,FUNCTION,RETAIL_ORIGINAL_SYMBOL
|static|,static.crs,named,3589,_ZNK2nw3lyt7TextBox21GetStringBufferLengthEv,nw::lyt::TextBox::GetStringBufferLength() const,0,3694708,.text,FUNCTION,RETAIL_ORIGINAL_SYMBOL
|static|,static.crs,named,3590,_ZNK3App4Tool10TalkWindow15GetStrWinResultEv,App::Tool::TalkWindow::GetStrWinResult() const,0,3721900,.text,FUNCTION,RETAIL_ORIGINAL_SYMBOL
|static|,static.crs,named,3591,_ZNK3App4Tool10TalkWindow9GetStatusEv,App::Tool::TalkWindow::GetStatus() const,0,3721908,.text,FUNCTION,RETAIL_ORIGINAL_SYMBOL
|static|,static.crs,named,3592,_ZNK3App4Tool11SlideScroll13GetDragOffsetEv,App::Tool::SlideScroll::GetDragOffset() const,0,3721916,.text,FUNCTION,RETAIL_ORIGINAL_SYMBOL
|static|,static.crs,named,3593,_ZNK3App4Tool11SlideScroll9GetResultEv,App::Tool::SlideScroll::GetResult() const,0,3721996,.text,FUNCTION,RETAIL_ORIGINAL_SYMBOL
|static|,static.crs,named,3594,_ZNK3App4Tool8ListMenu11GetSelectIdEv,App::Tool::ListMenu::GetSelectId() const,0,3722024,.text,FUNCTION,RETAIL_ORIGINAL_SYMBOL
|static|,static.crs,named,3595,_ZNK3App6Resort17ResortDataManager10GetArcFileEi,App::Resort::ResortDataManager::GetArcFile(int) const,0,3722108,.text,FUNCTION,RETAIL_ORIGINAL_SYMBOL
|static|,static.crs,named,3596,_ZNK3App6Resort17ResortDataManager16IsFileAccessibleEi,App::Resort::ResortDataManager::IsFileAccessible(int) const,0,3722152,.text,FUNCTION,RETAIL_ORIGINAL_SYMBOL
|static|,static.crs,named,3597,_ZNK3App6Resort17ResortDataManager17GetUncompWorkHeapEv,App::Resort::ResortDataManager::GetUncompWorkHeap() const,0,3722236,.text,FUNCTION,RETAIL_ORIGINAL_SYMBOL
|static|,static.crs,named,3598,_ZNK3App6Resort17ResortDataManager7GetDataEi,App::Resort::ResortDataManager::GetData(int) const,0,3722276,.text,FUNCTION,RETAIL_ORIGINAL_SYMBOL
|static|,static.crs,named,3599,_ZNK3App8PokeList19PokeListSimpleFrame7IsPauseEv,App::PokeList::PokeListSimpleFrame::IsPause() const,0,3724040,.text,FUNCTION,RETAIL_ORIGINAL_SYMBOL
|static|,static.crs,named,3600,_ZNK3App9FieldMenu8PlayData12GetRideParamEv,App::FieldMenu::PlayData::GetRideParam() const,0,3724100,.text,FUNCTION,RETAIL_ORIGINAL_SYMBOL
|static|,static.crs,named,3601,_ZNK3app2ui11UIResponder14IsInputEnabledEv,app::ui::UIResponder::IsInputEnabled() const,0,3724108,.text,FUNCTION,RETAIL_ORIGINAL_SYMBOL
|static|,static.crs,named,3602,_ZNK3app2ui11UIResponder17IsButtonAnimationEv,app::ui::UIResponder::IsButtonAnimation() const,0,3724116,.text,FUNCTION,RETAIL_ORIGINAL_SYMBOL
|static|,static.crs,named,3603,_ZNK3app2ui6UIView10GetG2DUtilEv,app::ui::UIView::GetG2DUtil() const,0,3724156,.text,FUNCTION,RETAIL_ORIGINAL_SYMBOL
|static|,static.crs,named,3604,_ZNK3app2ui6UIView13GetLayoutWorkEj,app::ui::UIView::GetLayoutWork(unsigned int) const,0,3724164,.text,FUNCTION,RETAIL_ORIGINAL_SYMBOL
|static|,static.crs,named,3605,_ZNK3app2ui6UIView15GetLayoutSystemEv,app::ui::UIView::GetLayoutSystem() const,0,3724184,.text,FUNCTION,RETAIL_ORIGINAL_SYMBOL
|static|,static.crs,named,3606,_ZNK3app2ui6UIView15GetToucHoldPaneEPKN4gfl22ui10TouchPanelEjPN2nw3lyt4PaneE,"app::ui::UIView::GetToucHoldPane(gfl2::ui::TouchPanel const*, unsigned int, nw::lyt::Pane*) const",0,3724204,.text,FUNCTION,RETAIL_ORIGINAL_SYMBOL
|static|,static.crs,named,3607,_ZNK3app2ui6UIView9IsDrawingEv,app::ui::UIView::IsDrawing() const,0,3724356,.text,FUNCTION,RETAIL_ORIGINAL_SYMBOL
|static|,static.crs,named,3608,_ZNK3app2ui6UIView9IsVisibleEv,app::ui::UIView::IsVisible() const,0,3724384,.text,FUNCTION,RETAIL_ORIGINAL_SYMBOL
|static|,static.crs,named,3609,_ZNK3app4sort10StringWaza12IsSecretWazaE6WazaNo,app::sort::StringWaza::IsSecretWaza(WazaNo) const,0,3724392,.text,FUNCTION,RETAIL_ORIGINAL_SYMBOL
|static|,static.crs,named,3610,_ZNK3app4sort12StringBinary12GetSortOrderEj,app::sort::StringBinary::GetSortOrder(unsigned int) const,0,3724516,.text,FUNCTION,RETAIL_ORIGINAL_SYMBOL
|static|,static.crs,named,3611,_ZNK3app4sort12StringBinary32GetInitialIndexToSortHeaderIndexEjRjS2_,"app::sort::StringBinary::GetInitialIndexToSortHeaderIndex(unsigned int, unsigned int&, unsigned int&) const",0,3724648,.text,FUNCTION,RETAIL_ORIGINAL_SYMBOL
|static|,static.crs,named,3612,_ZNK3app4sort13StringTokusei15IsSecretTokuseiE9TokuseiNo,app::sort::StringTokusei::IsSecretTokusei(TokuseiNo) const,0,3724724,.text,FUNCTION,RETAIL_ORIGINAL_SYMBOL
|static|,static.crs,named,3613,_ZNK3app4tool10LytTexData10GetTexInfoEv,app::tool::LytTexData::GetTexInfo() const,0,3724804,.text,FUNCTION,RETAIL_ORIGINAL_SYMBOL
|static|,static.crs,named,3614,_ZNK3app4tool10LytTexData10GetTexSizeEv,app::tool::LytTexData::GetTexSize() const,0,3724812,.text,FUNCTION,RETAIL_ORIGINAL_SYMBOL
|static|,static.crs,named,3615,_ZNK3app4tool12PaneListView15GetUpdateResultEv,app::tool::PaneListView::GetUpdateResult() const,0,3725144,.text,FUNCTION,RETAIL_ORIGINAL_SYMBOL
|static|,static.crs,named,3616,_ZNK3app4tool13ButtonManager11IsButtonHitEjtt,"app::tool::ButtonManager::IsButtonHit(unsigned int, unsigned short, unsigned short) const",0,3725228,.text,FUNCTION,RETAIL_ORIGINAL_SYMBOL
|static|,static.crs,named,3617,_ZNK3app4tool13ButtonManager14GetUpdateStateEv,app::tool::ButtonManager::GetUpdateState() const,0,3725548,.text,FUNCTION,RETAIL_ORIGINAL_SYMBOL
|static|,static.crs,named,3618,_ZNK3app4tool13ButtonManager14IsButtonActiveEj,app::tool::ButtonManager::IsButtonActive(unsigned int) const,0,3725668,.text,FUNCTION,RETAIL_ORIGINAL_SYMBOL
|static|,static.crs,named,3619,_ZNK3app4tool13ButtonManager15IsButtonVisibleEj,app::tool::ButtonManager::IsButtonVisible(unsigned int) const,0,3725736,.text,FUNCTION,RETAIL_ORIGINAL_SYMBOL
|static|,static.crs,named,3620,_ZNK3app4tool13ButtonManager18GetHoldingButtonIdEv,app::tool::ButtonManager::GetHoldingButtonId() const,0,3725800,.text,FUNCTION,RETAIL_ORIGINAL_SYMBOL
|static|,static.crs,named,3621,_ZNK3app4tool13ButtonManager19GetSelectedButtonIdEv,app::tool::ButtonManager::GetSelectedButtonId() const,0,3725816,.text,FUNCTION,RETAIL_ORIGINAL_SYMBOL
|static|,static.crs,named,3622,_ZNK3app4tool13ButtonManager19IsButtonInputEnableEj,app::tool::ButtonManager::IsButtonInputEnable(unsigned int) const,0,3725832,.text,FUNCTION,RETAIL_ORIGINAL_SYMBOL
|static|,static.crs,named,3623,_ZNK3app4tool13ButtonManager20GetButtonPosByGfVec3Ej,app::tool::ButtonManager::GetButtonPosByGfVec3(unsigned int) const,0,3725900,.text,FUNCTION,RETAIL_ORIGINAL_SYMBOL
|static|,static.crs,named,3624,_ZNK3app4tool13CursorManager5GetIDEj,app::tool::CursorManager::GetID(unsigned int) const,0,3727292,.text,FUNCTION,RETAIL_ORIGINAL_SYMBOL
|static|,static.crs,named,3625,_ZNK3app4tool13CursorManager5GetIDEv,app::tool::CursorManager::GetID() const,0,3727304,.text,FUNCTION,RETAIL_ORIGINAL_SYMBOL
|static|,static.crs,named,3626,_ZNK3app4tool13CursorManager6GetPosEv,app::tool::CursorManager::GetPos() const,0,3727320,.text,FUNCTION,RETAIL_ORIGINAL_SYMBOL
|static|,static.crs,named,3627,_ZNK3app4tool18InfoWindowBookType9IsCreatedEv,app::tool::InfoWindowBookType::IsCreated() const,0,3727720,.text,FUNCTION,RETAIL_ORIGINAL_SYMBOL
|static|,static.crs,named,3628,_ZNK3app4tool14PokeIconToolEx14GetPicturePaneEv,app::tool::PokeIconToolEx::GetPicturePane() const,0,3727744,.text,FUNCTION,RETAIL_ORIGINAL_SYMBOL
|static|,static.crs,named,3629,_ZNK3app4tool14ResourceLoader14IsLoadCompleteEv,app::tool::ResourceLoader::IsLoadComplete() const,0,3727752,.text,FUNCTION,RETAIL_ORIGINAL_SYMBOL
|static|,static.crs,named,3630,_ZNK3app4tool16CursorController7CleanupEv,app::tool::CursorController::Cleanup() const,0,3727772,.text,FUNCTION,RETAIL_ORIGINAL_SYMBOL
|static|,static.crs,named,3631,_ZNK3app4tool17ScrollPaneManager12GetScrollMaxEv,app::tool::ScrollPaneManager::GetScrollMax() const,0,3727952,.text,FUNCTION,RETAIL_ORIGINAL_SYMBOL
|static|,static.crs,named,3632,_ZNK3app4tool17ScrollPaneManager14GetScrollValueEv,app::tool::ScrollPaneManager::GetScrollValue() const,0,3728212,.text,FUNCTION,RETAIL_ORIGINAL_SYMBOL
|static|,static.crs,named,3633,_ZNK3app4tool17ScrollPaneManager8GetStateEv,app::tool::ScrollPaneManager::GetState() const,0,3728376,.text,FUNCTION,RETAIL_ORIGINAL_SYMBOL
|static|,static.crs,named,3634,_ZNK3app4tool19InfoWindowSheetType9IsCreatedEv,app::tool::InfoWindowSheetType::IsCreated() const,0,3728852,.text,FUNCTION,RETAIL_ORIGINAL_SYMBOL
|static|,static.crs,named,3635,_ZNK3app4tool25AppToolHPGaugePartsLayout7IsAnimeEv,app::tool::AppToolHPGaugePartsLayout::IsAnime() const,0,3728968,.text,FUNCTION,RETAIL_ORIGINAL_SYMBOL
|static|,static.crs,named,3636,_ZNK3app4tool8PaneList10GetItemPosEv,app::tool::PaneList::GetItemPos() const,0,3728988,.text,FUNCTION,RETAIL_ORIGINAL_SYMBOL
|static|,static.crs,named,3637,_ZNK3app4tool8PaneList13GetCursorDataEPjPf,"app::tool::PaneList::GetCursorData(unsigned int*, float*) const",0,3729148,.text,FUNCTION,RETAIL_ORIGINAL_SYMBOL
|static|,static.crs,named,3638,_ZNK3app4tool8PaneList15GetUpdateResultEv,app::tool::PaneList::GetUpdateResult() const,0,3729176,.text,FUNCTION,RETAIL_ORIGINAL_SYMBOL
|static|,static.crs,named,3639,_ZNK3app4util10EffectUtil43GetEffectHandleForMode1Res1EmitterSet1GroupEj,app::util::EffectUtil::GetEffectHandleForMode1Res1EmitterSet1Group(unsigned int) const,0,3729184,.text,FUNCTION,RETAIL_ORIGINAL_SYMBOL
|static|,static.crs,named,3640,_ZNK3app4util10EffectUtil7GetDataEj,app::util::EffectUtil::GetData(unsigned int) const,0,3729252,.text,FUNCTION,RETAIL_ORIGINAL_SYMBOL
|static|,static.crs,named,3641,_ZNK3app4util19AppRenderingManager10CanDestroyEv,app::util::AppRenderingManager::CanDestroy() const,0,3729668,.text,FUNCTION,RETAIL_ORIGINAL_SYMBOL
|static|,static.crs,named,3642,_ZNK3app4util19AppRenderingManager9IsCreatedEv,app::util::AppRenderingManager::IsCreated() const,0,3729692,.text,FUNCTION,RETAIL_ORIGINAL_SYMBOL
|static|,static.crs,named,3643,_ZNK3app4util7G2DUtil10GetHitPaneEjPN2nw3lyt4PaneEttb,"app::util::G2DUtil::GetHitPane(unsigned int, nw::lyt::Pane*, unsigned short, unsigned short, bool) const",0,3730496,.text,FUNCTION,RETAIL_ORIGINAL_SYMBOL
|static|,static.crs,named,3644,_ZNK3app4util7G2DUtil10GetPanePosEPKN2nw3lyt4PaneE,app::util::G2DUtil::GetPanePos(nw::lyt::Pane const*) const,0,3730600,.text,FUNCTION,RETAIL_ORIGINAL_SYMBOL
|static|,static.crs,named,3645,_ZNK3app4util7G2DUtil10GetPanePosEjj,"app::util::G2DUtil::GetPanePos(unsigned int, unsigned int) const",0,3730720,.text,FUNCTION,RETAIL_ORIGINAL_SYMBOL
|static|,static.crs,named,3646,_ZNK3app4util7G2DUtil11GetPaneRectEjj,"app::util::G2DUtil::GetPaneRect(unsigned int, unsigned int) const",0,3730840,.text,FUNCTION,RETAIL_ORIGINAL_SYMBOL
|static|,static.crs,named,3647,_ZNK3app4util7G2DUtil11IsTouchPaneEPN4gfl22ui10TouchPanelEjPN2nw3lyt4PaneE,"app::util::G2DUtil::IsTouchPane(gfl2::ui::TouchPanel*, unsigned int, nw::lyt::Pane*) const",0,3730932,.text,FUNCTION,RETAIL_ORIGINAL_SYMBOL
|static|,static.crs,named,3648,_ZNK3app4util7G2DUtil13GetLayoutWorkEj,app::util::G2DUtil::GetLayoutWork(unsigned int) const,0,3731004,.text,FUNCTION,RETAIL_ORIGINAL_SYMBOL
|static|,static.crs,named,3649,_ZNK3app4util7G2DUtil14GetPaneVisibleEPN2nw3lyt4PaneE,app::util::G2DUtil::GetPaneVisible(nw::lyt::Pane*) const,0,3731016,.text,FUNCTION,RETAIL_ORIGINAL_SYMBOL
|static|,static.crs,named,3650,_ZNK3app4util7G2DUtil14GetPaneVisibleEjj,"app::util::G2DUtil::GetPaneVisible(unsigned int, unsigned int) const",0,3731064,.text,FUNCTION,RETAIL_ORIGINAL_SYMBOL
|static|,static.crs,named,3651,_ZNK3app4util7G2DUtil15GetPaneLocalPosEPKN2nw3lyt4PaneE,app::util::G2DUtil::GetPaneLocalPos(nw::lyt::Pane const*) const,0,3731136,.text,FUNCTION,RETAIL_ORIGINAL_SYMBOL
|static|,static.crs,named,3652,_ZNK3app4util7G2DUtil15GetPaneLocalPosEjj,"app::util::G2DUtil::GetPaneLocalPos(unsigned int, unsigned int) const",0,3731160,.text,FUNCTION,RETAIL_ORIGINAL_SYMBOL
|static|,static.crs,named,3653,_ZNK3app4util7G2DUtil15IsPaneTouchHoldEjPN2nw3lyt4PaneE,"app::util::G2DUtil::IsPaneTouchHold(unsigned int, nw::lyt::Pane*) const",0,3731240,.text,FUNCTION,RETAIL_ORIGINAL_SYMBOL
|static|,static.crs,named,3654,_ZNK3app4util7G2DUtil7GetSizeEjj,"app::util::G2DUtil::GetSize(unsigned int, unsigned int) const",0,3731364,.text,FUNCTION,RETAIL_ORIGINAL_SYMBOL
|static|,static.crs,named,3655,_ZNK3app4util7G2DUtil8GetScaleEjjPN4gfl24math22ExtendedVectorTemplateINS3_33SpecializedExtendedVectorTemplateIN2nn4math4VEC2EEEEE,"app::util::G2DUtil::GetScale(unsigned int, unsigned int, gfl2::math::ExtendedVectorTemplate<gfl2::math::SpecializedExtendedVectorTemplate<nn::math::VEC2> >*) const",0,3731392,.text,FUNCTION,RETAIL_ORIGINAL_SYMBOL
|static|,static.crs,named,3656,_ZNK3app4util7G2DUtil9IsDrawingEv,app::util::G2DUtil::IsDrawing() const,0,3731428,.text,FUNCTION,RETAIL_ORIGINAL_SYMBOL
|static|,static.crs,named,3657,_ZN8Savedata12UnionPokemon10SetPokemonEPN3pml8pokepara12PokemonParamE,Savedata::UnionPokemon::SetPokemon(pml::pokepara::PokemonParam*),0,3734980,.text,FUNCTION,RETAIL_ORIGINAL_SYMBOL
|static|,static.crs,named,3658,_ZNK3pml8pokepara13EvolveManager16IsMegaEvolveItemE6MonsNot,"pml::pokepara::EvolveManager::IsMegaEvolveItem(MonsNo, unsigned short) const",0,3735004,.text,FUNCTION,RETAIL_ORIGINAL_SYMBOL
|static|,static.crs,named,3659,_ZNK3pml8pokepara13EvolveManager26GetEvolvedMonsNo_byLevelUpEPKNS0_9CoreParamEPKNS_9PokePartyEPKNS0_15EvolveSituationEPj,"pml::pokepara::EvolveManager::GetEvolvedMonsNo_byLevelUp(pml::pokepara::CoreParam const*, pml::PokeParty const*, pml::pokepara::EvolveSituation const*, unsigned int*) const",0,3736252,.text,FUNCTION,RETAIL_ORIGINAL_SYMBOL
|static|,static.crs,named,3660,_ZNK3pml8pokepara9CoreParam10GetGetBallEv,pml::pokepara::CoreParam::GetGetBall() const,0,3737900,.text,FUNCTION,RETAIL_ORIGINAL_SYMBOL
|static|,static.crs,named,3661,_ZNK3pml8pokepara9CoreParam13GetParentNameEPN4gfl23str6StrBufE,pml::pokepara::CoreParam::GetParentName(gfl2::str::StrBuf*) const,0,3737952,.text,FUNCTION,RETAIL_ORIGINAL_SYMBOL
|static|,static.crs,named,3662,_ZNK3pml8pokepara9CoreParam10HaveRibbonEj,pml::pokepara::CoreParam::HaveRibbon(unsigned int) const,0,3738176,.text,FUNCTION,RETAIL_ORIGINAL_SYMBOL
|static|,static.crs,named,3663,_ZNK3pml8pokepara9CoreParam13IsMegaEvolvedEv,pml::pokepara::CoreParam::IsMegaEvolved() const,0,3738356,.text,FUNCTION,RETAIL_ORIGINAL_SYMBOL
|static|,static.crs,named,3664,_ZNK3pml8pokepara9CoreParam11GetNickNameEPN4gfl23str6StrBufE,pml::pokepara::CoreParam::GetNickName(gfl2::str::StrBuf*) const,0,3738900,.text,FUNCTION,RETAIL_ORIGINAL_SYMBOL
|static|,static.crs,named,3665,_ZNK3pml8pokepara9CoreParam11GetNickNameEPwj,"pml::pokepara::CoreParam::GetNickName(wchar_t*, unsigned int) const",0,3739004,.text,FUNCTION,RETAIL_ORIGINAL_SYMBOL
|static|,static.crs,named,3666,_ZNK3pml8pokepara9CoreParam12GetTokuseiNoEv,pml::pokepara::CoreParam::GetTokuseiNo() const,0,3739656,.text,FUNCTION,RETAIL_ORIGINAL_SYMBOL
|static|,static.crs,named,3667,_ZNK3pml8pokepara9CoreParam12HaveNickNameEv,pml::pokepara::CoreParam::HaveNickName() const,0,3739724,.text,FUNCTION,RETAIL_ORIGINAL_SYMBOL
|static|,static.crs,named,3668,_ZNK3pml8pokepara9CoreParam14GetFamiliarityEv,pml::pokepara::CoreParam::GetFamiliarity() const,0,3740084,.text,FUNCTION,RETAIL_ORIGINAL_SYMBOL
|static|,static.crs,named,3669,_ZNK3pml8pokepara9CoreParam14GetPersonalRndEv,pml::pokepara::CoreParam::GetPersonalRnd() const,0,3740176,.text,FUNCTION,RETAIL_ORIGINAL_SYMBOL
|static|,static.crs,named,3670,_ZNK3pml8pokepara9CoreParam16GetEventPokeFlagEv,pml::pokepara::CoreParam::GetEventPokeFlag() const,0,3740300,.text,FUNCTION,RETAIL_ORIGINAL_SYMBOL
|static|,static.crs,named,3671,_ZNK3pml8pokepara9CoreParam16GetLumpingRibbonENS0_13LumpingRibbonE,pml::pokepara::CoreParam::GetLumpingRibbon(pml::pokepara::LumpingRibbon) const,0,3740676,.text,FUNCTION,RETAIL_ORIGINAL_SYMBOL
|static|,static.crs,named,3672,_ZNK3pml8pokepara9CoreParam16GetNadenadeValueEv,pml::pokepara::CoreParam::GetNadenadeValue() const,0,3740848,.text,FUNCTION,RETAIL_ORIGINAL_SYMBOL
|static|,static.crs,named,3673,_ZNK3pml8pokepara9CoreParam16GetWazaPPUpCountEh,pml::pokepara::CoreParam::GetWazaPPUpCount(unsigned char) const,0,3740960,.text,FUNCTION,RETAIL_ORIGINAL_SYMBOL
|static|,static.crs,named,3674,_ZNK3pml8pokepara9CoreParam18GetCassetteVersionEv,pml::pokepara::CoreParam::GetCassetteVersion() const,0,3741628,.text,FUNCTION,RETAIL_ORIGINAL_SYMBOL
|static|,static.crs,named,3675,_ZNK3pml8pokepara9CoreParam20GetResortEventStatusEv,pml::pokepara::CoreParam::GetResortEventStatus() const,0,3741948,.text,FUNCTION,RETAIL_ORIGINAL_SYMBOL
|static|,static.crs,named,3676,_ZNK3pml8pokepara9CoreParam22GetOriginalFamiliarityEv,pml::pokepara::CoreParam::GetOriginalFamiliarity() const,0,3742132,.text,FUNCTION,RETAIL_ORIGINAL_SYMBOL
|static|,static.crs,named,3677,_ZNK3pml8pokepara9CoreParam5GetIDEv,pml::pokepara::CoreParam::GetID() const,0,3742304,.text,FUNCTION,RETAIL_ORIGINAL_SYMBOL
|static|,static.crs,named,3678,_ZNK3pml8pokepara9CoreParam9GetWazaPPEh,pml::pokepara::CoreParam::GetWazaPP(unsigned char) const,0,3742356,.text,FUNCTION,RETAIL_ORIGINAL_SYMBOL
|static|,static.crs,named,3679,_ZNK3pml8pokepara9CoreParam6GetExpEv,pml::pokepara::CoreParam::GetExp() const,0,3742684,.text,FUNCTION,RETAIL_ORIGINAL_SYMBOL
|static|,static.crs,named,3680,_ZNK3pml8pokepara9CoreParam6GetSexEv,pml::pokepara::CoreParam::GetSex() const,0,3742780,.text,FUNCTION,RETAIL_ORIGINAL_SYMBOL
|static|,static.crs,named,3681,_ZNK3pml8pokepara9CoreParam7GetFeedEv,pml::pokepara::CoreParam::GetFeed() const,0,3742884,.text,FUNCTION,RETAIL_ORIGINAL_SYMBOL
|static|,static.crs,named,3682,_ZNK3pml8pokepara9CoreParam9GetFormNoEv,pml::pokepara::CoreParam::GetFormNo() const,0,3743472,.text,FUNCTION,RETAIL_ORIGINAL_SYMBOL
|static|,static.crs,named,3683,_ZNK3pml8pokepara9CoreParam9GetLangIdEv,pml::pokepara::CoreParam::GetLangId() const,0,3743572,.text,FUNCTION,RETAIL_ORIGINAL_SYMBOL
|static|,static.crs,named,3684,_ZNK3pml8pokepara9CoreParam10GetSeikakuEv,pml::pokepara::CoreParam::GetSeikaku() const,0,3743852,.text,FUNCTION,RETAIL_ORIGINAL_SYMBOL
|static|,static.crs,named,3685,_ZNK3pml8pokepara9CoreParam11EndFastModeEb,pml::pokepara::CoreParam::EndFastMode(bool) const,0,3743940,.text,FUNCTION,RETAIL_ORIGINAL_SYMBOL
|static|,static.crs,named,3686,_ZNK3pml8pokepara9CoreParam11GetDirtTypeEv,pml::pokepara::CoreParam::GetDirtType() const,0,3743984,.text,FUNCTION,RETAIL_ORIGINAL_SYMBOL
|static|,static.crs,named,3687,_ZNK3pml8pokepara9CoreParam11GetMemoriesENS0_8MemoriesE,pml::pokepara::CoreParam::GetMemories(pml::pokepara::Memories) const,0,3744120,.text,FUNCTION,RETAIL_ORIGINAL_SYMBOL
|static|,static.crs,named,3688,_ZNK3pml8pokepara9CoreParam12CheckDirtPosEh,pml::pokepara::CoreParam::CheckDirtPos(unsigned char) const,0,3744452,.text,FUNCTION,RETAIL_ORIGINAL_SYMBOL
|static|,static.crs,named,3689,_ZNK3pml8pokepara9CoreParam12GetParentSexEv,pml::pokepara::CoreParam::GetParentSex() const,0,3744692,.text,FUNCTION,RETAIL_ORIGINAL_SYMBOL
|static|,static.crs,named,3690,_ZNK3pml8pokepara9CoreParam12GetWazaCountEv,pml::pokepara::CoreParam::GetWazaCount() const,0,3744804,.text,FUNCTION,RETAIL_ORIGINAL_SYMBOL
|static|,static.crs,named,3691,_ZNK3pml8pokepara9CoreParam13CanMegaEvolveEv,pml::pokepara::CoreParam::CanMegaEvolve() const,0,3744868,.text,FUNCTION,RETAIL_ORIGINAL_SYMBOL
|static|,static.crs,named,3692,_ZNK3pml8pokepara9CoreParam13GetAllBoxMarkEPNS0_16BoxMarkContainerE,pml::pokepara::CoreParam::GetAllBoxMark(pml::pokepara::BoxMarkContainer*) const,0,3744924,.text,FUNCTION,RETAIL_ORIGINAL_SYMBOL
|static|,static.crs,named,3693,_ZNK3pml8pokepara9CoreParam13GetMezapaTypeEv,pml::pokepara::CoreParam::GetMezapaType() const,0,3744984,.text,FUNCTION,RETAIL_ORIGINAL_SYMBOL
|static|,static.crs,named,3694,_ZNK3pml8pokepara9CoreParam13StartFastModeEv,pml::pokepara::CoreParam::StartFastMode() const,0,3745116,.text,FUNCTION,RETAIL_ORIGINAL_SYMBOL
|static|,static.crs,named,3695,_ZNK3pml8pokepara9CoreParam14GetEffortPowerENS0_7PowerIDE,pml::pokepara::CoreParam::GetEffortPower(pml::pokepara::PowerID) const,0,3745160,.text,FUNCTION,RETAIL_ORIGINAL_SYMBOL
|static|,static.crs,named,3696,_ZNK3pml8pokepara9CoreParam14GetTalentPowerENS0_7PowerIDE,pml::pokepara::CoreParam::GetTalentPower(pml::pokepara::PowerID) const,0,3745300,.text,FUNCTION,RETAIL_ORIGINAL_SYMBOL
|static|,static.crs,named,3697,_ZNK3pml8pokepara9CoreParam14IsTrainingDoneENS0_7PowerIDE,pml::pokepara::CoreParam::IsTrainingDone(pml::pokepara::PowerID) const,0,3745496,.text,FUNCTION,RETAIL_ORIGINAL_SYMBOL
|static|,static.crs,named,3698,_ZNK3pml8pokepara12PokemonParam14Serialize_CoreEPv,pml::pokepara::PokemonParam::Serialize_Core(void*) const,0,3745572,.text,FUNCTION,RETAIL_ORIGINAL_SYMBOL
|static|,static.crs,named,3699,_ZNK3pml8pokepara9CoreParam14Serialize_CoreEPv,pml::pokepara::CoreParam::Serialize_Core(void*) const,0,3745576,.text,FUNCTION,RETAIL_ORIGINAL_SYMBOL
|static|,static.crs,named,3700,_ZNK3pml8pokepara9CoreParam15CanEvolveByItemEtP6MonsNoPj,"pml::pokepara::CoreParam::CanEvolveByItem(unsigned short, MonsNo*, unsigned int*) const",0,3745584,.text,FUNCTION,RETAIL_ORIGINAL_SYMBOL
|static|,static.crs,named,3701,_ZNK3pml8pokepara9CoreParam15GetTokuseiIndexEv,pml::pokepara::CoreParam::GetTokuseiIndex() const,0,3745664,.text,FUNCTION,RETAIL_ORIGINAL_SYMBOL
|static|,static.crs,named,3702,_ZNK3pml8pokepara9CoreParam15HavePokerusPastEv,pml::pokepara::CoreParam::HavePokerusPast() const,0,3745724,.text,FUNCTION,RETAIL_ORIGINAL_SYMBOL
|static|,static.crs,named,3703,_ZNK3pml8pokepara9CoreParam17HaveEvolutionRootEv,pml::pokepara::CoreParam::HaveEvolutionRoot() const,0,3745940,.text,FUNCTION,RETAIL_ORIGINAL_SYMBOL
|static|,static.crs,named,3704,_ZNK3pml8pokepara9CoreParam18HavePokerusJustNowEv,pml::pokepara::CoreParam::HavePokerusJustNow() const,0,3745992,.text,FUNCTION,RETAIL_ORIGINAL_SYMBOL
|static|,static.crs,named,3705,_ZN8PokeTool9nakayoshi13GetFriendshipEPKN3pml8pokepara9CoreParamEPKN8Savedata8MyStatusE,"PokeTool::nakayoshi::GetFriendship(pml::pokepara::CoreParam const*, Savedata::MyStatus const*)",0,3746016,.text,FUNCTION,RETAIL_ORIGINAL_SYMBOL
|static|,static.crs,named,3706,_ZNK3pml8pokepara9CoreParam19HavePokerusUntilNowEv,pml::pokepara::CoreParam::HavePokerusUntilNow() const,0,3746168,.text,FUNCTION,RETAIL_ORIGINAL_SYMBOL
|static|,static.crs,named,3707,_ZNK3pml8pokepara9CoreParam20GetNativeTalentPowerENS0_7PowerIDE,pml::pokepara::CoreParam::GetNativeTalentPower(pml::pokepara::PowerID) const,0,3746192,.text,FUNCTION,RETAIL_ORIGINAL_SYMBOL
|static|,static.crs,named,3708,_ZNK3pml8pokepara9CoreParam20GetTalentPowerMaxNumEv,pml::pokepara::CoreParam::GetTalentPowerMaxNum() const,0,3746332,.text,FUNCTION,RETAIL_ORIGINAL_SYMBOL
|static|,static.crs,named,3709,_ZNK3pml8pokepara9CoreParam21GetExpForCurrentLevelEv,pml::pokepara::CoreParam::GetExpForCurrentLevel() const,0,3746468,.text,FUNCTION,RETAIL_ORIGINAL_SYMBOL
|static|,static.crs,named,3710,_ZNK3pml8pokepara9CoreParam25GetNextFormNoFromHoldItemEt,pml::pokepara::CoreParam::GetNextFormNoFromHoldItem(unsigned short) const,0,3746756,.text,FUNCTION,RETAIL_ORIGINAL_SYMBOL
|static|,static.crs,named,3711,_ZNK3pml8pokepara9CoreParam5GetHpEv,pml::pokepara::CoreParam::GetHp() const,0,3746856,.text,FUNCTION,RETAIL_ORIGINAL_SYMBOL
|static|,static.crs,named,3712,_ZNK3pml8pokepara9CoreParam5IsEggENS0_12EggCheckTypeE,pml::pokepara::CoreParam::IsEgg(pml::pokepara::EggCheckType) const,0,3747148,.text,FUNCTION,RETAIL_ORIGINAL_SYMBOL
|static|,static.crs,named,3713,_ZNK3pml8pokepara9CoreParam6IsNullEv,pml::pokepara::CoreParam::IsNull() const,0,3747236,.text,FUNCTION,RETAIL_ORIGINAL_SYMBOL
|static|,static.crs,named,3714,_ZNK3pml8pokepara9CoreParam7GetItemEv,pml::pokepara::CoreParam::GetItem() const,0,3747264,.text,FUNCTION,RETAIL_ORIGINAL_SYMBOL
|static|,static.crs,named,3715,_ZNK3pml8pokepara9CoreParam7GetSickEv,pml::pokepara::CoreParam::GetSick() const,0,3747284,.text,FUNCTION,RETAIL_ORIGINAL_SYMBOL
|static|,static.crs,named,3716,_ZNK3pml8pokepara9CoreParam8GetMaxHpEv,pml::pokepara::CoreParam::GetMaxHp() const,0,3747304,.text,FUNCTION,RETAIL_ORIGINAL_SYMBOL
|static|,static.crs,named,3717,_ZNK3pml8pokepara9CoreParam8GetPowerENS0_7PowerIDE,pml::pokepara::CoreParam::GetPower(pml::pokepara::PowerID) const,0,3747460,.text,FUNCTION,RETAIL_ORIGINAL_SYMBOL
|static|,static.crs,named,3718,_ZNK3pml8pokepara9CoreParam8GetType1Ev,pml::pokepara::CoreParam::GetType1() const,0,3748340,.text,FUNCTION,RETAIL_ORIGINAL_SYMBOL
|static|,static.crs,named,3719,_ZNK3pml8pokepara9CoreParam8GetType2Ev,pml::pokepara::CoreParam::GetType2() const,0,3748488,.text,FUNCTION,RETAIL_ORIGINAL_SYMBOL
|static|,static.crs,named,3720,_ZNK3pml8pokepara9CoreParam8HaveSickEv,pml::pokepara::CoreParam::HaveSick() const,0,3748636,.text,FUNCTION,RETAIL_ORIGINAL_SYMBOL
|static|,static.crs,named,3721,_ZNK3pml8pokepara9CoreParam8HaveWazaE6WazaNo,pml::pokepara::CoreParam::HaveWaza(WazaNo) const,0,3748908,.text,FUNCTION,RETAIL_ORIGINAL_SYMBOL
|static|,static.crs,named,3722,_ZNK3pml8pokepara9CoreParam8IsHpZeroEv,pml::pokepara::CoreParam::IsHpZero() const,0,3748976,.text,FUNCTION,RETAIL_ORIGINAL_SYMBOL
|static|,static.crs,named,3723,_ZNK3pml8pokepara9CoreParam9CanEvolveEPKNS0_15EvolveSituationEPKNS_9PokePartyEP6MonsNoPj,"pml::pokepara::CoreParam::CanEvolve(pml::pokepara::EvolveSituation const*, pml::PokeParty const*, MonsNo*, unsigned int*) const",0,3749024,.text,FUNCTION,RETAIL_ORIGINAL_SYMBOL
|static|,static.crs,named,3724,_ZNK3pml8pokepara9CoreParam9CheckDirtEv,pml::pokepara::CoreParam::CheckDirt() const,0,3749128,.text,FUNCTION,RETAIL_ORIGINAL_SYMBOL
|static|,static.crs,named,3725,_ZNK3pml8pokepara9CoreParam9GetMonsNoEv,pml::pokepara::CoreParam::GetMonsNo() const,0,3749292,.text,FUNCTION,RETAIL_ORIGINAL_SYMBOL
|static|,static.crs,named,3726,_ZNK3pml8pokepara9CoreParam9GetWazaNoEh,pml::pokepara::CoreParam::GetWazaNo(unsigned char) const,0,3749432,.text,FUNCTION,RETAIL_ORIGINAL_SYMBOL
|static|,static.crs,named,3727,_ZN6NetApp4Live7LiveNet17SetupMyBattleInfoERK10RegulationRKN3pml9PokePartyE,"NetApp::Live::LiveNet::SetupMyBattleInfo(Regulation const&, pml::PokeParty const&)",0,3750252,.text,FUNCTION,RETAIL_ORIGINAL_SYMBOL
|static|,static.crs,named,3728,_ZNK3pml9PokeParty13SerializeCoreEPNS0_14SERIALIZE_DATAE,pml::PokeParty::SerializeCore(pml::PokeParty::SERIALIZE_DATA*) const,0,3750300,.text,FUNCTION,RETAIL_ORIGINAL_SYMBOL
|static|,static.crs,named,3729,_ZN10BattleInst10BattleInst16GetCommVsTrainerEPNS0_17CommSendVsTrainerE,BattleInst::BattleInst::GetCommVsTrainer(BattleInst::BattleInst::CommSendVsTrainer*),0,3750384,.text,FUNCTION,RETAIL_ORIGINAL_SYMBOL
|static|,static.crs,named,3730,_ZNK3pml9PokeParty14GetMemberCountEv,pml::PokeParty::GetMemberCount() const,0,3750700,.text,FUNCTION,RETAIL_ORIGINAL_SYMBOL
|static|,static.crs,named,3731,_ZNK3pml9PokeParty14GetMemberIndexEPKNS_8pokepara12PokemonParamE,pml::PokeParty::GetMemberIndex(pml::pokepara::PokemonParam const*) const,0,3750708,.text,FUNCTION,RETAIL_ORIGINAL_SYMBOL
|static|,static.crs,named,3732,_ZNK3pml9PokeParty15GetMarkingIndexEv,pml::PokeParty::GetMarkingIndex() const,0,3750812,.text,FUNCTION,RETAIL_ORIGINAL_SYMBOL
|static|,static.crs,named,3733,_ZNK3pml9PokeParty16GetMemberCountExENS0_9CountTypeE,pml::PokeParty::GetMemberCountEx(pml::PokeParty::CountType) const,0,3750860,.text,FUNCTION,RETAIL_ORIGINAL_SYMBOL
|static|,static.crs,named,3734,_ZNK3pml9PokeParty16GetMemberCountExENS0_9CountTypeEh,"pml::PokeParty::GetMemberCountEx(pml::PokeParty::CountType, unsigned char) const",0,3750916,.text,FUNCTION,RETAIL_ORIGINAL_SYMBOL
|static|,static.crs,named,3735,_ZNK3pml9PokeParty17CheckPokerusExistEv,pml::PokeParty::CheckPokerusExist() const,0,3751284,.text,FUNCTION,RETAIL_ORIGINAL_SYMBOL
|static|,static.crs,named,3736,_ZNK3pml9PokeParty21GetMemberPointerConstEj,pml::PokeParty::GetMemberPointerConst(unsigned int) const,0,3751604,.text,FUNCTION,RETAIL_ORIGINAL_SYMBOL
|static|,static.crs,named,3737,_ZNK3pml9PokeParty22SerializeToShortStructEPv,pml::PokeParty::SerializeToShortStruct(void*) const,0,3751644,.text,FUNCTION,RETAIL_ORIGINAL_SYMBOL
|static|,static.crs,named,3738,_ZNK3pml9PokeParty6IsFullEv,pml::PokeParty::IsFull() const,0,3751700,.text,FUNCTION,RETAIL_ORIGINAL_SYMBOL
|static|,static.crs,named,3739,_ZNK4gfl215renderingengine10scenegraph4Node15IsTransformTypeEv,gfl2::renderingengine::scenegraph::Node::IsTransformType() const,0,3751856,.text,FUNCTION,RETAIL_ORIGINAL_SYMBOL
|static|,static.crs,named,3740,_ZNK4gfl215renderingengine10scenegraph8NodeName11GetNodeNameEv,gfl2::renderingengine::scenegraph::NodeName::GetNodeName() const,0,3751864,.text,FUNCTION,RETAIL_ORIGINAL_SYMBOL
|static|,static.crs,named,3741,_ZNK4gfl215renderingengine10scenegraph8instance11DrawEnvNode17UpdateMaterialFogEPNS2_17ModelInstanceNodeE,gfl2::renderingengine::scenegraph::instance::DrawEnvNode::UpdateMaterialFog(gfl2::renderingengine::scenegraph::instance::ModelInstanceNode*) const,0,3751872,.text,FUNCTION,RETAIL_ORIGINAL_SYMBOL
|static|,static.crs,named,3742,_ZNK4gfl215renderingengine10scenegraph8instance17ModelInstanceNode15GetReferenceCntEv,gfl2::renderingengine::scenegraph::instance::ModelInstanceNode::GetReferenceCnt() const,0,3752108,.text,FUNCTION,RETAIL_ORIGINAL_SYMBOL
|static|,static.crs,named,3743,_ZNK4gfl215renderingengine8renderer4util17MakeBlurImagePath22GetDepthWrittenTextureEv,gfl2::renderingengine::renderer::util::MakeBlurImagePath::GetDepthWrittenTexture() const,0,3762116,.text,FUNCTION,RETAIL_ORIGINAL_SYMBOL
|static|,static.crs,named,3744,_ZNK4gfl215renderingengine8renderer4util22MakeReductionImagePath21GetDestinationTextureEv,gfl2::renderingengine::renderer::util::MakeReductionImagePath::GetDestinationTexture() const,0,3762124,.text,FUNCTION,RETAIL_ORIGINAL_SYMBOL
|static|,static.crs,named,3745,_ZNK4gfl22fs16AsyncFileManager10GetArcFileEj,gfl2::fs::AsyncFileManager::GetArcFile(unsigned int) const,0,3763592,.text,FUNCTION,RETAIL_ORIGINAL_SYMBOL
|static|,static.crs,named,3746,_ZNK4gfl22fs16AsyncFileManager16IsAllReqFinishedEv,gfl2::fs::AsyncFileManager::IsAllReqFinished() const,0,3764184,.text,FUNCTION,RETAIL_ORIGINAL_SYMBOL
|static|,static.crs,named,3747,_ZNK4gfl22fs16AsyncFileManager21IsArcFileOpenFinishedEj,gfl2::fs::AsyncFileManager::IsArcFileOpenFinished(unsigned int) const,0,3764764,.text,FUNCTION,RETAIL_ORIGINAL_SYMBOL
|static|,static.crs,named,3748,_ZNK4gfl22fs16AsyncFileManager22IsArcFileCloseFinishedEj,gfl2::fs::AsyncFileManager::IsArcFileCloseFinished(unsigned int) const,0,3765024,.text,FUNCTION,RETAIL_ORIGINAL_SYMBOL
|static|,static.crs,named,3749,_ZNK4gfl22fs16AsyncFileManager22IsFileEasyReadFinishedEPPv,gfl2::fs::AsyncFileManager::IsFileEasyReadFinished(void**) const,0,3765148,.text,FUNCTION,RETAIL_ORIGINAL_SYMBOL
|static|,static.crs,named,3750,_ZN3app4util12FileAccessor10IsFileLoadEPPv,app::util::FileAccessor::IsFileLoad(void**),0,3765512,.text,FUNCTION,RETAIL_ORIGINAL_SYMBOL
|static|,static.crs,named,3751,_ZNK4gfl22fs16AsyncFileManager25IsArcFileLoadDataFinishedEPPv,gfl2::fs::AsyncFileManager::IsArcFileLoadDataFinished(void**) const,0,3765540,.text,FUNCTION,RETAIL_ORIGINAL_SYMBOL
|static|,static.crs,named,3752,_ZNK4gfl22fs16AsyncFileManager33IsArcFileLoadDataPieceBufFinishedEPKv,gfl2::fs::AsyncFileManager::IsArcFileLoadDataPieceBufFinished(void const*) const,0,3765996,.text,FUNCTION,RETAIL_ORIGINAL_SYMBOL
|static|,static.crs,named,3753,_ZNK4gfl22fs17BinLinkerAccessor10GetDataMaxEv,gfl2::fs::BinLinkerAccessor::GetDataMax() const,0,3766168,.text,FUNCTION,RETAIL_ORIGINAL_SYMBOL
|static|,static.crs,named,3754,_ZNK4gfl22fs17BinLinkerAccessor11GetDataSizeEj,gfl2::fs::BinLinkerAccessor::GetDataSize(unsigned int) const,0,3766188,.text,FUNCTION,RETAIL_ORIGINAL_SYMBOL
|static|,static.crs,named,3755,_ZN3App3Box11BoxAppSetup18GetBinLinkReadBuffEi,App::Box::BoxAppSetup::GetBinLinkReadBuff(int),0,3766244,.text,FUNCTION,RETAIL_ORIGINAL_SYMBOL
|static|,static.crs,named,3756,_ZNK4gfl22fs17BinLinkerAccessor7GetDataEj,gfl2::fs::BinLinkerAccessor::GetData(unsigned int) const,0,3766284,.text,FUNCTION,RETAIL_ORIGINAL_SYMBOL
|static|,static.crs,named,3757,_ZNK4gfl22fs6Result9IsSuccessEv,gfl2::fs::Result::IsSuccess() const,0,3766996,.text,FUNCTION,RETAIL_ORIGINAL_SYMBOL
|static|,static.crs,named,3758,_ZNK4gfl22fs7ArcFile11GetDataSizeEPjjPNS_4heap11CtrHeapBaseE,"gfl2::fs::ArcFile::GetDataSize(unsigned int*, unsigned int, gfl2::heap::CtrHeapBase*) const",0,3767024,.text,FUNCTION,RETAIL_ORIGINAL_SYMBOL
|static|,static.crs,named,3759,_ZNK4gfl22fs7ArcFile12GetDataCountEPj,gfl2::fs::ArcFile::GetDataCount(unsigned int*) const,0,3767160,.text,FUNCTION,RETAIL_ORIGINAL_SYMBOL
|static|,static.crs,named,3760,_ZNK4gfl22fs7ArcFile14GetMaxDataSizeEPj,gfl2::fs::ArcFile::GetMaxDataSize(unsigned int*) const,0,3767212,.text,FUNCTION,RETAIL_ORIGINAL_SYMBOL
|static|,static.crs,named,3761,_ZNK4gfl22fs7ArcFile15GetRealDataSizeEPjjPNS_4heap11CtrHeapBaseE,"gfl2::fs::ArcFile::GetRealDataSize(unsigned int*, unsigned int, gfl2::heap::CtrHeapBase*) const",0,3767264,.text,FUNCTION,RETAIL_ORIGINAL_SYMBOL
|static|,static.crs,named,3762,_ZNK4gfl22fs7ArcFile23GetOffsetFromArchiveTopEPjj,"gfl2::fs::ArcFile::GetOffsetFromArchiveTop(unsigned int*, unsigned int) const",0,3767408,.text,FUNCTION,RETAIL_ORIGINAL_SYMBOL
|static|,static.crs,named,3763,_ZNK4gfl22ui10TouchPanel13IsTouchRepeatEv,gfl2::ui::TouchPanel::IsTouchRepeat() const,0,3768192,.text,FUNCTION,RETAIL_ORIGINAL_SYMBOL
|static|,static.crs,named,3764,_ZNK4gfl22ui10TouchPanel14IsTouchReleaseEv,gfl2::ui::TouchPanel::IsTouchRelease() const,0,3768224,.text,FUNCTION,RETAIL_ORIGINAL_SYMBOL
|static|,static.crs,named,3765,_ZNK4gfl22ui10TouchPanel14IsTouchTriggerEv,gfl2::ui::TouchPanel::IsTouchTrigger() const,0,3768240,.text,FUNCTION,RETAIL_ORIGINAL_SYMBOL
|static|,static.crs,named,3766,_ZNK4gfl22ui10TouchPanel4GetXEv,gfl2::ui::TouchPanel::GetX() const,0,3768652,.text,FUNCTION,RETAIL_ORIGINAL_SYMBOL
|static|,static.crs,named,3767,_ZNK4gfl22ui10TouchPanel4GetYEv,gfl2::ui::TouchPanel::GetY() const,0,3768668,.text,FUNCTION,RETAIL_ORIGINAL_SYMBOL
|static|,static.crs,named,3768,_ZNK4gfl22ui10TouchPanel5GetXYEPNS_4math22ExtendedVectorTemplateINS2_33SpecializedExtendedVectorTemplateIN2nn4math4VEC3EEEEE,gfl2::ui::TouchPanel::GetXY(gfl2::math::ExtendedVectorTemplate<gfl2::math::SpecializedExtendedVectorTemplate<nn::math::VEC3> >*) const,0,3768684,.text,FUNCTION,RETAIL_ORIGINAL_SYMBOL
|static|,static.crs,named,3769,_ZNK4gfl22ui10TouchPanel5GetXYEPtS2_,"gfl2::ui::TouchPanel::GetXY(unsigned short*, unsigned short*) const",0,3768744,.text,FUNCTION,RETAIL_ORIGINAL_SYMBOL
|static|,static.crs,named,3770,_ZNK3app2ui11UIResponder16IsHoldTouchPanelEv,app::ui::UIResponder::IsHoldTouchPanel() const,0,3768792,.text,FUNCTION,RETAIL_ORIGINAL_SYMBOL
|static|,static.crs,named,3771,_ZNK4gfl22ui10TouchPanel7IsTouchEv,gfl2::ui::TouchPanel::IsTouch() const,0,3768800,.text,FUNCTION,RETAIL_ORIGINAL_SYMBOL
|static|,static.crs,named,3772,_ZNK4gfl22ui10TouchPanel8GetPrevXEv,gfl2::ui::TouchPanel::GetPrevX() const,0,3768864,.text,FUNCTION,RETAIL_ORIGINAL_SYMBOL
|static|,static.crs,named,3773,_ZNK4gfl22ui10TouchPanel8GetPrevYEv,gfl2::ui::TouchPanel::GetPrevY() const,0,3768880,.text,FUNCTION,RETAIL_ORIGINAL_SYMBOL
|static|,static.crs,named,3774,_ZNK4gfl22ui12VectorDevice10GetTriggerEv,gfl2::ui::VectorDevice::GetTrigger() const,0,3769320,.text,FUNCTION,RETAIL_ORIGINAL_SYMBOL
|static|,static.crs,named,3775,_ZNK4gfl22ui12VectorDevice4GetXEv,gfl2::ui::VectorDevice::GetX() const,0,3769996,.text,FUNCTION,RETAIL_ORIGINAL_SYMBOL
|static|,static.crs,named,3776,_ZNK4gfl22ui12VectorDevice4GetYEv,gfl2::ui::VectorDevice::GetY() const,0,3770012,.text,FUNCTION,RETAIL_ORIGINAL_SYMBOL
|static|,static.crs,named,3777,_ZNK4gfl22ui12VectorDevice6IsHoldEj,gfl2::ui::VectorDevice::IsHold(unsigned int) const,0,3770116,.text,FUNCTION,RETAIL_ORIGINAL_SYMBOL
|static|,static.crs,named,3778,_ZNK4gfl22ui12VectorDevice8IsRepeatEj,gfl2::ui::VectorDevice::IsRepeat(unsigned int) const,0,3770160,.text,FUNCTION,RETAIL_ORIGINAL_SYMBOL
|static|,static.crs,named,3779,_ZNK4gfl22ui12VectorDevice9IsTriggerEj,gfl2::ui::VectorDevice::IsTrigger(unsigned int) const,0,3770196,.text,FUNCTION,RETAIL_ORIGINAL_SYMBOL
|static|,static.crs,named,3780,_ZNK4gfl22ui13DeviceManager11GetCrossKeyEh,gfl2::ui::DeviceManager::GetCrossKey(unsigned char) const,0,3770672,.text,FUNCTION,RETAIL_ORIGINAL_SYMBOL
|static|,static.crs,named,3781,_ZNK4gfl22ui13DeviceManager12GetGyroscopeEh,gfl2::ui::DeviceManager::GetGyroscope(unsigned char) const,0,3770720,.text,FUNCTION,RETAIL_ORIGINAL_SYMBOL
|static|,static.crs,named,3782,_ZNK4gfl22ui13DeviceManager13GetTouchPanelEh,gfl2::ui::DeviceManager::GetTouchPanel(unsigned char) const,0,3770764,.text,FUNCTION,RETAIL_ORIGINAL_SYMBOL
|static|,static.crs,named,3783,_ZNK4gfl22ui13DeviceManager16GetAccelerometerEh,gfl2::ui::DeviceManager::GetAccelerometer(unsigned char) const,0,3770808,.text,FUNCTION,RETAIL_ORIGINAL_SYMBOL
|static|,static.crs,named,3784,_ZNK4gfl22ui13DeviceManager8GetStickEh,gfl2::ui::DeviceManager::GetStick(unsigned char) const,0,3770852,.text,FUNCTION,RETAIL_ORIGINAL_SYMBOL
|static|,static.crs,named,3785,_ZNK4gfl22ui6Button7GetHoldENS1_12InputStateIDE,gfl2::ui::Button::GetHold(gfl2::ui::Button::InputStateID) const,0,3772168,.text,FUNCTION,RETAIL_ORIGINAL_SYMBOL
|static|,static.crs,named,3786,_ZNK4gfl22ui6Button8IsRepeatEjNS1_12InputStateIDE,"gfl2::ui::Button::IsRepeat(unsigned int, gfl2::ui::Button::InputStateID) const",0,3772224,.text,FUNCTION,RETAIL_ORIGINAL_SYMBOL
|static|,static.crs,named,3787,_ZNK4gfl22ui6Button9IsReleaseEjNS1_12InputStateIDE,"gfl2::ui::Button::IsRelease(unsigned int, gfl2::ui::Button::InputStateID) const",0,3772304,.text,FUNCTION,RETAIL_ORIGINAL_SYMBOL
|static|,static.crs,named,3788,_ZNK4gfl22ui6Button9IsTriggerEjNS1_12InputStateIDE,"gfl2::ui::Button::IsTrigger(unsigned int, gfl2::ui::Button::InputStateID) const",0,3772376,.text,FUNCTION,RETAIL_ORIGINAL_SYMBOL
|static|,static.crs,named,3789,_ZNK4gfl22ui9Gyroscope7IsValidEv,gfl2::ui::Gyroscope::IsValid() const,0,3772720,.text,FUNCTION,RETAIL_ORIGINAL_SYMBOL
|static|,static.crs,named,3790,_ZNK4gfl22ui9Gyroscope8GetAngleEv,gfl2::ui::Gyroscope::GetAngle() const,0,3772736,.text,FUNCTION,RETAIL_ORIGINAL_SYMBOL
|static|,static.crs,named,3791,_ZNK4gfl22ui9Gyroscope8GetSpeedEv,gfl2::ui::Gyroscope::GetSpeed() const,0,3772752,.text,FUNCTION,RETAIL_ORIGINAL_SYMBOL
|static|,static.crs,named,3792,_ZNK4gfl23lyt13LytMultiResID10GetMultiIDEv,gfl2::lyt::LytMultiResID::GetMultiID() const,0,3773316,.text,FUNCTION,RETAIL_ORIGINAL_SYMBOL
|static|,static.crs,named,3793,_ZNK3app4util7G2DUtil10GetHitPaneEjjttb,"app::util::G2DUtil::GetHitPane(unsigned int, unsigned int, unsigned short, unsigned short, bool) const",0,3773684,.text,FUNCTION,RETAIL_ORIGINAL_SYMBOL
|static|,static.crs,named,3794,_ZNK4gfl23lyt5LytWk10GetHitPaneEiiPN2nw3lyt4PaneE,"gfl2::lyt::LytWk::GetHitPane(int, int, nw::lyt::Pane*) const",0,3773816,.text,FUNCTION,RETAIL_ORIGINAL_SYMBOL
|static|,static.crs,named,3795,_ZNK4gfl23lyt5LytWk12GetPartsPaneEj,gfl2::lyt::LytWk::GetPartsPane(unsigned int) const,0,3773940,.text,FUNCTION,RETAIL_ORIGINAL_SYMBOL
|static|,static.crs,named,3796,_ZNK4gfl23lyt5LytWk14GetPicturePaneEj,gfl2::lyt::LytWk::GetPicturePane(unsigned int) const,0,3774004,.text,FUNCTION,RETAIL_ORIGINAL_SYMBOL
|static|,static.crs,named,3797,_ZNK4gfl23lyt5LytWk14GetTextBoxPaneEj,gfl2::lyt::LytWk::GetTextBoxPane(unsigned int) const,0,3774068,.text,FUNCTION,RETAIL_ORIGINAL_SYMBOL
|static|,static.crs,named,3798,_ZN3app4util13GetPaneHelper15GetBoundingPaneEj,app::util::GetPaneHelper::GetBoundingPane(unsigned int),0,3774076,.text,FUNCTION,RETAIL_ORIGINAL_SYMBOL
|static|,static.crs,named,3799,_ZNK4gfl23lyt5LytWk15GetBoundingPaneEj,gfl2::lyt::LytWk::GetBoundingPane(unsigned int) const,0,3774128,.text,FUNCTION,RETAIL_ORIGINAL_SYMBOL
|static|,static.crs,named,3800,_ZNK4gfl23lyt5LytWk7GetPaneEj,gfl2::lyt::LytWk::GetPane(unsigned int) const,0,3774192,.text,FUNCTION,RETAIL_ORIGINAL_SYMBOL
|static|,static.crs,named,3801,_ZNK4gfl23lyt6LytRes10GetTextureEjj,"gfl2::lyt::LytRes::GetTexture(unsigned int, unsigned int) const",0,3774224,.text,FUNCTION,RETAIL_ORIGINAL_SYMBOL
|static|,static.crs,named,3802,_ZNK4gfl23lyt6LytSys11GetResourceEPKNS0_13LytMultiResIDE,gfl2::lyt::LytSys::GetResource(gfl2::lyt::LytMultiResID const*) const,0,3774688,.text,FUNCTION,RETAIL_ORIGINAL_SYMBOL
|static|,static.crs,named,3803,_ZNK4gfl23lyt5LytWk10IsAnimeEndEj,gfl2::lyt::LytWk::IsAnimeEnd(unsigned int) const,0,3774768,.text,FUNCTION,RETAIL_ORIGINAL_SYMBOL
|static|,static.crs,named,3804,_ZNK4gfl23lyt5LytWk11IsBindAnimeEj,gfl2::lyt::LytWk::IsBindAnime(unsigned int) const,0,3775056,.text,FUNCTION,RETAIL_ORIGINAL_SYMBOL
|static|,static.crs,named,3805,_ZNK4gfl23lyt5LytWk12GetPartsPaneEPN2nw3lyt5PartsEjPKNS0_13LytMultiResIDE,"gfl2::lyt::LytWk::GetPartsPane(nw::lyt::Parts*, unsigned int, gfl2::lyt::LytMultiResID const*) const",0,3775128,.text,FUNCTION,RETAIL_ORIGINAL_SYMBOL
|static|,static.crs,named,3806,_ZNK4gfl23lyt5LytWk13GetWindowPaneEPN2nw3lyt5PartsEjPKNS0_13LytMultiResIDE,"gfl2::lyt::LytWk::GetWindowPane(nw::lyt::Parts*, unsigned int, gfl2::lyt::LytMultiResID const*) const",0,3775516,.text,FUNCTION,RETAIL_ORIGINAL_SYMBOL
|static|,static.crs,named,3807,_ZNK4gfl23lyt5LytWk13GetWindowPaneEj,gfl2::lyt::LytWk::GetWindowPane(unsigned int) const,0,3775708,.text,FUNCTION,RETAIL_ORIGINAL_SYMBOL
|static|,static.crs,named,3808,_ZNK4gfl23lyt5LytWk14GetPicturePaneEPN2nw3lyt5PartsEjPKNS0_13LytMultiResIDE,"gfl2::lyt::LytWk::GetPicturePane(nw::lyt::Parts*, unsigned int, gfl2::lyt::LytMultiResID const*) const",0,3775792,.text,FUNCTION,RETAIL_ORIGINAL_SYMBOL
|static|,static.crs,named,3809,_ZNK4gfl23lyt5LytWk14GetTextBoxPaneEPN2nw3lyt5PartsEjPKNS0_13LytMultiResIDE,"gfl2::lyt::LytWk::GetTextBoxPane(nw::lyt::Parts*, unsigned int, gfl2::lyt::LytMultiResID const*) const",0,3776060,.text,FUNCTION,RETAIL_ORIGINAL_SYMBOL
|static|,static.crs,named,3810,_ZNK4gfl23lyt5LytWk15GetBoundingPaneEPN2nw3lyt5PartsEjPKNS0_13LytMultiResIDE,"gfl2::lyt::LytWk::GetBoundingPane(nw::lyt::Parts*, unsigned int, gfl2::lyt::LytMultiResID const*) const",0,3776328,.text,FUNCTION,RETAIL_ORIGINAL_SYMBOL
|static|,static.crs,named,3811,_ZNK4gfl23lyt5LytWk16GetAnimeMaxFrameEj,gfl2::lyt::LytWk::GetAnimeMaxFrame(unsigned int) const,0,3776596,.text,FUNCTION,RETAIL_ORIGINAL_SYMBOL
|static|,static.crs,named,3812,_ZNK4gfl23lyt5LytWk13GetLayoutCoreEv,gfl2::lyt::LytWk::GetLayoutCore() const,0,3776828,.text,FUNCTION,RETAIL_ORIGINAL_SYMBOL
|static|,static.crs,named,3813,_ZNK4gfl23lyt5LytWk7GetPaneEPN2nw3lyt5PartsEjPKNS0_13LytMultiResIDE,"gfl2::lyt::LytWk::GetPane(nw::lyt::Parts*, unsigned int, gfl2::lyt::LytMultiResID const*) const",0,3776844,.text,FUNCTION,RETAIL_ORIGINAL_SYMBOL
|static|,static.crs,named,3814,_ZNK4gfl23lyt5LytWk11GetResourceEv,gfl2::lyt::LytWk::GetResource() const,0,3777180,.text,FUNCTION,RETAIL_ORIGINAL_SYMBOL
|static|,static.crs,named,3815,_ZNK4gfl23lyt5LytWk9IsDrawingEv,gfl2::lyt::LytWk::IsDrawing() const,0,3778452,.text,FUNCTION,RETAIL_ORIGINAL_SYMBOL
|static|,static.crs,named,3816,_ZNK4gfl23str6StrBuf6GetPtrEv,gfl2::str::StrBuf::GetPtr() const,0,3778476,.text,FUNCTION,RETAIL_ORIGINAL_SYMBOL
|static|,static.crs,named,3817,_ZN8Savedata17JoinFestaDataSave22SetJoinFestaNameStringEPN4gfl23str6StrBufE,Savedata::JoinFestaDataSave::SetJoinFestaNameString(gfl2::str::StrBuf*),0,3778524,.text,FUNCTION,RETAIL_ORIGINAL_SYMBOL
|static|,static.crs,named,3818,_ZNK4gfl23str6StrBuf6PutStrEPwj,"gfl2::str::StrBuf::PutStr(wchar_t*, unsigned int) const",0,3778548,.text,FUNCTION,RETAIL_ORIGINAL_SYMBOL
|static|,static.crs,named,3819,_ZNK4gfl23str6StrBuf7CompareERKS1_,gfl2::str::StrBuf::Compare(gfl2::str::StrBuf const&) const,0,3778668,.text,FUNCTION,RETAIL_ORIGINAL_SYMBOL
|static|,static.crs,named,3820,_ZNK4gfl23str6StrBuf7GetSizeEv,gfl2::str::StrBuf::GetSize() const,0,3778744,.text,FUNCTION,RETAIL_ORIGINAL_SYMBOL
|static|,static.crs,named,3821,_ZNK4gfl23str6StrBuf9GetLengthEv,gfl2::str::StrBuf::GetLength() const,0,3778792,.text,FUNCTION,RETAIL_ORIGINAL_SYMBOL
|static|,static.crs,named,3822,_ZNK4gfl23str6StrWin12GetPauseTypeEv,gfl2::str::StrWin::GetPauseType() const,0,3778840,.text,FUNCTION,RETAIL_ORIGINAL_SYMBOL
|static|,static.crs,named,3823,_ZNK4gfl23str7MsgData11GetStrCountEv,gfl2::str::MsgData::GetStrCount() const,0,3778936,.text,FUNCTION,RETAIL_ORIGINAL_SYMBOL
|static|,static.crs,named,3824,_ZNK4gfl24heap11GflHeapBase22CalcAllocateAdjustSizeEi,gfl2::heap::GflHeapBase::CalcAllocateAdjustSize(int) const,0,3779220,.text,FUNCTION,RETAIL_ORIGINAL_SYMBOL
|static|,static.crs,named,3825,_ZNK4gfl24proc7Manager25GetBaseProcessInitializedEv,gfl2::proc::Manager::GetBaseProcessInitialized() const,0,3782724,.text,FUNCTION,RETAIL_ORIGINAL_SYMBOL
|static|,static.crs,named,3826,_ZNK4gfl26system4Date13GetParametersEv,gfl2::system::Date::GetParameters() const,0,3783740,.text,FUNCTION,RETAIL_ORIGINAL_SYMBOL
|static|,static.crs,named,3827,_ZNK7poke_3d5model9BaseModel16IsFinishInterestEv,poke_3d::model::BaseModel::IsFinishInterest() const,0,3784404,.text,FUNCTION,RETAIL_ORIGINAL_SYMBOL
|static|,static.crs,named,3828,_ZNK4item9ITEM_DATA8GetParamENS0_11ITEM_PRM_IDE,item::ITEM_DATA::GetParam(item::ITEM_DATA::ITEM_PRM_ID) const,0,3785216,.text,FUNCTION,RETAIL_ORIGINAL_SYMBOL
|static|,static.crs,named,3829,_ZNK5Field11FieldScript10SystemWork8CheckBitENS0_17SCR_END_CHECK_BITE,Field::FieldScript::SystemWork::CheckBit(Field::FieldScript::SCR_END_CHECK_BIT) const,0,3788508,.text,FUNCTION,RETAIL_ORIGINAL_SYMBOL
|static|,static.crs,named,3830,_ZNK5Field11FieldScript17FieldScriptSystem15GetScriptObjectEv,Field::FieldScript::FieldScriptSystem::GetScriptObject() const,0,3788528,.text,FUNCTION,RETAIL_ORIGINAL_SYMBOL
|static|,static.crs,named,3831,_ZNK5Field11FieldScript17FieldScriptSystem18IsMsgUpdateFuncEndEv,Field::FieldScript::FieldScriptSystem::IsMsgUpdateFuncEnd() const,0,3788576,.text,FUNCTION,RETAIL_ORIGINAL_SYMBOL
|static|,static.crs,named,3832,_ZNK5Field11FieldScript17FieldScriptSystem22IsReserveScriptSettingEv,Field::FieldScript::FieldScriptSystem::IsReserveScriptSetting() const,0,3788660,.text,FUNCTION,RETAIL_ORIGINAL_SYMBOL
|static|,static.crs,named,3833,_ZNK5Field11FieldScript17FieldScriptSystem24IsTerrainBlockControlSetEv,Field::FieldScript::FieldScriptSystem::IsTerrainBlockControlSet() const,0,3788680,.text,FUNCTION,RETAIL_ORIGINAL_SYMBOL
|static|,static.crs,named,3834,_ZNK5Field11FieldScript17FieldScriptSystem30GetTerrainBlockControlPositionEPN4gfl24math7Vector3E,Field::FieldScript::FieldScriptSystem::GetTerrainBlockControlPosition(gfl2::math::Vector3*) const,0,3788688,.text,FUNCTION,RETAIL_ORIGINAL_SYMBOL
|static|,static.crs,named,3835,_ZNK5Field11FieldScript17FieldScriptSystem9IsCreatedEv,Field::FieldScript::FieldScriptSystem::IsCreated() const,0,3788716,.text,FUNCTION,RETAIL_ORIGINAL_SYMBOL
|static|,static.crs,named,3836,_ZNK5Field13PokemonSearch12DataAccessor22GetSymbolEncountDataIDEj,Field::PokemonSearch::DataAccessor::GetSymbolEncountDataID(unsigned int) const,0,3789356,.text,FUNCTION,RETAIL_ORIGINAL_SYMBOL
|static|,static.crs,named,3837,_ZNK5Field13PokemonSearch12DataAccessor22GetSymbolEncountDataIDEv,Field::PokemonSearch::DataAccessor::GetSymbolEncountDataID() const,0,3789568,.text,FUNCTION,RETAIL_ORIGINAL_SYMBOL
|static|,static.crs,named,3838,_ZNK5Field14ZoneDataLoader10GetZoneNumEv,Field::ZoneDataLoader::GetZoneNum() const,0,3789616,.text,FUNCTION,RETAIL_ORIGINAL_SYMBOL
|static|,static.crs,named,3839,_ZNK5Field14ZoneDataLoader11GetZoneDataEt,Field::ZoneDataLoader::GetZoneData(unsigned short) const,0,3789644,.text,FUNCTION,RETAIL_ORIGINAL_SYMBOL
|static|,static.crs,named,3840,_ZNK5Field14ZoneDataLoader18CheckEncountNGZoneEtPKNS_9EventWorkE,"Field::ZoneDataLoader::CheckEncountNGZone(unsigned short, Field::EventWork const*) const",0,3790036,.text,FUNCTION,RETAIL_ORIGINAL_SYMBOL
|static|,static.crs,named,3841,_ZNK5Field16ZoneDataAccessor12GetGimmickIDEv,Field::ZoneDataAccessor::GetGimmickID() const,0,3790268,.text,FUNCTION,RETAIL_ORIGINAL_SYMBOL
|static|,static.crs,named,3842,_ZNK5Field16ZoneDataAccessor13IsTownmapModeEv,Field::ZoneDataAccessor::IsTownmapMode() const,0,3790372,.text,FUNCTION,RETAIL_ORIGINAL_SYMBOL
|static|,static.crs,named,3843,_ZNK5Field16ZoneDataAccessor14GetIslandIndexEv,Field::ZoneDataAccessor::GetIslandIndex() const,0,3790432,.text,FUNCTION,RETAIL_ORIGINAL_SYMBOL
|static|,static.crs,named,3844,_ZNK5Field16ZoneDataAccessor14IsReverbEnableEv,Field::ZoneDataAccessor::IsReverbEnable() const,0,3790544,.text,FUNCTION,RETAIL_ORIGINAL_SYMBOL
|static|,static.crs,named,3845,_ZNK5Field16ZoneDataAccessor14IsSkyboxEnableEv,Field::ZoneDataAccessor::IsSkyboxEnable() const,0,3790604,.text,FUNCTION,RETAIL_ORIGINAL_SYMBOL
|static|,static.crs,named,3846,_ZNK5Field16ZoneDataAccessor15GetPlaceLabelIDEv,Field::ZoneDataAccessor::GetPlaceLabelID() const,0,3790716,.text,FUNCTION,RETAIL_ORIGINAL_SYMBOL
|static|,static.crs,named,3847,_ZNK5Field16ZoneDataAccessor15GetWeatherTableEv,Field::ZoneDataAccessor::GetWeatherTable() const,0,3790768,.text,FUNCTION,RETAIL_ORIGINAL_SYMBOL
|static|,static.crs,named,3848,_ZNK5Field16ZoneDataAccessor16GetMapChangeTypeEv,Field::ZoneDataAccessor::GetMapChangeType() const,0,3790936,.text,FUNCTION,RETAIL_ORIGINAL_SYMBOL
|static|,static.crs,named,3849,_ZNK5Field16ZoneDataAccessor16IsSubscreenSleepEv,Field::ZoneDataAccessor::IsSubscreenSleep() const,0,3791148,.text,FUNCTION,RETAIL_ORIGINAL_SYMBOL
|static|,static.crs,named,3850,_ZNK5Field16ZoneDataAccessor18GetWeatherEnvIndexEv,Field::ZoneDataAccessor::GetWeatherEnvIndex() const,0,3791268,.text,FUNCTION,RETAIL_ORIGINAL_SYMBOL
|static|,static.crs,named,3851,_ZNK5Field16ZoneDataAccessor19GetEnvironmentIndexEv,Field::ZoneDataAccessor::GetEnvironmentIndex() const,0,3791380,.text,FUNCTION,RETAIL_ORIGINAL_SYMBOL
|static|,static.crs,named,3852,_ZNK5Field16ZoneDataAccessor19GetSubscreenMapTypeEv,Field::ZoneDataAccessor::GetSubscreenMapType() const,0,3791432,.text,FUNCTION,RETAIL_ORIGINAL_SYMBOL
|static|,static.crs,named,3853,_ZNK5Field16ZoneDataAccessor19IsPokeRideFlyEnableEv,Field::ZoneDataAccessor::IsPokeRideFlyEnable() const,0,3791484,.text,FUNCTION,RETAIL_ORIGINAL_SYMBOL
|static|,static.crs,named,3854,_ZNK5Field16ZoneDataAccessor19IsPokeRideRunEnableEv,Field::ZoneDataAccessor::IsPokeRideRunEnable() const,0,3791544,.text,FUNCTION,RETAIL_ORIGINAL_SYMBOL
|static|,static.crs,named,3855,_ZNK5Field16ZoneDataAccessor21GetCameraDefaultIndexEv,Field::ZoneDataAccessor::GetCameraDefaultIndex() const,0,3791600,.text,FUNCTION,RETAIL_ORIGINAL_SYMBOL
|static|,static.crs,named,3856,_ZNK5Field16ZoneDataAccessor22GetTownmapBasisPosZoneEv,Field::ZoneDataAccessor::GetTownmapBasisPosZone() const,0,3791652,.text,FUNCTION,RETAIL_ORIGINAL_SYMBOL
|static|,static.crs,named,3857,_ZNK5Field16ZoneDataAccessor25GetAttributeBgNearPatternEv,Field::ZoneDataAccessor::GetAttributeBgNearPattern() const,0,3791704,.text,FUNCTION,RETAIL_ORIGINAL_SYMBOL
|static|,static.crs,named,3858,_ZNK5Field16ZoneDataAccessor25IsMoveModelDrawNumControlEv,Field::ZoneDataAccessor::IsMoveModelDrawNumControl() const,0,3791756,.text,FUNCTION,RETAIL_ORIGINAL_SYMBOL
|static|,static.crs,named,3859,_ZNK5Field16ZoneDataAccessor25IsSubscreenOutsideMapModeEv,Field::ZoneDataAccessor::IsSubscreenOutsideMapMode() const,0,3791816,.text,FUNCTION,RETAIL_ORIGINAL_SYMBOL
|static|,static.crs,named,3860,_ZNK5Field16ZoneDataAccessor26GetSubscreenBasisPositionXEv,Field::ZoneDataAccessor::GetSubscreenBasisPositionX() const,0,3791876,.text,FUNCTION,RETAIL_ORIGINAL_SYMBOL
|static|,static.crs,named,3861,_ZNK5Field16ZoneDataAccessor26GetSubscreenBasisPositionZEv,Field::ZoneDataAccessor::GetSubscreenBasisPositionZ() const,0,3791928,.text,FUNCTION,RETAIL_ORIGINAL_SYMBOL
|static|,static.crs,named,3862,_ZNK5Field16ZoneDataAccessor27IsDispLowPriorityForTrafficEv,Field::ZoneDataAccessor::IsDispLowPriorityForTraffic() const,0,3791980,.text,FUNCTION,RETAIL_ORIGINAL_SYMBOL
|static|,static.crs,named,3863,_ZNK5Field16ZoneDataAccessor28GetCameraSupportDefaultIndexEv,Field::ZoneDataAccessor::GetCameraSupportDefaultIndex() const,0,3792040,.text,FUNCTION,RETAIL_ORIGINAL_SYMBOL
|static|,static.crs,named,3864,_ZNK5Field17FieldBerryManager10ExistBerryEPKNS_23FieldBerryPointAccessor14BerryPointDataE,Field::FieldBerryManager::ExistBerry(Field::FieldBerryPointAccessor::BerryPointData const*) const,0,3792092,.text,FUNCTION,RETAIL_ORIGINAL_SYMBOL
|static|,static.crs,named,3865,_ZNK5Field17FieldBerryManager13GetLottedDataEPKNS_23FieldBerryPointAccessor14BerryPointDataEPNS_20FieldBerryLottedDataE,"Field::FieldBerryManager::GetLottedData(Field::FieldBerryPointAccessor::BerryPointData const*, Field::FieldBerryLottedData*) const",0,3792208,.text,FUNCTION,RETAIL_ORIGINAL_SYMBOL
|static|,static.crs,named,3866,_ZNK5Field17FieldBerryManager13GetVisualDescEbPNS0_10VisualDescE,"Field::FieldBerryManager::GetVisualDesc(bool, Field::FieldBerryManager::VisualDesc*) const",0,3792536,.text,FUNCTION,RETAIL_ORIGINAL_SYMBOL
|static|,static.crs,named,3867,_ZNK5Field5World10GetWorldIDEv,Field::World::GetWorldID() const,0,3793288,.text,FUNCTION,RETAIL_ORIGINAL_SYMBOL
|static|,static.crs,named,3868,_ZNK5Field5World10GetZoneNumEv,Field::World::GetZoneNum() const,0,3793296,.text,FUNCTION,RETAIL_ORIGINAL_SYMBOL
|static|,static.crs,named,3869,_ZNK5Field5World11GetZoneInfoEj,Field::World::GetZoneInfo(unsigned int) const,0,3793304,.text,FUNCTION,RETAIL_ORIGINAL_SYMBOL
|static|,static.crs,named,3870,_ZNK5Field5World12GetWorldInfoEv,Field::World::GetWorldInfo() const,0,3793360,.text,FUNCTION,RETAIL_ORIGINAL_SYMBOL
|static|,static.crs,named,3871,_ZNK5Field5World13GetIDZoneInfoEt,Field::World::GetIDZoneInfo(unsigned short) const,0,3793368,.text,FUNCTION,RETAIL_ORIGINAL_SYMBOL
|static|,static.crs,named,3872,_ZNK5Field5World13IsHitZoneInfoERKN4gfl24math7Vector3Ei,"Field::World::IsHitZoneInfo(gfl2::math::Vector3 const&, int) const",0,3793552,.text,FUNCTION,RETAIL_ORIGINAL_SYMBOL
|static|,static.crs,named,3873,_ZNK5Field5World18GetZoneIndexInAreaEt,Field::World::GetZoneIndexInArea(unsigned short) const,0,3793788,.text,FUNCTION,RETAIL_ORIGINAL_SYMBOL
|static|,static.crs,named,3874,_ZNK5Field7Encount11EncountWork17GetNowEncountProbEPKNS0_15ENCPROB_PATTERNE,Field::Encount::EncountWork::GetNowEncountProb(Field::Encount::ENCPROB_PATTERN const*) const,0,3794324,.text,FUNCTION,RETAIL_ORIGINAL_SYMBOL
|static|,static.crs,named,3875,_ZNK5Field7Encount13EncountEffect13IsInitializedEv,Field::Encount::EncountEffect::IsInitialized() const,0,3794436,.text,FUNCTION,RETAIL_ORIGINAL_SYMBOL
|static|,static.crs,named,3876,_ZNK5Field7Encount13EncountEffect18IsNeedFieldCaptureEv,Field::Encount::EncountEffect::IsNeedFieldCapture() const,0,3794588,.text,FUNCTION,RETAIL_ORIGINAL_SYMBOL
|static|,static.crs,named,3877,_ZNK5Field7Encount7PokeSet16GetFirstMonsInfoERKNS0_12ENCOUNT_DATAEP6MonsNoPh,"Field::Encount::PokeSet::GetFirstMonsInfo(Field::Encount::ENCOUNT_DATA const&, MonsNo*, unsigned char*) const",0,3795044,.text,FUNCTION,RETAIL_ORIGINAL_SYMBOL
|static|,static.crs,named,3878,_ZNK5Field7Encount7PokeSet17GetBattleEffectIdEv,Field::Encount::PokeSet::GetBattleEffectId() const,0,3795132,.text,FUNCTION,RETAIL_ORIGINAL_SYMBOL
|static|,static.crs,named,3879,_ZNK5Field7Encount7PokeSet22GetTopMonsEncountParamEv,Field::Encount::PokeSet::GetTopMonsEncountParam() const,0,3795904,.text,FUNCTION,RETAIL_ORIGINAL_SYMBOL
|static|,static.crs,named,3880,_ZNK5Field9EventList13EventListData15GetCurrentIndexEv,Field::EventList::EventListData::GetCurrentIndex() const,0,3796564,.text,FUNCTION,RETAIL_ORIGINAL_SYMBOL
|static|,static.crs,named,3881,_ZNK5Field9EventList13EventListData20GetDetailInfoCurrentEv,Field::EventList::EventListData::GetDetailInfoCurrent() const,0,3796812,.text,FUNCTION,RETAIL_ORIGINAL_SYMBOL
|static|,static.crs,named,3882,_ZNK5Field9EventList13EventListData21GetDetailFieldCurrentEv,Field::EventList::EventListData::GetDetailFieldCurrent() const,0,3796836,.text,FUNCTION,RETAIL_ORIGINAL_SYMBOL
|static|,static.crs,named,3883,_ZNK5Field9EventList20EventListDataManager11GetMainListEj,Field::EventList::EventListDataManager::GetMainList(unsigned int) const,0,3796864,.text,FUNCTION,RETAIL_ORIGINAL_SYMBOL
|static|,static.crs,named,3884,_ZNK5Field9EventList20EventListDataManager21GetTargetIndexForMainEv,Field::EventList::EventListDataManager::GetTargetIndexForMain() const,0,3796928,.text,FUNCTION,RETAIL_ORIGINAL_SYMBOL
|static|,static.crs,named,3885,_ZNK5Field9EventWork14CheckEventFlagEt,Field::EventWork::CheckEventFlag(unsigned short) const,0,3797084,.text,FUNCTION,RETAIL_ORIGINAL_SYMBOL
|static|,static.crs,named,3886,_ZNK5Field9EventWork16GetEventWorkAdrsEt,Field::EventWork::GetEventWorkAdrs(unsigned short) const,0,3797236,.text,FUNCTION,RETAIL_ORIGINAL_SYMBOL
|static|,static.crs,named,3887,_ZNK5Field9MoveModel14FieldMoveModel13CheckStateBitENS0_22FieldMoveModelStateBitE,Field::MoveModel::FieldMoveModel::CheckStateBit(Field::MoveModel::FieldMoveModelStateBit) const,0,3797372,.text,FUNCTION,RETAIL_ORIGINAL_SYMBOL
|static|,static.crs,named,3888,_ZNK5Field9MoveModel20FieldMoveModelPlayer11IsMoveStateEv,Field::MoveModel::FieldMoveModelPlayer::IsMoveState() const,0,3798136,.text,FUNCTION,RETAIL_ORIGINAL_SYMBOL
|static|,static.crs,named,3889,_ZNK5Field9MoveModel20FieldMoveModelPlayer21IsMuurandoSearchStateEv,Field::MoveModel::FieldMoveModelPlayer::IsMuurandoSearchState() const,0,3798176,.text,FUNCTION,RETAIL_ORIGINAL_SYMBOL
|static|,static.crs,named,3890,_ZNK5Field9MoveModel27FieldMoveModelShadowManager15GetEffectShadowEj,Field::MoveModel::FieldMoveModelShadowManager::GetEffectShadow(unsigned int) const,0,3799424,.text,FUNCTION,RETAIL_ORIGINAL_SYMBOL
|static|,static.crs,named,3891,_ZNK5Field9MoveModel27FieldMoveModelShadowManager19GetEffectShadowFootEv,Field::MoveModel::FieldMoveModelShadowManager::GetEffectShadowFoot() const,0,3799444,.text,FUNCTION,RETAIL_ORIGINAL_SYMBOL
|static|,static.crs,named,3892,_ZNK5Field9MoveModel31FieldMoveModelAreaCharaAccessor10GetDataNumEv,Field::MoveModel::FieldMoveModelAreaCharaAccessor::GetDataNum() const,0,3799540,.text,FUNCTION,RETAIL_ORIGINAL_SYMBOL
|static|,static.crs,named,3893,_ZNK5Field9MoveModel31FieldMoveModelAreaCharaAccessor14GetCharacterIDEj,Field::MoveModel::FieldMoveModelAreaCharaAccessor::GetCharacterID(unsigned int) const,0,3799560,.text,FUNCTION,RETAIL_ORIGINAL_SYMBOL
|static|,static.crs,named,3894,_ZNK5Field9MoveModel31FieldMoveModelAreaCharaAccessor20GetCharacterResourceEj,Field::MoveModel::FieldMoveModelAreaCharaAccessor::GetCharacterResource(unsigned int) const,0,3799756,.text,FUNCTION,RETAIL_ORIGINAL_SYMBOL
|static|,static.crs,named,3895,_ZNK5print14HangulComposer18GetCompositionCharEv,print::HangulComposer::GetCompositionChar() const,0,3808052,.text,FUNCTION,RETAIL_ORIGINAL_SYMBOL
|static|,static.crs,named,3896,_ZNK5print14HangulComposer18HasCompositionCharEv,print::HangulComposer::HasCompositionChar() const,0,3808076,.text,FUNCTION,RETAIL_ORIGINAL_SYMBOL
|static|,static.crs,named,3897,_ZNK6NetApp4Live7LiveNet16GetClientID_MineEv,NetApp::Live::LiveNet::GetClientID_Mine() const,0,3811940,.text,FUNCTION,RETAIL_ORIGINAL_SYMBOL
|static|,static.crs,named,3898,_ZNK6NetApp4Live7LiveNet20GetClientID_OpponentEv,NetApp::Live::LiveNet::GetClientID_Opponent() const,0,3811956,.text,FUNCTION,RETAIL_ORIGINAL_SYMBOL
|static|,static.crs,named,3899,_ZNK6NetApp4Live7LiveNet20GetMyStatus_OpponentEv,NetApp::Live::LiveNet::GetMyStatus_Opponent() const,0,3811960,.text,FUNCTION,RETAIL_ORIGINAL_SYMBOL
|static|,static.crs,named,3900,_ZNK6NetApp9Evolution9APP_PARAM12IsForgotWazaEv,NetApp::Evolution::APP_PARAM::IsForgotWaza() const,0,3812000,.text,FUNCTION,RETAIL_ORIGINAL_SYMBOL
|static|,static.crs,named,3901,_ZNK6NetApp9Evolution9APP_PARAM14IsForgetCancelEv,NetApp::Evolution::APP_PARAM::IsForgetCancel() const,0,3812028,.text,FUNCTION,RETAIL_ORIGINAL_SYMBOL
|static|,static.crs,named,3902,_ZNK6NetApp9Evolution9APP_PARAM17IsAbandonedForgetEv,NetApp::Evolution::APP_PARAM::IsAbandonedForget() const,0,3812064,.text,FUNCTION,RETAIL_ORIGINAL_SYMBOL
|static|,static.crs,named,3903,_ZNK6NetLib10Validation17PokemonValidation12IsConnectingEv,NetLib::Validation::PokemonValidation::IsConnecting() const,0,3812100,.text,FUNCTION,RETAIL_ORIGINAL_SYMBOL
|static|,static.crs,named,3904,_ZNK6NetApp4Live7LiveNet16GetMyStatus_MineEv,NetApp::Live::LiveNet::GetMyStatus_Mine() const,0,3812128,.text,FUNCTION,RETAIL_ORIGINAL_SYMBOL
|static|,static.crs,named,3905,_ZNK6NetLib3P2P20P2pConnectionManager11GetMyStatusEi,NetLib::P2P::P2pConnectionManager::GetMyStatus(int) const,0,3812188,.text,FUNCTION,RETAIL_ORIGINAL_SYMBOL
|static|,static.crs,named,3906,_ZNK6NetLib3P2P20P2pConnectionManager12GetPokePartyEi,NetLib::P2P::P2pConnectionManager::GetPokeParty(int) const,0,3812216,.text,FUNCTION,RETAIL_ORIGINAL_SYMBOL
|static|,static.crs,named,3907,_ZN6NetApp3NBR6NBRNet6IsWifiEv,NetApp::NBR::NBRNet::IsWifi(),0,3812416,.text,FUNCTION,RETAIL_ORIGINAL_SYMBOL
|static|,static.crs,named,3908,_ZNK6NetLib3P2P20P2pConnectionManager8GetNetIDEv,NetLib::P2P::P2pConnectionManager::GetNetID() const,0,3812488,.text,FUNCTION,RETAIL_ORIGINAL_SYMBOL
|static|,static.crs,named,3909,_ZNK6NetLib3Pgl12PGLConnector12IsConnectingEv,NetLib::Pgl::PGLConnector::IsConnecting() const,0,3812508,.text,FUNCTION,RETAIL_ORIGINAL_SYMBOL
|static|,static.crs,named,3910,_ZNK6NetLib4Wifi17WifiConnectRunner14GetNexUniqueIdEv,NetLib::Wifi::WifiConnectRunner::GetNexUniqueId() const,0,3812536,.text,FUNCTION,RETAIL_ORIGINAL_SYMBOL
|static|,static.crs,named,3911,_ZNK6NetLib4Wifi17WifiConnectRunner23IsNeedDisconnectProcessEv,NetLib::Wifi::WifiConnectRunner::IsNeedDisconnectProcess() const,0,3812552,.text,FUNCTION,RETAIL_ORIGINAL_SYMBOL
|static|,static.crs,named,3912,_ZNK6NetLib4Wifi19SubscriptionManager17CanOpenAttractionEv,NetLib::Wifi::SubscriptionManager::CanOpenAttraction() const,0,3812588,.text,FUNCTION,RETAIL_ORIGINAL_SYMBOL
|static|,static.crs,named,3913,_ZNK6NetLib4Wifi19SubscriptionManager33GetOpenAttractionPreviousWaitTimeEv,NetLib::Wifi::SubscriptionManager::GetOpenAttractionPreviousWaitTime() const,0,3812620,.text,FUNCTION,RETAIL_ORIGINAL_SYMBOL
|static|,static.crs,named,3914,_ZNK6NetLib5Error23NijiNetworkErrorManager12IsFatalErrorEv,NetLib::Error::NijiNetworkErrorManager::IsFatalError() const,0,3812644,.text,FUNCTION,RETAIL_ORIGINAL_SYMBOL
|static|,static.crs,named,3915,_ZNK6NetLib5Error23NijiNetworkErrorManager13IsSessionLeftEv,NetLib::Error::NijiNetworkErrorManager::IsSessionLeft() const,0,3812684,.text,FUNCTION,RETAIL_ORIGINAL_SYMBOL
|static|,static.crs,named,3916,_ZNK6NetLib5Error23NijiNetworkErrorManager7IsErrorEv,NetLib::Error::NijiNetworkErrorManager::IsError() const,0,3812744,.text,FUNCTION,RETAIL_ORIGINAL_SYMBOL
|static|,static.crs,named,3917,_ZNK6NetLib8Delivery15DeliveryManager13IsInitializedEv,NetLib::Delivery::DeliveryManager::IsInitialized() const,0,3812768,.text,FUNCTION,RETAIL_ORIGINAL_SYMBOL
|static|,static.crs,named,3918,_ZNK6System10MotionBlur16IsEndColorFilterEv,System::MotionBlur::IsEndColorFilter() const,0,3812944,.text,FUNCTION,RETAIL_ORIGINAL_SYMBOL
|static|,static.crs,named,3919,_ZNK6System10MotionBlur17IsEndBlendControlEv,System::MotionBlur::IsEndBlendControl() const,0,3812984,.text,FUNCTION,RETAIL_ORIGINAL_SYMBOL
|static|,static.crs,named,3920,_ZNK6System11EnvAccessor17IsAnimationSmoothENS0_12AnimationBitE,System::EnvAccessor::IsAnimationSmooth(System::EnvAccessor::AnimationBit) const,0,3813024,.text,FUNCTION,RETAIL_ORIGINAL_SYMBOL
|static|,static.crs,named,3921,_ZNK6System3CTR15RegionNameCache13GetRegionNameERN2nn3cfg3CTR15SimpleAddressIdE,System::CTR::RegionNameCache::GetRegionName(nn::cfg::CTR::SimpleAddressId&) const,0,3813116,.text,FUNCTION,RETAIL_ORIGINAL_SYMBOL
|static|,static.crs,named,3922,_ZNK6System3CTR16CountryNameCache14GetCountryNameEN2nn3cfg3CTR14CfgCountryCodeE,System::CTR::CountryNameCache::GetCountryName(nn::cfg::CTR::CfgCountryCode) const,0,3813308,.text,FUNCTION,RETAIL_ORIGINAL_SYMBOL
|static|,static.crs,named,3923,_ZNK6System3CTR16CountryNameCache20GetUnkownCountryNameEv,System::CTR::CountryNameCache::GetUnkownCountryName() const,0,3813332,.text,FUNCTION,RETAIL_ORIGINAL_SYMBOL
|static|,static.crs,named,3924,_ZNK6System6Camera19CModelViewerInFrame16IsModelOnDisplayEv,System::Camera::CModelViewerInFrame::IsModelOnDisplay() const,0,3813344,.text,FUNCTION,RETAIL_ORIGINAL_SYMBOL
|static|,static.crs,named,3925,_ZNK6System6Skybox6Skybox13IsEnablePartsENS1_9PartsTypeE,System::Skybox::Skybox::IsEnableParts(System::Skybox::Skybox::PartsType) const,0,3813504,.text,FUNCTION,RETAIL_ORIGINAL_SYMBOL
|static|,static.crs,named,3926,_ZNK6System6Skybox6Skybox16IsCreateResourceEv,System::Skybox::Skybox::IsCreateResource() const,0,3813616,.text,FUNCTION,RETAIL_ORIGINAL_SYMBOL
|static|,static.crs,named,3927,_ZNK6System6Skybox6Skybox8IsEnableEv,System::Skybox::Skybox::IsEnable() const,0,3813632,.text,FUNCTION,RETAIL_ORIGINAL_SYMBOL
|static|,static.crs,named,3928,_ZNK6System6Skybox6Skybox14GetSunPositionEv,System::Skybox::Skybox::GetSunPosition() const,0,3813640,.text,FUNCTION,RETAIL_ORIGINAL_SYMBOL
|static|,static.crs,named,3929,_ZNK6applib5frame7Manager25GetBaseProcessInitializedEv,applib::frame::Manager::GetBaseProcessInitialized() const,0,3813800,.text,FUNCTION,RETAIL_ORIGINAL_SYMBOL
|static|,static.crs,named,3930,_ZNK7GameSys11GameManager19GetAsyncFileManagerEv,GameSys::GameManager::GetAsyncFileManager() const,0,3813920,.text,FUNCTION,RETAIL_ORIGINAL_SYMBOL
|static|,static.crs,named,3931,_ZNK7GameSys11GameManager20GetNijiExtSaveSystemEv,GameSys::GameManager::GetNijiExtSaveSystem() const,0,3813936,.text,FUNCTION,RETAIL_ORIGINAL_SYMBOL
|static|,static.crs,named,3932,_ZNK7GameSys11GameManager21GetBufferClearSettingEN4gfl23gfx12CtrDisplayNoEPNS0_20BUFFER_CLEAR_SETTINGE,"GameSys::GameManager::GetBufferClearSetting(gfl2::gfx::CtrDisplayNo, GameSys::GameManager::BUFFER_CLEAR_SETTING*) const",0,3813952,.text,FUNCTION,RETAIL_ORIGINAL_SYMBOL
|static|,static.crs,named,3933,_ZNK7GameSys11GameManager22GetDrawingLytWkManagerEv,GameSys::GameManager::GetDrawingLytWkManager() const,0,3814040,.text,FUNCTION,RETAIL_ORIGINAL_SYMBOL
|static|,static.crs,named,3934,_ZNK7GameSys16GameEventManager8IsExistsEv,GameSys::GameEventManager::IsExists() const,0,3814060,.text,FUNCTION,RETAIL_ORIGINAL_SYMBOL
|static|,static.crs,named,3935,_ZNK7GameSys8GameData12GetNowZoneIDEv,GameSys::GameData::GetNowZoneID() const,0,3814096,.text,FUNCTION,RETAIL_ORIGINAL_SYMBOL
|static|,static.crs,named,3936,_ZNK7GameSys9AlolaTime7GetHourEv,GameSys::AlolaTime::GetHour() const,0,3814196,.text,FUNCTION,RETAIL_ORIGINAL_SYMBOL
|static|,static.crs,named,3937,_ZNK7GameSys9AlolaTime9GetMinuteEv,GameSys::AlolaTime::GetMinute() const,0,3814272,.text,FUNCTION,RETAIL_ORIGINAL_SYMBOL
|static|,static.crs,named,3938,_ZNK7GameSys9AlolaTime9GetSecondEv,GameSys::AlolaTime::GetSecond() const,0,3814348,.text,FUNCTION,RETAIL_ORIGINAL_SYMBOL
|static|,static.crs,named,3939,_ZNK7gflnet23nex10NexManager22GetAuthenticationTokenEv,gflnet2::nex::NexManager::GetAuthenticationToken() const,0,3814576,.text,FUNCTION,RETAIL_ORIGINAL_SYMBOL
|static|,static.crs,named,3940,_ZNK7gflnet23nex16NexRankingClient12IsConnectingEv,gflnet2::nex::NexRankingClient::IsConnecting() const,0,3814688,.text,FUNCTION,RETAIL_ORIGINAL_SYMBOL
|static|,static.crs,named,3941,_ZNK7gflnet23nex18NexDataStoreClient12IsConnectingEv,gflnet2::nex::NexDataStoreClient::IsConnecting() const,0,3814696,.text,FUNCTION,RETAIL_ORIGINAL_SYMBOL
|static|,static.crs,named,3942,_ZNK7gflnet23nex20NexMatchMakingClient12IsConnectingEv,gflnet2::nex::NexMatchMakingClient::IsConnecting() const,0,3814736,.text,FUNCTION,RETAIL_ORIGINAL_SYMBOL
|static|,static.crs,named,3943,_ZNK7gflnet24boss11BossManager15IsRunningThreadEv,gflnet2::boss::BossManager::IsRunningThread() const,0,3814816,.text,FUNCTION,RETAIL_ORIGINAL_SYMBOL
|static|,static.crs,named,3944,_ZNK7poke_3d5model10BaseCamera11GetPositionEb,poke_3d::model::BaseCamera::GetPosition(bool) const,0,3814884,.text,FUNCTION,RETAIL_ORIGINAL_SYMBOL
|static|,static.crs,named,3945,_ZNK7poke_3d5model10BaseCamera11GetRotationEv,poke_3d::model::BaseCamera::GetRotation() const,0,3815408,.text,FUNCTION,RETAIL_ORIGINAL_SYMBOL
|static|,static.crs,named,3946,_ZNK7poke_3d5model10BaseCamera11IsAnimationEv,poke_3d::model::BaseCamera::IsAnimation() const,0,3815424,.text,FUNCTION,RETAIL_ORIGINAL_SYMBOL
|static|,static.crs,named,3947,_ZNK7poke_3d5model10BaseCamera13GetFrameCountEv,poke_3d::model::BaseCamera::GetFrameCount() const,0,3815440,.text,FUNCTION,RETAIL_ORIGINAL_SYMBOL
|static|,static.crs,named,3948,_ZNK7poke_3d5model10BaseCamera13GetViewMatrixEv,poke_3d::model::BaseCamera::GetViewMatrix() const,0,3815448,.text,FUNCTION,RETAIL_ORIGINAL_SYMBOL
|static|,static.crs,named,3949,_ZNK7poke_3d5model10BaseCamera14GetAspectRatioEb,poke_3d::model::BaseCamera::GetAspectRatio(bool) const,0,3816488,.text,FUNCTION,RETAIL_ORIGINAL_SYMBOL
|static|,static.crs,named,3950,_ZNK7poke_3d5model10BaseCamera15GetRotationQuatEb,poke_3d::model::BaseCamera::GetRotationQuat(bool) const,0,3816692,.text,FUNCTION,RETAIL_ORIGINAL_SYMBOL
|static|,static.crs,named,3951,_ZNK7poke_3d5model10BaseCamera15IsAnimationLoopEv,poke_3d::model::BaseCamera::IsAnimationLoop() const,0,3817220,.text,FUNCTION,RETAIL_ORIGINAL_SYMBOL
|static|,static.crs,named,3952,_ZNK7poke_3d5model10BaseCamera17GetAnimationFrameEv,poke_3d::model::BaseCamera::GetAnimationFrame() const,0,3817236,.text,FUNCTION,RETAIL_ORIGINAL_SYMBOL
|static|,static.crs,named,3953,_ZNK7poke_3d5model10BaseCamera17GetTargetPositionEv,poke_3d::model::BaseCamera::GetTargetPosition() const,0,3817244,.text,FUNCTION,RETAIL_ORIGINAL_SYMBOL
|static|,static.crs,named,3954,_ZNK7poke_3d5model10BaseCamera19GetProjectionMatrixEv,poke_3d::model::BaseCamera::GetProjectionMatrix() const,0,3817272,.text,FUNCTION,RETAIL_ORIGINAL_SYMBOL
|static|,static.crs,named,3955,_ZNK7poke_3d5model10BaseCamera20IsAnimationLastFrameEv,poke_3d::model::BaseCamera::IsAnimationLastFrame() const,0,3817696,.text,FUNCTION,RETAIL_ORIGINAL_SYMBOL
|static|,static.crs,named,3956,_ZNK7poke_3d5model10BaseCamera6GetFarEb,poke_3d::model::BaseCamera::GetFar(bool) const,0,3817728,.text,FUNCTION,RETAIL_ORIGINAL_SYMBOL
|static|,static.crs,named,3957,_ZNK7poke_3d5model10BaseCamera7GetFovyEb,poke_3d::model::BaseCamera::GetFovy(bool) const,0,3817932,.text,FUNCTION,RETAIL_ORIGINAL_SYMBOL
|static|,static.crs,named,3958,_ZNK7poke_3d5model10BaseCamera7GetNearEb,poke_3d::model::BaseCamera::GetNear(bool) const,0,3818136,.text,FUNCTION,RETAIL_ORIGINAL_SYMBOL
|static|,static.crs,named,3959,_ZN3app4tool16CharaSimpleModel6GetEyeEv,app::tool::CharaSimpleModel::GetEye(),0,3818340,.text,FUNCTION,RETAIL_ORIGINAL_SYMBOL
|static|,static.crs,named,3960,_ZNK7poke_3d5model10CharaModel12IsFinishNeckEv,poke_3d::model::CharaModel::IsFinishNeck() const,0,3818416,.text,FUNCTION,RETAIL_ORIGINAL_SYMBOL
|static|,static.crs,named,3961,_ZNK7poke_3d5model10CharaModel13GetMouthIndexEv,poke_3d::model::CharaModel::GetMouthIndex() const,0,3818440,.text,FUNCTION,RETAIL_ORIGINAL_SYMBOL
|static|,static.crs,named,3962,_ZN7poke_3d5model17CharaModelFactory13IsModelLoadedEj,poke_3d::model::CharaModelFactory::IsModelLoaded(unsigned int),0,3820704,.text,FUNCTION,RETAIL_ORIGINAL_SYMBOL
|static|,static.crs,named,3963,_ZNK7poke_3d5model17CharaModelFactory14CanUnloadModelEj,poke_3d::model::CharaModelFactory::CanUnloadModel(unsigned int) const,0,3820840,.text,FUNCTION,RETAIL_ORIGINAL_SYMBOL
|static|,static.crs,named,3964,_ZN7poke_3d5model17CharaModelFactory24IsDynamicAnimationLoadedEj,poke_3d::model::CharaModelFactory::IsDynamicAnimationLoaded(unsigned int),0,3821164,.text,FUNCTION,RETAIL_ORIGINAL_SYMBOL
|static|,static.crs,named,3965,_ZNK7poke_3d5model17CharaModelFactory18GetApplicationDataEj,poke_3d::model::CharaModelFactory::GetApplicationData(unsigned int) const,0,3821280,.text,FUNCTION,RETAIL_ORIGINAL_SYMBOL
|static|,static.crs,named,3966,_ZNK7poke_3d5model27DressUpModelResourceManager21CanUnloadDressUpPartsERKNS0_12DressUpParamE,poke_3d::model::DressUpModelResourceManager::CanUnloadDressUpParts(poke_3d::model::DressUpParam const&) const,0,3821388,.text,FUNCTION,RETAIL_ORIGINAL_SYMBOL
|static|,static.crs,named,3967,_ZNK7poke_3d5model31DressUpModelResourceManagerCore19GetDressUpItemIndexENS0_12DressUpParam12ItemCategoryEjj,"poke_3d::model::DressUpModelResourceManagerCore::GetDressUpItemIndex(poke_3d::model::DressUpParam::ItemCategory, unsigned int, unsigned int) const",0,3821456,.text,FUNCTION,RETAIL_ORIGINAL_SYMBOL
|static|,static.crs,named,3968,_ZNK7poke_3d5model31DressUpModelResourceManagerCore20GetDressUpColorIndexENS0_12DressUpParam12ItemCategoryEi,"poke_3d::model::DressUpModelResourceManagerCore::GetDressUpColorIndex(poke_3d::model::DressUpParam::ItemCategory, int) const",0,3821836,.text,FUNCTION,RETAIL_ORIGINAL_SYMBOL
|static|,static.crs,named,3969,_ZNK7poke_3d5model31DressUpModelResourceManagerCore20GetDressUpPartsIndexENS0_12DressUpParam12ItemCategoryEi,"poke_3d::model::DressUpModelResourceManagerCore::GetDressUpPartsIndex(poke_3d::model::DressUpParam::ItemCategory, int) const",0,3822040,.text,FUNCTION,RETAIL_ORIGINAL_SYMBOL
|static|,static.crs,named,3970,_ZNK7poke_3d5model31DressUpModelResourceManagerCore26IsDressUpPartsColorEnabledENS0_12DressUpParam12ItemCategoryEjj,"poke_3d::model::DressUpModelResourceManagerCore::IsDressUpPartsColorEnabled(poke_3d::model::DressUpParam::ItemCategory, unsigned int, unsigned int) const",0,3822624,.text,FUNCTION,RETAIL_ORIGINAL_SYMBOL
|static|,static.crs,named,3971,_ZNK7poke_3d5model9BaseModel11GetPositionEv,poke_3d::model::BaseModel::GetPosition() const,0,3822772,.text,FUNCTION,RETAIL_ORIGINAL_SYMBOL
|static|,static.crs,named,3972,_ZNK7poke_3d5model9BaseModel11GetRotationEv,poke_3d::model::BaseModel::GetRotation() const,0,3822784,.text,FUNCTION,RETAIL_ORIGINAL_SYMBOL
|static|,static.crs,named,3973,_ZNK7poke_3d5model9BaseModel12GetMeshCountEv,poke_3d::model::BaseModel::GetMeshCount() const,0,3822800,.text,FUNCTION,RETAIL_ORIGINAL_SYMBOL
|static|,static.crs,named,3974,_ZN7poke_3d5model12PokemonModel12GetWalkSpeedEf,poke_3d::model::PokemonModel::GetWalkSpeed(float),0,3822812,.text,FUNCTION,RETAIL_ORIGINAL_SYMBOL
|static|,static.crs,named,3975,_ZNK7poke_3d5model9BaseModel12GetWalkSpeedEf,poke_3d::model::BaseModel::GetWalkSpeed(float) const,0,3822816,.text,FUNCTION,RETAIL_ORIGINAL_SYMBOL
|static|,static.crs,named,3976,_ZNK7poke_3d5model9BaseModel13GetJointCountEv,poke_3d::model::BaseModel::GetJointCount() const,0,3822824,.text,FUNCTION,RETAIL_ORIGINAL_SYMBOL
|static|,static.crs,named,3977,_ZNK7poke_3d5model9BaseModel13GetJointIndexEPKc,poke_3d::model::BaseModel::GetJointIndex(char const*) const,0,3822852,.text,FUNCTION,RETAIL_ORIGINAL_SYMBOL
|static|,static.crs,named,3978,_ZN3app4tool16CharaSimpleModel16GetMotionAnimeIdEv,app::tool::CharaSimpleModel::GetMotionAnimeId(),0,3823016,.text,FUNCTION,RETAIL_ORIGINAL_SYMBOL
|static|,static.crs,named,3979,_ZNK7poke_3d5model9BaseModel14GetAnimationIdEjNS1_12AnimationBitE,"poke_3d::model::BaseModel::GetAnimationId(unsigned int, poke_3d::model::BaseModel::AnimationBit) const",0,3823112,.text,FUNCTION,RETAIL_ORIGINAL_SYMBOL
|static|,static.crs,named,3980,_ZNK7poke_3d5model9BaseModel15GetInterestTypeEj,poke_3d::model::BaseModel::GetInterestType(unsigned int) const,0,3823188,.text,FUNCTION,RETAIL_ORIGINAL_SYMBOL
|static|,static.crs,named,3981,_ZNK7poke_3d5model9BaseModel15GetRotationQuatEv,poke_3d::model::BaseModel::GetRotationQuat() const,0,3823220,.text,FUNCTION,RETAIL_ORIGINAL_SYMBOL
|static|,static.crs,named,3982,_ZNK7poke_3d5model9BaseModel15IsAnimationLoopEjNS1_12AnimationBitE,"poke_3d::model::BaseModel::IsAnimationLoop(unsigned int, poke_3d::model::BaseModel::AnimationBit) const",0,3823232,.text,FUNCTION,RETAIL_ORIGINAL_SYMBOL
|static|,static.crs,named,3983,_ZNK7poke_3d5model9BaseModel16GetMaterialCountEv,poke_3d::model::BaseModel::GetMaterialCount() const,0,3823296,.text,FUNCTION,RETAIL_ORIGINAL_SYMBOL
|static|,static.crs,named,3984,_ZNK7poke_3d5model9BaseModel16GetMaterialIndexEPKc,poke_3d::model::BaseModel::GetMaterialIndex(char const*) const,0,3823308,.text,FUNCTION,RETAIL_ORIGINAL_SYMBOL
|static|,static.crs,named,3985,_ZNK7poke_3d5model9BaseModel17GetAnimationFrameEjNS1_12AnimationBitE,"poke_3d::model::BaseModel::GetAnimationFrame(unsigned int, poke_3d::model::BaseModel::AnimationBit) const",0,3823548,.text,FUNCTION,RETAIL_ORIGINAL_SYMBOL
|static|,static.crs,named,3986,_ZNK7poke_3d5model9BaseModel17IsAnimationInterpEjNS1_12AnimationBitE,"poke_3d::model::BaseModel::IsAnimationInterp(unsigned int, poke_3d::model::BaseModel::AnimationBit) const",0,3823616,.text,FUNCTION,RETAIL_ORIGINAL_SYMBOL
|static|,static.crs,named,3987,_ZNK7poke_3d5model9BaseModel19GetJointWorldMatrixEi,poke_3d::model::BaseModel::GetJointWorldMatrix(int) const,0,3823680,.text,FUNCTION,RETAIL_ORIGINAL_SYMBOL
|static|,static.crs,named,3988,_ZNK7poke_3d5model9BaseModel20GetAnimationEndFrameEjNS1_12AnimationBitE,"poke_3d::model::BaseModel::GetAnimationEndFrame(unsigned int, poke_3d::model::BaseModel::AnimationBit) const",0,3823732,.text,FUNCTION,RETAIL_ORIGINAL_SYMBOL
|static|,static.crs,named,3989,_ZNK7poke_3d5model9BaseModel20IsAnimationLastFrameEjNS1_12AnimationBitE,"poke_3d::model::BaseModel::IsAnimationLastFrame(unsigned int, poke_3d::model::BaseModel::AnimationBit) const",0,3823800,.text,FUNCTION,RETAIL_ORIGINAL_SYMBOL
|static|,static.crs,named,3990,_ZNK7poke_3d5model9BaseModel21GetAnimationStepFrameEjNS1_12AnimationBitE,"poke_3d::model::BaseModel::GetAnimationStepFrame(unsigned int, poke_3d::model::BaseModel::AnimationBit) const",0,3823864,.text,FUNCTION,RETAIL_ORIGINAL_SYMBOL
|static|,static.crs,named,3991,_ZNK7poke_3d5model9BaseModel21GetInterestJointCountEv,poke_3d::model::BaseModel::GetInterestJointCount() const,0,3823932,.text,FUNCTION,RETAIL_ORIGINAL_SYMBOL
|static|,static.crs,named,3992,_ZNK7poke_3d5model9BaseModel21GetJointWorldPositionEi,poke_3d::model::BaseModel::GetJointWorldPosition(int) const,0,3823944,.text,FUNCTION,RETAIL_ORIGINAL_SYMBOL
|static|,static.crs,named,3993,_ZNK7poke_3d5model9BaseModel22HasAnimationControllerEv,poke_3d::model::BaseModel::HasAnimationController() const,0,3824032,.text,FUNCTION,RETAIL_ORIGINAL_SYMBOL
|static|,static.crs,named,3994,_ZNK7poke_3d5model9BaseModel24GetAnimationResourceNodeEjNS1_12AnimationBitE,"poke_3d::model::BaseModel::GetAnimationResourceNode(unsigned int, poke_3d::model::BaseModel::AnimationBit) const",0,3824048,.text,FUNCTION,RETAIL_ORIGINAL_SYMBOL
|static|,static.crs,named,3995,_ZNK7poke_3d5model9BaseModel24GetInterestLimitAngleLowEj,poke_3d::model::BaseModel::GetInterestLimitAngleLow(unsigned int) const,0,3824112,.text,FUNCTION,RETAIL_ORIGINAL_SYMBOL
|static|,static.crs,named,3996,_ZNK7poke_3d5model9BaseModel24GetMaterialColorConstantEii,"poke_3d::model::BaseModel::GetMaterialColorConstant(int, int) const",0,3824140,.text,FUNCTION,RETAIL_ORIGINAL_SYMBOL
|static|,static.crs,named,3997,_ZNK7poke_3d5model9BaseModel25GetInterestLimitAngleHighEj,poke_3d::model::BaseModel::GetInterestLimitAngleHigh(unsigned int) const,0,3824208,.text,FUNCTION,RETAIL_ORIGINAL_SYMBOL
|static|,static.crs,named,3998,_ZNK7poke_3d5model9BaseModel28GetMaterialDepthTestFunctionEi,poke_3d::model::BaseModel::GetMaterialDepthTestFunction(int) const,0,3824364,.text,FUNCTION,RETAIL_ORIGINAL_SYMBOL
|static|,static.crs,named,3999,_ZNK7poke_3d5model9BaseModel29GetAnimationDefaultBlendFrameEjjNS1_12AnimationBitE,"poke_3d::model::BaseModel::GetAnimationDefaultBlendFrame(unsigned int, unsigned int, poke_3d::model::BaseModel::AnimationBit) const",0,3824560,.text,FUNCTION,RETAIL_ORIGINAL_SYMBOL
|static|,static.crs,named,4000,_ZNK7poke_3d5model9BaseModel8GetScaleEv,poke_3d::model::BaseModel::GetScale() const,0,3824884,.text,FUNCTION,RETAIL_ORIGINAL_SYMBOL
|static|,static.crs,named,4001,_ZNK7poke_3d5model9BaseModel9IsCreatedEv,poke_3d::model::BaseModel::IsCreated() const,0,3824896,.text,FUNCTION,RETAIL_ORIGINAL_SYMBOL
|static|,static.crs,named,4002,_ZNK7poke_3d8renderer15BloomRenderPath9IsCreatedEv,poke_3d::renderer::BloomRenderPath::IsCreated() const,0,3824924,.text,FUNCTION,RETAIL_ORIGINAL_SYMBOL
|static|,static.crs,named,4003,_ZNK7trainer15TrainerTypeData20GetBattleMainModelIDEv,trainer::TrainerTypeData::GetBattleMainModelID() const,0,3827212,.text,FUNCTION,RETAIL_ORIGINAL_SYMBOL
|static|,static.crs,named,4004,_ZNK7trainer15TrainerTypeData6GetSexEv,trainer::TrainerTypeData::GetSex() const,0,3827220,.text,FUNCTION,RETAIL_ORIGINAL_SYMBOL
|static|,static.crs,named,4005,_ZNK7trainer15TrainerTypeData8GetEyeSEEv,trainer::TrainerTypeData::GetEyeSE() const,0,3827232,.text,FUNCTION,RETAIL_ORIGINAL_SYMBOL
|static|,static.crs,named,4006,_ZNK7trainer15TrainerTypeData9GetEyeBGMEv,trainer::TrainerTypeData::GetEyeBGM() const,0,3827240,.text,FUNCTION,RETAIL_ORIGINAL_SYMBOL
|static|,static.crs,named,4007,_ZNK8PokeTool10ExtendData12GetStyleTypeERKNS_11SimpleParamE,PokeTool::ExtendData::GetStyleType(PokeTool::SimpleParam const&) const,0,3827608,.text,FUNCTION,RETAIL_ORIGINAL_SYMBOL
|static|,static.crs,named,4008,_ZNK8PokeTool10ExtendData13GetTableIndexE6MonsNoh,"PokeTool::ExtendData::GetTableIndex(MonsNo, unsigned char) const",0,3827736,.text,FUNCTION,RETAIL_ORIGINAL_SYMBOL
|static|,static.crs,named,4009,_ZNK8PokeTool10ExtendData14GetLocalNumberEjNS0_9LocalAreaE,"PokeTool::ExtendData::GetLocalNumber(unsigned int, PokeTool::ExtendData::LocalArea) const",0,3827812,.text,FUNCTION,RETAIL_ORIGINAL_SYMBOL
|static|,static.crs,named,4010,_ZNK8PokeTool10ExtendData16GetZenkokuNumberEjNS0_9LocalAreaE,"PokeTool::ExtendData::GetZenkokuNumber(unsigned int, PokeTool::ExtendData::LocalArea) const",0,3827924,.text,FUNCTION,RETAIL_ORIGINAL_SYMBOL
|static|,static.crs,named,4011,_ZNK8PokeTool10ExtendData19GetLocalAreaMonsMaxENS0_9LocalAreaE,PokeTool::ExtendData::GetLocalAreaMonsMax(PokeTool::ExtendData::LocalArea) const,0,3828236,.text,FUNCTION,RETAIL_ORIGINAL_SYMBOL
|static|,static.crs,named,4012,_ZNK8PokeTool11PokemonSort16GetSortedDataMaxEv,PokeTool::PokemonSort::GetSortedDataMax() const,0,3828420,.text,FUNCTION,RETAIL_ORIGINAL_SYMBOL
|static|,static.crs,named,4013,_ZNK8PokeTool12RemaindSkill10GetListMaxEv,PokeTool::RemaindSkill::GetListMax() const,0,3828472,.text,FUNCTION,RETAIL_ORIGINAL_SYMBOL
|static|,static.crs,named,4014,_ZNK8PokeTool12RemaindSkill9GetWazaNoEj,PokeTool::RemaindSkill::GetWazaNo(unsigned int) const,0,3828480,.text,FUNCTION,RETAIL_ORIGINAL_SYMBOL
|static|,static.crs,named,4015,_ZNK8PokeTool15PokeModelSystem20GetPokeShaderPathNumEv,PokeTool::PokeModelSystem::GetPokeShaderPathNum() const,0,3828560,.text,FUNCTION,RETAIL_ORIGINAL_SYMBOL
|static|,static.crs,named,4016,_ZNK8PokeTool9PokeModel11GetPokeSizeEv,PokeTool::PokeModel::GetPokeSize() const,0,3828668,.text,FUNCTION,RETAIL_ORIGINAL_SYMBOL
|static|,static.crs,named,4017,_ZNK8Savedata10ConfigSave11IsKanjiModeEv,Savedata::ConfigSave::IsKanjiMode() const,0,3828688,.text,FUNCTION,RETAIL_ORIGINAL_SYMBOL
|static|,static.crs,named,4018,_ZNK8Savedata10ConfigSave12GetBoxStatusEv,Savedata::ConfigSave::GetBoxStatus() const,0,3828716,.text,FUNCTION,RETAIL_ORIGINAL_SYMBOL
|static|,static.crs,named,4019,_ZNK8Savedata10ConfigSave13GetBattleRuleEv,Savedata::ConfigSave::GetBattleRule() const,0,3828732,.text,FUNCTION,RETAIL_ORIGINAL_SYMBOL
|static|,static.crs,named,4020,_ZNK8Savedata10ConfigSave13GetButtonModeEv,Savedata::ConfigSave::GetButtonMode() const,0,3828748,.text,FUNCTION,RETAIL_ORIGINAL_SYMBOL
|static|,static.crs,named,4021,_ZNK8Savedata10ConfigSave15GetTalkingSpeedEv,Savedata::ConfigSave::GetTalkingSpeed() const,0,3828764,.text,FUNCTION,RETAIL_ORIGINAL_SYMBOL
|static|,static.crs,named,4022,_ZNK8Savedata10ConfigSave18GetBattleAnimationEv,Savedata::ConfigSave::GetBattleAnimation() const,0,3828776,.text,FUNCTION,RETAIL_ORIGINAL_SYMBOL
|static|,static.crs,named,4023,_ZNK8Savedata11FishingSpot11NeedLotteryEv,Savedata::FishingSpot::NeedLottery() const,0,3828792,.text,FUNCTION,RETAIL_ORIGINAL_SYMBOL
|static|,static.crs,named,4024,_ZNK8Savedata11FishingSpot9ExistRareEj,Savedata::FishingSpot::ExistRare(unsigned int) const,0,3828812,.text,FUNCTION,RETAIL_ORIGINAL_SYMBOL
|static|,static.crs,named,4025,_ZNK8Savedata11RandomGroup16GetTodayRandSeedEv,Savedata::RandomGroup::GetTodayRandSeed() const,0,3828840,.text,FUNCTION,RETAIL_ORIGINAL_SYMBOL
|static|,static.crs,named,4026,_ZNK8Savedata12GameSyncSave11IsSignedPGLEv,Savedata::GameSyncSave::IsSignedPGL() const,0,3828900,.text,FUNCTION,RETAIL_ORIGINAL_SYMBOL
|static|,static.crs,named,4027,_ZNK8Savedata12GameSyncSave25GetGameSyncFirstConnectedEv,Savedata::GameSyncSave::GetGameSyncFirstConnected() const,0,3828908,.text,FUNCTION,RETAIL_ORIGINAL_SYMBOL
|static|,static.crs,named,4028,_ZNK8Savedata12GameSyncSave25GetIsCreateGameSyncSaveIDEv,Savedata::GameSyncSave::GetIsCreateGameSyncSaveID() const,0,3828916,.text,FUNCTION,RETAIL_ORIGINAL_SYMBOL
|static|,static.crs,named,4029,_ZNK8Savedata13LiveMatchData14GetLiveResultsEv,Savedata::LiveMatchData::GetLiveResults() const,0,3828936,.text,FUNCTION,RETAIL_ORIGINAL_SYMBOL
|static|,static.crs,named,4030,_ZNK8Savedata13LiveMatchData16GetLiveEntryWorkEv,Savedata::LiveMatchData::GetLiveEntryWork() const,0,3828944,.text,FUNCTION,RETAIL_ORIGINAL_SYMBOL
|static|,static.crs,named,4031,_ZNK8Savedata14BattleInstSave16GetWinCountRoyalEv,Savedata::BattleInstSave::GetWinCountRoyal() const,0,3828952,.text,FUNCTION,RETAIL_ORIGINAL_SYMBOL
|static|,static.crs,named,4032,_ZNK8Savedata14BattleInstSave19GetReleaseRankRoyalEv,Savedata::BattleInstSave::GetReleaseRankRoyal() const,0,3828988,.text,FUNCTION,RETAIL_ORIGINAL_SYMBOL
|static|,static.crs,named,4033,_ZNK8Savedata14BattleInstSave22IsFullScoutTrainerDataEv,Savedata::BattleInstSave::IsFullScoutTrainerData() const,0,3829104,.text,FUNCTION,RETAIL_ORIGINAL_SYMBOL
|static|,static.crs,named,4034,_ZNK8Savedata14BattleInstSave23IsExistScoutTrainerDataEt,Savedata::BattleInstSave::IsExistScoutTrainerData(unsigned short) const,0,3829200,.text,FUNCTION,RETAIL_ORIGINAL_SYMBOL
|static|,static.crs,named,4035,_ZNK8Savedata14BattleSpotData19GetEntryCommunityIdENS0_20ENTRY_COMMUNITY_TYPEE,Savedata::BattleSpotData::GetEntryCommunityId(Savedata::BattleSpotData::ENTRY_COMMUNITY_TYPE) const,0,3829404,.text,FUNCTION,RETAIL_ORIGINAL_SYMBOL
|static|,static.crs,named,4036,_ZNK8Savedata14BattleSpotData19GetInternetTimeZoneEv,Savedata::BattleSpotData::GetInternetTimeZone() const,0,3829452,.text,FUNCTION,RETAIL_ORIGINAL_SYMBOL
|static|,static.crs,named,4037,_ZNK8Savedata14BattleSpotData20GetEntryCommunityPidENS0_20ENTRY_COMMUNITY_TYPEE,Savedata::BattleSpotData::GetEntryCommunityPid(Savedata::BattleSpotData::ENTRY_COMMUNITY_TYPE) const,0,3829460,.text,FUNCTION,RETAIL_ORIGINAL_SYMBOL
|static|,static.crs,named,4038,_ZNK8Savedata14BattleSpotData20GetInternetEntryWorkEv,Savedata::BattleSpotData::GetInternetEntryWork() const,0,3829508,.text,FUNCTION,RETAIL_ORIGINAL_SYMBOL
|static|,static.crs,named,4039,_ZNK8Savedata14BattleSpotData21GetInternetMatchCountEv,Savedata::BattleSpotData::GetInternetMatchCount() const,0,3829516,.text,FUNCTION,RETAIL_ORIGINAL_SYMBOL
|static|,static.crs,named,4040,_ZNK8Savedata15MysteryGiftSave11GetGiftDataEj,Savedata::MysteryGiftSave::GetGiftData(unsigned int) const,0,3829524,.text,FUNCTION,RETAIL_ORIGINAL_SYMBOL
|static|,static.crs,named,4041,_ZNK8Savedata15MysteryGiftSave14GetGiftDataNumEv,Savedata::MysteryGiftSave::GetGiftDataNum() const,0,3829548,.text,FUNCTION,RETAIL_ORIGINAL_SYMBOL
|static|,static.crs,named,4042,_ZNK8Savedata15MysteryGiftSave15GetGiftDataTypeEj,Savedata::MysteryGiftSave::GetGiftDataType(unsigned int) const,0,3829608,.text,FUNCTION,RETAIL_ORIGINAL_SYMBOL
|static|,static.crs,named,4043,_ZNK8Savedata15MysteryGiftSave15GetItemGiftDataEj,Savedata::MysteryGiftSave::GetItemGiftData(unsigned int) const,0,3829644,.text,FUNCTION,RETAIL_ORIGINAL_SYMBOL
|static|,static.crs,named,4044,_ZNK8Savedata15MysteryGiftSave15GetPokeGiftDataEj,Savedata::MysteryGiftSave::GetPokeGiftData(unsigned int) const,0,3829708,.text,FUNCTION,RETAIL_ORIGINAL_SYMBOL
|static|,static.crs,named,4045,_ZNK8Savedata16QRReaderSaveData16IsRegisteredDataEPN4gfl24heap11CtrHeapBaseEPKvj,"Savedata::QRReaderSaveData::IsRegisteredData(gfl2::heap::CtrHeapBase*, void const*, unsigned int) const",0,3829768,.text,FUNCTION,RETAIL_ORIGINAL_SYMBOL
|static|,static.crs,named,4046,_ZNK8Savedata16QRReaderSaveData18GetFieldScanStatusEPNS0_22IFieldScanQueryHandlerEPNS0_18FieldScanQueryInfoE,"Savedata::QRReaderSaveData::GetFieldScanStatus(Savedata::QRReaderSaveData::IFieldScanQueryHandler*, Savedata::QRReaderSaveData::FieldScanQueryInfo*) const",0,3830120,.text,FUNCTION,RETAIL_ORIGINAL_SYMBOL
|static|,static.crs,named,4047,_ZNK8Savedata17JoinFestaDataSave10GetPatternEN15JoinFestaScript11PatternTypeE,Savedata::JoinFestaDataSave::GetPattern(JoinFestaScript::PatternType) const,0,3830368,.text,FUNCTION,RETAIL_ORIGINAL_SYMBOL
|static|,static.crs,named,4048,_ZNK8Savedata17JoinFestaDataSave11IsBlackListE18nnfriendsFriendKey,Savedata::JoinFestaDataSave::IsBlackList(nnfriendsFriendKey) const,0,3830472,.text,FUNCTION,RETAIL_ORIGINAL_SYMBOL
|static|,static.crs,named,4049,_ZNK8Savedata17JoinFestaDataSave11IsRejectVipEv,Savedata::JoinFestaDataSave::IsRejectVip() const,0,3830668,.text,FUNCTION,RETAIL_ORIGINAL_SYMBOL
|static|,static.crs,named,4050,_ZNK8Savedata17JoinFestaDataSave12GetTotalCoinEv,Savedata::JoinFestaDataSave::GetTotalCoin() const,0,3830740,.text,FUNCTION,RETAIL_ORIGINAL_SYMBOL
|static|,static.crs,named,4051,_ZNK8Savedata17JoinFestaDataSave13IsRejectGuestEv,Savedata::JoinFestaDataSave::IsRejectGuest() const,0,3830748,.text,FUNCTION,RETAIL_ORIGINAL_SYMBOL
|static|,static.crs,named,4052,_ZNK8Savedata17JoinFestaDataSave14GetRewardStateEN15JoinFestaScript10RewardTypeE,Savedata::JoinFestaDataSave::GetRewardState(JoinFestaScript::RewardType) const,0,3830844,.text,FUNCTION,RETAIL_ORIGINAL_SYMBOL
|static|,static.crs,named,4053,_ZNK8Savedata17JoinFestaDataSave14IsRejectFriendEv,Savedata::JoinFestaDataSave::IsRejectFriend() const,0,3830892,.text,FUNCTION,RETAIL_ORIGINAL_SYMBOL
|static|,static.crs,named,4054,_ZNK8Savedata17JoinFestaDataSave15IsAlwaysTradeOkEv,Savedata::JoinFestaDataSave::IsAlwaysTradeOk() const,0,3830960,.text,FUNCTION,RETAIL_ORIGINAL_SYMBOL
|static|,static.crs,named,4055,_ZNK8Savedata17JoinFestaDataSave15IsUseSelectWordEj,Savedata::JoinFestaDataSave::IsUseSelectWord(unsigned int) const,0,3830976,.text,FUNCTION,RETAIL_ORIGINAL_SYMBOL
|static|,static.crs,named,4056,_ZNK8Savedata17JoinFestaDataSave16GetTempSaveThemeEv,Savedata::JoinFestaDataSave::GetTempSaveTheme() const,0,3831064,.text,FUNCTION,RETAIL_ORIGINAL_SYMBOL
|static|,static.crs,named,4057,_ZNK8Savedata17JoinFestaDataSave16IsAlwaysBattleOkEv,Savedata::JoinFestaDataSave::IsAlwaysBattleOk() const,0,3831080,.text,FUNCTION,RETAIL_ORIGINAL_SYMBOL
|static|,static.crs,named,4058,_ZNK8Savedata17JoinFestaDataSave18GetPatternCateogryEN15JoinFestaScript11PatternTypeE,Savedata::JoinFestaDataSave::GetPatternCateogry(JoinFestaScript::PatternType) const,0,3831144,.text,FUNCTION,RETAIL_ORIGINAL_SYMBOL
|static|,static.crs,named,4059,_ZNK8Savedata17JoinFestaDataSave20IsAlwaysAttractionOkEv,Savedata::JoinFestaDataSave::IsAlwaysAttractionOk() const,0,3831320,.text,FUNCTION,RETAIL_ORIGINAL_SYMBOL
|static|,static.crs,named,4060,_ZNK8Savedata17JoinFestaDataSave21GetIsSkipMessageStallEv,Savedata::JoinFestaDataSave::GetIsSkipMessageStall() const,0,3831336,.text,FUNCTION,RETAIL_ORIGINAL_SYMBOL
|static|,static.crs,named,4061,_ZNK8Savedata17JoinFestaDataSave22GetIsSkipMessageAirToyEv,Savedata::JoinFestaDataSave::GetIsSkipMessageAirToy() const,0,3831452,.text,FUNCTION,RETAIL_ORIGINAL_SYMBOL
|static|,static.crs,named,4062,_ZNK8Savedata17JoinFestaDataSave22GetJoinFestaNameStringEPN4gfl23str6StrBufE,Savedata::JoinFestaDataSave::GetJoinFestaNameString(gfl2::str::StrBuf*) const,0,3831472,.text,FUNCTION,RETAIL_ORIGINAL_SYMBOL
|static|,static.crs,named,4063,_ZNK8Savedata17JoinFestaDataSave22GetQuestionnaireAnswerEj,Savedata::JoinFestaDataSave::GetQuestionnaireAnswer(unsigned int) const,0,3831596,.text,FUNCTION,RETAIL_ORIGINAL_SYMBOL
|static|,static.crs,named,4064,_ZNK8Savedata17JoinFestaDataSave24GetSelectWordAppTutorialEv,Savedata::JoinFestaDataSave::GetSelectWordAppTutorial() const,0,3831644,.text,FUNCTION,RETAIL_ORIGINAL_SYMBOL
|static|,static.crs,named,4065,_ZNK8Savedata17JoinFestaDataSave25GetProfileAppTutorialFlagEv,Savedata::JoinFestaDataSave::GetProfileAppTutorialFlag() const,0,3831664,.text,FUNCTION,RETAIL_ORIGINAL_SYMBOL
|static|,static.crs,named,4066,_ZNK8Savedata17JoinFestaDataSave27GetFortuneResultHitByActionEN15JoinFestaScript19FortuneResultActionE,Savedata::JoinFestaDataSave::GetFortuneResultHitByAction(JoinFestaScript::FortuneResultAction) const,0,3831684,.text,FUNCTION,RETAIL_ORIGINAL_SYMBOL
|static|,static.crs,named,4067,_ZNK8Savedata17JoinFestaDataSave27GetIsSkipMessageHorrorHouseEv,Savedata::JoinFestaDataSave::GetIsSkipMessageHorrorHouse() const,0,3831752,.text,FUNCTION,RETAIL_ORIGINAL_SYMBOL
|static|,static.crs,named,4068,_ZNK8Savedata17JoinFestaDataSave28IsFinishLastP2pPersonalEventEv,Savedata::JoinFestaDataSave::IsFinishLastP2pPersonalEvent() const,0,3831772,.text,FUNCTION,RETAIL_ORIGINAL_SYMBOL
|static|,static.crs,named,4069,_ZNK8Savedata17JoinFestaDataSave32GetPlayerListShowAppTutorialFlagEv,Savedata::JoinFestaDataSave::GetPlayerListShowAppTutorialFlag() const,0,3831792,.text,FUNCTION,RETAIL_ORIGINAL_SYMBOL
|static|,static.crs,named,4070,_ZNK8Savedata17JoinFestaDataSave7GetCoinEv,Savedata::JoinFestaDataSave::GetCoin() const,0,3831812,.text,FUNCTION,RETAIL_ORIGINAL_SYMBOL
|static|,static.crs,named,4071,_ZNK8Savedata17JoinFestaDataSave7GetRankEv,Savedata::JoinFestaDataSave::GetRank() const,0,3831820,.text,FUNCTION,RETAIL_ORIGINAL_SYMBOL
|static|,static.crs,named,4072,_ZNK8Savedata17JoinFestaDataSave8GetThemeEv,Savedata::JoinFestaDataSave::GetTheme() const,0,3831832,.text,FUNCTION,RETAIL_ORIGINAL_SYMBOL
|static|,static.crs,named,4073,_ZNK8Savedata3BOX10GetTrayMaxEv,Savedata::BOX::GetTrayMax() const,0,3831916,.text,FUNCTION,RETAIL_ORIGINAL_SYMBOL
|static|,static.crs,named,4074,_ZNK8Savedata3BOX10IsTeamInMeEjj,"Savedata::BOX::IsTeamInMe(unsigned int, unsigned int) const",0,3831924,.text,FUNCTION,RETAIL_ORIGINAL_SYMBOL
|static|,static.crs,named,4075,_ZNK8Savedata3BOX10IsTeamInMeEjjj,"Savedata::BOX::IsTeamInMe(unsigned int, unsigned int, unsigned int) const",0,3832020,.text,FUNCTION,RETAIL_ORIGINAL_SYMBOL
|static|,static.crs,named,4076,_ZNK8Savedata3BOX10IsTeamLockEj,Savedata::BOX::IsTeamLock(unsigned int) const,0,3832104,.text,FUNCTION,RETAIL_ORIGINAL_SYMBOL
|static|,static.crs,named,4077,_ZNK8Savedata3BOX11GetTeamNameEj,Savedata::BOX::GetTeamName(unsigned int) const,0,3832164,.text,FUNCTION,RETAIL_ORIGINAL_SYMBOL
|static|,static.crs,named,4078,_ZNK8Savedata3BOX11GetTrayNameEj,Savedata::BOX::GetTrayName(unsigned int) const,0,3832188,.text,FUNCTION,RETAIL_ORIGINAL_SYMBOL
|static|,static.crs,named,4079,_ZNK8Savedata3BOX12GetTrayLevelEv,Savedata::BOX::GetTrayLevel() const,0,3832204,.text,FUNCTION,RETAIL_ORIGINAL_SYMBOL
|static|,static.crs,named,4080,_ZNK8Savedata3BOX12GetWallPaperEj,Savedata::BOX::GetWallPaper(unsigned int) const,0,3832248,.text,FUNCTION,RETAIL_ORIGINAL_SYMBOL
|static|,static.crs,named,4081,_ZNK8Savedata3BOX14GetCurrentTrayEv,Savedata::BOX::GetCurrentTray() const,0,3832336,.text,FUNCTION,RETAIL_ORIGINAL_SYMBOL
|static|,static.crs,named,4082,_ZNK8Savedata3BOX14GetTeamPokePosEjj,"Savedata::BOX::GetTeamPokePos(unsigned int, unsigned int) const",0,3832344,.text,FUNCTION,RETAIL_ORIGINAL_SYMBOL
|static|,static.crs,named,4083,_ZNK8Savedata3BOX8IsMeLockEjj,"Savedata::BOX::IsMeLock(unsigned int, unsigned int) const",0,3832440,.text,FUNCTION,RETAIL_ORIGINAL_SYMBOL
|static|,static.crs,named,4084,_ZNK8Savedata4Misc16CalcPenaltyMoneyEj,Savedata::Misc::CalcPenaltyMoney(unsigned int) const,0,3832612,.text,FUNCTION,RETAIL_ORIGINAL_SYMBOL
|static|,static.crs,named,4085,_ZNK8Savedata4Misc16GetStrInputParamEPj,Savedata::Misc::GetStrInputParam(unsigned int*) const,0,3832712,.text,FUNCTION,RETAIL_ORIGINAL_SYMBOL
|static|,static.crs,named,4086,_ZNK8Savedata4Misc17IsEventFirstCheckEj,Savedata::Misc::IsEventFirstCheck(unsigned int) const,0,3832804,.text,FUNCTION,RETAIL_ORIGINAL_SYMBOL
|static|,static.crs,named,4087,_ZNK8Savedata4Misc18IsTrainerPassStampENS_18TrainerPassStampIDE,Savedata::Misc::IsTrainerPassStamp(Savedata::TrainerPassStampID) const,0,3832916,.text,FUNCTION,RETAIL_ORIGINAL_SYMBOL
|static|,static.crs,named,4088,_ZNK8Savedata4Misc20GetGakusyuusoutiFlagEv,Savedata::Misc::GetGakusyuusoutiFlag() const,0,3832944,.text,FUNCTION,RETAIL_ORIGINAL_SYMBOL
|static|,static.crs,named,4089,_ZNK8Savedata4Misc20GetKawaigariPastDaysEv,Savedata::Misc::GetKawaigariPastDays() const,0,3832956,.text,FUNCTION,RETAIL_ORIGINAL_SYMBOL
|static|,static.crs,named,4090,_ZNK8Savedata4Misc20GetKawaigariTutorialEv,Savedata::Misc::GetKawaigariTutorial() const,0,3832964,.text,FUNCTION,RETAIL_ORIGINAL_SYMBOL
|static|,static.crs,named,4091,_ZNK8Savedata4Misc28GetBattleVideoPlayerTutorialEv,Savedata::Misc::GetBattleVideoPlayerTutorial() const,0,3832980,.text,FUNCTION,RETAIL_ORIGINAL_SYMBOL
|static|,static.crs,named,4092,_ZNK8Savedata4Misc5GetBPEv,Savedata::Misc::GetBP() const,0,3833048,.text,FUNCTION,RETAIL_ORIGINAL_SYMBOL
|static|,static.crs,named,4093,_ZNK8Savedata4Misc7GetGoldEv,Savedata::Misc::GetGold() const,0,3833108,.text,FUNCTION,RETAIL_ORIGINAL_SYMBOL
|static|,static.crs,named,4094,_ZNK8Savedata6MyItem10GetItemNumEt,Savedata::MyItem::GetItemNum(unsigned short) const,0,3833160,.text,FUNCTION,RETAIL_ORIGINAL_SYMBOL
|static|,static.crs,named,4095,_ZNK8Savedata6MyItem13GetPocketItemEjPj,"Savedata::MyItem::GetPocketItem(unsigned int, unsigned int*) const",0,3833344,.text,FUNCTION,RETAIL_ORIGINAL_SYMBOL
|static|,static.crs,named,4096,_ZNK8Savedata6MyItem16GetItemPocketPosEjtb,"Savedata::MyItem::GetItemPocketPos(unsigned int, unsigned short, bool) const",0,3833520,.text,FUNCTION,RETAIL_ORIGINAL_SYMBOL
|static|,static.crs,named,4097,_ZNK8Savedata6MyItem5CheckEtt,"Savedata::MyItem::Check(unsigned short, unsigned short) const",0,3833644,.text,FUNCTION,RETAIL_ORIGINAL_SYMBOL
|static|,static.crs,named,4098,_ZNK8Savedata6MyItem5IsNewEPKNS0_7ITEM_STE,Savedata::MyItem::IsNew(Savedata::MyItem::ITEM_ST const*) const,0,3833716,.text,FUNCTION,RETAIL_ORIGINAL_SYMBOL
|static|,static.crs,named,4099,_ZNK8Savedata6MyItem5IsNewEj,Savedata::MyItem::IsNew(unsigned int) const,0,3833732,.text,FUNCTION,RETAIL_ORIGINAL_SYMBOL
|static|,static.crs,named,4100,_ZNK8Savedata6MyItem7GetItemEjj,"Savedata::MyItem::GetItem(unsigned int, unsigned int) const",0,3833768,.text,FUNCTION,RETAIL_ORIGINAL_SYMBOL
|static|,static.crs,named,4101,_ZNK8Savedata6MyItem7GetItemEt,Savedata::MyItem::GetItem(unsigned short) const,0,3833812,.text,FUNCTION,RETAIL_ORIGINAL_SYMBOL
|static|,static.crs,named,4102,_ZNK8Savedata6MyItem8AddCheckEtt,"Savedata::MyItem::AddCheck(unsigned short, unsigned short) const",0,3834072,.text,FUNCTION,RETAIL_ORIGINAL_SYMBOL
|static|,static.crs,named,4103,_ZNK8Savedata6MyItem8SubCheckEtt,"Savedata::MyItem::SubCheck(unsigned short, unsigned short) const",0,3834152,.text,FUNCTION,RETAIL_ORIGINAL_SYMBOL
|static|,static.crs,named,4104,_ZNK8Savedata7GtsData12GetUploadKeyEv,Savedata::GtsData::GetUploadKey() const,0,3834224,.text,FUNCTION,RETAIL_ORIGINAL_SYMBOL
|static|,static.crs,named,4105,_ZNK8Savedata7GtsData21GetUploadGtsIndexDataEv,Savedata::GtsData::GetUploadGtsIndexData() const,0,3834232,.text,FUNCTION,RETAIL_ORIGINAL_SYMBOL
|static|,static.crs,named,4106,_ZNK8Savedata8GameTime11GetStartSecEv,Savedata::GameTime::GetStartSec() const,0,3834272,.text,FUNCTION,RETAIL_ORIGINAL_SYMBOL
|static|,static.crs,named,4107,_ZNK8Savedata8GameTime13IsPenaltyModeEv,Savedata::GameTime::IsPenaltyMode() const,0,3834320,.text,FUNCTION,RETAIL_ORIGINAL_SYMBOL
|static|,static.crs,named,4108,_ZNK8Savedata8GameTime19IsAlolaOffsetExistsEv,Savedata::GameTime::IsAlolaOffsetExists() const,0,3834400,.text,FUNCTION,RETAIL_ORIGINAL_SYMBOL
|static|,static.crs,named,4109,_ZNK8Savedata8MyStatus10GetCountryEv,Savedata::MyStatus::GetCountry() const,0,3834704,.text,FUNCTION,RETAIL_ORIGINAL_SYMBOL
|static|,static.crs,named,4110,_ZNK8Savedata8MyStatus10GetDressupEv,Savedata::MyStatus::GetDressup() const,0,3834716,.text,FUNCTION,RETAIL_ORIGINAL_SYMBOL
|static|,static.crs,named,4111,_ZNK8Savedata8MyStatus10GetRomCodeEv,Savedata::MyStatus::GetRomCode() const,0,3834848,.text,FUNCTION,RETAIL_ORIGINAL_SYMBOL
|static|,static.crs,named,4112,_ZNK8Savedata8MyStatus11HasMegaRingEv,Savedata::MyStatus::HasMegaRing() const,0,3834888,.text,FUNCTION,RETAIL_ORIGINAL_SYMBOL
|static|,static.crs,named,4113,_ZNK8Savedata8MyStatus11IsMyPokemonERKN3pml8pokepara9CoreParamE,Savedata::MyStatus::IsMyPokemon(pml::pokepara::CoreParam const&) const,0,3835004,.text,FUNCTION,RETAIL_ORIGINAL_SYMBOL
|static|,static.crs,named,4114,_ZNK8Savedata8MyStatus13GetNameStringEPN4gfl23str6StrBufE,Savedata::MyStatus::GetNameString(gfl2::str::StrBuf*) const,0,3835136,.text,FUNCTION,RETAIL_ORIGINAL_SYMBOL
|static|,static.crs,named,4115,_ZNK8Savedata8MyStatus13GetRegionCodeEv,Savedata::MyStatus::GetRegionCode() const,0,3835152,.text,FUNCTION,RETAIL_ORIGINAL_SYMBOL
|static|,static.crs,named,4116,_ZNK8Savedata8MyStatus14GetNexUniqueIDEv,Savedata::MyStatus::GetNexUniqueID() const,0,3835160,.text,FUNCTION,RETAIL_ORIGINAL_SYMBOL
|static|,static.crs,named,4117,_ZNK8Savedata8MyStatus14GetPrincipalIdEv,Savedata::MyStatus::GetPrincipalId() const,0,3835176,.text,FUNCTION,RETAIL_ORIGINAL_SYMBOL
|static|,static.crs,named,4118,_ZNK8Savedata8MyStatus14GetTransferdIDEv,Savedata::MyStatus::GetTransferdID() const,0,3835184,.text,FUNCTION,RETAIL_ORIGINAL_SYMBOL
|static|,static.crs,named,4119,_ZNK8Savedata8MyStatus15HasZenryokuRingEv,Savedata::MyStatus::HasZenryokuRing() const,0,3835268,.text,FUNCTION,RETAIL_ORIGINAL_SYMBOL
|static|,static.crs,named,4120,_ZNK8Savedata8MyStatus16GetBallThrowTypeEv,Savedata::MyStatus::GetBallThrowType() const,0,3835316,.text,FUNCTION,RETAIL_ORIGINAL_SYMBOL
|static|,static.crs,named,4121,_ZNK8Savedata8MyStatus17GetPokeLanguageIdEv,Savedata::MyStatus::GetPokeLanguageId() const,0,3835332,.text,FUNCTION,RETAIL_ORIGINAL_SYMBOL
|static|,static.crs,named,4122,_ZNK8Savedata8MyStatus17GetQuickMatchInfoEPbS1_S1_,"Savedata::MyStatus::GetQuickMatchInfo(bool*, bool*, bool*) const",0,3835340,.text,FUNCTION,RETAIL_ORIGINAL_SYMBOL
|static|,static.crs,named,4123,_ZNK8Savedata8MyStatus18GetSimpleAddressIdEv,Savedata::MyStatus::GetSimpleAddressId() const,0,3835412,.text,FUNCTION,RETAIL_ORIGINAL_SYMBOL
|static|,static.crs,named,4124,_ZNK8Savedata8MyStatus18IsValidNexUniqueIDEv,Savedata::MyStatus::IsValidNexUniqueID() const,0,3835420,.text,FUNCTION,RETAIL_ORIGINAL_SYMBOL
|static|,static.crs,named,4125,_ZNK8Savedata8MyStatus25GetPssPersonalDataStoreIdEv,Savedata::MyStatus::GetPssPersonalDataStoreId() const,0,3835492,.text,FUNCTION,RETAIL_ORIGINAL_SYMBOL
|static|,static.crs,named,4126,_ZNK8Savedata8MyStatus5GetIDEv,Savedata::MyStatus::GetID() const,0,3835564,.text,FUNCTION,RETAIL_ORIGINAL_SYMBOL
|static|,static.crs,named,4127,_ZNK8Savedata8MyStatus6GetSexEv,Savedata::MyStatus::GetSex() const,0,3835604,.text,FUNCTION,RETAIL_ORIGINAL_SYMBOL
|static|,static.crs,named,4128,_ZNK8Savedata8MyStatus7GetAreaEv,Savedata::MyStatus::GetArea() const,0,3835612,.text,FUNCTION,RETAIL_ORIGINAL_SYMBOL
|static|,static.crs,named,4129,_ZNK8Savedata8MyStatus7GetIconEv,Savedata::MyStatus::GetIcon() const,0,3835628,.text,FUNCTION,RETAIL_ORIGINAL_SYMBOL
|static|,static.crs,named,4130,_ZNK8Savedata8MyStatus9GetDrawIDEv,Savedata::MyStatus::GetDrawID() const,0,3835648,.text,FUNCTION,RETAIL_ORIGINAL_SYMBOL
|static|,static.crs,named,4131,_ZNK8Savedata8MyStatus9SerializeEPv,Savedata::MyStatus::Serialize(void*) const,0,3835688,.text,FUNCTION,RETAIL_ORIGINAL_SYMBOL
|static|,static.crs,named,4132,_ZNK8Savedata8PlayTime11GetPlayHourEv,Savedata::PlayTime::GetPlayHour() const,0,3835720,.text,FUNCTION,RETAIL_ORIGINAL_SYMBOL
|static|,static.crs,named,4133,_ZNK8Savedata8PlayTime13GetPlayMinuteEv,Savedata::PlayTime::GetPlayMinute() const,0,3835728,.text,FUNCTION,RETAIL_ORIGINAL_SYMBOL
|static|,static.crs,named,4134,_ZNK8Savedata9FieldMenu11GetMenuPageEv,Savedata::FieldMenu::GetMenuPage() const,0,3836544,.text,FUNCTION,RETAIL_ORIGINAL_SYMBOL
|static|,static.crs,named,4135,_ZNK8Savedata9FieldMenu13GetMenuIconIDEjj,"Savedata::FieldMenu::GetMenuIconID(unsigned int, unsigned int) const",0,3836560,.text,FUNCTION,RETAIL_ORIGINAL_SYMBOL
|static|,static.crs,named,4136,_ZNK8Savedata9FieldMenu14IsVisibleRotomEv,Savedata::FieldMenu::IsVisibleRotom() const,0,3836624,.text,FUNCTION,RETAIL_ORIGINAL_SYMBOL
|static|,static.crs,named,4137,_ZNK8Savedata9FieldMenu15GetMoveMenuPageEi,Savedata::FieldMenu::GetMoveMenuPage(int) const,0,3836640,.text,FUNCTION,RETAIL_ORIGINAL_SYMBOL
|static|,static.crs,named,4138,_ZNK8Savedata9FieldMenu16IsMenuPageEnableEj,Savedata::FieldMenu::IsMenuPageEnable(unsigned int) const,0,3836696,.text,FUNCTION,RETAIL_ORIGINAL_SYMBOL
|static|,static.crs,named,4139,_ZNK8Savedata9FieldMenu9IsIconNewENS0_6IconIDE,Savedata::FieldMenu::IsIconNew(Savedata::FieldMenu::IconID) const,0,3836764,.text,FUNCTION,RETAIL_ORIGINAL_SYMBOL
|static|,static.crs,named,4140,_ZNK8Savedata9Situation13GetLastZoneIDEv,Savedata::Situation::GetLastZoneID() const,0,3836792,.text,FUNCTION,RETAIL_ORIGINAL_SYMBOL
|static|,static.crs,named,4141,_ZNK8Savedata9Situation15GetEggStepCountEv,Savedata::Situation::GetEggStepCount() const,0,3836800,.text,FUNCTION,RETAIL_ORIGINAL_SYMBOL
|static|,static.crs,named,4142,_ZNK8Savedata9Situation20GetFriendlyStepCountEv,Savedata::Situation::GetFriendlyStepCount() const,0,3836808,.text,FUNCTION,RETAIL_ORIGINAL_SYMBOL
|static|,static.crs,named,4143,_ZNK8Savedata9Situation21GetKawaigariStepCountEv,Savedata::Situation::GetKawaigariStepCount() const,0,3836816,.text,FUNCTION,RETAIL_ORIGINAL_SYMBOL
|static|,static.crs,named,4144,_ZNK8Savedata9Situation22HasWarpContinueRequestEv,Savedata::Situation::HasWarpContinueRequest() const,0,3836824,.text,FUNCTION,RETAIL_ORIGINAL_SYMBOL
|static|,static.crs,named,4145,_ZNK8Savedata9ZukanData11GetDrawDataE6MonsNoPN3pml3SexEPbPh,"Savedata::ZukanData::GetDrawData(MonsNo, pml::Sex*, bool*, unsigned char*) const",0,3837252,.text,FUNCTION,RETAIL_ORIGINAL_SYMBOL
|static|,static.crs,named,4146,_ZNK8Savedata9ZukanData12GetZukanModeEv,Savedata::ZukanData::GetZukanMode() const,0,3837816,.text,FUNCTION,RETAIL_ORIGINAL_SYMBOL
|static|,static.crs,named,4147,_ZNK8Savedata9ZukanData14GetDefaultMonsEv,Savedata::ZukanData::GetDefaultMons() const,0,3837876,.text,FUNCTION,RETAIL_ORIGINAL_SYMBOL
|static|,static.crs,named,4148,_ZNK8Savedata9ZukanData14GetPokeGetFlagE6MonsNo,Savedata::ZukanData::GetPokeGetFlag(MonsNo) const,0,3837984,.text,FUNCTION,RETAIL_ORIGINAL_SYMBOL
|static|,static.crs,named,4149,_ZNK8Savedata9ZukanData14GetPokeSeeFlagE6MonsNo,Savedata::ZukanData::GetPokeSeeFlag(MonsNo) const,0,3838208,.text,FUNCTION,RETAIL_ORIGINAL_SYMBOL
|static|,static.crs,named,4150,_ZNK8Savedata9ZukanData15GetLocalCompNumEPKN8PokeTool10ExtendDataENS2_9LocalAreaE,"Savedata::ZukanData::GetLocalCompNum(PokeTool::ExtendData const*, PokeTool::ExtendData::LocalArea) const",0,3838512,.text,FUNCTION,RETAIL_ORIGINAL_SYMBOL
|static|,static.crs,named,4151,_ZNK8Savedata9ZukanData15GetPokeGetCountEv,Savedata::ZukanData::GetPokeGetCount() const,0,3838552,.text,FUNCTION,RETAIL_ORIGINAL_SYMBOL
|static|,static.crs,named,4152,_ZNK8Savedata9ZukanData16CheckPokeSeeFormE6MonsNoN3pml3SexEbh,"Savedata::ZukanData::CheckPokeSeeForm(MonsNo, pml::Sex, bool, unsigned char) const",0,3838752,.text,FUNCTION,RETAIL_ORIGINAL_SYMBOL
|static|,static.crs,named,4153,_ZNK8Savedata9ZukanData17CheckLocalGetCompEN8PokeTool10ExtendData9LocalAreaEPKS2_,"Savedata::ZukanData::CheckLocalGetComp(PokeTool::ExtendData::LocalArea, PokeTool::ExtendData const*) const",0,3839860,.text,FUNCTION,RETAIL_ORIGINAL_SYMBOL
|static|,static.crs,named,4154,_ZNK8Savedata9ZukanData17CheckLocalSeeCompEN8PokeTool10ExtendData9LocalAreaEPKS2_,"Savedata::ZukanData::CheckLocalSeeComp(PokeTool::ExtendData::LocalArea, PokeTool::ExtendData const*) const",0,3840144,.text,FUNCTION,RETAIL_ORIGINAL_SYMBOL
|static|,static.crs,named,4155,_ZNK8Savedata9ZukanData17GetPokeRandomFlagE6MonsNoN3pml3SexEbh,"Savedata::ZukanData::GetPokeRandomFlag(MonsNo, pml::Sex, bool, unsigned char) const",0,3840428,.text,FUNCTION,RETAIL_ORIGINAL_SYMBOL
|static|,static.crs,named,4156,_ZNK8Savedata9ZukanData17GetZukanOSVersionEv,Savedata::ZukanData::GetZukanOSVersion() const,0,3840548,.text,FUNCTION,RETAIL_ORIGINAL_SYMBOL
|static|,static.crs,named,4157,_ZNK8Savedata9ZukanData19GetZenkokuZukanFlagEv,Savedata::ZukanData::GetZenkokuZukanFlag() const,0,3841176,.text,FUNCTION,RETAIL_ORIGINAL_SYMBOL
|static|,static.crs,named,4158,_ZNK8Savedata9ZukanData20GetLocalGetCompCountEN8PokeTool10ExtendData9LocalAreaEPKS2_,"Savedata::ZukanData::GetLocalGetCompCount(PokeTool::ExtendData::LocalArea, PokeTool::ExtendData const*) const",0,3841232,.text,FUNCTION,RETAIL_ORIGINAL_SYMBOL
|static|,static.crs,named,4159,_ZNK8Savedata9ZukanData20GetLocalPokeGetCountEN8PokeTool10ExtendData9LocalAreaEPKS2_,"Savedata::ZukanData::GetLocalPokeGetCount(PokeTool::ExtendData::LocalArea, PokeTool::ExtendData const*) const",0,3841480,.text,FUNCTION,RETAIL_ORIGINAL_SYMBOL
|static|,static.crs,named,4160,_ZNK8Savedata9ZukanData20GetLocalPokeSeeCountEPKN8PokeTool10ExtendDataENS2_9LocalAreaE,"Savedata::ZukanData::GetLocalPokeSeeCount(PokeTool::ExtendData const*, PokeTool::ExtendData::LocalArea) const",0,3841620,.text,FUNCTION,RETAIL_ORIGINAL_SYMBOL
|static|,static.crs,named,4161,_ZNK8Savedata9ZukanData20GetLocalSeeCompCountEN8PokeTool10ExtendData9LocalAreaEPKS2_,"Savedata::ZukanData::GetLocalSeeCompCount(PokeTool::ExtendData::LocalArea, PokeTool::ExtendData const*) const",0,3841760,.text,FUNCTION,RETAIL_ORIGINAL_SYMBOL
|static|,static.crs,named,4162,_ZNK8Savedata9ZukanData20GetTextVersionUpFlagE6MonsNoj,"Savedata::ZukanData::GetTextVersionUpFlag(MonsNo, unsigned int) const",0,3842008,.text,FUNCTION,RETAIL_ORIGINAL_SYMBOL
|static|,static.crs,named,4163,_ZNK8Savedata9ZukanData23GetPokeRegisterShowFlagE6MonsNoPb,"Savedata::ZukanData::GetPokeRegisterShowFlag(MonsNo, bool*) const",0,3842172,.text,FUNCTION,RETAIL_ORIGINAL_SYMBOL
|static|,static.crs,named,4164,_ZNK8Savedata9ZukanData24GetFormNoWhenSetDrawDataE6MonsNohPh,"Savedata::ZukanData::GetFormNoWhenSetDrawData(MonsNo, unsigned char, unsigned char*) const",0,3842468,.text,FUNCTION,RETAIL_ORIGINAL_SYMBOL
|static|,static.crs,named,4165,_ZNK8Savedata9ZukanData26GetLocalPokeGetCountStaticEN8PokeTool10ExtendData9LocalAreaE,Savedata::ZukanData::GetLocalPokeGetCountStatic(PokeTool::ExtendData::LocalArea) const,0,3842768,.text,FUNCTION,RETAIL_ORIGINAL_SYMBOL
|static|,static.crs,named,4166,_ZNK9NetAppLib11JoinFestaUI38JoinFestaPlayerListSelectLowerViewBase9IsDrawingEv,NetAppLib::JoinFestaUI::JoinFestaPlayerListSelectLowerViewBase::IsDrawing() const,0,3843404,.text,FUNCTION,RETAIL_ORIGINAL_SYMBOL
|static|,static.crs,named,4167,_ZNK9NetAppLib2UI16NetAppCursorView9IsDrawingEv,NetAppLib::UI::NetAppCursorView::IsDrawing() const,0,3843408,.text,FUNCTION,RETAIL_ORIGINAL_SYMBOL
|static|,static.crs,named,4168,_ZNK9NetAppLib2UI16NetAppMenuCursor10CanDestroyEv,NetAppLib::UI::NetAppMenuCursor::CanDestroy() const,0,3843468,.text,FUNCTION,RETAIL_ORIGINAL_SYMBOL
|static|,static.crs,named,4169,_ZNK9NetAppLib4Util30NetAppPokemonValidationUtility15GetVerifyResultEj,NetAppLib::Util::NetAppPokemonValidationUtility::GetVerifyResult(unsigned int) const,0,3843496,.text,FUNCTION,RETAIL_ORIGINAL_SYMBOL
|static|,static.crs,named,4170,_ZNK9NetAppLib9JoinFesta21JoinFestaPersonalData10GetPatternEN15JoinFestaScript11PatternTypeE,NetAppLib::JoinFesta::JoinFestaPersonalData::GetPattern(JoinFestaScript::PatternType) const,0,3843612,.text,FUNCTION,RETAIL_ORIGINAL_SYMBOL
|static|,static.crs,named,4171,_ZNK9NetAppLib9JoinFesta21JoinFestaPersonalData11GetRelationEv,NetAppLib::JoinFesta::JoinFestaPersonalData::GetRelation() const,0,3843744,.text,FUNCTION,RETAIL_ORIGINAL_SYMBOL
|static|,static.crs,named,4172,_ZNK9NetAppLib9JoinFesta21JoinFestaPersonalData11IsCtrFriendEv,NetAppLib::JoinFesta::JoinFestaPersonalData::IsCtrFriend() const,0,3843752,.text,FUNCTION,RETAIL_ORIGINAL_SYMBOL
|static|,static.crs,named,4173,_ZNK9NetAppLib9JoinFesta21JoinFestaPersonalData11IsRelatonMeEv,NetAppLib::JoinFesta::JoinFestaPersonalData::IsRelatonMe() const,0,3843880,.text,FUNCTION,RETAIL_ORIGINAL_SYMBOL
|static|,static.crs,named,4174,_ZNK9NetAppLib9JoinFesta21JoinFestaPersonalData12GetCommRouteEv,NetAppLib::JoinFesta::JoinFestaPersonalData::GetCommRoute() const,0,3843900,.text,FUNCTION,RETAIL_ORIGINAL_SYMBOL
|static|,static.crs,named,4175,_ZNK9NetAppLib9JoinFesta21JoinFestaPersonalData12IsRelatonVipEv,NetAppLib::JoinFesta::JoinFestaPersonalData::IsRelatonVip() const,0,3843908,.text,FUNCTION,RETAIL_ORIGINAL_SYMBOL
|static|,static.crs,named,4176,_ZNK9NetAppLib9JoinFesta21JoinFestaPersonalData13GetLanguageIdEv,NetAppLib::JoinFesta::JoinFestaPersonalData::GetLanguageId() const,0,3843928,.text,FUNCTION,RETAIL_ORIGINAL_SYMBOL
|static|,static.crs,named,4177,_ZNK9NetAppLib9JoinFesta21JoinFestaPersonalData13GetRecordDataEjj,"NetAppLib::JoinFesta::JoinFestaPersonalData::GetRecordData(unsigned int, unsigned int) const",0,3843936,.text,FUNCTION,RETAIL_ORIGINAL_SYMBOL
|static|,static.crs,named,4178,_ZNK9NetAppLib9JoinFesta21JoinFestaPersonalData13GetUpdateDateEv,NetAppLib::JoinFesta::JoinFestaPersonalData::GetUpdateDate() const,0,3844640,.text,FUNCTION,RETAIL_ORIGINAL_SYMBOL
|static|,static.crs,named,4179,_ZNK9NetAppLib9JoinFesta21JoinFestaPersonalData14GetDressUpIconEv,NetAppLib::JoinFesta::JoinFestaPersonalData::GetDressUpIcon() const,0,3844648,.text,FUNCTION,RETAIL_ORIGINAL_SYMBOL
|static|,static.crs,named,4180,_ZNK9NetAppLib9JoinFesta21JoinFestaPersonalData14GetPresetNpcIdEv,NetAppLib::JoinFesta::JoinFestaPersonalData::GetPresetNpcId() const,0,3844656,.text,FUNCTION,RETAIL_ORIGINAL_SYMBOL
|static|,static.crs,named,4181,_ZNK9NetAppLib9JoinFesta21JoinFestaPersonalData15GetDressUpParamEv,NetAppLib::JoinFesta::JoinFestaPersonalData::GetDressUpParam() const,0,3844664,.text,FUNCTION,RETAIL_ORIGINAL_SYMBOL
|static|,static.crs,named,4182,_ZNK9NetAppLib9JoinFesta21JoinFestaPersonalData15GetTransferedIDEv,NetAppLib::JoinFesta::JoinFestaPersonalData::GetTransferedID() const,0,3844672,.text,FUNCTION,RETAIL_ORIGINAL_SYMBOL
|static|,static.crs,named,4183,_ZNK9NetAppLib9JoinFesta21JoinFestaPersonalData15IsPresetNpcDataEv,NetAppLib::JoinFesta::JoinFestaPersonalData::IsPresetNpcData() const,0,3844688,.text,FUNCTION,RETAIL_ORIGINAL_SYMBOL
|static|,static.crs,named,4184,_ZNK9NetAppLib9JoinFesta21JoinFestaPersonalData15IsSameFriendKeyERK18nnfriendsFriendKey,NetAppLib::JoinFesta::JoinFestaPersonalData::IsSameFriendKey(nnfriendsFriendKey const&) const,0,3844704,.text,FUNCTION,RETAIL_ORIGINAL_SYMBOL
|static|,static.crs,named,4185,_ZNK9NetAppLib9JoinFesta21JoinFestaPersonalData16IsOpenAttractionEv,NetAppLib::JoinFesta::JoinFestaPersonalData::IsOpenAttraction() const,0,3845036,.text,FUNCTION,RETAIL_ORIGINAL_SYMBOL
|static|,static.crs,named,4186,_ZNK9NetAppLib9JoinFesta21JoinFestaPersonalData16OutputPacketDataEPNS0_19JoinFestaPacketDataE,NetAppLib::JoinFesta::JoinFestaPersonalData::OutputPacketData(NetAppLib::JoinFesta::JoinFestaPacketData*) const,0,3845172,.text,FUNCTION,RETAIL_ORIGINAL_SYMBOL
|static|,static.crs,named,4187,_ZNK9NetAppLib9JoinFesta21JoinFestaPersonalData17GetPacketDataSizeEv,NetAppLib::JoinFesta::JoinFestaPersonalData::GetPacketDataSize() const,0,3845256,.text,FUNCTION,RETAIL_ORIGINAL_SYMBOL
|static|,static.crs,named,4188,_ZNK9NetAppLib9JoinFesta21JoinFestaPersonalData17GetRequestCommandEv,NetAppLib::JoinFesta::JoinFestaPersonalData::GetRequestCommand() const,0,3845264,.text,FUNCTION,RETAIL_ORIGINAL_SYMBOL
|static|,static.crs,named,4189,_ZNK9NetAppLib9JoinFesta21JoinFestaPersonalData18GetPersonalEventIdEv,NetAppLib::JoinFesta::JoinFestaPersonalData::GetPersonalEventId() const,0,3845292,.text,FUNCTION,RETAIL_ORIGINAL_SYMBOL
|static|,static.crs,named,4190,_ZNK9NetAppLib9JoinFesta21JoinFestaPersonalData19GetAttractionMonsNoEv,NetAppLib::JoinFesta::JoinFestaPersonalData::GetAttractionMonsNo() const,0,3845300,.text,FUNCTION,RETAIL_ORIGINAL_SYMBOL
|static|,static.crs,named,4191,_ZNK9NetAppLib9JoinFesta21JoinFestaPersonalData19GetPacketAttractionEv,NetAppLib::JoinFesta::JoinFestaPersonalData::GetPacketAttraction() const,0,3845312,.text,FUNCTION,RETAIL_ORIGINAL_SYMBOL
|static|,static.crs,named,4192,_ZNK9NetAppLib9JoinFesta21JoinFestaPersonalData20GetPacketGameStatus1EPNS0_17PacketGameStatus1E,NetAppLib::JoinFesta::JoinFestaPersonalData::GetPacketGameStatus1(NetAppLib::JoinFesta::PacketGameStatus1*) const,0,3845320,.text,FUNCTION,RETAIL_ORIGINAL_SYMBOL
|static|,static.crs,named,4193,_ZNK9NetAppLib9JoinFesta21JoinFestaPersonalData20GetPacketGameStatus5EPNS0_17PacketGameStatus5E,NetAppLib::JoinFesta::JoinFestaPersonalData::GetPacketGameStatus5(NetAppLib::JoinFesta::PacketGameStatus5*) const,0,3845524,.text,FUNCTION,RETAIL_ORIGINAL_SYMBOL
|static|,static.crs,named,4194,_ZNK9NetAppLib9JoinFesta21JoinFestaPersonalData20GetPacketTradeInviteEv,NetAppLib::JoinFesta::JoinFestaPersonalData::GetPacketTradeInvite() const,0,3845576,.text,FUNCTION,RETAIL_ORIGINAL_SYMBOL
|static|,static.crs,named,4195,_ZNK9NetAppLib9JoinFesta21JoinFestaPersonalData20GetUpdateElapsedDateEv,NetAppLib::JoinFesta::JoinFestaPersonalData::GetUpdateElapsedDate() const,0,3845584,.text,FUNCTION,RETAIL_ORIGINAL_SYMBOL
|static|,static.crs,named,4196,_ZNK9NetAppLib9JoinFesta21JoinFestaPersonalData20IsAttractionAddPointEv,NetAppLib::JoinFesta::JoinFestaPersonalData::IsAttractionAddPoint() const,0,3845800,.text,FUNCTION,RETAIL_ORIGINAL_SYMBOL
|static|,static.crs,named,4197,_ZNK9NetAppLib9JoinFesta21JoinFestaPersonalData21GetAttractionPokeTypeERhS2_,"NetAppLib::JoinFesta::JoinFestaPersonalData::GetAttractionPokeType(unsigned char&, unsigned char&) const",0,3845832,.text,FUNCTION,RETAIL_ORIGINAL_SYMBOL
|static|,static.crs,named,4198,_ZNK9NetAppLib9JoinFesta21JoinFestaPersonalData21GetJoinFestaFriendKeyEv,NetAppLib::JoinFesta::JoinFestaPersonalData::GetJoinFestaFriendKey() const,0,3845852,.text,FUNCTION,RETAIL_ORIGINAL_SYMBOL
|static|,static.crs,named,4199,_ZNK9NetAppLib9JoinFesta21JoinFestaPersonalData21GetPacketBattleInviteEv,NetAppLib::JoinFesta::JoinFestaPersonalData::GetPacketBattleInvite() const,0,3845880,.text,FUNCTION,RETAIL_ORIGINAL_SYMBOL
|static|,static.crs,named,4200,_ZNK9NetAppLib9JoinFesta21JoinFestaPersonalData21GetPacketTradeRecieveEv,NetAppLib::JoinFesta::JoinFestaPersonalData::GetPacketTradeRecieve() const,0,3845888,.text,FUNCTION,RETAIL_ORIGINAL_SYMBOL
|static|,static.crs,named,4201,_ZNK9NetAppLib9JoinFesta21JoinFestaPersonalData21IsAttractionDummyDataEv,NetAppLib::JoinFesta::JoinFestaPersonalData::IsAttractionDummyData() const,0,3845896,.text,FUNCTION,RETAIL_ORIGINAL_SYMBOL
|static|,static.crs,named,4202,_ZNK9NetAppLib9JoinFesta21JoinFestaPersonalData21IsPersonalEventEnableEv,NetAppLib::JoinFesta::JoinFestaPersonalData::IsPersonalEventEnable() const,0,3845912,.text,FUNCTION,RETAIL_ORIGINAL_SYMBOL
|static|,static.crs,named,4203,_ZNK9NetAppLib9JoinFesta21JoinFestaPersonalData22GetPacketBattleRecieveEv,NetAppLib::JoinFesta::JoinFestaPersonalData::GetPacketBattleRecieve() const,0,3845928,.text,FUNCTION,RETAIL_ORIGINAL_SYMBOL
|static|,static.crs,named,4204,_ZNK9NetAppLib9JoinFesta21JoinFestaPersonalData24GetRecommendFacilitiesIdEv,NetAppLib::JoinFesta::JoinFestaPersonalData::GetRecommendFacilitiesId() const,0,3846616,.text,FUNCTION,RETAIL_ORIGINAL_SYMBOL
|static|,static.crs,named,4205,_ZNK9NetAppLib9JoinFesta21JoinFestaPersonalData25GetPersonalEventRecordID1Ev,NetAppLib::JoinFesta::JoinFestaPersonalData::GetPersonalEventRecordID1() const,0,3846792,.text,FUNCTION,RETAIL_ORIGINAL_SYMBOL
|static|,static.crs,named,4206,_ZNK9NetAppLib9JoinFesta21JoinFestaPersonalData25GetPersonalEventRecordID2Ev,NetAppLib::JoinFesta::JoinFestaPersonalData::GetPersonalEventRecordID2() const,0,3846812,.text,FUNCTION,RETAIL_ORIGINAL_SYMBOL
|static|,static.crs,named,4207,_ZNK9NetAppLib9JoinFesta21JoinFestaPersonalData25GetPersonalEventRecordID3Ev,NetAppLib::JoinFesta::JoinFestaPersonalData::GetPersonalEventRecordID3() const,0,3846832,.text,FUNCTION,RETAIL_ORIGINAL_SYMBOL
|static|,static.crs,named,4208,_ZNK9NetAppLib9JoinFesta21JoinFestaPersonalData25IsEnablePacketTradeInviteEv,NetAppLib::JoinFesta::JoinFestaPersonalData::IsEnablePacketTradeInvite() const,0,3846852,.text,FUNCTION,RETAIL_ORIGINAL_SYMBOL
|static|,static.crs,named,4209,_ZNK9NetAppLib9JoinFesta21JoinFestaPersonalData26GetPersonalEventQuestionIdEv,NetAppLib::JoinFesta::JoinFestaPersonalData::GetPersonalEventQuestionId() const,0,3846888,.text,FUNCTION,RETAIL_ORIGINAL_SYMBOL
|static|,static.crs,named,4210,_ZNK9NetAppLib9JoinFesta21JoinFestaPersonalData26IsEnablePacketBattleInviteEv,NetAppLib::JoinFesta::JoinFestaPersonalData::IsEnablePacketBattleInvite() const,0,3846908,.text,FUNCTION,RETAIL_ORIGINAL_SYMBOL
|static|,static.crs,named,4211,_ZNK9NetAppLib9JoinFesta21JoinFestaPersonalData26IsEnablePacketTradeRecieveEv,NetAppLib::JoinFesta::JoinFestaPersonalData::IsEnablePacketTradeRecieve() const,0,3846944,.text,FUNCTION,RETAIL_ORIGINAL_SYMBOL
|static|,static.crs,named,4212,_ZNK9NetAppLib9JoinFesta21JoinFestaPersonalData27GetRecommendFacilitiesColorEv,NetAppLib::JoinFesta::JoinFestaPersonalData::GetRecommendFacilitiesColor() const,0,3846968,.text,FUNCTION,RETAIL_ORIGINAL_SYMBOL
|static|,static.crs,named,4213,_ZNK9NetAppLib9JoinFesta21JoinFestaPersonalData27IsEnablePacketBattleRecieveEv,NetAppLib::JoinFesta::JoinFestaPersonalData::IsEnablePacketBattleRecieve() const,0,3846984,.text,FUNCTION,RETAIL_ORIGINAL_SYMBOL
|static|,static.crs,named,4214,_ZNK9NetAppLib9JoinFesta21JoinFestaPersonalData28GetAttractionAppearanceStateEv,NetAppLib::JoinFesta::JoinFestaPersonalData::GetAttractionAppearanceState() const,0,3847008,.text,FUNCTION,RETAIL_ORIGINAL_SYMBOL
|static|,static.crs,named,4215,_ZNK9NetAppLib9JoinFesta21JoinFestaPersonalData30GetAttractionPersonalEventFakeEv,NetAppLib::JoinFesta::JoinFestaPersonalData::GetAttractionPersonalEventFake() const,0,3847016,.text,FUNCTION,RETAIL_ORIGINAL_SYMBOL
|static|,static.crs,named,4216,_ZNK9NetAppLib9JoinFesta21JoinFestaPersonalData30GetAttractionSingleWordMessageEv,NetAppLib::JoinFesta::JoinFestaPersonalData::GetAttractionSingleWordMessage() const,0,3847024,.text,FUNCTION,RETAIL_ORIGINAL_SYMBOL
|static|,static.crs,named,4217,_ZNK9NetAppLib9JoinFesta21JoinFestaPersonalData31GetPersonalEventRecordCategory1Ev,NetAppLib::JoinFesta::JoinFestaPersonalData::GetPersonalEventRecordCategory1() const,0,3847072,.text,FUNCTION,RETAIL_ORIGINAL_SYMBOL
|static|,static.crs,named,4218,_ZNK9NetAppLib9JoinFesta21JoinFestaPersonalData31GetPersonalEventRecordCategory2Ev,NetAppLib::JoinFesta::JoinFestaPersonalData::GetPersonalEventRecordCategory2() const,0,3847092,.text,FUNCTION,RETAIL_ORIGINAL_SYMBOL
|static|,static.crs,named,4219,_ZNK9NetAppLib9JoinFesta21JoinFestaPersonalData31GetPersonalEventRecordCategory3Ev,NetAppLib::JoinFesta::JoinFestaPersonalData::GetPersonalEventRecordCategory3() const,0,3847112,.text,FUNCTION,RETAIL_ORIGINAL_SYMBOL
|static|,static.crs,named,4220,_ZNK9NetAppLib9JoinFesta21JoinFestaPersonalData31IsAttractionPersonalEventEnableEv,NetAppLib::JoinFesta::JoinFestaPersonalData::IsAttractionPersonalEventEnable() const,0,3847132,.text,FUNCTION,RETAIL_ORIGINAL_SYMBOL
|static|,static.crs,named,4221,_ZNK9NetAppLib9JoinFesta21JoinFestaPersonalData33GetRecommendFacilitiesCharacterIdEv,NetAppLib::JoinFesta::JoinFestaPersonalData::GetRecommendFacilitiesCharacterId() const,0,3847148,.text,FUNCTION,RETAIL_ORIGINAL_SYMBOL
|static|,static.crs,named,4222,_ZNK9NetAppLib9JoinFesta21JoinFestaPersonalData6GetSexEv,NetAppLib::JoinFesta::JoinFestaPersonalData::GetSex() const,0,3847164,.text,FUNCTION,RETAIL_ORIGINAL_SYMBOL
|static|,static.crs,named,4223,_ZNK9NetAppLib9JoinFesta21JoinFestaPersonalData7GetNameEPw,NetAppLib::JoinFesta::JoinFestaPersonalData::GetName(wchar_t*) const,0,3847192,.text,FUNCTION,RETAIL_ORIGINAL_SYMBOL
|static|,static.crs,named,4224,_ZNK9NetAppLib9JoinFesta21JoinFestaPersonalData7GetNameEv,NetAppLib::JoinFesta::JoinFestaPersonalData::GetName() const,0,3847212,.text,FUNCTION,RETAIL_ORIGINAL_SYMBOL
|static|,static.crs,named,4225,_ZNK9NetAppLib9JoinFesta21JoinFestaPersonalData8IsEnableEv,NetAppLib::JoinFesta::JoinFestaPersonalData::IsEnable() const,0,3847220,.text,FUNCTION,RETAIL_ORIGINAL_SYMBOL
|static|,static.crs,named,4226,_ZNK9NetAppLib9JoinFesta21JoinFestaPersonalData8IsOnlineEv,NetAppLib::JoinFesta::JoinFestaPersonalData::IsOnline() const,0,3847256,.text,FUNCTION,RETAIL_ORIGINAL_SYMBOL
|static|,static.crs,named,4227,_ZNK9NetAppLib9JoinFesta27JoinFestaInformationMessage14IsMessageExistEv,NetAppLib::JoinFesta::JoinFestaInformationMessage::IsMessageExist() const,0,3847272,.text,FUNCTION,RETAIL_ORIGINAL_SYMBOL
|static|,static.crs,named,4228,_ZNK9NetAppLib9JoinFesta28JoinFestaPersonalDataManager17GetInviteTicketIdEv,NetAppLib::JoinFesta::JoinFestaPersonalDataManager::GetInviteTicketId() const,0,3847288,.text,FUNCTION,RETAIL_ORIGINAL_SYMBOL
|static|,static.crs,named,4229,_ZNK9NetAppLib9JoinFesta28JoinFestaPersonalDataManager18IsRecruiterVisibleEv,NetAppLib::JoinFesta::JoinFestaPersonalDataManager::IsRecruiterVisible() const,0,3847312,.text,FUNCTION,RETAIL_ORIGINAL_SYMBOL
|static|,static.crs,named,4230,_ZNK9NetAppLib9JoinFesta28JoinFestaPersonalDataManager6IsFullENS0_15JoinFestaDefine21E_JOIN_FESTA_RELATIONE,NetAppLib::JoinFesta::JoinFestaPersonalDataManager::IsFull(NetAppLib::JoinFesta::JoinFestaDefine::E_JOIN_FESTA_RELATION) const,0,3847324,.text,FUNCTION,RETAIL_ORIGINAL_SYMBOL
|static|,static.crs,named,4231,_ZNK9NetAppLib9JoinFesta28JoinFestaPersonalDataManager8GetCountENS0_15JoinFestaDefine21E_JOIN_FESTA_RELATIONE,NetAppLib::JoinFesta::JoinFestaPersonalDataManager::GetCount(NetAppLib::JoinFesta::JoinFestaDefine::E_JOIN_FESTA_RELATION) const,0,3847352,.text,FUNCTION,RETAIL_ORIGINAL_SYMBOL
|static|,static.crs,named,4232,_ZThn128_N3App4Tool15MessageMenuView10SelectMenuEj,non-virtual thunk to App::Tool::MessageMenuView::SelectMenu(unsigned int),0,3851236,.text,FUNCTION,RETAIL_ORIGINAL_SYMBOL
|static|,static.crs,named,4233,_ZThn128_N3App4Tool23CommonMessageWindowView38CommonMessageWindowManipulator_OnEventENS0_30CommonMessageWindowManipulator7EventIDE,non-virtual thunk to App::Tool::CommonMessageWindowView::CommonMessageWindowManipulator_OnEvent(App::Tool::CommonMessageWindowManipulator::EventID),0,3851416,.text,FUNCTION,RETAIL_ORIGINAL_SYMBOL
|static|,static.crs,named,4234,_ZThn160_N9NetAppLib2UI16NetAppCursorView29OnLayoutPaneTouchTriggerEventEj,non-virtual thunk to NetAppLib::UI::NetAppCursorView::OnLayoutPaneTouchTriggerEvent(unsigned int),0,3856428,.text,FUNCTION,RETAIL_ORIGINAL_SYMBOL
|static|,static.crs,named,4235,_ZThn164_N9NetAppLib2UI16NetAppCursorView24CursorController_OnEventEPN3app4tool16CursorControllerENS4_13IEventHandler9EventCodeE,"non-virtual thunk to NetAppLib::UI::NetAppCursorView::CursorController_OnEvent(app::tool::CursorController*, app::tool::CursorController::IEventHandler::EventCode)",0,3856896,.text,FUNCTION,RETAIL_ORIGINAL_SYMBOL
|static|,static.crs,named,4236,_ZThn188_N4gfl215renderingengine10scenegraph8instance17ModelInstanceNode7PreDrawERNS0_8renderer11RenderStateE,non-virtual thunk to gfl2::renderingengine::scenegraph::instance::ModelInstanceNode::PreDraw(gfl2::renderingengine::renderer::RenderState&),0,3860468,.text,FUNCTION,RETAIL_ORIGINAL_SYMBOL
|static|,static.crs,named,4237,_ZThn188_N4gfl215renderingengine10scenegraph8instance17ModelInstanceNode8PostDrawERNS0_8renderer11RenderStateE,non-virtual thunk to gfl2::renderingengine::scenegraph::instance::ModelInstanceNode::PostDraw(gfl2::renderingengine::renderer::RenderState&),0,3860472,.text,FUNCTION,RETAIL_ORIGINAL_SYMBOL
|static|,static.crs,named,4238,_ZThn196_N9NetAppLib11JoinFestaUI38JoinFestaPlayerListSelectLowerViewBase11OnKeyActionEPN4gfl22ui6ButtonEPNS3_12VectorDeviceES7_,"non-virtual thunk to NetAppLib::JoinFestaUI::JoinFestaPlayerListSelectLowerViewBase::OnKeyAction(gfl2::ui::Button*, gfl2::ui::VectorDevice*, gfl2::ui::VectorDevice*)",0,3861800,.text,FUNCTION,RETAIL_ORIGINAL_SYMBOL
|static|,static.crs,named,4239,_ZThn200_N9NetAppLib11JoinFestaUI38JoinFestaPlayerListSelectLowerViewBase18CallBack_CursorOffEPvPKN3app4tool8PaneList9PANE_DATAEjj,"non-virtual thunk to NetAppLib::JoinFestaUI::JoinFestaPlayerListSelectLowerViewBase::CallBack_CursorOff(void*, app::tool::PaneList::PANE_DATA const*, unsigned int, unsigned int)",0,3863368,.text,FUNCTION,RETAIL_ORIGINAL_SYMBOL
|static|,static.crs,named,4240,_ZThn200_N9NetAppLib11JoinFestaUI38JoinFestaPlayerListSelectLowerViewBase18CallBack_ListWriteEPvPKN3app4tool8PaneList9PANE_DATAEjj,"non-virtual thunk to NetAppLib::JoinFestaUI::JoinFestaPlayerListSelectLowerViewBase::CallBack_ListWrite(void*, app::tool::PaneList::PANE_DATA const*, unsigned int, unsigned int)",0,3863372,.text,FUNCTION,RETAIL_ORIGINAL_SYMBOL
|static|,static.crs,named,4241,_ZThn200_N9NetAppLib11JoinFestaUI38JoinFestaPlayerListSelectLowerViewBase19CallBack_CursorMoveEPvPKN3app4tool8PaneList9PANE_DATAEjj,"non-virtual thunk to NetAppLib::JoinFestaUI::JoinFestaPlayerListSelectLowerViewBase::CallBack_CursorMove(void*, app::tool::PaneList::PANE_DATA const*, unsigned int, unsigned int)",0,3863800,.text,FUNCTION,RETAIL_ORIGINAL_SYMBOL
|static|,static.crs,named,4242,_ZThn200_N9NetAppLib11JoinFestaUI38JoinFestaPlayerListSelectLowerViewBase19CallBack_ItemChangeEPvjj,"non-virtual thunk to NetAppLib::JoinFestaUI::JoinFestaPlayerListSelectLowerViewBase::CallBack_ItemChange(void*, unsigned int, unsigned int)",0,3863852,.text,FUNCTION,RETAIL_ORIGINAL_SYMBOL
|static|,static.crs,named,4243,_ZnajPN4gfl24heap11CtrHeapBaseE,"operator new[](unsigned int, gfl2::heap::CtrHeapBase*)",0,3885416,.text,FUNCTION,RETAIL_ORIGINAL_SYMBOL
|static|,static.crs,named,4244,_ZnajPN4gfl24heap11CtrHeapBaseEi,"operator new[](unsigned int, gfl2::heap::CtrHeapBase*, int)",0,3885468,.text,FUNCTION,RETAIL_ORIGINAL_SYMBOL
|static|,static.crs,named,4245,_ZnwjPN4gfl24heap11CtrHeapBaseEi,"operator new(unsigned int, gfl2::heap::CtrHeapBase*, int)",0,3885568,.text,FUNCTION,RETAIL_ORIGINAL_SYMBOL
|static|,static.crs,named,4246,__hardfp_acosf,__hardfp_acosf,0,3888752,.text,FUNCTION,RETAIL_ORIGINAL_SYMBOL
|static|,static.crs,named,4247,__hardfp_asinf,__hardfp_asinf,0,3889052,.text,FUNCTION,RETAIL_ORIGINAL_SYMBOL
|static|,static.crs,named,4248,__hardfp_atan2f,__hardfp_atan2f,0,3889364,.text,FUNCTION,RETAIL_ORIGINAL_SYMBOL
|static|,static.crs,named,4249,__hardfp_atanf,__hardfp_atanf,0,3889988,.text,FUNCTION,RETAIL_ORIGINAL_SYMBOL
|static|,static.crs,named,4250,__hardfp_cosf,__hardfp_cosf,0,3890576,.text,FUNCTION,RETAIL_ORIGINAL_SYMBOL
|static|,static.crs,named,4251,__hardfp_log10f,__hardfp_log10f,0,3891672,.text,FUNCTION,RETAIL_ORIGINAL_SYMBOL
|static|,static.crs,named,4252,__hardfp_powf,__hardfp_powf,0,3892872,.text,FUNCTION,RETAIL_ORIGINAL_SYMBOL
|static|,static.crs,named,4253,__hardfp_sinf,__hardfp_sinf,0,3894780,.text,FUNCTION,RETAIL_ORIGINAL_SYMBOL
|static|,static.crs,named,4254,__hardfp_tanf,__hardfp_tanf,0,3895236,.text,FUNCTION,RETAIL_ORIGINAL_SYMBOL
|static|,static.crs,named,4255,amx_GetAddr,amx_GetAddr,0,4303464,.text,FUNCTION,RETAIL_ORIGINAL_SYMBOL
|static|,static.crs,named,4256,_ZN5Field11FieldScript17FieldScriptSystem11SetWaitFuncEP6tagAMXPFbPS1_jPvEjS5_,"Field::FieldScript::FieldScriptSystem::SetWaitFunc(tagAMX*, bool (*)(Field::FieldScript::FieldScriptSystem*, unsigned int, void*), unsigned int, void*)",0,4304716,.text,FUNCTION,RETAIL_ORIGINAL_SYMBOL
|static|,static.crs,named,4257,_ZN4gfl24pawn8PawnBase20RegisterPawnFunctionEPK18tagAMX_NATIVE_INFO,gfl2::pawn::PawnBase::RegisterPawnFunction(tagAMX_NATIVE_INFO const*),0,4304808,.text,FUNCTION,RETAIL_ORIGINAL_SYMBOL
|static|,static.crs,named,4258,glBindFramebuffer,glBindFramebuffer,0,4321568,.text,FUNCTION,RETAIL_ORIGINAL_SYMBOL
|static|,static.crs,named,4259,glBindRenderbuffer,glBindRenderbuffer,0,4321820,.text,FUNCTION,RETAIL_ORIGINAL_SYMBOL
|static|,static.crs,named,4260,glClear,glClear,0,4322144,.text,FUNCTION,RETAIL_ORIGINAL_SYMBOL
|static|,static.crs,named,4261,glClearColor,glClearColor,0,4322592,.text,FUNCTION,RETAIL_ORIGINAL_SYMBOL
|static|,static.crs,named,4262,glDeleteFramebuffers,glDeleteFramebuffers,0,4322756,.text,FUNCTION,RETAIL_ORIGINAL_SYMBOL
|static|,static.crs,named,4263,glDeleteRenderbuffers,glDeleteRenderbuffers,0,4323228,.text,FUNCTION,RETAIL_ORIGINAL_SYMBOL
|static|,static.crs,named,4264,glFramebufferRenderbuffer,glFramebufferRenderbuffer,0,4323720,.text,FUNCTION,RETAIL_ORIGINAL_SYMBOL
|static|,static.crs,named,4265,glGenFramebuffers,glGenFramebuffers,0,4323916,.text,FUNCTION,RETAIL_ORIGINAL_SYMBOL
|static|,static.crs,named,4266,glGenRenderbuffers,glGenRenderbuffers,0,4324484,.text,FUNCTION,RETAIL_ORIGINAL_SYMBOL
|static|,static.crs,named,4267,glRenderbufferStorage,glRenderbufferStorage,0,4325076,.text,FUNCTION,RETAIL_ORIGINAL_SYMBOL
|static|,static.crs,named,4268,glViewport,glViewport,0,4325348,.text,FUNCTION,RETAIL_ORIGINAL_SYMBOL
|static|,static.crs,named,4269,mwmofastaudioDecoderCreate,mwmofastaudioDecoderCreate,0,4326560,.text,FUNCTION,RETAIL_ORIGINAL_SYMBOL
|static|,static.crs,named,4270,mwmofastaudioDecoderFinalize,mwmofastaudioDecoderFinalize,0,4326836,.text,FUNCTION,RETAIL_ORIGINAL_SYMBOL
|static|,static.crs,named,4271,mwmofastaudioDecoderGetFrame,mwmofastaudioDecoderGetFrame,0,4326860,.text,FUNCTION,RETAIL_ORIGINAL_SYMBOL
|static|,static.crs,named,4272,mwmofastaudioDecoderInitialize,mwmofastaudioDecoderInitialize,0,4326892,.text,FUNCTION,RETAIL_ORIGINAL_SYMBOL
|static|,static.crs,named,4273,mwmofastaudioDecoderPrintStatistics,mwmofastaudioDecoderPrintStatistics,0,4326936,.text,FUNCTION,RETAIL_ORIGINAL_SYMBOL
|static|,static.crs,named,4274,mwmofastaudioDecoderRelease,mwmofastaudioDecoderRelease,0,4326940,.text,FUNCTION,RETAIL_ORIGINAL_SYMBOL
|static|,static.crs,named,4275,mwmofastaudioDecoderUnpackFrame,mwmofastaudioDecoderUnpackFrame,0,4327016,.text,FUNCTION,RETAIL_ORIGINAL_SYMBOL
|static|,static.crs,named,4276,mwmofilterDeblockerApply,mwmofilterDeblockerApply,0,4327276,.text,FUNCTION,RETAIL_ORIGINAL_SYMBOL
|static|,static.crs,named,4277,mwmofilterDeblockerCreate,mwmofilterDeblockerCreate,0,4327772,.text,FUNCTION,RETAIL_ORIGINAL_SYMBOL
|static|,static.crs,named,4278,mwmofilterDeblockerFinalize,mwmofilterDeblockerFinalize,0,4327852,.text,FUNCTION,RETAIL_ORIGINAL_SYMBOL
|static|,static.crs,named,4279,mwmofilterDeblockerInitialize,mwmofilterDeblockerInitialize,0,4327876,.text,FUNCTION,RETAIL_ORIGINAL_SYMBOL
|static|,static.crs,named,4280,mwmofilterDeblockerPrintStatistics,mwmofilterDeblockerPrintStatistics,0,4327920,.text,FUNCTION,RETAIL_ORIGINAL_SYMBOL
|static|,static.crs,named,4281,mwmofilterDeblockerRelease,mwmofilterDeblockerRelease,0,4327924,.text,FUNCTION,RETAIL_ORIGINAL_SYMBOL
|static|,static.crs,named,4282,mwmoimaadpcmDecoderCreate,mwmoimaadpcmDecoderCreate,0,4327988,.text,FUNCTION,RETAIL_ORIGINAL_SYMBOL
|static|,static.crs,named,4283,mwmoimaadpcmDecoderFinalize,mwmoimaadpcmDecoderFinalize,0,4328084,.text,FUNCTION,RETAIL_ORIGINAL_SYMBOL
|static|,static.crs,named,4284,mwmoimaadpcmDecoderGetFrame,mwmoimaadpcmDecoderGetFrame,0,4328116,.text,FUNCTION,RETAIL_ORIGINAL_SYMBOL
|static|,static.crs,named,4285,mwmoimaadpcmDecoderInitialize,mwmoimaadpcmDecoderInitialize,0,4328148,.text,FUNCTION,RETAIL_ORIGINAL_SYMBOL
|static|,static.crs,named,4286,mwmoimaadpcmDecoderPrintStatistics,mwmoimaadpcmDecoderPrintStatistics,0,4328216,.text,FUNCTION,RETAIL_ORIGINAL_SYMBOL
|static|,static.crs,named,4287,mwmoimaadpcmDecoderRelease,mwmoimaadpcmDecoderRelease,0,4328220,.text,FUNCTION,RETAIL_ORIGINAL_SYMBOL
|static|,static.crs,named,4288,mwmoimaadpcmDecoderUnpackFrame,mwmoimaadpcmDecoderUnpackFrame,0,4328284,.text,FUNCTION,RETAIL_ORIGINAL_SYMBOL
|static|,static.crs,named,4289,mwmomobiclipDecoderCreate,mwmomobiclipDecoderCreate,0,4328564,.text,FUNCTION,RETAIL_ORIGINAL_SYMBOL
|static|,static.crs,named,4290,mwmomobiclipDecoderFinalize,mwmomobiclipDecoderFinalize,0,4328844,.text,FUNCTION,RETAIL_ORIGINAL_SYMBOL
|static|,static.crs,named,4291,mwmomobiclipDecoderGetFrame,mwmomobiclipDecoderGetFrame,0,4328884,.text,FUNCTION,RETAIL_ORIGINAL_SYMBOL
|static|,static.crs,named,4292,mwmomobiclipDecoderGetNbPushedFrame,mwmomobiclipDecoderGetNbPushedFrame,0,4329108,.text,FUNCTION,RETAIL_ORIGINAL_SYMBOL
|static|,static.crs,named,4293,mwmomobiclipDecoderGetQueueCapacity,mwmomobiclipDecoderGetQueueCapacity,0,4329164,.text,FUNCTION,RETAIL_ORIGINAL_SYMBOL
|static|,static.crs,named,4294,mwmomobiclipDecoderInitialize,mwmomobiclipDecoderInitialize,0,4329176,.text,FUNCTION,RETAIL_ORIGINAL_SYMBOL
|static|,static.crs,named,4295,mwmomobiclipDecoderPopFrame,mwmomobiclipDecoderPopFrame,0,4329232,.text,FUNCTION,RETAIL_ORIGINAL_SYMBOL
|static|,static.crs,named,4296,mwmomobiclipDecoderPrintStatistics,mwmomobiclipDecoderPrintStatistics,0,4329348,.text,FUNCTION,RETAIL_ORIGINAL_SYMBOL
|static|,static.crs,named,4297,mwmomobiclipDecoderRelease,mwmomobiclipDecoderRelease,0,4329352,.text,FUNCTION,RETAIL_ORIGINAL_SYMBOL
|static|,static.crs,named,4298,mwmomobiclipDecoderUnpackFrame,mwmomobiclipDecoderUnpackFrame,0,4329432,.text,FUNCTION,RETAIL_ORIGINAL_SYMBOL
|static|,static.crs,named,4299,mwmomoflexDemuxerCreate,mwmomoflexDemuxerCreate,0,4329616,.text,FUNCTION,RETAIL_ORIGINAL_SYMBOL
|static|,static.crs,named,4300,mwmomoflexDemuxerFinalize,mwmomoflexDemuxerFinalize,0,4330136,.text,FUNCTION,RETAIL_ORIGINAL_SYMBOL
|static|,static.crs,named,4301,mwmomoflexDemuxerFlushStream,mwmomoflexDemuxerFlushStream,0,4330160,.text,FUNCTION,RETAIL_ORIGINAL_SYMBOL
|static|,static.crs,named,4302,mwmomoflexDemuxerGetContentPosition,mwmomoflexDemuxerGetContentPosition,0,4330268,.text,FUNCTION,RETAIL_ORIGINAL_SYMBOL
|static|,static.crs,named,4303,mwmomoflexDemuxerGetContentSize,mwmomoflexDemuxerGetContentSize,0,4330308,.text,FUNCTION,RETAIL_ORIGINAL_SYMBOL
|static|,static.crs,named,4304,mwmomoflexDemuxerGetStreamCount,mwmomoflexDemuxerGetStreamCount,0,4330348,.text,FUNCTION,RETAIL_ORIGINAL_SYMBOL
|static|,static.crs,named,4305,mwmomoflexDemuxerGetStreamFrameCount,mwmomoflexDemuxerGetStreamFrameCount,0,4330388,.text,FUNCTION,RETAIL_ORIGINAL_SYMBOL
|static|,static.crs,named,4306,mwmomoflexDemuxerGetStreamFrameData,mwmomoflexDemuxerGetStreamFrameData,0,4330500,.text,FUNCTION,RETAIL_ORIGINAL_SYMBOL
|static|,static.crs,named,4307,mwmomoflexDemuxerGetStreamInfo,mwmomoflexDemuxerGetStreamInfo,0,4330712,.text,FUNCTION,RETAIL_ORIGINAL_SYMBOL
|static|,static.crs,named,4308,mwmomoflexDemuxerInitialize,mwmomoflexDemuxerInitialize,0,4330964,.text,FUNCTION,RETAIL_ORIGINAL_SYMBOL
|static|,static.crs,named,4309,mwmomoflexDemuxerPopStreamFrame,mwmomoflexDemuxerPopStreamFrame,0,4331008,.text,FUNCTION,RETAIL_ORIGINAL_SYMBOL
|static|,static.crs,named,4310,mwmomoflexDemuxerReadPacket,mwmomoflexDemuxerReadPacket,0,4331072,.text,FUNCTION,RETAIL_ORIGINAL_SYMBOL
|static|,static.crs,named,4311,mwmomoflexDemuxerRelease,mwmomoflexDemuxerRelease,0,4331304,.text,FUNCTION,RETAIL_ORIGINAL_SYMBOL
|static|,static.crs,named,4312,mwmomoflexDemuxerSetContentPosition,mwmomoflexDemuxerSetContentPosition,0,4331400,.text,FUNCTION,RETAIL_ORIGINAL_SYMBOL
|static|,static.crs,named,4313,nngxActiveDisplay,nngxActiveDisplay,0,4333156,.text,FUNCTION,RETAIL_ORIGINAL_SYMBOL
|static|,static.crs,named,4314,nngxBindCmdlist,nngxBindCmdlist,0,4333940,.text,FUNCTION,RETAIL_ORIGINAL_SYMBOL
|static|,static.crs,named,4315,nngxBindDisplaybuffer,nngxBindDisplaybuffer,0,4334300,.text,FUNCTION,RETAIL_ORIGINAL_SYMBOL
|static|,static.crs,named,4316,nngxClearCmdlist,nngxClearCmdlist,0,4334708,.text,FUNCTION,RETAIL_ORIGINAL_SYMBOL
|static|,static.crs,named,4317,nngxCmdlistStorage,nngxCmdlistStorage,0,4334948,.text,FUNCTION,RETAIL_ORIGINAL_SYMBOL
|static|,static.crs,named,4318,nngxDeleteCmdlists,nngxDeleteCmdlists,0,4335296,.text,FUNCTION,RETAIL_ORIGINAL_SYMBOL
|static|,static.crs,named,4319,nngxDeleteDisplaybuffers,nngxDeleteDisplaybuffers,0,4335620,.text,FUNCTION,RETAIL_ORIGINAL_SYMBOL
|static|,static.crs,named,4320,nngxDisplayEnv,nngxDisplayEnv,0,4335920,.text,FUNCTION,RETAIL_ORIGINAL_SYMBOL
|static|,static.crs,named,4321,nngxDisplaybufferStorage,nngxDisplaybufferStorage,0,4335956,.text,FUNCTION,RETAIL_ORIGINAL_SYMBOL
|static|,static.crs,named,4322,nngxFinalize,nngxFinalize,0,4336184,.text,FUNCTION,RETAIL_ORIGINAL_SYMBOL
|static|,static.crs,named,4323,nngxGenCmdlists,nngxGenCmdlists,0,4337228,.text,FUNCTION,RETAIL_ORIGINAL_SYMBOL
|static|,static.crs,named,4324,nngxGenDisplaybuffers,nngxGenDisplaybuffers,0,4337536,.text,FUNCTION,RETAIL_ORIGINAL_SYMBOL
|static|,static.crs,named,4325,nngxGetDisplaybufferParameteri,nngxGetDisplaybufferParameteri,0,4337912,.text,FUNCTION,RETAIL_ORIGINAL_SYMBOL
|static|,static.crs,named,4326,nngxGetVramEndAddr,nngxGetVramEndAddr,0,4338060,.text,FUNCTION,RETAIL_ORIGINAL_SYMBOL
|static|,static.crs,named,4327,nngxGetVramStartAddr,nngxGetVramStartAddr,0,4338120,.text,FUNCTION,RETAIL_ORIGINAL_SYMBOL
|static|,static.crs,named,4328,nngxInitialize,nngxInitialize,0,4338200,.text,FUNCTION,RETAIL_ORIGINAL_SYMBOL
|static|,static.crs,named,4329,nngxIsStereoVisionAllowed,nngxIsStereoVisionAllowed,0,4341436,.text,FUNCTION,RETAIL_ORIGINAL_SYMBOL
|static|,static.crs,named,4330,nngxRunCmdlist,nngxRunCmdlist,0,4341692,.text,FUNCTION,RETAIL_ORIGINAL_SYMBOL
|static|,static.crs,named,4331,nngxSetCmdlistParameteri,nngxSetCmdlistParameteri,0,4341884,.text,FUNCTION,RETAIL_ORIGINAL_SYMBOL
|static|,static.crs,named,4332,nngxSetDisplayMode,nngxSetDisplayMode,0,4341948,.text,FUNCTION,RETAIL_ORIGINAL_SYMBOL
|static|,static.crs,named,4333,nngxSetMemAccessPrioMode,nngxSetMemAccessPrioMode,0,4342020,.text,FUNCTION,RETAIL_ORIGINAL_SYMBOL
|static|,static.crs,named,4334,nngxSetVSyncCallback,nngxSetVSyncCallback,0,4342088,.text,FUNCTION,RETAIL_ORIGINAL_SYMBOL
|static|,static.crs,named,4335,nngxSwapBuffers,nngxSwapBuffers,0,4342932,.text,FUNCTION,RETAIL_ORIGINAL_SYMBOL
|static|,static.crs,named,4336,nngxTransferRenderImage,nngxTransferRenderImage,0,4343640,.text,FUNCTION,RETAIL_ORIGINAL_SYMBOL
|static|,static.crs,named,4337,nngxWaitCmdlistDone,nngxWaitCmdlistDone,0,4345240,.text,FUNCTION,RETAIL_ORIGINAL_SYMBOL
|static|,static.crs,named,4338,nnroAeabiAtexit_,nnroAeabiAtexit_,0,4346212,.text,FUNCTION,RETAIL_ORIGINAL_SYMBOL
|static|,static.crs,named,4339,_ZN4gfl24math10SFMTRandom10InitializeEj,gfl2::math::SFMTRandom::Initialize(unsigned int),0,4436644,.text,FUNCTION,RETAIL_ORIGINAL_SYMBOL
|static|,static.crs,named,4340,_ZN2nw4font16TagProcessorBaseIwEC1Ev,nw::font::TagProcessorBase<wchar_t>::TagProcessorBase(),0,4554560,.text,FUNCTION,RETAIL_ORIGINAL_SYMBOL
|static|,static.crs,named,4341,_ZN2nw4font16TagProcessorBaseIwED1Ev,nw::font::TagProcessorBase<wchar_t>::~TagProcessorBase(),0,4554584,.text,FUNCTION,RETAIL_ORIGINAL_SYMBOL
|static|,static.crs,named,4342,__aeabi_l2d,__aeabi_l2d,0,4804812,.text,FUNCTION,RETAIL_ORIGINAL_SYMBOL
|static|,static.crs,named,4343,__aeabi_ul2d,__aeabi_ul2d,0,4804992,.text,FUNCTION,RETAIL_ORIGINAL_SYMBOL
|static|,static.crs,named,4344,__aeabi_f2lz,__aeabi_f2lz,0,4805896,.text,FUNCTION,RETAIL_ORIGINAL_SYMBOL
|static|,static.crs,named,4345,__aeabi_d2ulz,__aeabi_d2ulz,0,4806032,.text,FUNCTION,RETAIL_ORIGINAL_SYMBOL
|static|,static.crs,named,4346,_ZN3app4tool13ButtonManager14BUTTON_ID_NULLE,app::tool::ButtonManager::BUTTON_ID_NULL,1,8892,.rodata,DATA,RETAIL_ORIGINAL_SYMBOL
|static|,static.crs,named,4347,_ZN3app4tool13ButtonManager14ANIMATION_NULLE,app::tool::ButtonManager::ANIMATION_NULL,1,8896,.rodata,DATA,RETAIL_ORIGINAL_SYMBOL
|static|,static.crs,named,4348,_ZN3app4tool10MenuWindow14DEFAULT_PUT_FXE,app::tool::MenuWindow::DEFAULT_PUT_FX,1,9016,.rodata,DATA,RETAIL_ORIGINAL_SYMBOL
|static|,static.crs,named,4349,_ZN3app4tool10MenuWindow14DEFAULT_PUT_FYE,app::tool::MenuWindow::DEFAULT_PUT_FY,1,9020,.rodata,DATA,RETAIL_ORIGINAL_SYMBOL
|static|,static.crs,named,4350,_ZN3app4tool10MenuWindow19DEFAULT_PUT_X_UPPERE,app::tool::MenuWindow::DEFAULT_PUT_X_UPPER,1,9024,.rodata,DATA,RETAIL_ORIGINAL_SYMBOL
|static|,static.crs,named,4351,_ZN3app4tool10MenuWindow19DEFAULT_PUT_Y_UPPERE,app::tool::MenuWindow::DEFAULT_PUT_Y_UPPER,1,9028,.rodata,DATA,RETAIL_ORIGINAL_SYMBOL
|static|,static.crs,named,4352,_ZN3app4util17DEFAULT_FADE_SYNCE,app::util::DEFAULT_FADE_SYNC,1,28052,.rodata,DATA,RETAIL_ORIGINAL_SYMBOL
|static|,static.crs,named,4353,_ZN3app4util21DEFAULT_GET_COUNT_30FE,app::util::DEFAULT_GET_COUNT_30F,1,28060,.rodata,DATA,RETAIL_ORIGINAL_SYMBOL
|static|,static.crs,named,4354,_ZN5Field9MoveModel20FieldMoveModelPlayer27RIDE_POKEMON_CHARA_ID_ARRAYE,Field::MoveModel::FieldMoveModelPlayer::RIDE_POKEMON_CHARA_ID_ARRAY,1,36352,.rodata,DATA,RETAIL_ORIGINAL_SYMBOL
|static|,static.crs,named,4355,_ZN5Field9MoveModel19FieldMoveCodePlayer11WATER_DEPTHE,Field::MoveModel::FieldMoveCodePlayer::WATER_DEPTH,1,37060,.rodata,DATA,RETAIL_ORIGINAL_SYMBOL
|static|,static.crs,named,4356,_ZN5Field9MoveModel14FieldMoveModel13GROUND_OFFSETE,Field::MoveModel::FieldMoveModel::GROUND_OFFSET,1,37064,.rodata,DATA,RETAIL_ORIGINAL_SYMBOL
|static|,static.crs,named,4357,_ZN2nn4math8internal10gSinCosTblE,nn::math::internal::gSinCosTbl,1,130560,.rodata,DATA,RETAIL_ORIGINAL_SYMBOL
|static|,static.crs,named,4358,_ZN2nw3eft8internal10gSinCosTblE,nw::eft::internal::gSinCosTbl,1,134804,.rodata,DATA,RETAIL_ORIGINAL_SYMBOL
|static|,static.crs,named,4359,_ZTIN10__cxxabiv117__class_type_infoE,typeinfo for __cxxabiv1::__class_type_info,1,381824,.rodata,TYPEINFO,RETAIL_ORIGINAL_SYMBOL
|static|,static.crs,named,4360,_ZTIN10__cxxabiv120__si_class_type_infoE,typeinfo for __cxxabiv1::__si_class_type_info,1,381836,.rodata,TYPEINFO,RETAIL_ORIGINAL_SYMBOL
|static|,static.crs,named,4361,_ZTIN10__cxxabiv121__vmi_class_type_infoE,typeinfo for __cxxabiv1::__vmi_class_type_info,1,381848,.rodata,TYPEINFO,RETAIL_ORIGINAL_SYMBOL
|static|,static.crs,named,4362,_ZTIN3App4Tool23CommonMessageWindowViewE,typeinfo for App::Tool::CommonMessageWindowView,1,394796,.rodata,TYPEINFO,RETAIL_ORIGINAL_SYMBOL
|static|,static.crs,named,4363,_ZTIN3app2ui6UIViewE,typeinfo for app::ui::UIView,1,395432,.rodata,TYPEINFO,RETAIL_ORIGINAL_SYMBOL
|static|,static.crs,named,4364,_ZTIN3app4tool16CursorControllerE,typeinfo for app::tool::CursorController,1,395808,.rodata,TYPEINFO,RETAIL_ORIGINAL_SYMBOL
|static|,static.crs,named,4365,_ZTIN4__rw15__rw_facet_baseE,typeinfo for __rw::__rw_facet_base,1,396536,.rodata,TYPEINFO,RETAIL_ORIGINAL_SYMBOL
|static|,static.crs,named,4366,_ZTIN4__rw15__rw_punct_dataIcEE,typeinfo for __rw::__rw_punct_data<char>,1,396548,.rodata,TYPEINFO,RETAIL_ORIGINAL_SYMBOL
|static|,static.crs,named,4367,_ZTIN4__rw17__rw_collate_dataIcEE,typeinfo for __rw::__rw_collate_data<char>,1,396556,.rodata,TYPEINFO,RETAIL_ORIGINAL_SYMBOL
|static|,static.crs,named,4368,_ZTIN4__rw17__rw_collate_implIcEE,typeinfo for __rw::__rw_collate_impl<char>,1,396564,.rodata,TYPEINFO,RETAIL_ORIGINAL_SYMBOL
|static|,static.crs,named,4369,_ZTIN4__rw17__rw_ctype_helperIcEE,typeinfo for __rw::__rw_ctype_helper<char>,1,396576,.rodata,TYPEINFO,RETAIL_ORIGINAL_SYMBOL
|static|,static.crs,named,4370,_ZTIN4__rw17__rw_synchronizedE,typeinfo for __rw::__rw_synchronized,1,396584,.rodata,TYPEINFO,RETAIL_ORIGINAL_SYMBOL
|static|,static.crs,named,4371,_ZTIN4__rw18__rw_numpunct_implIcEE,typeinfo for __rw::__rw_numpunct_impl<char>,1,396592,.rodata,TYPEINFO,RETAIL_ORIGINAL_SYMBOL
|static|,static.crs,named,4372,_ZTIN4__rw23__rw_numpunct_impl_baseE,typeinfo for __rw::__rw_numpunct_impl_base,1,396604,.rodata,TYPEINFO,RETAIL_ORIGINAL_SYMBOL
|static|,static.crs,named,4373,_ZTIN4__rw23__rw_numpunct_impl_dataIcEE,typeinfo for __rw::__rw_numpunct_impl_data<char>,1,396612,.rodata,TYPEINFO,RETAIL_ORIGINAL_SYMBOL
|static|,static.crs,named,4374,_ZTIN4gfl215renderingengine10scenegraph8instance12InstanceNodeE,typeinfo for gfl2::renderingengine::scenegraph::instance::InstanceNode,1,397320,.rodata,TYPEINFO,RETAIL_ORIGINAL_SYMBOL
|static|,static.crs,named,4375,_ZTIN4gfl215renderingengine10scenegraph8instance17ModelInstanceNodeE,typeinfo for gfl2::renderingengine::scenegraph::instance::ModelInstanceNode,1,397416,.rodata,TYPEINFO,RETAIL_ORIGINAL_SYMBOL
|static|,static.crs,named,4376,_ZTIN4gfl215renderingengine10scenegraph8resource17ArrayResourceNodeE,typeinfo for gfl2::renderingengine::scenegraph::resource::ArrayResourceNode,1,397744,.rodata,TYPEINFO,RETAIL_ORIGINAL_SYMBOL
|static|,static.crs,named,4377,_ZTIN4gfl215renderingengine8renderer17RenderingPipeLine15SceneRenderPathE,typeinfo for gfl2::renderingengine::renderer::RenderingPipeLine::SceneRenderPath,1,399052,.rodata,TYPEINFO,RETAIL_ORIGINAL_SYMBOL
|static|,static.crs,named,4378,_ZTIN4gfl215renderingengine8renderer17RenderingPipeLineE,typeinfo for gfl2::renderingengine::renderer::RenderingPipeLine,1,399064,.rodata,TYPEINFO,RETAIL_ORIGINAL_SYMBOL
|static|,static.crs,named,4379,_ZTIN4gfl26Effect16EffectRenderPathE,typeinfo for gfl2::Effect::EffectRenderPath,1,401144,.rodata,TYPEINFO,RETAIL_ORIGINAL_SYMBOL
|static|,static.crs,named,4380,_ZTIN6System15ModelRenderPathE,typeinfo for System::ModelRenderPath,1,404708,.rodata,TYPEINFO,RETAIL_ORIGINAL_SYMBOL
|static|,static.crs,named,4381,_ZTIN7GameSys8GameProcE,typeinfo for GameSys::GameProc,1,404956,.rodata,TYPEINFO,RETAIL_ORIGINAL_SYMBOL
|static|,static.crs,named,4382,_ZTIN7GameSys9GameEventE,typeinfo for GameSys::GameEvent,1,404980,.rodata,TYPEINFO,RETAIL_ORIGINAL_SYMBOL
|static|,static.crs,named,4383,_ZTIN9NetAppLib11JoinFestaUI38JoinFestaPlayerListSelectLowerViewBaseE,typeinfo for NetAppLib::JoinFestaUI::JoinFestaPlayerListSelectLowerViewBase,1,407732,.rodata,TYPEINFO,RETAIL_ORIGINAL_SYMBOL
|static|,static.crs,named,4384,_ZTIN9NetAppLib2UI16NetAppCursorViewE,typeinfo for NetAppLib::UI::NetAppCursorView,1,407872,.rodata,TYPEINFO,RETAIL_ORIGINAL_SYMBOL
|static|,static.crs,named,4385,_ZTIN9NetAppLib2UI17NetAppMessageMenuE,typeinfo for NetAppLib::UI::NetAppMessageMenu,1,407920,.rodata,TYPEINFO,RETAIL_ORIGINAL_SYMBOL
|static|,static.crs,named,4386,_ZTIN9NetAppLib6System15NetAppFrameBaseE,typeinfo for NetAppLib::System::NetAppFrameBase,1,408112,.rodata,TYPEINFO,RETAIL_ORIGINAL_SYMBOL
|static|,static.crs,named,4387,_ZTIN9NetAppLib6System19ApplicationWorkBaseE,typeinfo for NetAppLib::System::ApplicationWorkBase,1,408132,.rodata,TYPEINFO,RETAIL_ORIGINAL_SYMBOL
|static|,static.crs,named,4388,_ZTIN9NetAppLib6System21ApplicationSystemBaseE,typeinfo for NetAppLib::System::ApplicationSystemBase,1,408148,.rodata,TYPEINFO,RETAIL_ORIGINAL_SYMBOL
|static|,static.crs,named,4389,_ZTIN9NetAppLib6System22NetApplicationViewBaseE,typeinfo for NetAppLib::System::NetApplicationViewBase,1,408156,.rodata,TYPEINFO,RETAIL_ORIGINAL_SYMBOL
|static|,static.crs,named,4390,_ZTINSt6locale5facetE,typeinfo for std::locale::facet,1,408528,.rodata,TYPEINFO,RETAIL_ORIGINAL_SYMBOL
|static|,static.crs,named,4391,_ZTISt10ctype_base,typeinfo for std::ctype_base,1,408540,.rodata,TYPEINFO,RETAIL_ORIGINAL_SYMBOL
|static|,static.crs,named,4392,_ZTISt12codecvt_base,typeinfo for std::codecvt_base,1,408548,.rodata,TYPEINFO,RETAIL_ORIGINAL_SYMBOL
|static|,static.crs,named,4393,_ZTISt12ctype_bynameIcE,typeinfo for std::ctype_byname<char>,1,408556,.rodata,TYPEINFO,RETAIL_ORIGINAL_SYMBOL
|static|,static.crs,named,4394,_ZTISt13messages_base,typeinfo for std::messages_base,1,408568,.rodata,TYPEINFO,RETAIL_ORIGINAL_SYMBOL
|static|,static.crs,named,4395,_ZTISt14__rw_exception,typeinfo for std::__rw_exception,1,408576,.rodata,TYPEINFO,RETAIL_ORIGINAL_SYMBOL
|static|,static.crs,named,4396,_ZTISt14codecvt_bynameIwcSt11__mbstate_tE,"typeinfo for std::codecvt_byname<wchar_t, char, std::__mbstate_t>",1,408588,.rodata,TYPEINFO,RETAIL_ORIGINAL_SYMBOL
|static|,static.crs,named,4397,_ZTISt14collate_bynameIcE,typeinfo for std::collate_byname<char>,1,408600,.rodata,TYPEINFO,RETAIL_ORIGINAL_SYMBOL
|static|,static.crs,named,4398,_ZTISt18__rw_messages_base,typeinfo for std::__rw_messages_base,1,408612,.rodata,TYPEINFO,RETAIL_ORIGINAL_SYMBOL
|static|,static.crs,named,4399,_ZTISt5ctypeIcE,typeinfo for std::ctype<char>,1,408672,.rodata,TYPEINFO,RETAIL_ORIGINAL_SYMBOL
|static|,static.crs,named,4400,_ZTISt7codecvtIwcSt11__mbstate_tE,"typeinfo for std::codecvt<wchar_t, char, std::__mbstate_t>",1,408712,.rodata,TYPEINFO,RETAIL_ORIGINAL_SYMBOL
|static|,static.crs,named,4401,_ZTISt7collateIcE,typeinfo for std::collate<char>,1,408744,.rodata,TYPEINFO,RETAIL_ORIGINAL_SYMBOL
|static|,static.crs,named,4402,_ZTISt8messagesIcE,typeinfo for std::messages<char>,1,408776,.rodata,TYPEINFO,RETAIL_ORIGINAL_SYMBOL
|static|,static.crs,named,4403,_ZTISt8numpunctIcE,typeinfo for std::numpunct<char>,1,408808,.rodata,TYPEINFO,RETAIL_ORIGINAL_SYMBOL
|static|,static.crs,named,4404,_ZTISt9exception,typeinfo for std::exception,1,408840,.rodata,TYPEINFO,RETAIL_ORIGINAL_SYMBOL
|static|,static.crs,named,4405,_ZTISt9type_info,typeinfo for std::type_info,1,408848,.rodata,TYPEINFO,RETAIL_ORIGINAL_SYMBOL
|static|,static.crs,named,4406,_ZTSN10__cxxabiv117__class_type_infoE,typeinfo name for __cxxabiv1::__class_type_info,1,409153,.rodata,TYPEINFO,RETAIL_ORIGINAL_SYMBOL
|static|,static.crs,named,4407,_ZTSN10__cxxabiv120__si_class_type_infoE,typeinfo name for __cxxabiv1::__si_class_type_info,1,409187,.rodata,TYPEINFO,RETAIL_ORIGINAL_SYMBOL
|static|,static.crs,named,4408,_ZTSN10__cxxabiv121__vmi_class_type_infoE,typeinfo name for __cxxabiv1::__vmi_class_type_info,1,409224,.rodata,TYPEINFO,RETAIL_ORIGINAL_SYMBOL
|static|,static.crs,named,4409,_ZTSN4__rw15__rw_facet_baseE,typeinfo name for __rw::__rw_facet_base,1,450609,.rodata,TYPEINFO,RETAIL_ORIGINAL_SYMBOL
|static|,static.crs,named,4410,_ZTSN4__rw15__rw_punct_dataIcEE,typeinfo name for __rw::__rw_punct_data<char>,1,450634,.rodata,TYPEINFO,RETAIL_ORIGINAL_SYMBOL
|static|,static.crs,named,4411,_ZTSN4__rw17__rw_collate_dataIcEE,typeinfo name for __rw::__rw_collate_data<char>,1,450662,.rodata,TYPEINFO,RETAIL_ORIGINAL_SYMBOL
|static|,static.crs,named,4412,_ZTSN4__rw17__rw_collate_implIcEE,typeinfo name for __rw::__rw_collate_impl<char>,1,450692,.rodata,TYPEINFO,RETAIL_ORIGINAL_SYMBOL
|static|,static.crs,named,4413,_ZTSN4__rw17__rw_ctype_helperIcEE,typeinfo name for __rw::__rw_ctype_helper<char>,1,450722,.rodata,TYPEINFO,RETAIL_ORIGINAL_SYMBOL
|static|,static.crs,named,4414,_ZTSN4__rw17__rw_synchronizedE,typeinfo name for __rw::__rw_synchronized,1,450752,.rodata,TYPEINFO,RETAIL_ORIGINAL_SYMBOL
|static|,static.crs,named,4415,_ZTSN4__rw18__rw_numpunct_implIcEE,typeinfo name for __rw::__rw_numpunct_impl<char>,1,450779,.rodata,TYPEINFO,RETAIL_ORIGINAL_SYMBOL
|static|,static.crs,named,4416,_ZTSN4__rw23__rw_numpunct_impl_baseE,typeinfo name for __rw::__rw_numpunct_impl_base,1,450810,.rodata,TYPEINFO,RETAIL_ORIGINAL_SYMBOL
|static|,static.crs,named,4417,_ZTSN4__rw23__rw_numpunct_impl_dataIcEE,typeinfo name for __rw::__rw_numpunct_impl_data<char>,1,450843,.rodata,TYPEINFO,RETAIL_ORIGINAL_SYMBOL
|static|,static.crs,named,4418,_ZTSNSt6locale5facetE,typeinfo name for std::locale::facet,1,494351,.rodata,TYPEINFO,RETAIL_ORIGINAL_SYMBOL
|static|,static.crs,named,4419,_ZTSSt10ctype_base,typeinfo name for std::ctype_base,1,494369,.rodata,TYPEINFO,RETAIL_ORIGINAL_SYMBOL
|static|,static.crs,named,4420,_ZTSSt12codecvt_base,typeinfo name for std::codecvt_base,1,494384,.rodata,TYPEINFO,RETAIL_ORIGINAL_SYMBOL
|static|,static.crs,named,4421,_ZTSSt12ctype_bynameIcE,typeinfo name for std::ctype_byname<char>,1,494401,.rodata,TYPEINFO,RETAIL_ORIGINAL_SYMBOL
|static|,static.crs,named,4422,_ZTSSt13messages_base,typeinfo name for std::messages_base,1,494421,.rodata,TYPEINFO,RETAIL_ORIGINAL_SYMBOL
|static|,static.crs,named,4423,_ZTSSt14__rw_exception,typeinfo name for std::__rw_exception,1,494439,.rodata,TYPEINFO,RETAIL_ORIGINAL_SYMBOL
|static|,static.crs,named,4424,_ZTSSt14codecvt_bynameIwcSt11__mbstate_tE,"typeinfo name for std::codecvt_byname<wchar_t, char, std::__mbstate_t>",1,494458,.rodata,TYPEINFO,RETAIL_ORIGINAL_SYMBOL
|static|,static.crs,named,4425,_ZTSSt14collate_bynameIcE,typeinfo name for std::collate_byname<char>,1,494496,.rodata,TYPEINFO,RETAIL_ORIGINAL_SYMBOL
|static|,static.crs,named,4426,_ZTSSt18__rw_messages_base,typeinfo name for std::__rw_messages_base,1,494518,.rodata,TYPEINFO,RETAIL_ORIGINAL_SYMBOL
|static|,static.crs,named,4427,_ZTSSt5ctypeIcE,typeinfo name for std::ctype<char>,1,494650,.rodata,TYPEINFO,RETAIL_ORIGINAL_SYMBOL
|static|,static.crs,named,4428,_ZTSSt7codecvtIwcSt11__mbstate_tE,"typeinfo name for std::codecvt<wchar_t, char, std::__mbstate_t>",1,494662,.rodata,TYPEINFO,RETAIL_ORIGINAL_SYMBOL
|static|,static.crs,named,4429,_ZTSSt7collateIcE,typeinfo name for std::collate<char>,1,494692,.rodata,TYPEINFO,RETAIL_ORIGINAL_SYMBOL
|static|,static.crs,named,4430,_ZTSSt8messagesIcE,typeinfo name for std::messages<char>,1,494706,.rodata,TYPEINFO,RETAIL_ORIGINAL_SYMBOL
|static|,static.crs,named,4431,_ZTSSt8numpunctIcE,typeinfo name for std::numpunct<char>,1,494721,.rodata,TYPEINFO,RETAIL_ORIGINAL_SYMBOL
|static|,static.crs,named,4432,_ZTSSt9exception,typeinfo name for std::exception,1,494736,.rodata,TYPEINFO,RETAIL_ORIGINAL_SYMBOL
|static|,static.crs,named,4433,_ZTSSt9type_info,typeinfo name for std::type_info,1,494749,.rodata,TYPEINFO,RETAIL_ORIGINAL_SYMBOL
|static|,static.crs,named,4434,_ZTVN10__cxxabiv117__class_type_infoE,vtable for __cxxabiv1::__class_type_info,1,495180,.rodata,VTABLE,RETAIL_ORIGINAL_SYMBOL
|static|,static.crs,named,4435,_ZTVN10__cxxabiv120__si_class_type_infoE,vtable for __cxxabiv1::__si_class_type_info,1,495196,.rodata,VTABLE,RETAIL_ORIGINAL_SYMBOL
|static|,static.crs,named,4436,_ZTVN10__cxxabiv121__vmi_class_type_infoE,vtable for __cxxabiv1::__vmi_class_type_info,1,495212,.rodata,VTABLE,RETAIL_ORIGINAL_SYMBOL
|static|,static.crs,named,4437,_ZTVN2nn3nex6BufferE,vtable for nn::nex::Buffer,1,520624,.rodata,VTABLE,RETAIL_ORIGINAL_SYMBOL
|static|,static.crs,named,4438,_ZTVN4gfl215renderingengine8renderer17RenderingPipeLine11PresentPathE,vtable for gfl2::renderingengine::renderer::RenderingPipeLine::PresentPath,1,538124,.rodata,VTABLE,RETAIL_ORIGINAL_SYMBOL
|static|,static.crs,named,4439,_ZTVN4gfl24pawn4PawnE,vtable for gfl2::pawn::Pawn,1,541960,.rodata,VTABLE,RETAIL_ORIGINAL_SYMBOL
|static|,static.crs,named,4440,_ZTVN5Field15EventNormalLoseE,vtable for Field::EventNormalLose,1,544832,.rodata,VTABLE,RETAIL_ORIGINAL_SYMBOL
|static|,static.crs,named,4441,_ZTVN5Field7Encount18EventSymbolEncountE,vtable for Field::Encount::EventSymbolEncount,1,545604,.rodata,VTABLE,RETAIL_ORIGINAL_SYMBOL
|static|,static.crs,named,4442,_ZTVN6System20ClearDepthRenderPathE,vtable for System::ClearDepthRenderPath,1,551608,.rodata,VTABLE,RETAIL_ORIGINAL_SYMBOL
|static|,static.crs,named,4443,_ZTVN9NetAppLib7Message17TelopTagProcessorE,vtable for NetAppLib::Message::TelopTagProcessor,1,561744,.rodata,VTABLE,RETAIL_ORIGINAL_SYMBOL
|static|,static.crs,named,4444,_ZTVNSt6locale5facetE,vtable for std::locale::facet,1,562708,.rodata,VTABLE,RETAIL_ORIGINAL_SYMBOL
|static|,static.crs,named,4445,_ZTVSt12ctype_bynameIcE,vtable for std::ctype_byname<char>,1,562728,.rodata,VTABLE,RETAIL_ORIGINAL_SYMBOL
|static|,static.crs,named,4446,_ZTVSt14__rw_exception,vtable for std::__rw_exception,1,562780,.rodata,VTABLE,RETAIL_ORIGINAL_SYMBOL
|static|,static.crs,named,4447,_ZTVSt14codecvt_bynameIwcSt11__mbstate_tE,"vtable for std::codecvt_byname<wchar_t, char, std::__mbstate_t>",1,562800,.rodata,VTABLE,RETAIL_ORIGINAL_SYMBOL
|static|,static.crs,named,4448,_ZTVSt14collate_bynameIcE,vtable for std::collate_byname<char>,1,562848,.rodata,VTABLE,RETAIL_ORIGINAL_SYMBOL
|static|,static.crs,named,4449,_ZTVSt5ctypeIcE,vtable for std::ctype<char>,1,562880,.rodata,VTABLE,RETAIL_ORIGINAL_SYMBOL
|static|,static.crs,named,4450,_ZTVSt7collateIcE,vtable for std::collate<char>,1,562932,.rodata,VTABLE,RETAIL_ORIGINAL_SYMBOL
|static|,static.crs,named,4451,_ZTVSt8messagesIcE,vtable for std::messages<char>,1,562964,.rodata,VTABLE,RETAIL_ORIGINAL_SYMBOL
|static|,static.crs,named,4452,_ZTVSt8numpunctIcE,vtable for std::numpunct<char>,1,562996,.rodata,VTABLE,RETAIL_ORIGINAL_SYMBOL
|static|,static.crs,named,4453,_ZTVSt9exception,vtable for std::exception,1,563036,.rodata,VTABLE,RETAIL_ORIGINAL_SYMBOL
|static|,static.crs,named,4454,_ZZN4gfl23gfx21ConstantBufferElement27CONSTANT_BUFFER_ELEMENT_ENDEvE18s_constant_element,gfl2::gfx::ConstantBufferElement::CONSTANT_BUFFER_ELEMENT_END()::s_constant_element,1,563269,.rodata,DATA,RETAIL_ORIGINAL_SYMBOL
|static|,static.crs,named,4455,_ZN7gflnet23p2p7NetGame13mpNetGameBaseE,gflnet2::p2p::NetGame::mpNetGameBase,2,31976,.data,DATA,RETAIL_ORIGINAL_SYMBOL
|static|,static.crs,named,4456,_ZN7gflnet23p2p11NetGameBase8mbMasterE,gflnet2::p2p::NetGameBase::mbMaster,2,31990,.data,DATA,RETAIL_ORIGINAL_SYMBOL
|static|,static.crs,named,4457,_ZN4gfl23gfx3ctr5CTRGL4s_GpE,gfl2::gfx::ctr::CTRGL::s_Gp,2,32048,.data,DATA,RETAIL_ORIGINAL_SYMBOL
|static|,static.crs,named,4458,_ZN4gfl23gfx8GLMemory16s_pUserAllocatorE,gfl2::gfx::GLMemory::s_pUserAllocator,2,32056,.data,DATA,RETAIL_ORIGINAL_SYMBOL
|static|,static.crs,named,4459,_ZN4gfl23gfx8GLMemory20s_pInstanceAllocatorE,gfl2::gfx::GLMemory::s_pInstanceAllocator,2,32060,.data,DATA,RETAIL_ORIGINAL_SYMBOL
|static|,static.crs,named,4460,_ZN4gfl23gfx8GLMemory24s_InstanceAllocatorCountE,gfl2::gfx::GLMemory::s_InstanceAllocatorCount,2,32064,.data,DATA,RETAIL_ORIGINAL_SYMBOL
|static|,static.crs,named,4461,_ZN4gfl23gfx8GLMemory24s_pNewParameterAllocatorE,gfl2::gfx::GLMemory::s_pNewParameterAllocator,2,32068,.data,DATA,RETAIL_ORIGINAL_SYMBOL
|static|,static.crs,named,4462,_ZN4gfl215renderingengine10scenegraph8resource15ResourceManager4s_GpE,gfl2::renderingengine::scenegraph::resource::ResourceManager::s_Gp,2,32760,.data,DATA,RETAIL_ORIGINAL_SYMBOL
|static|,static.crs,named,4463,_ZN3app4tool13ButtonManager7SE_NULLE,app::tool::ButtonManager::SE_NULL,2,33052,.data,DATA,RETAIL_ORIGINAL_SYMBOL
|static|,static.crs,named,4464,_ZN12ScriptAssert22ScriptAssertEnableFlagE,ScriptAssert::ScriptAssertEnableFlag,2,33420,.data,DATA,RETAIL_ORIGINAL_SYMBOL
|static|,static.crs,named,4465,_ZN5Field20EventPokemonRideTool28s_CameraMoveSettingSeaToRandE,Field::EventPokemonRideTool::s_CameraMoveSettingSeaToRand,2,33552,.data,DATA,RETAIL_ORIGINAL_SYMBOL
|static|,static.crs,named,4466,_ZN5Field20EventPokemonRideTool28s_CameraMoveSettingRandToSeaE,Field::EventPokemonRideTool::s_CameraMoveSettingRandToSea,2,33564,.data,DATA,RETAIL_ORIGINAL_SYMBOL
|static|,static.crs,named,4467,_ZN5Field9MoveModel22FieldMoveCodeRideRoba220m_CameraShakeSettingE,Field::MoveModel::FieldMoveCodeRideRoba2::m_CameraShakeSetting,2,33596,.data,DATA,RETAIL_ORIGINAL_SYMBOL
|static|,static.crs,named,4468,_ZN5Field9MoveModel16FieldMoveCodeNpc9m_SettingE,Field::MoveModel::FieldMoveCodeNpc::m_Setting,2,33760,.data,DATA,RETAIL_ORIGINAL_SYMBOL
|static|,static.crs,named,4469,_ZN6NetLib5Error28NijiNetworkErrorDialogStatus16mDialogStartTickE,NetLib::Error::NijiNetworkErrorDialogStatus::mDialogStartTick,2,34432,.data,DATA,RETAIL_ORIGINAL_SYMBOL
|static|,static.crs,named,4470,_ZN6System6GflUse23m_pEventDeviceAllocatorE,System::GflUse::m_pEventDeviceAllocator,2,35200,.data,DATA,RETAIL_ORIGINAL_SYMBOL
|static|,static.crs,named,4471,_ZN2nn3nex18DataStoreConstants17INVALID_DATE_TIMEE,nn::nex::DataStoreConstants::INVALID_DATE_TIME,2,112156,.data,DATA,RETAIL_ORIGINAL_SYMBOL
|static|,static.crs,named,4472,_ZN2nn3y2r3CTR6detail3Y2r9s_SessionE,nn::y2r::CTR::detail::Y2r::s_Session,2,168052,.data,DATA,RETAIL_ORIGINAL_SYMBOL
|static|,static.crs,named,4473,_ZN2nw3lyt6Layout12s_pAllocatorE,nw::lyt::Layout::s_pAllocator,2,168068,.data,DATA,RETAIL_ORIGINAL_SYMBOL
|static|,static.crs,named,4474,_ZN2nw3lyt6Layout24s_pDeviceMemoryAllocatorE,nw::lyt::Layout::s_pDeviceMemoryAllocator,2,168072,.data,DATA,RETAIL_ORIGINAL_SYMBOL
|static|,static.crs,named,4475,_ZGVN4gfl215renderingengine10scenegraph15NodeInheritanceIN5Field10TrialModel15FieldTrialModelENS3_18IField3DObjectNodeEE13s_InheritanceE,"guard variable for gfl2::renderingengine::scenegraph::NodeInheritance<Field::TrialModel::FieldTrialModel, Field::IField3DObjectNode>::s_Inheritance",2,245380,.data,DATA,RETAIL_ORIGINAL_SYMBOL
|static|,static.crs,named,4476,_ZN4gfl215renderingengine10scenegraph15NodeInheritanceIN5Field10TrialModel15FieldTrialModelENS3_18IField3DObjectNodeEE13s_InheritanceE,"gfl2::renderingengine::scenegraph::NodeInheritance<Field::TrialModel::FieldTrialModel, Field::IField3DObjectNode>::s_Inheritance",2,245384,.data,DATA,RETAIL_ORIGINAL_SYMBOL
|static|,static.crs,named,4477,_ZGVN4gfl215renderingengine10scenegraph15NodeInheritanceIN5Field18FieldTransformNodeENS1_8instance13TransformNodeEE13s_InheritanceE,"guard variable for gfl2::renderingengine::scenegraph::NodeInheritance<Field::FieldTransformNode, gfl2::renderingengine::scenegraph::instance::TransformNode>::s_Inheritance",2,245392,.data,DATA,RETAIL_ORIGINAL_SYMBOL
|static|,static.crs,named,4478,_ZN4gfl215renderingengine10scenegraph15NodeInheritanceIN5Field18FieldTransformNodeENS1_8instance13TransformNodeEE13s_InheritanceE,"gfl2::renderingengine::scenegraph::NodeInheritance<Field::FieldTransformNode, gfl2::renderingengine::scenegraph::instance::TransformNode>::s_Inheritance",2,245396,.data,DATA,RETAIL_ORIGINAL_SYMBOL
|static|,static.crs,named,4479,_ZGVN4gfl215renderingengine10scenegraph15NodeInheritanceIN5Field18IField3DObjectNodeENS3_9FieldNodeEE13s_InheritanceE,"guard variable for gfl2::renderingengine::scenegraph::NodeInheritance<Field::IField3DObjectNode, Field::FieldNode>::s_Inheritance",2,245404,.data,DATA,RETAIL_ORIGINAL_SYMBOL
|static|,static.crs,named,4480,_ZN4gfl215renderingengine10scenegraph15NodeInheritanceIN5Field18IField3DObjectNodeENS3_9FieldNodeEE13s_InheritanceE,"gfl2::renderingengine::scenegraph::NodeInheritance<Field::IField3DObjectNode, Field::FieldNode>::s_Inheritance",2,245408,.data,DATA,RETAIL_ORIGINAL_SYMBOL
|static|,static.crs,named,4481,_ZGVN4gfl215renderingengine10scenegraph15NodeInheritanceIN5Field9FieldNodeENS1_8instance12InstanceNodeEE13s_InheritanceE,"guard variable for gfl2::renderingengine::scenegraph::NodeInheritance<Field::FieldNode, gfl2::renderingengine::scenegraph::instance::InstanceNode>::s_Inheritance",2,245416,.data,DATA,RETAIL_ORIGINAL_SYMBOL
|static|,static.crs,named,4482,_ZN4gfl215renderingengine10scenegraph15NodeInheritanceIN5Field9FieldNodeENS1_8instance12InstanceNodeEE13s_InheritanceE,"gfl2::renderingengine::scenegraph::NodeInheritance<Field::FieldNode, gfl2::renderingengine::scenegraph::instance::InstanceNode>::s_Inheritance",2,245420,.data,DATA,RETAIL_ORIGINAL_SYMBOL
|static|,static.crs,named,4483,_ZGVN4gfl215renderingengine10scenegraph15NodeInheritanceIN5Field9MoveModel14FieldMoveModelENS3_18IField3DObjectNodeEE13s_InheritanceE,"guard variable for gfl2::renderingengine::scenegraph::NodeInheritance<Field::MoveModel::FieldMoveModel, Field::IField3DObjectNode>::s_Inheritance",2,245428,.data,DATA,RETAIL_ORIGINAL_SYMBOL
|static|,static.crs,named,4484,_ZN4gfl215renderingengine10scenegraph15NodeInheritanceIN5Field9MoveModel14FieldMoveModelENS3_18IField3DObjectNodeEE13s_InheritanceE,"gfl2::renderingengine::scenegraph::NodeInheritance<Field::MoveModel::FieldMoveModel, Field::IField3DObjectNode>::s_Inheritance",2,245432,.data,DATA,RETAIL_ORIGINAL_SYMBOL
|static|,static.crs,named,4485,_ZGVN4gfl215renderingengine10scenegraph15NodeInheritanceINS1_7DagNodeENS1_4NodeEE13s_InheritanceE,"guard variable for gfl2::renderingengine::scenegraph::NodeInheritance<gfl2::renderingengine::scenegraph::DagNode, gfl2::renderingengine::scenegraph::Node>::s_Inheritance",2,245452,.data,DATA,RETAIL_ORIGINAL_SYMBOL
|static|,static.crs,named,4486,_ZN4gfl215renderingengine10scenegraph15NodeInheritanceINS1_7DagNodeENS1_4NodeEE13s_InheritanceE,"gfl2::renderingengine::scenegraph::NodeInheritance<gfl2::renderingengine::scenegraph::DagNode, gfl2::renderingengine::scenegraph::Node>::s_Inheritance",2,245456,.data,DATA,RETAIL_ORIGINAL_SYMBOL
|static|,static.crs,named,4487,_ZGVN4gfl215renderingengine10scenegraph15NodeInheritanceINS1_8instance12DrawableNodeENS3_17CullingObjectNodeEE13s_InheritanceE,"guard variable for gfl2::renderingengine::scenegraph::NodeInheritance<gfl2::renderingengine::scenegraph::instance::DrawableNode, gfl2::renderingengine::scenegraph::instance::CullingObjectNode>::s_Inheritance",2,245488,.data,DATA,RETAIL_ORIGINAL_SYMBOL
|static|,static.crs,named,4488,_ZN4gfl215renderingengine10scenegraph15NodeInheritanceINS1_8instance12DrawableNodeENS3_17CullingObjectNodeEE13s_InheritanceE,"gfl2::renderingengine::scenegraph::NodeInheritance<gfl2::renderingengine::scenegraph::instance::DrawableNode, gfl2::renderingengine::scenegraph::instance::CullingObjectNode>::s_Inheritance",2,245492,.data,DATA,RETAIL_ORIGINAL_SYMBOL
|static|,static.crs,named,4489,_ZGVN4gfl215renderingengine10scenegraph15NodeInheritanceINS1_8instance12InstanceNodeENS1_7DagNodeEE13s_InheritanceE,"guard variable for gfl2::renderingengine::scenegraph::NodeInheritance<gfl2::renderingengine::scenegraph::instance::InstanceNode, gfl2::renderingengine::scenegraph::DagNode>::s_Inheritance",2,245500,.data,DATA,RETAIL_ORIGINAL_SYMBOL
|static|,static.crs,named,4490,_ZN4gfl215renderingengine10scenegraph15NodeInheritanceINS1_8instance12InstanceNodeENS1_7DagNodeEE13s_InheritanceE,"gfl2::renderingengine::scenegraph::NodeInheritance<gfl2::renderingengine::scenegraph::instance::InstanceNode, gfl2::renderingengine::scenegraph::DagNode>::s_Inheritance",2,245504,.data,DATA,RETAIL_ORIGINAL_SYMBOL
|static|,static.crs,named,4491,_ZGVN4gfl215renderingengine10scenegraph15NodeInheritanceINS1_8instance13TransformNodeENS3_12InstanceNodeEE13s_InheritanceE,"guard variable for gfl2::renderingengine::scenegraph::NodeInheritance<gfl2::renderingengine::scenegraph::instance::TransformNode, gfl2::renderingengine::scenegraph::instance::InstanceNode>::s_Inheritance",2,245524,.data,DATA,RETAIL_ORIGINAL_SYMBOL
|static|,static.crs,named,4492,_ZN4gfl215renderingengine10scenegraph15NodeInheritanceINS1_8instance13TransformNodeENS3_12InstanceNodeEE13s_InheritanceE,"gfl2::renderingengine::scenegraph::NodeInheritance<gfl2::renderingengine::scenegraph::instance::TransformNode, gfl2::renderingengine::scenegraph::instance::InstanceNode>::s_Inheritance",2,245528,.data,DATA,RETAIL_ORIGINAL_SYMBOL
|static|,static.crs,named,4493,_ZGVN4gfl215renderingengine10scenegraph15NodeInheritanceINS1_8instance17CullingObjectNodeENS3_13TransformNodeEE13s_InheritanceE,"guard variable for gfl2::renderingengine::scenegraph::NodeInheritance<gfl2::renderingengine::scenegraph::instance::CullingObjectNode, gfl2::renderingengine::scenegraph::instance::TransformNode>::s_Inheritance",2,245536,.data,DATA,RETAIL_ORIGINAL_SYMBOL
|static|,static.crs,named,4494,_ZN4gfl215renderingengine10scenegraph15NodeInheritanceINS1_8instance17CullingObjectNodeENS3_13TransformNodeEE13s_InheritanceE,"gfl2::renderingengine::scenegraph::NodeInheritance<gfl2::renderingengine::scenegraph::instance::CullingObjectNode, gfl2::renderingengine::scenegraph::instance::TransformNode>::s_Inheritance",2,245540,.data,DATA,RETAIL_ORIGINAL_SYMBOL
|static|,static.crs,named,4495,_ZGVN4gfl215renderingengine10scenegraph15NodeInheritanceINS1_8instance17ModelInstanceNodeENS3_12DrawableNodeEE13s_InheritanceE,"guard variable for gfl2::renderingengine::scenegraph::NodeInheritance<gfl2::renderingengine::scenegraph::instance::ModelInstanceNode, gfl2::renderingengine::scenegraph::instance::DrawableNode>::s_Inheritance",2,245560,.data,DATA,RETAIL_ORIGINAL_SYMBOL
|static|,static.crs,named,4496,_ZN4gfl215renderingengine10scenegraph15NodeInheritanceINS1_8instance17ModelInstanceNodeENS3_12DrawableNodeEE13s_InheritanceE,"gfl2::renderingengine::scenegraph::NodeInheritance<gfl2::renderingengine::scenegraph::instance::ModelInstanceNode, gfl2::renderingengine::scenegraph::instance::DrawableNode>::s_Inheritance",2,245564,.data,DATA,RETAIL_ORIGINAL_SYMBOL
|static|,static.crs,named,4497,_ZGVN4gfl215renderingengine10scenegraph15NodeInheritanceINS1_8resource12ResourceNodeENS1_7DagNodeEE13s_InheritanceE,"guard variable for gfl2::renderingengine::scenegraph::NodeInheritance<gfl2::renderingengine::scenegraph::resource::ResourceNode, gfl2::renderingengine::scenegraph::DagNode>::s_Inheritance",2,245644,.data,DATA,RETAIL_ORIGINAL_SYMBOL
|static|,static.crs,named,4498,_ZN4gfl215renderingengine10scenegraph15NodeInheritanceINS1_8resource12ResourceNodeENS1_7DagNodeEE13s_InheritanceE,"gfl2::renderingengine::scenegraph::NodeInheritance<gfl2::renderingengine::scenegraph::resource::ResourceNode, gfl2::renderingengine::scenegraph::DagNode>::s_Inheritance",2,245648,.data,DATA,RETAIL_ORIGINAL_SYMBOL
|static|,static.crs,named,4499,_ZGVN4gfl215renderingengine10scenegraph15NodeInheritanceINS1_8resource17ArrayResourceNodeENS3_12ResourceNodeEE13s_InheritanceE,"guard variable for gfl2::renderingengine::scenegraph::NodeInheritance<gfl2::renderingengine::scenegraph::resource::ArrayResourceNode, gfl2::renderingengine::scenegraph::resource::ResourceNode>::s_Inheritance",2,245668,.data,DATA,RETAIL_ORIGINAL_SYMBOL
|static|,static.crs,named,4500,_ZN4gfl215renderingengine10scenegraph15NodeInheritanceINS1_8resource17ArrayResourceNodeENS3_12ResourceNodeEE13s_InheritanceE,"gfl2::renderingengine::scenegraph::NodeInheritance<gfl2::renderingengine::scenegraph::resource::ArrayResourceNode, gfl2::renderingengine::scenegraph::resource::ResourceNode>::s_Inheritance",2,245672,.data,DATA,RETAIL_ORIGINAL_SYMBOL
|static|,static.crs,named,4501,_ZGVN4gfl215renderingengine10scenegraph15NodeInheritanceINS1_8resource17GfMdlResourceNodeENS3_12ResourceNodeEE13s_InheritanceE,"guard variable for gfl2::renderingengine::scenegraph::NodeInheritance<gfl2::renderingengine::scenegraph::resource::GfMdlResourceNode, gfl2::renderingengine::scenegraph::resource::ResourceNode>::s_Inheritance",2,245680,.data,DATA,RETAIL_ORIGINAL_SYMBOL
|static|,static.crs,named,4502,_ZN4gfl215renderingengine10scenegraph15NodeInheritanceINS1_8resource17GfMdlResourceNodeENS3_12ResourceNodeEE13s_InheritanceE,"gfl2::renderingengine::scenegraph::NodeInheritance<gfl2::renderingengine::scenegraph::resource::GfMdlResourceNode, gfl2::renderingengine::scenegraph::resource::ResourceNode>::s_Inheritance",2,245684,.data,DATA,RETAIL_ORIGINAL_SYMBOL
|static|,static.crs,named,4503,_ZGVN4gfl215renderingengine10scenegraph15NodeInheritanceINS1_8resource19TextureResourceNodeENS3_12ResourceNodeEE13s_InheritanceE,"guard variable for gfl2::renderingengine::scenegraph::NodeInheritance<gfl2::renderingengine::scenegraph::resource::TextureResourceNode, gfl2::renderingengine::scenegraph::resource::ResourceNode>::s_Inheritance",2,245740,.data,DATA,RETAIL_ORIGINAL_SYMBOL
|static|,static.crs,named,4504,_ZN4gfl215renderingengine10scenegraph15NodeInheritanceINS1_8resource19TextureResourceNodeENS3_12ResourceNodeEE13s_InheritanceE,"gfl2::renderingengine::scenegraph::NodeInheritance<gfl2::renderingengine::scenegraph::resource::TextureResourceNode, gfl2::renderingengine::scenegraph::resource::ResourceNode>::s_Inheritance",2,245744,.data,DATA,RETAIL_ORIGINAL_SYMBOL
|static|,static.crs,named,4505,_ZGVN4gfl215renderingengine10scenegraph15NodeInheritanceINS1_8resource21AnimationResourceNodeENS3_12ResourceNodeEE13s_InheritanceE,"guard variable for gfl2::renderingengine::scenegraph::NodeInheritance<gfl2::renderingengine::scenegraph::resource::AnimationResourceNode, gfl2::renderingengine::scenegraph::resource::ResourceNode>::s_Inheritance",2,245776,.data,DATA,RETAIL_ORIGINAL_SYMBOL
|static|,static.crs,named,4506,_ZN4gfl215renderingengine10scenegraph15NodeInheritanceINS1_8resource21AnimationResourceNodeENS3_12ResourceNodeEE13s_InheritanceE,"gfl2::renderingengine::scenegraph::NodeInheritance<gfl2::renderingengine::scenegraph::resource::AnimationResourceNode, gfl2::renderingengine::scenegraph::resource::ResourceNode>::s_Inheritance",2,245780,.data,DATA,RETAIL_ORIGINAL_SYMBOL
|static|,static.crs,named,4507,_ZN4gfl23gfx8GFGLBaseINS0_3ctr5CTRGLEE4s_GpE,gfl2::gfx::GFGLBase<gfl2::gfx::ctr::CTRGL>::s_Gp,2,245824,.data,DATA,RETAIL_ORIGINAL_SYMBOL
|static|,static.crs,named,4508,_ZN4gfl24base9SingletonIN7GameSys11GameManagerEE10m_instanceE,gfl2::base::Singleton<GameSys::GameManager>::m_instance,2,245868,.data,DATA,RETAIL_ORIGINAL_SYMBOL
|static|,static.crs,named,4509,_ZGVZN2nn4math4VEC34ZeroEvE4zero,guard variable for nn::math::VEC3::Zero()::zero,2,246008,.data,DATA,RETAIL_ORIGINAL_SYMBOL
|static|,static.crs,named,4510,_ZGVZN2nn4math5MTX348IdentityEvE8identity,guard variable for nn::math::MTX34::Identity()::identity,2,246016,.data,DATA,RETAIL_ORIGINAL_SYMBOL
|static|,static.crs,named,4511,_ZGVZN4gfl215renderingengine10scenegraph7DagNode11GetTypeHashEvE4hash,guard variable for gfl2::renderingengine::scenegraph::DagNode::GetTypeHash()::hash,2,246024,.data,DATA,RETAIL_ORIGINAL_SYMBOL
|static|,static.crs,named,4512,_ZZN4gfl215renderingengine10scenegraph7DagNode11GetTypeHashEvE4hash,gfl2::renderingengine::scenegraph::DagNode::GetTypeHash()::hash,2,246028,.data,DATA,RETAIL_ORIGINAL_SYMBOL
|static|,static.crs,named,4513,_ZGVZN4gfl215renderingengine10scenegraph8instance12DrawableNode11GetTypeHashEvE4hash,guard variable for gfl2::renderingengine::scenegraph::instance::DrawableNode::GetTypeHash()::hash,2,246048,.data,DATA,RETAIL_ORIGINAL_SYMBOL
|static|,static.crs,named,4514,_ZZN4gfl215renderingengine10scenegraph8instance12DrawableNode11GetTypeHashEvE4hash,gfl2::renderingengine::scenegraph::instance::DrawableNode::GetTypeHash()::hash,2,246052,.data,DATA,RETAIL_ORIGINAL_SYMBOL
|static|,static.crs,named,4515,_ZGVZN4gfl215renderingengine10scenegraph8instance13TransformNode11GetTypeHashEvE4hash,guard variable for gfl2::renderingengine::scenegraph::instance::TransformNode::GetTypeHash()::hash,2,246064,.data,DATA,RETAIL_ORIGINAL_SYMBOL
|static|,static.crs,named,4516,_ZZN4gfl215renderingengine10scenegraph8instance13TransformNode11GetTypeHashEvE4hash,gfl2::renderingengine::scenegraph::instance::TransformNode::GetTypeHash()::hash,2,246068,.data,DATA,RETAIL_ORIGINAL_SYMBOL
|static|,static.crs,named,4517,_ZGVZN4gfl215renderingengine10scenegraph8instance17CullingObjectNode11GetTypeHashEvE4hash,guard variable for gfl2::renderingengine::scenegraph::instance::CullingObjectNode::GetTypeHash()::hash,2,246072,.data,DATA,RETAIL_ORIGINAL_SYMBOL
|static|,static.crs,named,4518,_ZZN4gfl215renderingengine10scenegraph8instance17CullingObjectNode11GetTypeHashEvE4hash,gfl2::renderingengine::scenegraph::instance::CullingObjectNode::GetTypeHash()::hash,2,246076,.data,DATA,RETAIL_ORIGINAL_SYMBOL
|static|,static.crs,named,4519,_ZGVZN4gfl215renderingengine10scenegraph8instance17ModelInstanceNode11GetTypeHashEvE4hash,guard variable for gfl2::renderingengine::scenegraph::instance::ModelInstanceNode::GetTypeHash()::hash,2,246088,.data,DATA,RETAIL_ORIGINAL_SYMBOL
|static|,static.crs,named,4520,_ZZN4gfl215renderingengine10scenegraph8instance17ModelInstanceNode11GetTypeHashEvE4hash,gfl2::renderingengine::scenegraph::instance::ModelInstanceNode::GetTypeHash()::hash,2,246092,.data,DATA,RETAIL_ORIGINAL_SYMBOL
|static|,static.crs,named,4521,_ZGVZN4gfl215renderingengine10scenegraph8resource12ResourceNode11GetTypeHashEvE4hash,guard variable for gfl2::renderingengine::scenegraph::resource::ResourceNode::GetTypeHash()::hash,2,246144,.data,DATA,RETAIL_ORIGINAL_SYMBOL
|static|,static.crs,named,4522,_ZZN4gfl215renderingengine10scenegraph8resource12ResourceNode11GetTypeHashEvE4hash,gfl2::renderingengine::scenegraph::resource::ResourceNode::GetTypeHash()::hash,2,246148,.data,DATA,RETAIL_ORIGINAL_SYMBOL
|static|,static.crs,named,4523,_ZGVZN4gfl215renderingengine10scenegraph8resource17ArrayResourceNode11GetTypeHashEvE4hash,guard variable for gfl2::renderingengine::scenegraph::resource::ArrayResourceNode::GetTypeHash()::hash,2,246160,.data,DATA,RETAIL_ORIGINAL_SYMBOL
|static|,static.crs,named,4524,_ZZN4gfl215renderingengine10scenegraph8resource17ArrayResourceNode11GetTypeHashEvE4hash,gfl2::renderingengine::scenegraph::resource::ArrayResourceNode::GetTypeHash()::hash,2,246164,.data,DATA,RETAIL_ORIGINAL_SYMBOL
|static|,static.crs,named,4525,_ZGVZN4gfl215renderingengine10scenegraph8resource17GfMdlResourceNode11GetTypeHashEvE4hash,guard variable for gfl2::renderingengine::scenegraph::resource::GfMdlResourceNode::GetTypeHash()::hash,2,246168,.data,DATA,RETAIL_ORIGINAL_SYMBOL
|static|,static.crs,named,4526,_ZZN4gfl215renderingengine10scenegraph8resource17GfMdlResourceNode11GetTypeHashEvE4hash,gfl2::renderingengine::scenegraph::resource::GfMdlResourceNode::GetTypeHash()::hash,2,246172,.data,DATA,RETAIL_ORIGINAL_SYMBOL
|static|,static.crs,named,4527,_ZGVZN4gfl215renderingengine10scenegraph8resource19TextureResourceNode11GetTypeHashEvE4hash,guard variable for gfl2::renderingengine::scenegraph::resource::TextureResourceNode::GetTypeHash()::hash,2,246208,.data,DATA,RETAIL_ORIGINAL_SYMBOL
|static|,static.crs,named,4528,_ZZN4gfl215renderingengine10scenegraph8resource19TextureResourceNode11GetTypeHashEvE4hash,gfl2::renderingengine::scenegraph::resource::TextureResourceNode::GetTypeHash()::hash,2,246212,.data,DATA,RETAIL_ORIGINAL_SYMBOL
|static|,static.crs,named,4529,_ZGVZN4gfl215renderingengine10scenegraph8resource21AnimationResourceNode11GetTypeHashEvE4hash,guard variable for gfl2::renderingengine::scenegraph::resource::AnimationResourceNode::GetTypeHash()::hash,2,246232,.data,DATA,RETAIL_ORIGINAL_SYMBOL
|static|,static.crs,named,4530,_ZZN4gfl215renderingengine10scenegraph8resource21AnimationResourceNode11GetTypeHashEvE4hash,gfl2::renderingengine::scenegraph::resource::AnimationResourceNode::GetTypeHash()::hash,2,246236,.data,DATA,RETAIL_ORIGINAL_SYMBOL
|static|,static.crs,named,4531,_ZZN4gfl23gfx8GLMemorynwEjE5count,gfl2::gfx::GLMemory::operator new(unsigned int)::count,2,246264,.data,DATA,RETAIL_ORIGINAL_SYMBOL
|static|,static.crs,named,4532,_ZZN4gfl24math6Easing8GetValueENS1_8EaseFuncEfE15sc_easeFuncList,"gfl2::math::Easing::GetValue(gfl2::math::Easing::EaseFunc, float)::sc_easeFuncList",2,246268,.data,DATA,RETAIL_ORIGINAL_SYMBOL
|static|,static.crs,named,4533,_ZZNK4gfl24math13EulerRotation8ToMatrixEvE14s_ToMatrixList,gfl2::math::EulerRotation::ToMatrix() const::s_ToMatrixList,2,246472,.data,DATA,RETAIL_ORIGINAL_SYMBOL
|static|,static.crs,named,4534,_ZZNKSt6locale2id7_C_initEvE9_C_id_gen,std::locale::id::_C_init() const::_C_id_gen,2,246496,.data,DATA,RETAIL_ORIGINAL_SYMBOL
|static|,static.crs,named,4535,_ZGVZSt13__rw_get_catsvE11__open_cats,guard variable for std::__rw_get_cats()::__open_cats,2,246500,.data,DATA,RETAIL_ORIGINAL_SYMBOL
|static|,static.crs,named,4536,_ZZSt13__rw_get_catsvE11__open_cats,std::__rw_get_cats()::__open_cats,2,246504,.data,DATA,RETAIL_ORIGINAL_SYMBOL
|static|,static.crs,named,4537,_ZN4gfl215renderingengine8renderer23CombinerCtrShaderDriver21s_ViewSpaceDiffMatrixE,gfl2::renderingengine::renderer::CombinerCtrShaderDriver::s_ViewSpaceDiffMatrix,2,250316,.data,DATA,RETAIL_ORIGINAL_SYMBOL
|static|,static.crs,named,4538,_ZN3app4util30g_raderChartPokeParamBaseColorE,app::util::g_raderChartPokeParamBaseColor,2,251480,.data,DATA,RETAIL_ORIGINAL_SYMBOL
|static|,static.crs,named,4539,_ZN6System6GflUse12m_HandleListE,System::GflUse::m_HandleList,2,252968,.data,DATA,RETAIL_ORIGINAL_SYMBOL
|static|,static.crs,named,4540,_ZNSs9__nullrefE,"std::basic_string<char, std::char_traits<char>, std::allocator<char> >::__nullref",2,443508,.data,DATA,RETAIL_ORIGINAL_SYMBOL
|static|,static.crs,named,4541,_ZZN2nn4math4VEC34ZeroEvE4zero,nn::math::VEC3::Zero()::zero,2,443524,.data,DATA,RETAIL_ORIGINAL_SYMBOL
|static|,static.crs,named,4542,_ZZN2nn4math5MTX348IdentityEvE8identity,nn::math::MTX34::Identity()::identity,2,443572,.data,DATA,RETAIL_ORIGINAL_SYMBOL
