address,size,source,symbol,compiler,source_status,compile_status,semantic_status,asm_status,runtime_status,matched_bytes,total_bytes,module,subsystem,provenance,notes
0x00444A68,0x10,src/savedata/is_egg_exist.cpp,_ZNK8Savedata8Sodateya10IsEggExistENS_10SodateyaIDE,arm-none-eabi-g++ 16.2.0,SOURCE_WRITTEN,COMPILES,SEMANTIC_VERIFIED,ASM_MATCH,RUNTIME_TESTED,16,16,static.crs,daycare,RETAIL_ORIGINAL_SYMBOL,Exact ARM bytes; Hybrid #1 boot confirmed by user
0x00444BFC,0x64,src/savedata/egg_clear.cpp,_ZN8Savedata8Sodateya8EggClearENS_10SodateyaIDE,arm-none-eabi-g++ 16.2.0,SOURCE_WRITTEN,COMPILES,SEMANTIC_VERIFIED,ASM_DIFFERENT,NOT_RUNTIME_TESTED,,,static.crs,daycare,RESEARCHER_NAME,Semantic reconstruction compiles; not runtime-ready
0x00358FA4,0x2C,src/gfl2/math/random.cpp,_ZN4gfl24math6Random10InitializeENS1_5StateE,arm-none-eabi-g++ 16.2.0,SOURCE_WRITTEN,COMPILES,SEMANTIC_VERIFIED,ASM_DIFFERENT,NOT_RUNTIME_TESTED,,,static.crs,rng,RETAIL_ORIGINAL_SYMBOL,Aggregate copy and constant-load code generation differs
0x003590D8,0x80,src/gfl2/math/random.cpp,_ZN4gfl24math6Random4NextEj,arm-none-eabi-g++ 16.2.0,SOURCE_WRITTEN,COMPILES,SEMANTIC_VERIFIED,ASM_DIFFERENT,NOT_RUNTIME_TESTED,,,static.crs,rng,RETAIL_ORIGINAL_SYMBOL,Generated section is 0x88 bytes
0x00359158,0x7C,src/gfl2/math/random.cpp,_ZN4gfl24math6Random4NextEv,arm-none-eabi-g++ 16.2.0,SOURCE_WRITTEN,COMPILES,SEMANTIC_VERIFIED,ASM_DIFFERENT,NOT_RUNTIME_TESTED,,,static.crs,rng,RESEARCHER_NAME,Generated section is 0x70 bytes
0x003591D4,0x0C,src/gfl2/math/random.cpp,_ZNK4gfl24math6Random9SaveStateEv,arm-none-eabi-g++ 16.2.0,SOURCE_WRITTEN,COMPILES,SEMANTIC_VERIFIED,ASM_DIFFERENT,NOT_RUNTIME_TESTED,,,static.crs,rng,RETAIL_ORIGINAL_SYMBOL,GCC uses core-register copy instead of retail VFP copy
0x003591E0,0x04,src/gfl2/math/random.cpp,_ZN4gfl24math6RandomC1Ev,arm-none-eabi-g++ 16.2.0,SOURCE_WRITTEN,COMPILES,SEMANTIC_VERIFIED,ASM_MATCH,NOT_RUNTIME_TESTED,4,4,static.crs,rng,RETAIL_ORIGINAL_SYMBOL,Empty constructor is bx lr
0x0044123C,0x0C,src/savedata/box_accessors.cpp,_ZN8Savedata3BOX12SetWallPaperEjj,arm-none-eabi-g++ 16.2.0,SOURCE_WRITTEN,COMPILES,SEMANTIC_VERIFIED,ASM_MATCH,NOT_RUNTIME_TESTED,12,12,static.crs,box,RETAIL_ORIGINAL_SYMBOL,Exact fixed-offset byte store
0x004A786C,0x08,src/savedata/box_accessors.cpp,_ZNK8Savedata3BOX10GetTrayMaxEv,arm-none-eabi-g++ 16.2.0,SOURCE_WRITTEN,COMPILES,SEMANTIC_VERIFIED,ASM_MATCH,NOT_RUNTIME_TESTED,8,8,static.crs,box,RETAIL_ORIGINAL_SYMBOL,Exact fixed-offset byte load
0x004A7964,0x18,src/savedata/box_accessors.cpp,_ZNK8Savedata3BOX11GetTeamNameEj,arm-none-eabi-g++ 16.2.0,SOURCE_WRITTEN,COMPILES,SEMANTIC_VERIFIED,ASM_DIFFERENT,NOT_RUNTIME_TESTED,17,24,static.crs,box,RETAIL_ORIGINAL_SYMBOL,Equivalent 0x16-byte stride calculation; instruction scheduling differs
0x004A797C,0x10,src/savedata/box_accessors.cpp,_ZNK8Savedata3BOX11GetTrayNameEj,arm-none-eabi-g++ 16.2.0,SOURCE_WRITTEN,COMPILES,SEMANTIC_VERIFIED,ASM_MATCH,NOT_RUNTIME_TESTED,16,16,static.crs,box,RETAIL_ORIGINAL_SYMBOL,Exact 0x22-byte stride pointer calculation
0x004A798C,0x2C,src/savedata/box_accessors.cpp,_ZNK8Savedata3BOX12GetTrayLevelEv,arm-none-eabi-g++ 16.2.0,SOURCE_WRITTEN,COMPILES,SEMANTIC_VERIFIED,ASM_DIFFERENT,NOT_RUNTIME_TESTED,7,36,static.crs,box,RETAIL_ORIGINAL_SYMBOL,Equivalent tray-level mapping; generated size 0x24 versus retail 0x2c
0x004A79B8,0x0C,src/savedata/box_accessors.cpp,_ZNK8Savedata3BOX12GetWallPaperEj,arm-none-eabi-g++ 16.2.0,SOURCE_WRITTEN,COMPILES,SEMANTIC_VERIFIED,ASM_MATCH,NOT_RUNTIME_TESTED,12,12,static.crs,box,RETAIL_ORIGINAL_SYMBOL,Exact indexed byte load
0x004A7A10,0x08,src/savedata/box_accessors.cpp,_ZNK8Savedata3BOX14GetCurrentTrayEv,arm-none-eabi-g++ 16.2.0,SOURCE_WRITTEN,COMPILES,SEMANTIC_VERIFIED,ASM_MATCH,NOT_RUNTIME_TESTED,8,8,static.crs,box,RETAIL_ORIGINAL_SYMBOL,Exact fixed-offset byte load
0x00445C14,0x08,src/savedata/situation_accessors.cpp,_ZN8Savedata9Situation13SetLastZoneIDEt,arm-none-eabi-g++ 16.2.0,SOURCE_WRITTEN,COMPILES,SEMANTIC_VERIFIED,ASM_MATCH,NOT_RUNTIME_TESTED,8,8,static.crs,egg,RETAIL_ORIGINAL_SYMBOL,Exact halfword store at offset 0x78
0x00445C1C,0x08,src/savedata/situation_accessors.cpp,_ZN8Savedata9Situation15SetEggStepCountEj,arm-none-eabi-g++ 16.2.0,SOURCE_WRITTEN,COMPILES,SEMANTIC_VERIFIED,ASM_MATCH,NOT_RUNTIME_TESTED,8,8,static.crs,egg,RETAIL_ORIGINAL_SYMBOL,Exact word store at offset 0x74
0x00445C24,0x08,src/savedata/situation_accessors.cpp,_ZN8Savedata9Situation16GetStartLocationEv,arm-none-eabi-g++ 16.2.0,SOURCE_WRITTEN,COMPILES,SEMANTIC_VERIFIED,ASM_MATCH,NOT_RUNTIME_TESTED,8,8,static.crs,egg,RETAIL_ORIGINAL_SYMBOL,Exact pointer calculation for offset 0x4
0x00445C2C,0x08,src/savedata/situation_accessors.cpp,_ZN8Savedata9Situation18GetSpecialLocationEv,arm-none-eabi-g++ 16.2.0,SOURCE_WRITTEN,COMPILES,SEMANTIC_VERIFIED,ASM_MATCH,NOT_RUNTIME_TESTED,8,8,static.crs,egg,RETAIL_ORIGINAL_SYMBOL,Exact pointer calculation for offset 0x28
0x00445C34,0x08,src/savedata/situation_accessors.cpp,_ZN8Savedata9Situation20SetFriendlyStepCountEt,arm-none-eabi-g++ 16.2.0,SOURCE_WRITTEN,COMPILES,SEMANTIC_VERIFIED,ASM_MATCH,NOT_RUNTIME_TESTED,8,8,static.crs,egg,RETAIL_ORIGINAL_SYMBOL,Exact halfword store at offset 0x7a
0x00445C3C,0x08,src/savedata/situation_accessors.cpp,_ZN8Savedata9Situation21SetKawaigariStepCountEt,arm-none-eabi-g++ 16.2.0,SOURCE_WRITTEN,COMPILES,SEMANTIC_VERIFIED,ASM_MATCH,NOT_RUNTIME_TESTED,8,8,static.crs,egg,RETAIL_ORIGINAL_SYMBOL,Exact halfword store at offset 0x7c
0x004A8B78,0x08,src/savedata/situation_accessors.cpp,_ZNK8Savedata9Situation13GetLastZoneIDEv,arm-none-eabi-g++ 16.2.0,SOURCE_WRITTEN,COMPILES,SEMANTIC_VERIFIED,ASM_MATCH,NOT_RUNTIME_TESTED,8,8,static.crs,egg,RETAIL_ORIGINAL_SYMBOL,Exact halfword load at offset 0x78
0x004A8B80,0x08,src/savedata/situation_accessors.cpp,_ZNK8Savedata9Situation15GetEggStepCountEv,arm-none-eabi-g++ 16.2.0,SOURCE_WRITTEN,COMPILES,SEMANTIC_VERIFIED,ASM_MATCH,NOT_RUNTIME_TESTED,8,8,static.crs,egg,RETAIL_ORIGINAL_SYMBOL,Exact word load at offset 0x74
0x004A8B88,0x08,src/savedata/situation_accessors.cpp,_ZNK8Savedata9Situation20GetFriendlyStepCountEv,arm-none-eabi-g++ 16.2.0,SOURCE_WRITTEN,COMPILES,SEMANTIC_VERIFIED,ASM_MATCH,NOT_RUNTIME_TESTED,8,8,static.crs,egg,RETAIL_ORIGINAL_SYMBOL,Exact halfword load at offset 0x7a
0x004A8B90,0x08,src/savedata/situation_accessors.cpp,_ZNK8Savedata9Situation21GetKawaigariStepCountEv,arm-none-eabi-g++ 16.2.0,SOURCE_WRITTEN,COMPILES,SEMANTIC_VERIFIED,ASM_MATCH,NOT_RUNTIME_TESTED,8,8,static.crs,egg,RETAIL_ORIGINAL_SYMBOL,Exact halfword load at offset 0x7c
0x004A8B98,0x10,src/savedata/situation_accessors.cpp,_ZNK8Savedata9Situation22HasWarpContinueRequestEv,arm-none-eabi-g++ 16.2.0,SOURCE_WRITTEN,COMPILES,SEMANTIC_VERIFIED,ASM_NEAR_MATCH,RUNTIME_TESTED,15,16,static.crs,egg,RETAIL_ORIGINAL_SYMBOL,Equivalent boolean normalization; Phase 4C semantic hybrid gameplay verified in Citra
0x00441170,0x44,src/savedata/box_accessors.cpp,_ZN8Savedata3BOX11SetTeamLockEjb,arm-none-eabi-g++ 16.2.0,SOURCE_WRITTEN,COMPILES,SEMANTIC_VERIFIED,ASM_DIFFERENT,NOT_RUNTIME_TESTED,1,12,static.crs,box,RETAIL_ORIGINAL_SYMBOL,Valid-index behavior reconstructed; generated size 0x0c versus retail 0x44 assertion scaffold
0x004A7928,0x3C,src/savedata/box_accessors.cpp,_ZNK8Savedata3BOX10IsTeamLockEj,arm-none-eabi-g++ 16.2.0,SOURCE_WRITTEN,COMPILES,SEMANTIC_VERIFIED,ASM_DIFFERENT,NOT_RUNTIME_TESTED,3,20,static.crs,box,RETAIL_ORIGINAL_SYMBOL,Valid-index behavior reconstructed; generated size 0x14 versus retail 0x3c assertion scaffold
0x004A7A18,0x60,src/savedata/box_accessors.cpp,_ZNK8Savedata3BOX14GetTeamPokePosEjj,arm-none-eabi-g++ 16.2.0,SOURCE_WRITTEN,COMPILES,SEMANTIC_VERIFIED,ASM_DIFFERENT,NOT_RUNTIME_TESTED,3,24,static.crs,box,RETAIL_ORIGINAL_SYMBOL,6x6 lookup at offset 0x4c8; generated size 0x18 versus retail 0x60 assertion scaffold
0x004A7874,0x60,src/savedata/box_accessors.cpp,_ZNK8Savedata3BOX10IsTeamInMeEjj,arm-none-eabi-g++ 16.2.0,SOURCE_WRITTEN,COMPILES,SEMANTIC_VERIFIED,ASM_DIFFERENT,NOT_RUNTIME_TESTED,9,80,static.crs,box,RETAIL_ORIGINAL_SYMBOL,Searches all six teams for packed tray and slot position; generated size 0x50
0x004A78D4,0x54,src/savedata/box_accessors.cpp,_ZNK8Savedata3BOX10IsTeamInMeEjjj,arm-none-eabi-g++ 16.2.0,SOURCE_WRITTEN,COMPILES,SEMANTIC_VERIFIED,ASM_DIFFERENT,NOT_RUNTIME_TESTED,16,80,static.crs,box,RETAIL_ORIGINAL_SYMBOL,Searches one team for packed tray and slot position; generated size 0x50 versus retail 0x54
0x00491210,0x14,src/pml/pokepara/core_param.cpp,_ZNK3pml8pokepara9CoreParam14GetPersonalRndEv,arm-none-eabi-g++ 16.2.0,SOURCE_WRITTEN,COMPILES,SEMANTIC_VERIFIED,ASM_DIFFERENT,NOT_RUNTIME_TESTED,5,16,static.crs,pokepara,RETAIL_ORIGINAL_SYMBOL,Direct core-data load at offset 0x0c; generated size 0x10 versus retail 0x14
0x0049206C,0x14,src/pml/pokepara/core_param.cpp,_ZNK3pml8pokepara9CoreParam10GetSeikakuEv,arm-none-eabi-g++ 16.2.0,SOURCE_WRITTEN,COMPILES,SEMANTIC_VERIFIED,ASM_DIFFERENT,NOT_RUNTIME_TESTED,0,8,static.crs,pokepara,RETAIL_ORIGINAL_SYMBOL,Core-data nature wrapper; generated tail call is 0x08 versus retail 0x14
0x004923B4,0x14,src/pml/pokepara/core_param.cpp,_ZNK3pml8pokepara9CoreParam12GetParentSexEv,arm-none-eabi-g++ 16.2.0,SOURCE_WRITTEN,COMPILES,SEMANTIC_VERIFIED,ASM_DIFFERENT,NOT_RUNTIME_TESTED,0,8,static.crs,pokepara,RETAIL_ORIGINAL_SYMBOL,Core-data parent-sex wrapper; generated tail call is 0x08 versus retail 0x14
0x004928C8,0x18,src/pml/pokepara/core_param.cpp,_ZNK3pml8pokepara9CoreParam18HavePokerusJustNowEv,arm-none-eabi-g++ 16.2.0,SOURCE_WRITTEN,COMPILES,SEMANTIC_VERIFIED,ASM_DIFFERENT,RUNTIME_TESTED,22,24,static.crs,pokepara,RETAIL_ORIGINAL_SYMBOL,Tests low pokerus nibble; Phase 4C semantic hybrid gameplay verified in Citra
0x00492978,0x18,src/pml/pokepara/core_param.cpp,_ZNK3pml8pokepara9CoreParam19HavePokerusUntilNowEv,arm-none-eabi-g++ 16.2.0,SOURCE_WRITTEN,COMPILES,SEMANTIC_VERIFIED,ASM_DIFFERENT,RUNTIME_TESTED,20,24,static.crs,pokepara,RETAIL_ORIGINAL_SYMBOL,Tests complete pokerus byte; Phase 4C semantic hybrid gameplay verified in Citra
0x00492DA4,0x1C,src/pml/pokepara/core_param.cpp,_ZNK3pml8pokepara9CoreParam6IsNullEv,arm-none-eabi-g++ 16.2.0,SOURCE_WRITTEN,COMPILES,SEMANTIC_VERIFIED,ASM_DIFFERENT,NOT_RUNTIME_TESTED,11,24,static.crs,pokepara,RETAIL_ORIGINAL_SYMBOL,Species zero is null; generated size 0x18 versus retail 0x1c
0x00492DC0,0x14,src/pml/pokepara/core_param.cpp,_ZNK3pml8pokepara9CoreParam7GetItemEv,arm-none-eabi-g++ 16.2.0,SOURCE_WRITTEN,COMPILES,SEMANTIC_VERIFIED,ASM_DIFFERENT,NOT_RUNTIME_TESTED,0,8,static.crs,pokepara,RETAIL_ORIGINAL_SYMBOL,Core-data held-item wrapper; generated tail call is 0x08 versus retail 0x14
0x00492DD4,0x14,src/pml/pokepara/core_param.cpp,_ZNK3pml8pokepara9CoreParam7GetSickEv,arm-none-eabi-g++ 16.2.0,SOURCE_WRITTEN,COMPILES,SEMANTIC_VERIFIED,ASM_DIFFERENT,RUNTIME_TESTED,15,20,static.crs,pokepara,RETAIL_ORIGINAL_SYMBOL,Returns low status-condition byte; Phase 4C semantic hybrid gameplay verified in Citra
0x0049331C,0x18,src/pml/pokepara/core_param.cpp,_ZNK3pml8pokepara9CoreParam8HaveSickEv,arm-none-eabi-g++ 16.2.0,SOURCE_WRITTEN,COMPILES,SEMANTIC_VERIFIED,ASM_DIFFERENT,NOT_RUNTIME_TESTED,12,28,static.crs,pokepara,RETAIL_ORIGINAL_SYMBOL,Tests low status-condition byte; generated size 0x1c versus retail 0x18
0x00493470,0x30,src/pml/pokepara/core_param.cpp,_ZNK3pml8pokepara9CoreParam8IsHpZeroEv,arm-none-eabi-g++ 16.2.0,SOURCE_WRITTEN,COMPILES,SEMANTIC_VERIFIED,ASM_DIFFERENT,NOT_RUNTIME_TESTED,25,44,static.crs,pokepara,RETAIL_ORIGINAL_SYMBOL,Initialized core data and zero current HP; generated size 0x2c versus retail 0x30
0x0031804C,0x04,src/reagent/empty_destructors.cpp,_ZN3pml8pokepara13EvolveManagerD1Ev,arm-none-eabi-g++ 16.2.0,SOURCE_WRITTEN,COMPILES,SEMANTIC_VERIFIED,ASM_MATCH,NOT_RUNTIME_TESTED,4,4,static.crs,reagent,RETAIL_ORIGINAL_SYMBOL,Exact empty ARM destructor; promoted from staged re-agent candidate
0x0044391C,0x04,src/reagent/empty_destructors.cpp,_ZN8Savedata8GameTimeD1Ev,arm-none-eabi-g++ 16.2.0,SOURCE_WRITTEN,COMPILES,SEMANTIC_VERIFIED,ASM_MATCH,NOT_RUNTIME_TESTED,4,4,static.crs,reagent,RETAIL_ORIGINAL_SYMBOL,Exact empty ARM destructor; promoted from staged re-agent candidate
0x00163A64,0x04,src/reagent/empty_destructors.cpp,_ZN2mw3qrd9QRDecoderD1Ev,arm-none-eabi-g++ 16.2.0,SOURCE_WRITTEN,COMPILES,SEMANTIC_VERIFIED,ASM_MATCH,NOT_RUNTIME_TESTED,4,4,static.crs,reagent,RETAIL_ORIGINAL_SYMBOL,Exact empty ARM destructor; promoted from staged re-agent candidate
0x00385FA8,0x04,src/reagent/empty_destructors.cpp,_ZN5Field13FieldSodateyaD1Ev,arm-none-eabi-g++ 16.2.0,SOURCE_WRITTEN,COMPILES,SEMANTIC_VERIFIED,ASM_MATCH,NOT_RUNTIME_TESTED,4,4,static.crs,reagent,RETAIL_ORIGINAL_SYMBOL,Exact empty ARM destructor; promoted from staged re-agent candidate
0x0038625C,0x04,src/reagent/empty_destructors.cpp,_ZN5Field13PokemonSearch12DataAccessorD1Ev,arm-none-eabi-g++ 16.2.0,SOURCE_WRITTEN,COMPILES,SEMANTIC_VERIFIED,ASM_MATCH,NOT_RUNTIME_TESTED,4,4,static.crs,reagent,RETAIL_ORIGINAL_SYMBOL,Exact empty ARM destructor; promoted from staged re-agent candidate
0x0038D55C,0x04,src/reagent/empty_destructors.cpp,_ZN5Field16ZoneDataAccessorD1Ev,arm-none-eabi-g++ 16.2.0,SOURCE_WRITTEN,COMPILES,SEMANTIC_VERIFIED,ASM_MATCH,NOT_RUNTIME_TESTED,4,4,static.crs,reagent,RETAIL_ORIGINAL_SYMBOL,Exact empty ARM destructor; promoted from staged re-agent candidate
0x003A843C,0x04,src/reagent/empty_destructors.cpp,_ZN5Field9MoveModel31FieldMoveModelAreaCharaAccessorD1Ev,arm-none-eabi-g++ 16.2.0,SOURCE_WRITTEN,COMPILES,SEMANTIC_VERIFIED,ASM_MATCH,NOT_RUNTIME_TESTED,4,4,static.crs,reagent,RETAIL_ORIGINAL_SYMBOL,Exact empty ARM destructor; promoted from staged re-agent candidate
0x0015A898,0x04,src/reagent/empty_destructors.cpp,_ZN10BattleInst17BattleInstManagerD1Ev,arm-none-eabi-g++ 16.2.0,SOURCE_WRITTEN,COMPILES,SEMANTIC_VERIFIED,ASM_MATCH,NOT_RUNTIME_TESTED,4,4,static.crs,reagent,RETAIL_ORIGINAL_SYMBOL,Exact empty ARM destructor; promoted from staged re-agent candidate
0x00160200,0x04,src/reagent/empty_destructors.cpp,_ZN14PokeRegulationD1Ev,arm-none-eabi-g++ 16.2.0,SOURCE_WRITTEN,COMPILES,SEMANTIC_VERIFIED,ASM_MATCH,NOT_RUNTIME_TESTED,4,4,static.crs,reagent,RETAIL_ORIGINAL_SYMBOL,Exact empty ARM destructor; promoted from staged re-agent candidate
0x002C8E5C,0x04,src/reagent/empty_destructors.cpp,_ZN3App4Tool10ItemEffectD1Ev,arm-none-eabi-g++ 16.2.0,SOURCE_WRITTEN,COMPILES,SEMANTIC_VERIFIED,ASM_MATCH,NOT_RUNTIME_TESTED,4,4,static.crs,reagent,RETAIL_ORIGINAL_SYMBOL,Exact empty ARM destructor; promoted from staged re-agent candidate
0x002D2760,0x04,src/reagent/empty_destructors.cpp,_ZN3App4Tool30CommonMessageWindowManipulatorD1Ev,arm-none-eabi-g++ 16.2.0,SOURCE_WRITTEN,COMPILES,SEMANTIC_VERIFIED,ASM_MATCH,NOT_RUNTIME_TESTED,4,4,static.crs,reagent,RETAIL_ORIGINAL_SYMBOL,Exact empty ARM destructor; promoted from staged re-agent candidate
0x002D430C,0x04,src/reagent/empty_destructors.cpp,_ZN3App4Tool9TimeLimitD1Ev,arm-none-eabi-g++ 16.2.0,SOURCE_WRITTEN,COMPILES,SEMANTIC_VERIFIED,ASM_MATCH,NOT_RUNTIME_TESTED,4,4,static.crs,reagent,RETAIL_ORIGINAL_SYMBOL,Exact empty ARM destructor; promoted from staged re-agent candidate
0x0030712C,0x04,src/reagent/empty_destructors.cpp,_ZN3app4util13GetPaneHelperD1Ev,arm-none-eabi-g++ 16.2.0,SOURCE_WRITTEN,COMPILES,SEMANTIC_VERIFIED,ASM_MATCH,NOT_RUNTIME_TESTED,4,4,static.crs,reagent,RETAIL_ORIGINAL_SYMBOL,Exact empty ARM destructor; promoted from staged re-agent candidate
0x0032CAFC,0x04,src/reagent/empty_destructors.cpp,_ZN4gfl215renderingengine10scenegraph8resource15GfBinaryMotDataD1Ev,arm-none-eabi-g++ 16.2.0,SOURCE_WRITTEN,COMPILES,SEMANTIC_VERIFIED,ASM_MATCH,NOT_RUNTIME_TESTED,4,4,static.crs,reagent,RETAIL_ORIGINAL_SYMBOL,Exact empty ARM destructor; promoted from staged re-agent candidate
0x0032F6A0,0x04,src/reagent/empty_destructors.cpp,_ZN4gfl215renderingengine10scenegraph8resource19GfBinaryMdlDataPackD1Ev,arm-none-eabi-g++ 16.2.0,SOURCE_WRITTEN,COMPILES,SEMANTIC_VERIFIED,ASM_MATCH,NOT_RUNTIME_TESTED,4,4,static.crs,reagent,RETAIL_ORIGINAL_SYMBOL,Exact empty ARM destructor; promoted from staged re-agent candidate
0x0034FED4,0x04,src/reagent/empty_destructors.cpp,_ZN4gfl23lyt13LytMultiResIDD1Ev,arm-none-eabi-g++ 16.2.0,SOURCE_WRITTEN,COMPILES,SEMANTIC_VERIFIED,ASM_MATCH,NOT_RUNTIME_TESTED,4,4,static.crs,reagent,RETAIL_ORIGINAL_SYMBOL,Exact empty ARM destructor; promoted from staged re-agent candidate
0x0035DE50,0x04,src/reagent/empty_destructors.cpp,_ZN4gfl26Effect16EffectRenderPathD1Ev,arm-none-eabi-g++ 16.2.0,SOURCE_WRITTEN,COMPILES,SEMANTIC_VERIFIED,ASM_MATCH,NOT_RUNTIME_TESTED,4,4,static.crs,reagent,RETAIL_ORIGINAL_SYMBOL,Exact empty ARM destructor; promoted from staged re-agent candidate
0x0035EB38,0x04,src/reagent/empty_destructors.cpp,_ZN4gfl26system4DateD1Ev,arm-none-eabi-g++ 16.2.0,SOURCE_WRITTEN,COMPILES,SEMANTIC_VERIFIED,ASM_MATCH,NOT_RUNTIME_TESTED,4,4,static.crs,reagent,RETAIL_ORIGINAL_SYMBOL,Exact empty ARM destructor; promoted from staged re-agent candidate
0x0036CE18,0x04,src/reagent/empty_destructors.cpp,_ZN4gfl29collision14CollisionModelD1Ev,arm-none-eabi-g++ 16.2.0,SOURCE_WRITTEN,COMPILES,SEMANTIC_VERIFIED,ASM_MATCH,NOT_RUNTIME_TESTED,4,4,static.crs,reagent,RETAIL_ORIGINAL_SYMBOL,Exact empty ARM destructor; promoted from staged re-agent candidate
0x0036DD70,0x04,src/reagent/empty_destructors.cpp,_ZN4item9ITEM_DATAD1Ev,arm-none-eabi-g++ 16.2.0,SOURCE_WRITTEN,COMPILES,SEMANTIC_VERIFIED,ASM_MATCH,NOT_RUNTIME_TESTED,4,4,static.crs,reagent,RETAIL_ORIGINAL_SYMBOL,Exact empty ARM destructor; promoted from staged re-agent candidate
0x003D3090,0x04,src/reagent/empty_destructors.cpp,_ZN6NetLib3P2P11P2pSyncSaveD1Ev,arm-none-eabi-g++ 16.2.0,SOURCE_WRITTEN,COMPILES,SEMANTIC_VERIFIED,ASM_MATCH,NOT_RUNTIME_TESTED,4,4,static.crs,reagent,RETAIL_ORIGINAL_SYMBOL,Exact empty ARM destructor; promoted from staged re-agent candidate
0x003DEDB8,0x04,src/reagent/empty_destructors.cpp,_ZN6NetLib5Error16NijiNetworkErrorD1Ev,arm-none-eabi-g++ 16.2.0,SOURCE_WRITTEN,COMPILES,SEMANTIC_VERIFIED,ASM_MATCH,NOT_RUNTIME_TESTED,4,4,static.crs,reagent,RETAIL_ORIGINAL_SYMBOL,Exact empty ARM destructor; promoted from staged re-agent candidate
0x0045B6AC,0x04,src/reagent/empty_destructors.cpp,_ZN9NetAppLib4Util14NetAppDateTimeD1Ev,arm-none-eabi-g++ 16.2.0,SOURCE_WRITTEN,COMPILES,SEMANTIC_VERIFIED,ASM_MATCH,NOT_RUNTIME_TESTED,4,4,static.crs,reagent,RETAIL_ORIGINAL_SYMBOL,Exact empty ARM destructor; promoted from staged re-agent candidate
0x0045E7D8,0x04,src/reagent/empty_destructors.cpp,_ZN9NetAppLib4Util8PackFileD1Ev,arm-none-eabi-g++ 16.2.0,SOURCE_WRITTEN,COMPILES,SEMANTIC_VERIFIED,ASM_MATCH,NOT_RUNTIME_TESTED,4,4,static.crs,reagent,RETAIL_ORIGINAL_SYMBOL,Exact empty ARM destructor; promoted from staged re-agent candidate
0x00470310,0x04,src/reagent/empty_destructors.cpp,_ZN9NetAppLib9JoinFesta24JoinFestaSelectWordTableD1Ev,arm-none-eabi-g++ 16.2.0,SOURCE_WRITTEN,COMPILES,SEMANTIC_VERIFIED,ASM_MATCH,NOT_RUNTIME_TESTED,4,4,static.crs,reagent,RETAIL_ORIGINAL_SYMBOL,Exact empty ARM destructor; promoted from staged re-agent candidate
0x0031AA34,0x0C,src/pml/pokepara/core_param.cpp,_ZN3pml8pokepara9CoreParam11RecoverSickEv,arm-none-eabi-g++ 16.2.0,SOURCE_WRITTEN,COMPILES,SEMANTIC_VERIFIED,ASM_DIFFERENT,NOT_RUNTIME_TESTED,0,12,static.crs,pokepara,RETAIL_ORIGINAL_SYMBOL,Core-data sick reset wrapper; retail tail branch relocation differs before link
0x0031AE94,0x0C,src/pml/pokepara/core_param.cpp,_ZN3pml8pokepara9CoreParam10RemoveItemEv,arm-none-eabi-g++ 16.2.0,SOURCE_WRITTEN,COMPILES,SEMANTIC_VERIFIED,ASM_DIFFERENT,NOT_RUNTIME_TESTED,0,12,static.crs,pokepara,RETAIL_ORIGINAL_SYMBOL,Core-data item reset wrapper; retail tail branch relocation differs before link
0x0031D9A0,0x08,src/pml/pokepara/core_param.cpp,_ZN3pml8pokepara9CoreParam7SetItemEt,arm-none-eabi-g++ 16.2.0,SOURCE_WRITTEN,COMPILES,SEMANTIC_VERIFIED,ASM_DIFFERENT,RUNTIME_TESTED,6,8,static.crs,pokepara,RETAIL_ORIGINAL_SYMBOL,Exact instruction shape; Phase 4C semantic hybrid gameplay verified in Citra
0x0031D9A8,0x08,src/pml/pokepara/core_param.cpp,_ZN3pml8pokepara9CoreParam7SetSickENS0_4SickE,arm-none-eabi-g++ 16.2.0,SOURCE_WRITTEN,COMPILES,SEMANTIC_VERIFIED,ASM_DIFFERENT,RUNTIME_TESTED,6,8,static.crs,pokepara,RETAIL_ORIGINAL_SYMBOL,Exact instruction shape; Phase 4C semantic hybrid gameplay verified in Citra
0x00492728,0x08,src/pml/pokepara/core_param.cpp,_ZNK3pml8pokepara9CoreParam14Serialize_CoreEPv,arm-none-eabi-g++ 16.2.0,SOURCE_WRITTEN,COMPILES,SEMANTIC_VERIFIED,ASM_DIFFERENT,RUNTIME_TESTED,5,8,static.crs,pokepara,RETAIL_ORIGINAL_SYMBOL,Exact instruction shape; Phase 4C semantic hybrid gameplay verified in Citra
0x0031B0F4,0x2C,src/pml/pokepara/core_param.cpp,_ZNK3pml8pokepara9CoreParam6IsRareEv,arm-none-eabi-g++ 16.2.0,SOURCE_WRITTEN,COMPILES,SEMANTIC_VERIFIED,ASM_DIFFERENT,NOT_RUNTIME_TESTED,20,64,static.crs,pokepara,RETAIL_ORIGINAL_SYMBOL,Shiny-value test reconstructed; generated size 0x40 versus retail 0x2c
0x0031C4D4,0x1C,src/pml/pokepara/core_param.cpp,_ZN3pml8pokepara9CoreParam14SetFamiliarityEj,arm-none-eabi-g++ 16.2.0,SOURCE_WRITTEN,COMPILES,SEMANTIC_VERIFIED,ASM_DIFFERENT,NOT_RUNTIME_TESTED,6,20,static.crs,pokepara,RETAIL_ORIGINAL_SYMBOL,Familiarity clamp reconstructed; generated size 0x14 versus retail 0x1c
0x0031DD84,0x3C,src/pml/pokepara/core_param.cpp,_ZN3pml8pokepara9CoreParam9RecoverHpEj,arm-none-eabi-g++ 16.2.0,SOURCE_WRITTEN,COMPILES,SEMANTIC_VERIFIED,ASM_DIFFERENT,NOT_RUNTIME_TESTED,10,76,static.crs,pokepara,RETAIL_ORIGINAL_SYMBOL,HP recovery and maximum clamp reconstructed; generated size 0x4c versus retail 0x3c
0x00492780,0x3C,src/pml/pokepara/core_param.cpp,_ZNK3pml8pokepara9CoreParam15GetTokuseiIndexEv,arm-none-eabi-g++ 16.2.0,SOURCE_WRITTEN,COMPILES,SEMANTIC_VERIFIED,ASM_DIFFERENT,NOT_RUNTIME_TESTED,15,56,static.crs,pokepara,RETAIL_ORIGINAL_SYMBOL,Ability-slot selection reconstructed; generated size 0x38 versus retail 0x3c
0x0049255C,0x2C,src/pml/pokepara/core_param.cpp,_ZNK3pml8pokepara9CoreParam13StartFastModeEv,arm-none-eabi-g++ 16.2.0,SOURCE_WRITTEN,COMPILES,SEMANTIC_VERIFIED,ASM_DIFFERENT,NOT_RUNTIME_TESTED,4,64,static.crs,pokepara,RETAIL_ORIGINAL_SYMBOL,Fast-mode state transition reconstructed; generated size 0x40 versus retail 0x2c
0x00492424,0x40,src/pml/pokepara/core_param.cpp,_ZNK3pml8pokepara9CoreParam12GetWazaCountEv,arm-none-eabi-g++ 16.2.0,SOURCE_WRITTEN,COMPILES,SEMANTIC_VERIFIED,ASM_DIFFERENT,NOT_RUNTIME_TESTED,16,60,static.crs,pokepara,RETAIL_ORIGINAL_SYMBOL,Counts four nonempty move slots; generated size 0x3c versus retail 0x40
0x00520618,0x04,src/reagent/global_empty_functions.cpp,mwmofastaudioDecoderPrintStatistics,arm-none-eabi-g++ 16.2.0,SOURCE_WRITTEN,COMPILES,SEMANTIC_VERIFIED,ASM_MATCH,NOT_RUNTIME_TESTED,4,4,static.crs,reagent,RETAIL_ORIGINAL_SYMBOL,Bulk-promoted checker-approved empty global ARM body
0x005209F0,0x04,src/reagent/global_empty_functions.cpp,mwmofilterDeblockerPrintStatistics,arm-none-eabi-g++ 16.2.0,SOURCE_WRITTEN,COMPILES,SEMANTIC_VERIFIED,ASM_MATCH,NOT_RUNTIME_TESTED,4,4,static.crs,reagent,RETAIL_ORIGINAL_SYMBOL,Bulk-promoted checker-approved empty global ARM body
0x00520B18,0x04,src/reagent/global_empty_functions.cpp,mwmoimaadpcmDecoderPrintStatistics,arm-none-eabi-g++ 16.2.0,SOURCE_WRITTEN,COMPILES,SEMANTIC_VERIFIED,ASM_MATCH,NOT_RUNTIME_TESTED,4,4,static.crs,reagent,RETAIL_ORIGINAL_SYMBOL,Bulk-promoted checker-approved empty global ARM body
0x00520F84,0x04,src/reagent/global_empty_functions.cpp,mwmomobiclipDecoderPrintStatistics,arm-none-eabi-g++ 16.2.0,SOURCE_WRITTEN,COMPILES,SEMANTIC_VERIFIED,ASM_MATCH,NOT_RUNTIME_TESTED,4,4,static.crs,reagent,RETAIL_ORIGINAL_SYMBOL,Bulk-promoted checker-approved empty global ARM body
0x003E6A9C,0x04,src/reagent/yellow_empty_functions.cpp,_ZN6System20DressUpParamSaveDataD1Ev,arm-none-eabi-g++ 16.2.0,SOURCE_WRITTEN,COMPILES,SEMANTIC_VERIFIED,ASM_MATCH,NOT_RUNTIME_TESTED,4,4,static.crs,reagent,RETAIL_ORIGINAL_SYMBOL,Phase 4D cluster promotion: checker-approved no-op body; exact retail ARM bytes
0x00446A10,0x04,src/reagent/yellow_empty_functions.cpp,_ZN8Savedata9ZukanData22IncrementPokeSeeAmountE6MonsNo,arm-none-eabi-g++ 16.2.0,SOURCE_WRITTEN,COMPILES,SEMANTIC_VERIFIED,ASM_MATCH,NOT_RUNTIME_TESTED,4,4,static.crs,reagent,RETAIL_ORIGINAL_SYMBOL,Phase 4D cluster promotion: checker-approved no-op body; exact retail ARM bytes
0x003A6520,0x04,src/reagent/yellow_empty_functions.cpp,_ZN5Field9MoveModel25FieldActionCommandManagerC1Ev,arm-none-eabi-g++ 16.2.0,SOURCE_WRITTEN,COMPILES,SEMANTIC_VERIFIED,ASM_MATCH,NOT_RUNTIME_TESTED,4,4,static.crs,reagent,RETAIL_ORIGINAL_SYMBOL,Phase 4D cluster promotion: checker-approved no-op body; exact retail ARM bytes
0x0049EBC0,0x04,src/reagent/yellow_empty_functions.cpp,_ZNK5Field7Encount7PokeSet22GetTopMonsEncountParamEv,arm-none-eabi-g++ 16.2.0,SOURCE_WRITTEN,COMPILES,SEMANTIC_VERIFIED,ASM_MATCH,NOT_RUNTIME_TESTED,4,4,static.crs,reagent,RETAIL_ORIGINAL_SYMBOL,Phase 4D cluster promotion: checker-approved no-op body; exact retail ARM bytes
0x003C08B8,0x04,src/reagent/yellow_empty_functions.cpp,_ZN5print28SystemFont_SetLoadBattleFontEPN4gfl24heap11CtrHeapBaseE,arm-none-eabi-g++ 16.2.0,SOURCE_WRITTEN,COMPILES,SEMANTIC_VERIFIED,ASM_MATCH,NOT_RUNTIME_TESTED,4,4,static.crs,reagent,RETAIL_ORIGINAL_SYMBOL,Phase 4D cluster promotion: checker-approved no-op body; exact retail ARM bytes
0x002E6BA0,0x04,src/reagent/yellow_empty_functions.cpp,_ZN3app2ui11UIResponder17OnSetInputEnabledEb,arm-none-eabi-g++ 16.2.0,SOURCE_WRITTEN,COMPILES,SEMANTIC_VERIFIED,ASM_MATCH,NOT_RUNTIME_TESTED,4,4,static.crs,reagent,RETAIL_ORIGINAL_SYMBOL,Phase 4D cluster promotion: checker-approved no-op body; exact retail ARM bytes
0x0032A438,0x04,src/reagent/yellow_empty_functions.cpp,_ZN4gfl215renderingengine10scenegraph8instance17ModelInstanceNode19StateChangeCallBackEj,arm-none-eabi-g++ 16.2.0,SOURCE_WRITTEN,COMPILES,SEMANTIC_VERIFIED,ASM_MATCH,NOT_RUNTIME_TESTED,4,4,static.crs,reagent,RETAIL_ORIGINAL_SYMBOL,Phase 4D cluster promotion: checker-approved no-op body; exact retail ARM bytes
0x0032A864,0x04,src/reagent/yellow_empty_functions.cpp,_ZN4gfl215renderingengine10scenegraph8instance17ModelInstanceNode7PreDrawERNS0_8renderer11RenderStateE,arm-none-eabi-g++ 16.2.0,SOURCE_WRITTEN,COMPILES,SEMANTIC_VERIFIED,ASM_MATCH,NOT_RUNTIME_TESTED,4,4,static.crs,reagent,RETAIL_ORIGINAL_SYMBOL,Phase 4D cluster promotion: checker-approved no-op body; exact retail ARM bytes
0x00337148,0x04,src/reagent/yellow_empty_functions.cpp,_ZN4gfl215renderingengine8renderer17RenderingPipeLineD2Ev,arm-none-eabi-g++ 16.2.0,SOURCE_WRITTEN,COMPILES,SEMANTIC_VERIFIED,ASM_MATCH,NOT_RUNTIME_TESTED,4,4,static.crs,reagent,RETAIL_ORIGINAL_SYMBOL,Phase 4D cluster promotion: checker-approved no-op body; exact retail ARM bytes
0x00340F24,0x04,src/reagent/yellow_empty_functions.cpp,_ZN4gfl22fs17BinLinkerAccessorD1Ev,arm-none-eabi-g++ 16.2.0,SOURCE_WRITTEN,COMPILES,SEMANTIC_VERIFIED,ASM_MATCH,NOT_RUNTIME_TESTED,4,4,static.crs,reagent,RETAIL_ORIGINAL_SYMBOL,Phase 4D cluster promotion: checker-approved no-op body; exact retail ARM bytes
0x00356830,0x04,src/reagent/yellow_empty_functions.cpp,_ZN4gfl23str9PrintCodeEPKwPKc,arm-none-eabi-g++ 16.2.0,SOURCE_WRITTEN,COMPILES,SEMANTIC_VERIFIED,ASM_MATCH,NOT_RUNTIME_TESTED,4,4,static.crs,reagent,RETAIL_ORIGINAL_SYMBOL,Phase 4D cluster promotion: checker-approved no-op body; exact retail ARM bytes
0x003589CC,0x04,src/reagent/yellow_empty_functions.cpp,_ZN4gfl24math10SFMTRandomC1Ev,arm-none-eabi-g++ 16.2.0,SOURCE_WRITTEN,COMPILES,SEMANTIC_VERIFIED,ASM_MATCH,NOT_RUNTIME_TESTED,4,4,static.crs,reagent,RETAIL_ORIGINAL_SYMBOL,Phase 4D cluster promotion: checker-approved no-op body; exact retail ARM bytes
0x0035BDB4,0x04,src/reagent/yellow_empty_functions.cpp,_ZN4gfl25debug16LogWindow_AddMsgENS0_8LogWinIDEPKwz,arm-none-eabi-g++ 16.2.0,SOURCE_WRITTEN,COMPILES,SEMANTIC_VERIFIED,ASM_MATCH,NOT_RUNTIME_TESTED,4,4,static.crs,reagent,RETAIL_ORIGINAL_SYMBOL,Phase 4D cluster promotion: checker-approved no-op body; exact retail ARM bytes
0x003F3B28,0x04,src/reagent/yellow_empty_functions.cpp,_ZN7GameSys8GameProc11PreDrawFuncEPN4gfl24proc7ManagerE,arm-none-eabi-g++ 16.2.0,SOURCE_WRITTEN,COMPILES,SEMANTIC_VERIFIED,ASM_MATCH,NOT_RUNTIME_TESTED,4,4,static.crs,reagent,RETAIL_ORIGINAL_SYMBOL,Phase 4D cluster promotion: checker-approved no-op body; exact retail ARM bytes
0x003F3B2C,0x04,src/reagent/yellow_empty_functions.cpp,_ZN7GameSys8GameProc14EventCheckFuncEPNS_11GameManagerE,arm-none-eabi-g++ 16.2.0,SOURCE_WRITTEN,COMPILES,SEMANTIC_VERIFIED,ASM_MATCH,NOT_RUNTIME_TESTED,4,4,static.crs,reagent,RETAIL_ORIGINAL_SYMBOL,Phase 4D cluster promotion: checker-approved no-op body; exact retail ARM bytes
0x003F46AC,0x04,src/reagent/yellow_empty_functions.cpp,_ZN7GameSys9GameEventD2Ev,arm-none-eabi-g++ 16.2.0,SOURCE_WRITTEN,COMPILES,SEMANTIC_VERIFIED,ASM_MATCH,NOT_RUNTIME_TESTED,4,4,static.crs,reagent,RETAIL_ORIGINAL_SYMBOL,Phase 4D cluster promotion: checker-approved no-op body; exact retail ARM bytes
0x00454EC4,0x04,src/reagent/yellow_empty_functions.cpp,_ZN9NetAppLib11JoinFestaUI38JoinFestaPlayerListSelectLowerViewBase18CallBack_CursorOffEPvPKN3app4tool8PaneList9PANE_DATAEjj,arm-none-eabi-g++ 16.2.0,SOURCE_WRITTEN,COMPILES,SEMANTIC_VERIFIED,ASM_MATCH,NOT_RUNTIME_TESTED,4,4,static.crs,reagent,RETAIL_ORIGINAL_SYMBOL,Phase 4D cluster promotion: checker-approved no-op body; exact retail ARM bytes
0x0045509C,0x04,src/reagent/yellow_empty_functions.cpp,_ZN9NetAppLib11JoinFestaUI38JoinFestaPlayerListSelectLowerViewBase19CallBack_ItemChangeEPvjj,arm-none-eabi-g++ 16.2.0,SOURCE_WRITTEN,COMPILES,SEMANTIC_VERIFIED,ASM_MATCH,NOT_RUNTIME_TESTED,4,4,static.crs,reagent,RETAIL_ORIGINAL_SYMBOL,Phase 4D cluster promotion: checker-approved no-op body; exact retail ARM bytes
0x0045EBB0,0x04,src/reagent/yellow_empty_functions.cpp,_ZN9NetAppLib6System15NetAppFrameBase8DrawFuncEN4gfl23gfx12CtrDisplayNoE,arm-none-eabi-g++ 16.2.0,SOURCE_WRITTEN,COMPILES,SEMANTIC_VERIFIED,ASM_MATCH,NOT_RUNTIME_TESTED,4,4,static.crs,reagent,RETAIL_ORIGINAL_SYMBOL,Phase 4D cluster promotion: checker-approved no-op body; exact retail ARM bytes
0x004AE7F4,0x04,src/reagent/yellow_empty_functions.cpp,_ZThn188_N4gfl215renderingengine10scenegraph8instance17ModelInstanceNode7PreDrawERNS0_8renderer11RenderStateE,arm-none-eabi-g++ 16.2.0,SOURCE_WRITTEN,COMPILES,SEMANTIC_VERIFIED,ASM_MATCH,NOT_RUNTIME_TESTED,4,4,static.crs,reagent,RETAIL_ORIGINAL_SYMBOL,Phase 4D cluster promotion: checker-approved no-op body; exact retail ARM bytes
0x004AF348,0x04,src/reagent/yellow_empty_functions.cpp,_ZThn200_N9NetAppLib11JoinFestaUI38JoinFestaPlayerListSelectLowerViewBase18CallBack_CursorOffEPvPKN3app4tool8PaneList9PANE_DATAEjj,arm-none-eabi-g++ 16.2.0,SOURCE_WRITTEN,COMPILES,SEMANTIC_VERIFIED,ASM_MATCH,NOT_RUNTIME_TESTED,4,4,static.crs,reagent,RETAIL_ORIGINAL_SYMBOL,Phase 4D cluster promotion: checker-approved no-op body; exact retail ARM bytes
0x004AF52C,0x04,src/reagent/yellow_empty_functions.cpp,_ZThn200_N9NetAppLib11JoinFestaUI38JoinFestaPlayerListSelectLowerViewBase19CallBack_ItemChangeEPvjj,arm-none-eabi-g++ 16.2.0,SOURCE_WRITTEN,COMPILES,SEMANTIC_VERIFIED,ASM_MATCH,NOT_RUNTIME_TESTED,4,4,static.crs,reagent,RETAIL_ORIGINAL_SYMBOL,Phase 4D cluster promotion: checker-approved no-op body; exact retail ARM bytes
0x00557F58,0x04,src/reagent/yellow_empty_functions.cpp,_ZN2nw4font16TagProcessorBaseIwED1Ev,arm-none-eabi-g++ 16.2.0,SOURCE_WRITTEN,COMPILES,SEMANTIC_VERIFIED,ASM_MATCH,NOT_RUNTIME_TESTED,4,4,static.crs,reagent,RETAIL_ORIGINAL_SYMBOL,Phase 4D cluster promotion: checker-approved no-op body; exact retail ARM bytes
0x0035BE88,0x04,src/reagent/yellow_empty_functions.cpp,_ZN4gfl25debug9GFLassertEPKcjiS2_,arm-none-eabi-g++ 16.2.0,SOURCE_WRITTEN,COMPILES,SEMANTIC_VERIFIED,ASM_MATCH,NOT_RUNTIME_TESTED,4,4,static.crs,reagent,RETAIL_ORIGINAL_SYMBOL,Phase 4D cluster promotion: checker-approved no-op body; exact retail ARM bytes
0x00464D10,0x08,src/reagent/yellow_leaf_functions.cpp,_ZN9NetAppLib8P2PTrade21P2PTradeRequestClient23GetLastRecvPokemonParamEv,arm-none-eabi-g++ 16.2.0,SOURCE_WRITTEN,COMPILES,SEMANTIC_VERIFIED,ASM_MATCH,NOT_RUNTIME_TESTED,8,8,static.crs,reagent,RETAIL_ORIGINAL_SYMBOL,Phase 4D clustered leaf accessor; checker-approved semantics and exact retail ARM bytes
0x0015BF58,0x08,src/reagent/yellow_leaf_functions.cpp,_ZN11ExtSavedata21RegulationExtSaveData12IsFatalErrorEv,arm-none-eabi-g++ 16.2.0,SOURCE_WRITTEN,COMPILES,SEMANTIC_VERIFIED,ASM_MATCH,NOT_RUNTIME_TESTED,8,8,static.crs,reagent,RETAIL_ORIGINAL_SYMBOL,Phase 4D clustered leaf accessor; checker-approved semantics and exact retail ARM bytes
0x0043A21C,0x08,src/reagent/yellow_leaf_functions.cpp,_ZN8Savedata12GameSyncSave12SetSignedPGLEb,arm-none-eabi-g++ 16.2.0,SOURCE_WRITTEN,COMPILES,SEMANTIC_VERIFIED,ASM_MATCH,NOT_RUNTIME_TESTED,8,8,static.crs,reagent,RETAIL_ORIGINAL_SYMBOL,Phase 4D clustered leaf accessor; checker-approved semantics and exact retail ARM bytes
0x0043A904,0x08,src/reagent/yellow_leaf_functions.cpp,_ZN8Savedata13LiveMatchData16SetLiveEntryWorkEh,arm-none-eabi-g++ 16.2.0,SOURCE_WRITTEN,COMPILES,SEMANTIC_VERIFIED,ASM_MATCH,NOT_RUNTIME_TESTED,8,8,static.crs,reagent,RETAIL_ORIGINAL_SYMBOL,Phase 4D clustered leaf accessor; checker-approved semantics and exact retail ARM bytes
0x0043B044,0x08,src/reagent/yellow_leaf_functions.cpp,_ZN8Savedata14BattleInstSave13GetBattleTypeEv,arm-none-eabi-g++ 16.2.0,SOURCE_WRITTEN,COMPILES,SEMANTIC_VERIFIED,ASM_MATCH,NOT_RUNTIME_TESTED,8,8,static.crs,reagent,RETAIL_ORIGINAL_SYMBOL,Phase 4D clustered leaf accessor; checker-approved semantics and exact retail ARM bytes
0x0043B304,0x08,src/reagent/yellow_leaf_functions.cpp,_ZN8Savedata14BattleInstSave7GetRankEv,arm-none-eabi-g++ 16.2.0,SOURCE_WRITTEN,COMPILES,SEMANTIC_VERIFIED,ASM_MATCH,NOT_RUNTIME_TESTED,8,8,static.crs,reagent,RETAIL_ORIGINAL_SYMBOL,Phase 4D clustered leaf accessor; checker-approved semantics and exact retail ARM bytes
0x0043B3D0,0x08,src/reagent/yellow_leaf_functions.cpp,_ZN8Savedata14BattleSpotData19SetInternetTimeZoneEa,arm-none-eabi-g++ 16.2.0,SOURCE_WRITTEN,COMPILES,SEMANTIC_VERIFIED,ASM_MATCH,NOT_RUNTIME_TESTED,8,8,static.crs,reagent,RETAIL_ORIGINAL_SYMBOL,Phase 4D clustered leaf accessor; checker-approved semantics and exact retail ARM bytes
0x0043B3D8,0x08,src/reagent/yellow_leaf_functions.cpp,_ZN8Savedata14BattleSpotData20SetInternetEntryWorkEh,arm-none-eabi-g++ 16.2.0,SOURCE_WRITTEN,COMPILES,SEMANTIC_VERIFIED,ASM_MATCH,NOT_RUNTIME_TESTED,8,8,static.crs,reagent,RETAIL_ORIGINAL_SYMBOL,Phase 4D clustered leaf accessor; checker-approved semantics and exact retail ARM bytes
0x0043B3E0,0x08,src/reagent/yellow_leaf_functions.cpp,_ZN8Savedata14BattleSpotData21SetInternetMatchCountEh,arm-none-eabi-g++ 16.2.0,SOURCE_WRITTEN,COMPILES,SEMANTIC_VERIFIED,ASM_MATCH,NOT_RUNTIME_TESTED,8,8,static.crs,reagent,RETAIL_ORIGINAL_SYMBOL,Phase 4D clustered leaf accessor; checker-approved semantics and exact retail ARM bytes
0x0043B64C,0x08,src/reagent/yellow_leaf_functions.cpp,_ZN8Savedata14PokeFinderSave12GetHighValueEv,arm-none-eabi-g++ 16.2.0,SOURCE_WRITTEN,COMPILES,SEMANTIC_VERIFIED,ASM_MATCH,NOT_RUNTIME_TESTED,8,8,static.crs,reagent,RETAIL_ORIGINAL_SYMBOL,Phase 4D clustered leaf accessor; checker-approved semantics and exact retail ARM bytes
0x0043B6C4,0x08,src/reagent/yellow_leaf_functions.cpp,_ZN8Savedata14PokeFinderSave13GetTotalValueEv,arm-none-eabi-g++ 16.2.0,SOURCE_WRITTEN,COMPILES,SEMANTIC_VERIFIED,ASM_MATCH,NOT_RUNTIME_TESTED,8,8,static.crs,reagent,RETAIL_ORIGINAL_SYMBOL,Phase 4D clustered leaf accessor; checker-approved semantics and exact retail ARM bytes
0x0043B6CC,0x08,src/reagent/yellow_leaf_functions.cpp,_ZN8Savedata14PokeFinderSave16GetCameraVersionEv,arm-none-eabi-g++ 16.2.0,SOURCE_WRITTEN,COMPILES,SEMANTIC_VERIFIED,ASM_MATCH,NOT_RUNTIME_TESTED,8,8,static.crs,reagent,RETAIL_ORIGINAL_SYMBOL,Phase 4D clustered leaf accessor; checker-approved semantics and exact retail ARM bytes
0x0043B6D4,0x08,src/reagent/yellow_leaf_functions.cpp,_ZN8Savedata14PokeFinderSave16GetTutorialFlagsEv,arm-none-eabi-g++ 16.2.0,SOURCE_WRITTEN,COMPILES,SEMANTIC_VERIFIED,ASM_MATCH,NOT_RUNTIME_TESTED,8,8,static.crs,reagent,RETAIL_ORIGINAL_SYMBOL,Phase 4D clustered leaf accessor; checker-approved semantics and exact retail ARM bytes
0x00443468,0x08,src/reagent/yellow_leaf_functions.cpp,_ZN8Savedata7GtsData14GetReturnPosNoEv,arm-none-eabi-g++ 16.2.0,SOURCE_WRITTEN,COMPILES,SEMANTIC_VERIFIED,ASM_MATCH,NOT_RUNTIME_TESTED,8,8,static.crs,reagent,RETAIL_ORIGINAL_SYMBOL,Phase 4D clustered leaf accessor; checker-approved semantics and exact retail ARM bytes
0x00443470,0x08,src/reagent/yellow_leaf_functions.cpp,_ZN8Savedata7GtsData14SetDepositFlagEb,arm-none-eabi-g++ 16.2.0,SOURCE_WRITTEN,COMPILES,SEMANTIC_VERIFIED,ASM_MATCH,NOT_RUNTIME_TESTED,8,8,static.crs,reagent,RETAIL_ORIGINAL_SYMBOL,Phase 4D clustered leaf accessor; checker-approved semantics and exact retail ARM bytes
0x00443478,0x08,src/reagent/yellow_leaf_functions.cpp,_ZN8Savedata7GtsData15GetReturnTrayNoEv,arm-none-eabi-g++ 16.2.0,SOURCE_WRITTEN,COMPILES,SEMANTIC_VERIFIED,ASM_MATCH,NOT_RUNTIME_TESTED,8,8,static.crs,reagent,RETAIL_ORIGINAL_SYMBOL,Phase 4D clustered leaf accessor; checker-approved semantics and exact retail ARM bytes
0x00443AAC,0x08,src/reagent/yellow_leaf_functions.cpp,_ZN8Savedata8MyStatus20GetSerializeDataSizeEv,arm-none-eabi-g++ 16.2.0,SOURCE_WRITTEN,COMPILES,SEMANTIC_VERIFIED,ASM_MATCH,NOT_RUNTIME_TESTED,8,8,static.crs,reagent,RETAIL_ORIGINAL_SYMBOL,Phase 4D clustered leaf accessor; checker-approved semantics and exact retail ARM bytes
0x00443CB0,0x08,src/reagent/yellow_leaf_functions.cpp,_ZN8Savedata8MyStatus6SetSexEh,arm-none-eabi-g++ 16.2.0,SOURCE_WRITTEN,COMPILES,SEMANTIC_VERIFIED,ASM_MATCH,NOT_RUNTIME_TESTED,8,8,static.crs,reagent,RETAIL_ORIGINAL_SYMBOL,Phase 4D clustered leaf accessor; checker-approved semantics and exact retail ARM bytes
0x004A6CA4,0x08,src/reagent/yellow_leaf_functions.cpp,_ZNK8Savedata12GameSyncSave11IsSignedPGLEv,arm-none-eabi-g++ 16.2.0,SOURCE_WRITTEN,COMPILES,SEMANTIC_VERIFIED,ASM_MATCH,NOT_RUNTIME_TESTED,8,8,static.crs,reagent,RETAIL_ORIGINAL_SYMBOL,Phase 4D clustered leaf accessor; checker-approved semantics and exact retail ARM bytes
0x004A6CAC,0x08,src/reagent/yellow_leaf_functions.cpp,_ZNK8Savedata12GameSyncSave25GetGameSyncFirstConnectedEv,arm-none-eabi-g++ 16.2.0,SOURCE_WRITTEN,COMPILES,SEMANTIC_VERIFIED,ASM_MATCH,NOT_RUNTIME_TESTED,8,8,static.crs,reagent,RETAIL_ORIGINAL_SYMBOL,Phase 4D clustered leaf accessor; checker-approved semantics and exact retail ARM bytes
0x004A6CC8,0x08,src/reagent/yellow_leaf_functions.cpp,_ZNK8Savedata13LiveMatchData14GetLiveResultsEv,arm-none-eabi-g++ 16.2.0,SOURCE_WRITTEN,COMPILES,SEMANTIC_VERIFIED,ASM_MATCH,NOT_RUNTIME_TESTED,8,8,static.crs,reagent,RETAIL_ORIGINAL_SYMBOL,Phase 4D clustered leaf accessor; checker-approved semantics and exact retail ARM bytes
0x004A6CD0,0x08,src/reagent/yellow_leaf_functions.cpp,_ZNK8Savedata13LiveMatchData16GetLiveEntryWorkEv,arm-none-eabi-g++ 16.2.0,SOURCE_WRITTEN,COMPILES,SEMANTIC_VERIFIED,ASM_MATCH,NOT_RUNTIME_TESTED,8,8,static.crs,reagent,RETAIL_ORIGINAL_SYMBOL,Phase 4D clustered leaf accessor; checker-approved semantics and exact retail ARM bytes
0x004A6ECC,0x08,src/reagent/yellow_leaf_functions.cpp,_ZNK8Savedata14BattleSpotData19GetInternetTimeZoneEv,arm-none-eabi-g++ 16.2.0,SOURCE_WRITTEN,COMPILES,SEMANTIC_VERIFIED,ASM_MATCH,NOT_RUNTIME_TESTED,8,8,static.crs,reagent,RETAIL_ORIGINAL_SYMBOL,Phase 4D clustered leaf accessor; checker-approved semantics and exact retail ARM bytes
0x004A6F04,0x08,src/reagent/yellow_leaf_functions.cpp,_ZNK8Savedata14BattleSpotData20GetInternetEntryWorkEv,arm-none-eabi-g++ 16.2.0,SOURCE_WRITTEN,COMPILES,SEMANTIC_VERIFIED,ASM_MATCH,NOT_RUNTIME_TESTED,8,8,static.crs,reagent,RETAIL_ORIGINAL_SYMBOL,Phase 4D clustered leaf accessor; checker-approved semantics and exact retail ARM bytes
0x004A6F0C,0x08,src/reagent/yellow_leaf_functions.cpp,_ZNK8Savedata14BattleSpotData21GetInternetMatchCountEv,arm-none-eabi-g++ 16.2.0,SOURCE_WRITTEN,COMPILES,SEMANTIC_VERIFIED,ASM_MATCH,NOT_RUNTIME_TESTED,8,8,static.crs,reagent,RETAIL_ORIGINAL_SYMBOL,Phase 4D clustered leaf accessor; checker-approved semantics and exact retail ARM bytes
0x004A73D4,0x08,src/reagent/yellow_leaf_functions.cpp,_ZNK8Savedata17JoinFestaDataSave12GetTotalCoinEv,arm-none-eabi-g++ 16.2.0,SOURCE_WRITTEN,COMPILES,SEMANTIC_VERIFIED,ASM_MATCH,NOT_RUNTIME_TESTED,8,8,static.crs,reagent,RETAIL_ORIGINAL_SYMBOL,Phase 4D clustered leaf accessor; checker-approved semantics and exact retail ARM bytes
0x004A7804,0x08,src/reagent/yellow_leaf_functions.cpp,_ZNK8Savedata17JoinFestaDataSave7GetCoinEv,arm-none-eabi-g++ 16.2.0,SOURCE_WRITTEN,COMPILES,SEMANTIC_VERIFIED,ASM_MATCH,NOT_RUNTIME_TESTED,8,8,static.crs,reagent,RETAIL_ORIGINAL_SYMBOL,Phase 4D clustered leaf accessor; checker-approved semantics and exact retail ARM bytes
0x004A7818,0x08,src/reagent/yellow_leaf_functions.cpp,_ZNK8Savedata17JoinFestaDataSave8GetThemeEv,arm-none-eabi-g++ 16.2.0,SOURCE_WRITTEN,COMPILES,SEMANTIC_VERIFIED,ASM_MATCH,NOT_RUNTIME_TESTED,8,8,static.crs,reagent,RETAIL_ORIGINAL_SYMBOL,Phase 4D clustered leaf accessor; checker-approved semantics and exact retail ARM bytes
0x004A7C7C,0x08,src/reagent/yellow_leaf_functions.cpp,_ZNK8Savedata4Misc20GetKawaigariPastDaysEv,arm-none-eabi-g++ 16.2.0,SOURCE_WRITTEN,COMPILES,SEMANTIC_VERIFIED,ASM_MATCH,NOT_RUNTIME_TESTED,8,8,static.crs,reagent,RETAIL_ORIGINAL_SYMBOL,Phase 4D clustered leaf accessor; checker-approved semantics and exact retail ARM bytes
0x004A8170,0x08,src/reagent/yellow_leaf_functions.cpp,_ZNK8Savedata7GtsData12GetUploadKeyEv,arm-none-eabi-g++ 16.2.0,SOURCE_WRITTEN,COMPILES,SEMANTIC_VERIFIED,ASM_MATCH,NOT_RUNTIME_TESTED,8,8,static.crs,reagent,RETAIL_ORIGINAL_SYMBOL,Phase 4D clustered leaf accessor; checker-approved semantics and exact retail ARM bytes
0x004A8178,0x08,src/reagent/yellow_leaf_functions.cpp,_ZNK8Savedata7GtsData21GetUploadGtsIndexDataEv,arm-none-eabi-g++ 16.2.0,SOURCE_WRITTEN,COMPILES,SEMANTIC_VERIFIED,ASM_MATCH,NOT_RUNTIME_TESTED,8,8,static.crs,reagent,RETAIL_ORIGINAL_SYMBOL,Phase 4D clustered leaf accessor; checker-approved semantics and exact retail ARM bytes
0x004A83E0,0x08,src/reagent/yellow_leaf_functions.cpp,_ZNK8Savedata8MyStatus10GetRomCodeEv,arm-none-eabi-g++ 16.2.0,SOURCE_WRITTEN,COMPILES,SEMANTIC_VERIFIED,ASM_MATCH,NOT_RUNTIME_TESTED,8,8,static.crs,reagent,RETAIL_ORIGINAL_SYMBOL,Phase 4D clustered leaf accessor; checker-approved semantics and exact retail ARM bytes
0x004A8510,0x08,src/reagent/yellow_leaf_functions.cpp,_ZNK8Savedata8MyStatus13GetRegionCodeEv,arm-none-eabi-g++ 16.2.0,SOURCE_WRITTEN,COMPILES,SEMANTIC_VERIFIED,ASM_MATCH,NOT_RUNTIME_TESTED,8,8,static.crs,reagent,RETAIL_ORIGINAL_SYMBOL,Phase 4D clustered leaf accessor; checker-approved semantics and exact retail ARM bytes
0x004A8528,0x08,src/reagent/yellow_leaf_functions.cpp,_ZNK8Savedata8MyStatus14GetPrincipalIdEv,arm-none-eabi-g++ 16.2.0,SOURCE_WRITTEN,COMPILES,SEMANTIC_VERIFIED,ASM_MATCH,NOT_RUNTIME_TESTED,8,8,static.crs,reagent,RETAIL_ORIGINAL_SYMBOL,Phase 4D clustered leaf accessor; checker-approved semantics and exact retail ARM bytes
0x004A85C4,0x08,src/reagent/yellow_leaf_functions.cpp,_ZNK8Savedata8MyStatus17GetPokeLanguageIdEv,arm-none-eabi-g++ 16.2.0,SOURCE_WRITTEN,COMPILES,SEMANTIC_VERIFIED,ASM_MATCH,NOT_RUNTIME_TESTED,8,8,static.crs,reagent,RETAIL_ORIGINAL_SYMBOL,Phase 4D clustered leaf accessor; checker-approved semantics and exact retail ARM bytes
0x004A8614,0x08,src/reagent/yellow_leaf_functions.cpp,_ZNK8Savedata8MyStatus18GetSimpleAddressIdEv,arm-none-eabi-g++ 16.2.0,SOURCE_WRITTEN,COMPILES,SEMANTIC_VERIFIED,ASM_MATCH,NOT_RUNTIME_TESTED,8,8,static.crs,reagent,RETAIL_ORIGINAL_SYMBOL,Phase 4D clustered leaf accessor; checker-approved semantics and exact retail ARM bytes
0x004A86AC,0x08,src/reagent/yellow_leaf_functions.cpp,_ZNK8Savedata8MyStatus5GetIDEv,arm-none-eabi-g++ 16.2.0,SOURCE_WRITTEN,COMPILES,SEMANTIC_VERIFIED,ASM_MATCH,NOT_RUNTIME_TESTED,8,8,static.crs,reagent,RETAIL_ORIGINAL_SYMBOL,Phase 4D clustered leaf accessor; checker-approved semantics and exact retail ARM bytes
0x004A86D4,0x08,src/reagent/yellow_leaf_functions.cpp,_ZNK8Savedata8MyStatus6GetSexEv,arm-none-eabi-g++ 16.2.0,SOURCE_WRITTEN,COMPILES,SEMANTIC_VERIFIED,ASM_MATCH,NOT_RUNTIME_TESTED,8,8,static.crs,reagent,RETAIL_ORIGINAL_SYMBOL,Phase 4D clustered leaf accessor; checker-approved semantics and exact retail ARM bytes
0x004A86EC,0x08,src/reagent/yellow_leaf_functions.cpp,_ZNK8Savedata8MyStatus7GetIconEv,arm-none-eabi-g++ 16.2.0,SOURCE_WRITTEN,COMPILES,SEMANTIC_VERIFIED,ASM_MATCH,NOT_RUNTIME_TESTED,8,8,static.crs,reagent,RETAIL_ORIGINAL_SYMBOL,Phase 4D clustered leaf accessor; checker-approved semantics and exact retail ARM bytes
0x004A8748,0x08,src/reagent/yellow_leaf_functions.cpp,_ZNK8Savedata8PlayTime11GetPlayHourEv,arm-none-eabi-g++ 16.2.0,SOURCE_WRITTEN,COMPILES,SEMANTIC_VERIFIED,ASM_MATCH,NOT_RUNTIME_TESTED,8,8,static.crs,reagent,RETAIL_ORIGINAL_SYMBOL,Phase 4D clustered leaf accessor; checker-approved semantics and exact retail ARM bytes
0x004A8750,0x08,src/reagent/yellow_leaf_functions.cpp,_ZNK8Savedata8PlayTime13GetPlayMinuteEv,arm-none-eabi-g++ 16.2.0,SOURCE_WRITTEN,COMPILES,SEMANTIC_VERIFIED,ASM_MATCH,NOT_RUNTIME_TESTED,8,8,static.crs,reagent,RETAIL_ORIGINAL_SYMBOL,Phase 4D clustered leaf accessor; checker-approved semantics and exact retail ARM bytes
0x004A6C1C,0x0C,src/reagent/yellow_leaf_functions.cpp,_ZNK8Savedata10ConfigSave15GetTalkingSpeedEv,arm-none-eabi-g++ 16.2.0,SOURCE_WRITTEN,COMPILES,SEMANTIC_VERIFIED,ASM_MATCH,NOT_RUNTIME_TESTED,12,12,static.crs,reagent,RETAIL_ORIGINAL_SYMBOL,Phase 4D clustered leaf accessor; checker-approved semantics and exact retail ARM bytes
0x004A746C,0x0C,src/reagent/yellow_leaf_functions.cpp,_ZNK8Savedata17JoinFestaDataSave14IsRejectFriendEv,arm-none-eabi-g++ 16.2.0,SOURCE_WRITTEN,COMPILES,SEMANTIC_VERIFIED,ASM_MATCH,NOT_RUNTIME_TESTED,12,12,static.crs,reagent,RETAIL_ORIGINAL_SYMBOL,Phase 4D clustered leaf accessor; checker-approved semantics and exact retail ARM bytes
0x004A7C70,0x0C,src/reagent/yellow_leaf_functions.cpp,_ZNK8Savedata4Misc20GetGakusyuusoutiFlagEv,arm-none-eabi-g++ 16.2.0,SOURCE_WRITTEN,COMPILES,SEMANTIC_VERIFIED,ASM_MATCH,NOT_RUNTIME_TESTED,12,12,static.crs,reagent,RETAIL_ORIGINAL_SYMBOL,Phase 4D clustered leaf accessor; checker-approved semantics and exact retail ARM bytes
0x0043B010,0x08,src/reagent/yellow_leaf_functions.cpp,_ZN8Savedata14BattleInstSave12SetBattleBgmEi,arm-none-eabi-g++ 16.2.0,SOURCE_WRITTEN,COMPILES,SEMANTIC_VERIFIED,ASM_MATCH,NOT_RUNTIME_TESTED,8,8,static.crs,reagent,RETAIL_ORIGINAL_SYMBOL,Phase 4D clustered leaf accessor; checker-approved semantics and exact retail ARM bytes
0x00343334,0x08,src/reagent/yellow_leaf_functions.cpp,_ZN4gfl22qr12QREncodeData10SetVersionEj,arm-none-eabi-g++ 16.2.0,SOURCE_WRITTEN,COMPILES,SEMANTIC_VERIFIED,ASM_MATCH,NOT_RUNTIME_TESTED,8,8,static.crs,reagent,RETAIL_ORIGINAL_SYMBOL,Phase 4D clustered leaf accessor; checker-approved semantics and exact retail ARM bytes
0x002E65A8,0x08,src/reagent/yellow_leaf_functions.cpp,_ZN3App9FieldMenu8PlayData12GetCursorPosEv,arm-none-eabi-g++ 16.2.0,SOURCE_WRITTEN,COMPILES,SEMANTIC_VERIFIED,ASM_MATCH,NOT_RUNTIME_TESTED,8,8,static.crs,reagent,RETAIL_ORIGINAL_SYMBOL,Phase 4D clustered leaf accessor; checker-approved semantics and exact retail ARM bytes
0x002E65C0,0x08,src/reagent/yellow_leaf_functions.cpp,_ZN3App9FieldMenu8PlayData15GetEndInputModeEv,arm-none-eabi-g++ 16.2.0,SOURCE_WRITTEN,COMPILES,SEMANTIC_VERIFIED,ASM_MATCH,NOT_RUNTIME_TESTED,8,8,static.crs,reagent,RETAIL_ORIGINAL_SYMBOL,Phase 4D clustered leaf accessor; checker-approved semantics and exact retail ARM bytes
0x002E65C8,0x08,src/reagent/yellow_leaf_functions.cpp,_ZN3App9FieldMenu8PlayData15SetEndInputModeEb,arm-none-eabi-g++ 16.2.0,SOURCE_WRITTEN,COMPILES,SEMANTIC_VERIFIED,ASM_MATCH,NOT_RUNTIME_TESTED,8,8,static.crs,reagent,RETAIL_ORIGINAL_SYMBOL,Phase 4D clustered leaf accessor; checker-approved semantics and exact retail ARM bytes
0x002E6614,0x08,src/reagent/yellow_leaf_functions.cpp,_ZN3App9FieldMenu8PlayData15SetSelectRideIDEj,arm-none-eabi-g++ 16.2.0,SOURCE_WRITTEN,COMPILES,SEMANTIC_VERIFIED,ASM_MATCH,NOT_RUNTIME_TESTED,8,8,static.crs,reagent,RETAIL_ORIGINAL_SYMBOL,Phase 4D clustered leaf accessor; checker-approved semantics and exact retail ARM bytes
0x002E661C,0x08,src/reagent/yellow_leaf_functions.cpp,_ZN3App9FieldMenu8PlayData16GetRideCursorPosEv,arm-none-eabi-g++ 16.2.0,SOURCE_WRITTEN,COMPILES,SEMANTIC_VERIFIED,ASM_MATCH,NOT_RUNTIME_TESTED,8,8,static.crs,reagent,RETAIL_ORIGINAL_SYMBOL,Phase 4D clustered leaf accessor; checker-approved semantics and exact retail ARM bytes
0x002E66C4,0x08,src/reagent/yellow_leaf_functions.cpp,_ZN3App9FieldMenu8PlayData25IsEndContinueRotomMessageEv,arm-none-eabi-g++ 16.2.0,SOURCE_WRITTEN,COMPILES,SEMANTIC_VERIFIED,ASM_MATCH,NOT_RUNTIME_TESTED,8,8,static.crs,reagent,RETAIL_ORIGINAL_SYMBOL,Phase 4D clustered leaf accessor; checker-approved semantics and exact retail ARM bytes
0x0037FFEC,0x08,src/reagent/yellow_leaf_functions.cpp,_ZN5Field11FieldScript17FieldScriptSystem14GetBgPartsInfoEv,arm-none-eabi-g++ 16.2.0,SOURCE_WRITTEN,COMPILES,SEMANTIC_VERIFIED,ASM_MATCH,NOT_RUNTIME_TESTED,8,8,static.crs,reagent,RETAIL_ORIGINAL_SYMBOL,Phase 4D clustered leaf accessor; checker-approved semantics and exact retail ARM bytes
0x00396CF8,0x08,src/reagent/yellow_leaf_functions.cpp,_ZN5Field7Encount11EncountWork10GetPokeSetEv,arm-none-eabi-g++ 16.2.0,SOURCE_WRITTEN,COMPILES,SEMANTIC_VERIFIED,ASM_MATCH,NOT_RUNTIME_TESTED,8,8,static.crs,reagent,RETAIL_ORIGINAL_SYMBOL,Phase 4D clustered leaf accessor; checker-approved semantics and exact retail ARM bytes
0x00473118,0x08,src/reagent/yellow_leaf_functions.cpp,_ZN9NetAppLib9JoinFesta28JoinFestaPersonalDataManager20GetFieldPersonalListEv,arm-none-eabi-g++ 16.2.0,SOURCE_WRITTEN,COMPILES,SEMANTIC_VERIFIED,ASM_MATCH,NOT_RUNTIME_TESTED,8,8,static.crs,reagent,RETAIL_ORIGINAL_SYMBOL,Phase 4D clustered leaf accessor; checker-approved semantics and exact retail ARM bytes
0x00473DB0,0x08,src/reagent/yellow_leaf_functions.cpp,_ZN9NetAppLib9JoinFesta28JoinFestaPersonalDataManager30GetScriptTalkFieldPersonalDataEv,arm-none-eabi-g++ 16.2.0,SOURCE_WRITTEN,COMPILES,SEMANTIC_VERIFIED,ASM_MATCH,NOT_RUNTIME_TESTED,8,8,static.crs,reagent,RETAIL_ORIGINAL_SYMBOL,Phase 4D clustered leaf accessor; checker-approved semantics and exact retail ARM bytes
0x0048D344,0x08,src/reagent/yellow_leaf_functions.cpp,_ZNK3App9FieldMenu8PlayData12GetRideParamEv,arm-none-eabi-g++ 16.2.0,SOURCE_WRITTEN,COMPILES,SEMANTIC_VERIFIED,ASM_MATCH,NOT_RUNTIME_TESTED,8,8,static.crs,reagent,RETAIL_ORIGINAL_SYMBOL,Phase 4D clustered leaf accessor; checker-approved semantics and exact retail ARM bytes
0x0049CFAC,0x08,src/reagent/yellow_leaf_functions.cpp,_ZNK5Field11FieldScript17FieldScriptSystem9IsCreatedEv,arm-none-eabi-g++ 16.2.0,SOURCE_WRITTEN,COMPILES,SEMANTIC_VERIFIED,ASM_MATCH,NOT_RUNTIME_TESTED,8,8,static.crs,reagent,RETAIL_ORIGINAL_SYMBOL,Phase 4D clustered leaf accessor; checker-approved semantics and exact retail ARM bytes
0x0049E188,0x08,src/reagent/yellow_leaf_functions.cpp,_ZNK5Field5World10GetWorldIDEv,arm-none-eabi-g++ 16.2.0,SOURCE_WRITTEN,COMPILES,SEMANTIC_VERIFIED,ASM_MATCH,NOT_RUNTIME_TESTED,8,8,static.crs,reagent,RETAIL_ORIGINAL_SYMBOL,Phase 4D clustered leaf accessor; checker-approved semantics and exact retail ARM bytes
0x0049E190,0x08,src/reagent/yellow_leaf_functions.cpp,_ZNK5Field5World10GetZoneNumEv,arm-none-eabi-g++ 16.2.0,SOURCE_WRITTEN,COMPILES,SEMANTIC_VERIFIED,ASM_MATCH,NOT_RUNTIME_TESTED,8,8,static.crs,reagent,RETAIL_ORIGINAL_SYMBOL,Phase 4D clustered leaf accessor; checker-approved semantics and exact retail ARM bytes
0x0049E1D0,0x08,src/reagent/yellow_leaf_functions.cpp,_ZNK5Field5World12GetWorldInfoEv,arm-none-eabi-g++ 16.2.0,SOURCE_WRITTEN,COMPILES,SEMANTIC_VERIFIED,ASM_MATCH,NOT_RUNTIME_TESTED,8,8,static.crs,reagent,RETAIL_ORIGINAL_SYMBOL,Phase 4D clustered leaf accessor; checker-approved semantics and exact retail ARM bytes
0x0049E604,0x08,src/reagent/yellow_leaf_functions.cpp,_ZNK5Field7Encount13EncountEffect13IsInitializedEv,arm-none-eabi-g++ 16.2.0,SOURCE_WRITTEN,COMPILES,SEMANTIC_VERIFIED,ASM_MATCH,NOT_RUNTIME_TESTED,8,8,static.crs,reagent,RETAIL_ORIGINAL_SYMBOL,Phase 4D clustered leaf accessor; checker-approved semantics and exact retail ARM bytes
0x0049E69C,0x08,src/reagent/yellow_leaf_functions.cpp,_ZNK5Field7Encount13EncountEffect18IsNeedFieldCaptureEv,arm-none-eabi-g++ 16.2.0,SOURCE_WRITTEN,COMPILES,SEMANTIC_VERIFIED,ASM_MATCH,NOT_RUNTIME_TESTED,8,8,static.crs,reagent,RETAIL_ORIGINAL_SYMBOL,Phase 4D clustered leaf accessor; checker-approved semantics and exact retail ARM bytes
0x0049F994,0x08,src/reagent/yellow_leaf_functions.cpp,_ZNK5Field9MoveModel27FieldMoveModelShadowManager19GetEffectShadowFootEv,arm-none-eabi-g++ 16.2.0,SOURCE_WRITTEN,COMPILES,SEMANTIC_VERIFIED,ASM_MATCH,NOT_RUNTIME_TESTED,8,8,static.crs,reagent,RETAIL_ORIGINAL_SYMBOL,Phase 4D clustered leaf accessor; checker-approved semantics and exact retail ARM bytes
0x002E65B0,0x08,src/reagent/yellow_leaf_functions.cpp,_ZN3App9FieldMenu8PlayData12SetCursorPosEj,arm-none-eabi-g++ 16.2.0,SOURCE_WRITTEN,COMPILES,SEMANTIC_VERIFIED,ASM_MATCH,NOT_RUNTIME_TESTED,8,8,static.crs,reagent,RETAIL_ORIGINAL_SYMBOL,Phase 4D clustered leaf accessor; checker-approved semantics and exact retail ARM bytes
0x0039CE30,0x08,src/reagent/yellow_leaf_functions.cpp,_ZN5Field9MoveModel14FieldMoveModel15SetMotionSignalEPNS_12MotionSignalE,arm-none-eabi-g++ 16.2.0,SOURCE_WRITTEN,COMPILES,SEMANTIC_VERIFIED,ASM_MATCH,NOT_RUNTIME_TESTED,8,8,static.crs,reagent,RETAIL_ORIGINAL_SYMBOL,Phase 4D clustered leaf accessor; checker-approved semantics and exact retail ARM bytes
0x003A84A0,0x08,src/reagent/yellow_leaf_functions.cpp,_ZN5Field9SubScreen14FieldSubScreen13SetEventXMenuEPNS_10EventXMenuE,arm-none-eabi-g++ 16.2.0,SOURCE_WRITTEN,COMPILES,SEMANTIC_VERIFIED,ASM_MATCH,NOT_RUNTIME_TESTED,8,8,static.crs,reagent,RETAIL_ORIGINAL_SYMBOL,Phase 4D clustered leaf accessor; checker-approved semantics and exact retail ARM bytes
0x00159F64,0x08,src/reagent/yellow_leaf_functions.cpp,_ZN10BattleInst10BattleInst6IsBossEv,arm-none-eabi-g++ 16.2.0,SOURCE_WRITTEN,COMPILES,SEMANTIC_VERIFIED,ASM_MATCH,NOT_RUNTIME_TESTED,8,8,static.crs,reagent,RETAIL_ORIGINAL_SYMBOL,Phase 4D clustered leaf accessor; checker-approved semantics and exact retail ARM bytes
0x004A660C,0x08,src/reagent/yellow_leaf_functions.cpp,_ZNK7trainer15TrainerTypeData20GetBattleMainModelIDEv,arm-none-eabi-g++ 16.2.0,SOURCE_WRITTEN,COMPILES,SEMANTIC_VERIFIED,ASM_MATCH,NOT_RUNTIME_TESTED,8,8,static.crs,reagent,RETAIL_ORIGINAL_SYMBOL,Phase 4D clustered leaf accessor; checker-approved semantics and exact retail ARM bytes
0x004AAEF8,0x08,src/reagent/yellow_leaf_functions.cpp,_ZNK9NetAppLib9JoinFesta21JoinFestaPersonalData21GetPacketBattleInviteEv,arm-none-eabi-g++ 16.2.0,SOURCE_WRITTEN,COMPILES,SEMANTIC_VERIFIED,ASM_MATCH,NOT_RUNTIME_TESTED,8,8,static.crs,reagent,RETAIL_ORIGINAL_SYMBOL,Phase 4D clustered leaf accessor; checker-approved semantics and exact retail ARM bytes
0x004AAF28,0x08,src/reagent/yellow_leaf_functions.cpp,_ZNK9NetAppLib9JoinFesta21JoinFestaPersonalData22GetPacketBattleRecieveEv,arm-none-eabi-g++ 16.2.0,SOURCE_WRITTEN,COMPILES,SEMANTIC_VERIFIED,ASM_MATCH,NOT_RUNTIME_TESTED,8,8,static.crs,reagent,RETAIL_ORIGINAL_SYMBOL,Phase 4D clustered leaf accessor; checker-approved semantics and exact retail ARM bytes
0x0028836C,0x08,src/reagent/yellow_leaf_functions.cpp,_ZN2nw3eft10EmitterSet11SetStopCalcEb,arm-none-eabi-g++ 16.2.0,SOURCE_WRITTEN,COMPILES,SEMANTIC_VERIFIED,ASM_MATCH,NOT_RUNTIME_TESTED,8,8,static.crs,reagent,RETAIL_ORIGINAL_SYMBOL,Phase 4D clustered leaf accessor; checker-approved semantics and exact retail ARM bytes
0x00288374,0x08,src/reagent/yellow_leaf_functions.cpp,_ZN2nw3eft10EmitterSet11SetStopDrawEb,arm-none-eabi-g++ 16.2.0,SOURCE_WRITTEN,COMPILES,SEMANTIC_VERIFIED,ASM_MATCH,NOT_RUNTIME_TESTED,8,8,static.crs,reagent,RETAIL_ORIGINAL_SYMBOL,Phase 4D clustered leaf accessor; checker-approved semantics and exact retail ARM bytes
0x002C7A74,0x08,src/reagent/yellow_leaf_functions.cpp,_ZN3App11TrainerPass8PlayData12GetStampPageEv,arm-none-eabi-g++ 16.2.0,SOURCE_WRITTEN,COMPILES,SEMANTIC_VERIFIED,ASM_MATCH,NOT_RUNTIME_TESTED,8,8,static.crs,reagent,RETAIL_ORIGINAL_SYMBOL,Phase 4D clustered leaf accessor; checker-approved semantics and exact retail ARM bytes
0x002C7E10,0x08,src/reagent/yellow_leaf_functions.cpp,_ZN3App3Box11BoxAppSetup15GetOtherMessageEv,arm-none-eabi-g++ 16.2.0,SOURCE_WRITTEN,COMPILES,SEMANTIC_VERIFIED,ASM_MATCH,NOT_RUNTIME_TESTED,8,8,static.crs,reagent,RETAIL_ORIGINAL_SYMBOL,Phase 4D clustered leaf accessor; checker-approved semantics and exact retail ARM bytes
0x002C910C,0x08,src/reagent/yellow_leaf_functions.cpp,_ZN3App4Tool10MapManager10SetVisibleEb,arm-none-eabi-g++ 16.2.0,SOURCE_WRITTEN,COMPILES,SEMANTIC_VERIFIED,ASM_MATCH,NOT_RUNTIME_TESTED,8,8,static.crs,reagent,RETAIL_ORIGINAL_SYMBOL,Phase 4D clustered leaf accessor; checker-approved semantics and exact retail ARM bytes
0x002CC1A0,0x08,src/reagent/yellow_leaf_functions.cpp,_ZN3App4Tool11NewPaneList13SetupSkipModeENS1_8SkipModeE,arm-none-eabi-g++ 16.2.0,SOURCE_WRITTEN,COMPILES,SEMANTIC_VERIFIED,ASM_MATCH,NOT_RUNTIME_TESTED,8,8,static.crs,reagent,RETAIL_ORIGINAL_SYMBOL,Phase 4D clustered leaf accessor; checker-approved semantics and exact retail ARM bytes
0x002CC534,0x08,src/reagent/yellow_leaf_functions.cpp,_ZN3App4Tool11NewPaneList15SetupEffectModeENS1_10EffectModeE,arm-none-eabi-g++ 16.2.0,SOURCE_WRITTEN,COMPILES,SEMANTIC_VERIFIED,ASM_MATCH,NOT_RUNTIME_TESTED,8,8,static.crs,reagent,RETAIL_ORIGINAL_SYMBOL,Phase 4D clustered leaf accessor; checker-approved semantics and exact retail ARM bytes
0x002E0CEC,0x08,src/reagent/yellow_leaf_functions.cpp,_ZN3App8PokeList16IntermediateData12GetPokePartyEv,arm-none-eabi-g++ 16.2.0,SOURCE_WRITTEN,COMPILES,SEMANTIC_VERIFIED,ASM_MATCH,NOT_RUNTIME_TESTED,8,8,static.crs,reagent,RETAIL_ORIGINAL_SYMBOL,Phase 4D clustered leaf accessor; checker-approved semantics and exact retail ARM bytes
0x002E6B10,0x08,src/reagent/yellow_leaf_functions.cpp,_ZN3app2ui11UIResponder15SetTouchEnabledEb,arm-none-eabi-g++ 16.2.0,SOURCE_WRITTEN,COMPILES,SEMANTIC_VERIFIED,ASM_MATCH,NOT_RUNTIME_TESTED,8,8,static.crs,reagent,RETAIL_ORIGINAL_SYMBOL,Phase 4D clustered leaf accessor; checker-approved semantics and exact retail ARM bytes
0x002E6B20,0x08,src/reagent/yellow_leaf_functions.cpp,_ZN3app2ui11UIResponder16GetButtonManagerEv,arm-none-eabi-g++ 16.2.0,SOURCE_WRITTEN,COMPILES,SEMANTIC_VERIFIED,ASM_MATCH,NOT_RUNTIME_TESTED,8,8,static.crs,reagent,RETAIL_ORIGINAL_SYMBOL,Phase 4D clustered leaf accessor; checker-approved semantics and exact retail ARM bytes
0x002E6FB8,0x08,src/reagent/yellow_leaf_functions.cpp,_ZN3app2ui11UIResponder37SetInputExclusiveKeyByButtonAnimationEb,arm-none-eabi-g++ 16.2.0,SOURCE_WRITTEN,COMPILES,SEMANTIC_VERIFIED,ASM_MATCH,NOT_RUNTIME_TESTED,8,8,static.crs,reagent,RETAIL_ORIGINAL_SYMBOL,Phase 4D clustered leaf accessor; checker-approved semantics and exact retail ARM bytes
0x002E71FC,0x08,src/reagent/yellow_leaf_functions.cpp,_ZN3app2ui13UIViewManager37GetInputExclusiveKeyByButtonAnimationEv,arm-none-eabi-g++ 16.2.0,SOURCE_WRITTEN,COMPILES,SEMANTIC_VERIFIED,ASM_MATCH,NOT_RUNTIME_TESTED,8,8,static.crs,reagent,RETAIL_ORIGINAL_SYMBOL,Phase 4D clustered leaf accessor; checker-approved semantics and exact retail ARM bytes
0x002E7204,0x08,src/reagent/yellow_leaf_functions.cpp,_ZN3app2ui13UIViewManager37SetInputExclusiveKeyByButtonAnimationEb,arm-none-eabi-g++ 16.2.0,SOURCE_WRITTEN,COMPILES,SEMANTIC_VERIFIED,ASM_MATCH,NOT_RUNTIME_TESTED,8,8,static.crs,reagent,RETAIL_ORIGINAL_SYMBOL,Phase 4D clustered leaf accessor; checker-approved semantics and exact retail ARM bytes
0x002E738C,0x08,src/reagent/yellow_leaf_functions.cpp,_ZN3app2ui6UIView10SetVisibleEb,arm-none-eabi-g++ 16.2.0,SOURCE_WRITTEN,COMPILES,SEMANTIC_VERIFIED,ASM_MATCH,NOT_RUNTIME_TESTED,8,8,static.crs,reagent,RETAIL_ORIGINAL_SYMBOL,Phase 4D clustered leaf accessor; checker-approved semantics and exact retail ARM bytes
0x002E74C4,0x08,src/reagent/yellow_leaf_functions.cpp,_ZN3app2ui6UIView12GetSuperViewEv,arm-none-eabi-g++ 16.2.0,SOURCE_WRITTEN,COMPILES,SEMANTIC_VERIFIED,ASM_MATCH,NOT_RUNTIME_TESTED,8,8,static.crs,reagent,RETAIL_ORIGINAL_SYMBOL,Phase 4D clustered leaf accessor; checker-approved semantics and exact retail ARM bytes
0x002E7FB0,0x08,src/reagent/yellow_leaf_functions.cpp,_ZN3app2ui6UIView8SetModalEb,arm-none-eabi-g++ 16.2.0,SOURCE_WRITTEN,COMPILES,SEMANTIC_VERIFIED,ASM_MATCH,NOT_RUNTIME_TESTED,8,8,static.crs,reagent,RETAIL_ORIGINAL_SYMBOL,Phase 4D clustered leaf accessor; checker-approved semantics and exact retail ARM bytes
0x002E8AA0,0x08,src/reagent/yellow_leaf_functions.cpp,_ZN3app4tool10IconObject8InitFuncEv,arm-none-eabi-g++ 16.2.0,SOURCE_WRITTEN,COMPILES,SEMANTIC_VERIFIED,ASM_MATCH,NOT_RUNTIME_TESTED,8,8,static.crs,reagent,RETAIL_ORIGINAL_SYMBOL,Phase 4D clustered leaf accessor; checker-approved semantics and exact retail ARM bytes
0x002E9730,0x08,src/reagent/yellow_leaf_functions.cpp,_ZN3app4tool10MenuCursor12IsModuleFreeEv,arm-none-eabi-g++ 16.2.0,SOURCE_WRITTEN,COMPILES,SEMANTIC_VERIFIED,ASM_MATCH,NOT_RUNTIME_TESTED,8,8,static.crs,reagent,RETAIL_ORIGINAL_SYMBOL,Phase 4D clustered leaf accessor; checker-approved semantics and exact retail ARM bytes
0x002E9868,0x08,src/reagent/yellow_leaf_functions.cpp,_ZN3app4tool10MenuCursor13GetLayoutWorkEv,arm-none-eabi-g++ 16.2.0,SOURCE_WRITTEN,COMPILES,SEMANTIC_VERIFIED,ASM_MATCH,NOT_RUNTIME_TESTED,8,8,static.crs,reagent,RETAIL_ORIGINAL_SYMBOL,Phase 4D clustered leaf accessor; checker-approved semantics and exact retail ARM bytes
0x002EA930,0x08,src/reagent/yellow_leaf_functions.cpp,_ZN3app4tool10MenuWindow8IsCreateEv,arm-none-eabi-g++ 16.2.0,SOURCE_WRITTEN,COMPILES,SEMANTIC_VERIFIED,ASM_MATCH,NOT_RUNTIME_TESTED,8,8,static.crs,reagent,RETAIL_ORIGINAL_SYMBOL,Phase 4D clustered leaf accessor; checker-approved semantics and exact retail ARM bytes
0x002EBBB8,0x08,src/reagent/yellow_leaf_functions.cpp,_ZN3app4tool12PaneListView11GetPaneListEv,arm-none-eabi-g++ 16.2.0,SOURCE_WRITTEN,COMPILES,SEMANTIC_VERIFIED,ASM_MATCH,NOT_RUNTIME_TESTED,8,8,static.crs,reagent,RETAIL_ORIGINAL_SYMBOL,Phase 4D clustered leaf accessor; checker-approved semantics and exact retail ARM bytes
0x002EC018,0x08,src/reagent/yellow_leaf_functions.cpp,_ZN3app4tool13ButtonManager12SetInputModeENS1_9InputModeE,arm-none-eabi-g++ 16.2.0,SOURCE_WRITTEN,COMPILES,SEMANTIC_VERIFIED,ASM_MATCH,NOT_RUNTIME_TESTED,8,8,static.crs,reagent,RETAIL_ORIGINAL_SYMBOL,Phase 4D clustered leaf accessor; checker-approved semantics and exact retail ARM bytes
0x002F1910,0x08,src/reagent/yellow_leaf_functions.cpp,_ZN3app4tool15TimerIconUIView12GetArcDataIdEv,arm-none-eabi-g++ 16.2.0,SOURCE_WRITTEN,COMPILES,SEMANTIC_VERIFIED,ASM_MATCH,NOT_RUNTIME_TESTED,8,8,static.crs,reagent,RETAIL_ORIGINAL_SYMBOL,Phase 4D clustered leaf accessor; checker-approved semantics and exact retail ARM bytes
0x002F1B28,0x08,src/reagent/yellow_leaf_functions.cpp,_ZN3app4tool15TimerIconUIView8GetArcIdEv,arm-none-eabi-g++ 16.2.0,SOURCE_WRITTEN,COMPILES,SEMANTIC_VERIFIED,ASM_MATCH,NOT_RUNTIME_TESTED,8,8,static.crs,reagent,RETAIL_ORIGINAL_SYMBOL,Phase 4D clustered leaf accessor; checker-approved semantics and exact retail ARM bytes
0x002F203C,0x08,src/reagent/yellow_leaf_functions.cpp,_ZN3app4tool16CharaSimpleModel12GetBaseModelEv,arm-none-eabi-g++ 16.2.0,SOURCE_WRITTEN,COMPILES,SEMANTIC_VERIFIED,ASM_MATCH,NOT_RUNTIME_TESTED,8,8,static.crs,reagent,RETAIL_ORIGINAL_SYMBOL,Phase 4D clustered leaf accessor; checker-approved semantics and exact retail ARM bytes
0x002F221C,0x08,src/reagent/yellow_leaf_functions.cpp,_ZN3app4tool16CharaSimpleModel25GetCharaBattltAnimeWaitIdEj,arm-none-eabi-g++ 16.2.0,SOURCE_WRITTEN,COMPILES,SEMANTIC_VERIFIED,ASM_MATCH,NOT_RUNTIME_TESTED,8,8,static.crs,reagent,RETAIL_ORIGINAL_SYMBOL,Phase 4D clustered leaf accessor; checker-approved semantics and exact retail ARM bytes
0x002F5B84,0x08,src/reagent/yellow_leaf_functions.cpp,_ZN3app4tool17ScrollPaneManager18SetInputKeyEnabledEb,arm-none-eabi-g++ 16.2.0,SOURCE_WRITTEN,COMPILES,SEMANTIC_VERIFIED,ASM_MATCH,NOT_RUNTIME_TESTED,8,8,static.crs,reagent,RETAIL_ORIGINAL_SYMBOL,Phase 4D clustered leaf accessor; checker-approved semantics and exact retail ARM bytes
0x002FB3E4,0x08,src/reagent/yellow_leaf_functions.cpp,_ZN3app4tool22PokeSimpleModelInFrame22SetInFrameDrawPositionEN6System6Camera19CModelViewerInFrame13EDrawPositionE,arm-none-eabi-g++ 16.2.0,SOURCE_WRITTEN,COMPILES,SEMANTIC_VERIFIED,ASM_MATCH,NOT_RUNTIME_TESTED,8,8,static.crs,reagent,RETAIL_ORIGINAL_SYMBOL,Phase 4D clustered leaf accessor; checker-approved semantics and exact retail ARM bytes
0x002FD210,0x08,src/reagent/yellow_leaf_functions.cpp,_ZN3app4tool27AppToolTrainerIconRendering20GetTrainerModelArcIdEv,arm-none-eabi-g++ 16.2.0,SOURCE_WRITTEN,COMPILES,SEMANTIC_VERIFIED,ASM_MATCH,NOT_RUNTIME_TESTED,8,8,static.crs,reagent,RETAIL_ORIGINAL_SYMBOL,Phase 4D clustered leaf accessor; checker-approved semantics and exact retail ARM bytes
0x00302524,0x08,src/reagent/yellow_leaf_functions.cpp,_ZN3app4tool8PaneList14IsInputEnabledEv,arm-none-eabi-g++ 16.2.0,SOURCE_WRITTEN,COMPILES,SEMANTIC_VERIFIED,ASM_MATCH,NOT_RUNTIME_TESTED,8,8,static.crs,reagent,RETAIL_ORIGINAL_SYMBOL,Phase 4D clustered leaf accessor; checker-approved semantics and exact retail ARM bytes
0x003025DC,0x08,src/reagent/yellow_leaf_functions.cpp,_ZN3app4tool8PaneList15SetInputEnabledEb,arm-none-eabi-g++ 16.2.0,SOURCE_WRITTEN,COMPILES,SEMANTIC_VERIFIED,ASM_MATCH,NOT_RUNTIME_TESTED,8,8,static.crs,reagent,RETAIL_ORIGINAL_SYMBOL,Phase 4D clustered leaf accessor; checker-approved semantics and exact retail ARM bytes
0x00303800,0x08,src/reagent/yellow_leaf_functions.cpp,_ZN3app4tool8PaneList17SetCrossKeyEnableEb,arm-none-eabi-g++ 16.2.0,SOURCE_WRITTEN,COMPILES,SEMANTIC_VERIFIED,ASM_MATCH,NOT_RUNTIME_TESTED,8,8,static.crs,reagent,RETAIL_ORIGINAL_SYMBOL,Phase 4D clustered leaf accessor; checker-approved semantics and exact retail ARM bytes
0x0030F4C8,0x08,src/reagent/yellow_leaf_functions.cpp,_ZN3app4util7G2DUtil10GetMsgDataEv,arm-none-eabi-g++ 16.2.0,SOURCE_WRITTEN,COMPILES,SEMANTIC_VERIFIED,ASM_MATCH,NOT_RUNTIME_TESTED,8,8,static.crs,reagent,RETAIL_ORIGINAL_SYMBOL,Phase 4D clustered leaf accessor; checker-approved semantics and exact retail ARM bytes
0x003100F0,0x08,src/reagent/yellow_leaf_functions.cpp,_ZN3app4util7G2DUtil15GetLayoutSystemEv,arm-none-eabi-g++ 16.2.0,SOURCE_WRITTEN,COMPILES,SEMANTIC_VERIFIED,ASM_MATCH,NOT_RUNTIME_TESTED,8,8,static.crs,reagent,RETAIL_ORIGINAL_SYMBOL,Phase 4D clustered leaf accessor; checker-approved semantics and exact retail ARM bytes
0x00310980,0x08,src/reagent/yellow_leaf_functions.cpp,_ZN3app4util7G2DUtil17GetAppLytAccessorEv,arm-none-eabi-g++ 16.2.0,SOURCE_WRITTEN,COMPILES,SEMANTIC_VERIFIED,ASM_MATCH,NOT_RUNTIME_TESTED,8,8,static.crs,reagent,RETAIL_ORIGINAL_SYMBOL,Phase 4D clustered leaf accessor; checker-approved semantics and exact retail ARM bytes
0x00310D2C,0x08,src/reagent/yellow_leaf_functions.cpp,_ZN3app4util7G2DUtil19GetLayoutResourceIDEv,arm-none-eabi-g++ 16.2.0,SOURCE_WRITTEN,COMPILES,SEMANTIC_VERIFIED,ASM_MATCH,NOT_RUNTIME_TESTED,8,8,static.crs,reagent,RETAIL_ORIGINAL_SYMBOL,Phase 4D clustered leaf accessor; checker-approved semantics and exact retail ARM bytes
0x00313CCC,0x08,src/reagent/yellow_leaf_functions.cpp,_ZN3btl8BgSystem8IsEnalbeEv,arm-none-eabi-g++ 16.2.0,SOURCE_WRITTEN,COMPILES,SEMANTIC_VERIFIED,ASM_MATCH,NOT_RUNTIME_TESTED,8,8,static.crs,reagent,RETAIL_ORIGINAL_SYMBOL,Phase 4D clustered leaf accessor; checker-approved semantics and exact retail ARM bytes
0x00313CD4,0x08,src/reagent/yellow_leaf_functions.cpp,_ZN3btl8BgSystem9IsVisibleEv,arm-none-eabi-g++ 16.2.0,SOURCE_WRITTEN,COMPILES,SEMANTIC_VERIFIED,ASM_MATCH,NOT_RUNTIME_TESTED,8,8,static.crs,reagent,RETAIL_ORIGINAL_SYMBOL,Phase 4D clustered leaf accessor; checker-approved semantics and exact retail ARM bytes
0x00329968,0x08,src/reagent/yellow_leaf_functions.cpp,_ZN4gfl215renderingengine10scenegraph8instance17ModelInstanceNode13GetDrawTagNumEv,arm-none-eabi-g++ 16.2.0,SOURCE_WRITTEN,COMPILES,SEMANTIC_VERIFIED,ASM_MATCH,NOT_RUNTIME_TESTED,8,8,static.crs,reagent,RETAIL_ORIGINAL_SYMBOL,Phase 4D clustered leaf accessor; checker-approved semantics and exact retail ARM bytes
0x00346EF4,0x08,src/reagent/yellow_leaf_functions.cpp,_ZN4gfl22ui6Device22SetDeviceRunningEnableEb,arm-none-eabi-g++ 16.2.0,SOURCE_WRITTEN,COMPILES,SEMANTIC_VERIFIED,ASM_MATCH,NOT_RUNTIME_TESTED,8,8,static.crs,reagent,RETAIL_ORIGINAL_SYMBOL,Phase 4D clustered leaf accessor; checker-approved semantics and exact retail ARM bytes
0x0035847C,0x08,src/reagent/yellow_leaf_functions.cpp,_ZN4gfl24heap7Manager18CalcCreateHeapSizeEiNS0_8HeapTypeE,arm-none-eabi-g++ 16.2.0,SOURCE_WRITTEN,COMPILES,SEMANTIC_VERIFIED,ASM_MATCH,NOT_RUNTIME_TESTED,8,8,static.crs,reagent,RETAIL_ORIGINAL_SYMBOL,Phase 4D clustered leaf accessor; checker-approved semantics and exact retail ARM bytes
0x0035F83C,0x08,src/reagent/yellow_leaf_functions.cpp,_ZN4gfl27imagedb15ImageDBAccessor15GetResultDetailEv,arm-none-eabi-g++ 16.2.0,SOURCE_WRITTEN,COMPILES,SEMANTIC_VERIFIED,ASM_MATCH,NOT_RUNTIME_TESTED,8,8,static.crs,reagent,RETAIL_ORIGINAL_SYMBOL,Phase 4D clustered leaf accessor; checker-approved semantics and exact retail ARM bytes
0x0036D67C,0x08,src/reagent/yellow_leaf_functions.cpp,_ZN4item28ITEM_GetNormalWazaMashineMaxEv,arm-none-eabi-g++ 16.2.0,SOURCE_WRITTEN,COMPILES,SEMANTIC_VERIFIED,ASM_MATCH,NOT_RUNTIME_TESTED,8,8,static.crs,reagent,RETAIL_ORIGINAL_SYMBOL,Phase 4D clustered leaf accessor; checker-approved semantics and exact retail ARM bytes
0x003BECA8,0x08,src/reagent/yellow_leaf_functions.cpp,_ZN5print13MessageWindow17SetMessageAutoFlgEb,arm-none-eabi-g++ 16.2.0,SOURCE_WRITTEN,COMPILES,SEMANTIC_VERIFIED,ASM_MATCH,NOT_RUNTIME_TESTED,8,8,static.crs,reagent,RETAIL_ORIGINAL_SYMBOL,Phase 4D clustered leaf accessor; checker-approved semantics and exact retail ARM bytes
0x003D4DF4,0x08,src/reagent/yellow_leaf_functions.cpp,_ZN6NetLib3P2P17P2pPacketTransfer20GetReceivedDataCountEv,arm-none-eabi-g++ 16.2.0,SOURCE_WRITTEN,COMPILES,SEMANTIC_VERIFIED,ASM_MATCH,NOT_RUNTIME_TESTED,8,8,static.crs,reagent,RETAIL_ORIGINAL_SYMBOL,Phase 4D clustered leaf accessor; checker-approved semantics and exact retail ARM bytes
0x003E3210,0x08,src/reagent/yellow_leaf_functions.cpp,_ZN6System10GetVersionEv,arm-none-eabi-g++ 16.2.0,SOURCE_WRITTEN,COMPILES,SEMANTIC_VERIFIED,ASM_MATCH,NOT_RUNTIME_TESTED,8,8,static.crs,reagent,RETAIL_ORIGINAL_SYMBOL,Phase 4D clustered leaf accessor; checker-approved semantics and exact retail ARM bytes
0x003E5454,0x08,src/reagent/yellow_leaf_functions.cpp,_ZN6System15ModelRenderPath20DrawableNodeOverrideEv,arm-none-eabi-g++ 16.2.0,SOURCE_WRITTEN,COMPILES,SEMANTIC_VERIFIED,ASM_MATCH,NOT_RUNTIME_TESTED,8,8,static.crs,reagent,RETAIL_ORIGINAL_SYMBOL,Phase 4D clustered leaf accessor; checker-approved semantics and exact retail ARM bytes
0x003F3B3C,0x08,src/reagent/yellow_leaf_functions.cpp,_ZN7GameSys8GameProc17NextFrameMainFuncEPN4gfl24proc7ManagerE,arm-none-eabi-g++ 16.2.0,SOURCE_WRITTEN,COMPILES,SEMANTIC_VERIFIED,ASM_MATCH,NOT_RUNTIME_TESTED,8,8,static.crs,reagent,RETAIL_ORIGINAL_SYMBOL,Phase 4D clustered leaf accessor; checker-approved semantics and exact retail ARM bytes
0x003F73A0,0x08,src/reagent/yellow_leaf_functions.cpp,_ZN7gflnet23nex10NexManager12GetNgsFacadeEv,arm-none-eabi-g++ 16.2.0,SOURCE_WRITTEN,COMPILES,SEMANTIC_VERIFIED,ASM_MATCH,NOT_RUNTIME_TESTED,8,8,static.crs,reagent,RETAIL_ORIGINAL_SYMBOL,Phase 4D clustered leaf accessor; checker-approved semantics and exact retail ARM bytes
0x003F7914,0x08,src/reagent/yellow_leaf_functions.cpp,_ZN7gflnet23nex10NexManager18GetDataStoreClientEv,arm-none-eabi-g++ 16.2.0,SOURCE_WRITTEN,COMPILES,SEMANTIC_VERIFIED,ASM_MATCH,NOT_RUNTIME_TESTED,8,8,static.crs,reagent,RETAIL_ORIGINAL_SYMBOL,Phase 4D clustered leaf accessor; checker-approved semantics and exact retail ARM bytes
0x003FB1E8,0x08,src/reagent/yellow_leaf_functions.cpp,_ZN7gflnet23nex18NexDataStoreClient18GetDataStoreClientEv,arm-none-eabi-g++ 16.2.0,SOURCE_WRITTEN,COMPILES,SEMANTIC_VERIFIED,ASM_MATCH,NOT_RUNTIME_TESTED,8,8,static.crs,reagent,RETAIL_ORIGINAL_SYMBOL,Phase 4D clustered leaf accessor; checker-approved semantics and exact retail ARM bytes
0x0040DA68,0x08,src/reagent/yellow_leaf_functions.cpp,_ZN7poke_3d5model10CharaModel11SetEyeIndexENS1_8EyeIndexE,arm-none-eabi-g++ 16.2.0,SOURCE_WRITTEN,COMPILES,SEMANTIC_VERIFIED,ASM_MATCH,NOT_RUNTIME_TESTED,8,8,static.crs,reagent,RETAIL_ORIGINAL_SYMBOL,Phase 4D clustered leaf accessor; checker-approved semantics and exact retail ARM bytes
0x00411E3C,0x08,src/reagent/yellow_leaf_functions.cpp,_ZN7poke_3d5model17CharaModelFactory19WaitInitializeAsyncEv,arm-none-eabi-g++ 16.2.0,SOURCE_WRITTEN,COMPILES,SEMANTIC_VERIFIED,ASM_MATCH,NOT_RUNTIME_TESTED,8,8,static.crs,reagent,RETAIL_ORIGINAL_SYMBOL,Phase 4D clustered leaf accessor; checker-approved semantics and exact retail ARM bytes
0x00425E64,0x08,src/reagent/yellow_leaf_functions.cpp,_ZN8NetEvent23JoinFestaEventLinkEvent12SetRequestIDEN5Field9SubScreen21FieldMenuOutRequestIDE,arm-none-eabi-g++ 16.2.0,SOURCE_WRITTEN,COMPILES,SEMANTIC_VERIFIED,ASM_MATCH,NOT_RUNTIME_TESTED,8,8,static.crs,reagent,RETAIL_ORIGINAL_SYMBOL,Phase 4D clustered leaf accessor; checker-approved semantics and exact retail ARM bytes
0x0045B0CC,0x08,src/reagent/yellow_leaf_functions.cpp,_ZN9NetAppLib4Util11BossUtility12GetRegionURLEv,arm-none-eabi-g++ 16.2.0,SOURCE_WRITTEN,COMPILES,SEMANTIC_VERIFIED,ASM_MATCH,NOT_RUNTIME_TESTED,8,8,static.crs,reagent,RETAIL_ORIGINAL_SYMBOL,Phase 4D clustered leaf accessor; checker-approved semantics and exact retail ARM bytes
0x0045DFE4,0x08,src/reagent/yellow_leaf_functions.cpp,_ZN9NetAppLib4Util30NetAppPokemonValidationUtility12GetSignatureEv,arm-none-eabi-g++ 16.2.0,SOURCE_WRITTEN,COMPILES,SEMANTIC_VERIFIED,ASM_MATCH,NOT_RUNTIME_TESTED,8,8,static.crs,reagent,RETAIL_ORIGINAL_SYMBOL,Phase 4D clustered leaf accessor; checker-approved semantics and exact retail ARM bytes
0x0045E17C,0x08,src/reagent/yellow_leaf_functions.cpp,_ZN9NetAppLib4Util30NetAppPokemonValidationUtility16GetSignatureSizeEv,arm-none-eabi-g++ 16.2.0,SOURCE_WRITTEN,COMPILES,SEMANTIC_VERIFIED,ASM_MATCH,NOT_RUNTIME_TESTED,8,8,static.crs,reagent,RETAIL_ORIGINAL_SYMBOL,Phase 4D clustered leaf accessor; checker-approved semantics and exact retail ARM bytes
0x00466610,0x08,src/reagent/yellow_leaf_functions.cpp,_ZN9NetAppLib9JoinFesta21JoinFestaPersonalData11SetRelationENS0_15JoinFestaDefine21E_JOIN_FESTA_RELATIONE,arm-none-eabi-g++ 16.2.0,SOURCE_WRITTEN,COMPILES,SEMANTIC_VERIFIED,ASM_MATCH,NOT_RUNTIME_TESTED,8,8,static.crs,reagent,RETAIL_ORIGINAL_SYMBOL,Phase 4D clustered leaf accessor; checker-approved semantics and exact retail ARM bytes
0x004680C0,0x08,src/reagent/yellow_leaf_functions.cpp,_ZN9NetAppLib9JoinFesta21JoinFestaPersonalData21SetScriptListSelectedEb,arm-none-eabi-g++ 16.2.0,SOURCE_WRITTEN,COMPILES,SEMANTIC_VERIFIED,ASM_MATCH,NOT_RUNTIME_TESTED,8,8,static.crs,reagent,RETAIL_ORIGINAL_SYMBOL,Phase 4D clustered leaf accessor; checker-approved semantics and exact retail ARM bytes
0x00468AA0,0x08,src/reagent/yellow_leaf_functions.cpp,_ZN9NetAppLib9JoinFesta21JoinFestaPersonalData28SetAttractionAppearanceStateENS0_25JoinFestaAttractionDefine15AppearanceStateE,arm-none-eabi-g++ 16.2.0,SOURCE_WRITTEN,COMPILES,SEMANTIC_VERIFIED,ASM_MATCH,NOT_RUNTIME_TESTED,8,8,static.crs,reagent,RETAIL_ORIGINAL_SYMBOL,Phase 4D clustered leaf accessor; checker-approved semantics and exact retail ARM bytes
0x0046AD64,0x08,src/reagent/yellow_leaf_functions.cpp,_ZN9NetAppLib9JoinFesta22JoinFestaPacketManager30GetJoinFestaInformationMessageEv,arm-none-eabi-g++ 16.2.0,SOURCE_WRITTEN,COMPILES,SEMANTIC_VERIFIED,ASM_MATCH,NOT_RUNTIME_TESTED,8,8,static.crs,reagent,RETAIL_ORIGINAL_SYMBOL,Phase 4D clustered leaf accessor; checker-approved semantics and exact retail ARM bytes
0x00470774,0x08,src/reagent/yellow_leaf_functions.cpp,_ZN9NetAppLib9JoinFesta26JoinFestaAttractionManager10GetMyScoreEv,arm-none-eabi-g++ 16.2.0,SOURCE_WRITTEN,COMPILES,SEMANTIC_VERIFIED,ASM_MATCH,NOT_RUNTIME_TESTED,8,8,static.crs,reagent,RETAIL_ORIGINAL_SYMBOL,Phase 4D clustered leaf accessor; checker-approved semantics and exact retail ARM bytes
0x0047094C,0x08,src/reagent/yellow_leaf_functions.cpp,_ZN9NetAppLib9JoinFesta26JoinFestaAttractionManager13GetResultDataEv,arm-none-eabi-g++ 16.2.0,SOURCE_WRITTEN,COMPILES,SEMANTIC_VERIFIED,ASM_MATCH,NOT_RUNTIME_TESTED,8,8,static.crs,reagent,RETAIL_ORIGINAL_SYMBOL,Phase 4D clustered leaf accessor; checker-approved semantics and exact retail ARM bytes
0x00470954,0x08,src/reagent/yellow_leaf_functions.cpp,_ZN9NetAppLib9JoinFesta26JoinFestaAttractionManager13GetTotalScoreEv,arm-none-eabi-g++ 16.2.0,SOURCE_WRITTEN,COMPILES,SEMANTIC_VERIFIED,ASM_MATCH,NOT_RUNTIME_TESTED,8,8,static.crs,reagent,RETAIL_ORIGINAL_SYMBOL,Phase 4D clustered leaf accessor; checker-approved semantics and exact retail ARM bytes
0x0047095C,0x08,src/reagent/yellow_leaf_functions.cpp,_ZN9NetAppLib9JoinFesta26JoinFestaAttractionManager13IsErrorRetireEv,arm-none-eabi-g++ 16.2.0,SOURCE_WRITTEN,COMPILES,SEMANTIC_VERIFIED,ASM_MATCH,NOT_RUNTIME_TESTED,8,8,static.crs,reagent,RETAIL_ORIGINAL_SYMBOL,Phase 4D clustered leaf accessor; checker-approved semantics and exact retail ARM bytes
0x00470C7C,0x08,src/reagent/yellow_leaf_functions.cpp,_ZN9NetAppLib9JoinFesta26JoinFestaAttractionManager15IsRetireRequestEv,arm-none-eabi-g++ 16.2.0,SOURCE_WRITTEN,COMPILES,SEMANTIC_VERIFIED,ASM_MATCH,NOT_RUNTIME_TESTED,8,8,static.crs,reagent,RETAIL_ORIGINAL_SYMBOL,Phase 4D clustered leaf accessor; checker-approved semantics and exact retail ARM bytes
0x004715B8,0x08,src/reagent/yellow_leaf_functions.cpp,_ZN9NetAppLib9JoinFesta26JoinFestaAttractionManager16GetRequestResultEv,arm-none-eabi-g++ 16.2.0,SOURCE_WRITTEN,COMPILES,SEMANTIC_VERIFIED,ASM_MATCH,NOT_RUNTIME_TESTED,8,8,static.crs,reagent,RETAIL_ORIGINAL_SYMBOL,Phase 4D clustered leaf accessor; checker-approved semantics and exact retail ARM bytes
0x0047168C,0x08,src/reagent/yellow_leaf_functions.cpp,_ZN9NetAppLib9JoinFesta26JoinFestaAttractionManager19GetPlayAttractionIdEv,arm-none-eabi-g++ 16.2.0,SOURCE_WRITTEN,COMPILES,SEMANTIC_VERIFIED,ASM_MATCH,NOT_RUNTIME_TESTED,8,8,static.crs,reagent,RETAIL_ORIGINAL_SYMBOL,Phase 4D clustered leaf accessor; checker-approved semantics and exact retail ARM bytes
0x00472B64,0x08,src/reagent/yellow_leaf_functions.cpp,_ZN9NetAppLib9JoinFesta28JoinFestaPersonalDataManager18GetLastP2pPersonalEv,arm-none-eabi-g++ 16.2.0,SOURCE_WRITTEN,COMPILES,SEMANTIC_VERIFIED,ASM_MATCH,NOT_RUNTIME_TESTED,8,8,static.crs,reagent,RETAIL_ORIGINAL_SYMBOL,Phase 4D clustered leaf accessor; checker-approved semantics and exact retail ARM bytes
0x0047382C,0x08,src/reagent/yellow_leaf_functions.cpp,_ZN9NetAppLib9JoinFesta28JoinFestaPersonalDataManager23GetScriptSelectPersonalEv,arm-none-eabi-g++ 16.2.0,SOURCE_WRITTEN,COMPILES,SEMANTIC_VERIFIED,ASM_MATCH,NOT_RUNTIME_TESTED,8,8,static.crs,reagent,RETAIL_ORIGINAL_SYMBOL,Phase 4D clustered leaf accessor; checker-approved semantics and exact retail ARM bytes
0x00473F6C,0x08,src/reagent/yellow_leaf_functions.cpp,_ZN9NetAppLib9JoinFesta28JoinFestaPersonalDataManager9GetMyDataEv,arm-none-eabi-g++ 16.2.0,SOURCE_WRITTEN,COMPILES,SEMANTIC_VERIFIED,ASM_MATCH,NOT_RUNTIME_TESTED,8,8,static.crs,reagent,RETAIL_ORIGINAL_SYMBOL,Phase 4D clustered leaf accessor; checker-approved semantics and exact retail ARM bytes
0x0048CAAC,0x08,src/reagent/yellow_leaf_functions.cpp,_ZNK3App4Tool10TalkWindow15GetStrWinResultEv,arm-none-eabi-g++ 16.2.0,SOURCE_WRITTEN,COMPILES,SEMANTIC_VERIFIED,ASM_MATCH,NOT_RUNTIME_TESTED,8,8,static.crs,reagent,RETAIL_ORIGINAL_SYMBOL,Phase 4D clustered leaf accessor; checker-approved semantics and exact retail ARM bytes
0x0048CAB4,0x08,src/reagent/yellow_leaf_functions.cpp,_ZNK3App4Tool10TalkWindow9GetStatusEv,arm-none-eabi-g++ 16.2.0,SOURCE_WRITTEN,COMPILES,SEMANTIC_VERIFIED,ASM_MATCH,NOT_RUNTIME_TESTED,8,8,static.crs,reagent,RETAIL_ORIGINAL_SYMBOL,Phase 4D clustered leaf accessor; checker-approved semantics and exact retail ARM bytes
0x0048CB0C,0x08,src/reagent/yellow_leaf_functions.cpp,_ZNK3App4Tool11SlideScroll9GetResultEv,arm-none-eabi-g++ 16.2.0,SOURCE_WRITTEN,COMPILES,SEMANTIC_VERIFIED,ASM_MATCH,NOT_RUNTIME_TESTED,8,8,static.crs,reagent,RETAIL_ORIGINAL_SYMBOL,Phase 4D clustered leaf accessor; checker-approved semantics and exact retail ARM bytes
0x0048D34C,0x08,src/reagent/yellow_leaf_functions.cpp,_ZNK3app2ui11UIResponder14IsInputEnabledEv,arm-none-eabi-g++ 16.2.0,SOURCE_WRITTEN,COMPILES,SEMANTIC_VERIFIED,ASM_MATCH,NOT_RUNTIME_TESTED,8,8,static.crs,reagent,RETAIL_ORIGINAL_SYMBOL,Phase 4D clustered leaf accessor; checker-approved semantics and exact retail ARM bytes
0x0048D37C,0x08,src/reagent/yellow_leaf_functions.cpp,_ZNK3app2ui6UIView10GetG2DUtilEv,arm-none-eabi-g++ 16.2.0,SOURCE_WRITTEN,COMPILES,SEMANTIC_VERIFIED,ASM_MATCH,NOT_RUNTIME_TESTED,8,8,static.crs,reagent,RETAIL_ORIGINAL_SYMBOL,Phase 4D clustered leaf accessor; checker-approved semantics and exact retail ARM bytes
0x0048D460,0x08,src/reagent/yellow_leaf_functions.cpp,_ZNK3app2ui6UIView9IsVisibleEv,arm-none-eabi-g++ 16.2.0,SOURCE_WRITTEN,COMPILES,SEMANTIC_VERIFIED,ASM_MATCH,NOT_RUNTIME_TESTED,8,8,static.crs,reagent,RETAIL_ORIGINAL_SYMBOL,Phase 4D clustered leaf accessor; checker-approved semantics and exact retail ARM bytes
0x0048D604,0x08,src/reagent/yellow_leaf_functions.cpp,_ZNK3app4tool10LytTexData10GetTexInfoEv,arm-none-eabi-g++ 16.2.0,SOURCE_WRITTEN,COMPILES,SEMANTIC_VERIFIED,ASM_MATCH,NOT_RUNTIME_TESTED,8,8,static.crs,reagent,RETAIL_ORIGINAL_SYMBOL,Phase 4D clustered leaf accessor; checker-approved semantics and exact retail ARM bytes
0x0048D60C,0x08,src/reagent/yellow_leaf_functions.cpp,_ZNK3app4tool10LytTexData10GetTexSizeEv,arm-none-eabi-g++ 16.2.0,SOURCE_WRITTEN,COMPILES,SEMANTIC_VERIFIED,ASM_MATCH,NOT_RUNTIME_TESTED,8,8,static.crs,reagent,RETAIL_ORIGINAL_SYMBOL,Phase 4D clustered leaf accessor; checker-approved semantics and exact retail ARM bytes
0x0043EE08,0x10,src/reagent/yellow_clusters/cluster_81c4d8467955.cpp,_ZN8Savedata17JoinFestaDataSave26GetPersonalTalkCameraCountEv,arm-none-eabi-g++ 16.2.0,SOURCE_WRITTEN,COMPILES,SEMANTIC_VERIFIED,ASM_DIFFERENT,NOT_RUNTIME_TESTED,,,static.crs,reagent,RETAIL_ORIGINAL_SYMBOL,Phase 4E cluster 81c4d8467955; Qwen reconstruction approved by GPT-5.4 mini
0x004A738C,0x10,src/reagent/yellow_clusters/cluster_81c4d8467955.cpp,_ZNK8Savedata17JoinFestaDataSave11IsRejectVipEv,arm-none-eabi-g++ 16.2.0,SOURCE_WRITTEN,COMPILES,SEMANTIC_VERIFIED,ASM_DIFFERENT,NOT_RUNTIME_TESTED,,,static.crs,reagent,RETAIL_ORIGINAL_SYMBOL,Phase 4E cluster 81c4d8467955; Qwen reconstruction approved by GPT-5.4 mini
0x004A73DC,0x10,src/reagent/yellow_clusters/cluster_81c4d8467955.cpp,_ZNK8Savedata17JoinFestaDataSave13IsRejectGuestEv,arm-none-eabi-g++ 16.2.0,SOURCE_WRITTEN,COMPILES,SEMANTIC_VERIFIED,ASM_DIFFERENT,NOT_RUNTIME_TESTED,,,static.crs,reagent,RETAIL_ORIGINAL_SYMBOL,Phase 4E cluster 81c4d8467955; Qwen reconstruction approved by GPT-5.4 mini
0x004A74B0,0x10,src/reagent/yellow_clusters/cluster_81c4d8467955.cpp,_ZNK8Savedata17JoinFestaDataSave15IsAlwaysTradeOkEv,arm-none-eabi-g++ 16.2.0,SOURCE_WRITTEN,COMPILES,SEMANTIC_VERIFIED,ASM_DIFFERENT,NOT_RUNTIME_TESTED,,,static.crs,reagent,RETAIL_ORIGINAL_SYMBOL,Phase 4E cluster 81c4d8467955; Qwen reconstruction approved by GPT-5.4 mini
0x004A7518,0x10,src/reagent/yellow_clusters/cluster_81c4d8467955.cpp,_ZNK8Savedata17JoinFestaDataSave16GetTempSaveThemeEv,arm-none-eabi-g++ 16.2.0,SOURCE_WRITTEN,COMPILES,SEMANTIC_VERIFIED,ASM_DIFFERENT,NOT_RUNTIME_TESTED,,,static.crs,reagent,RETAIL_ORIGINAL_SYMBOL,Phase 4E cluster 81c4d8467955; Qwen reconstruction approved by GPT-5.4 mini
0x004A7528,0x10,src/reagent/yellow_clusters/cluster_81c4d8467955.cpp,_ZNK8Savedata17JoinFestaDataSave16IsAlwaysBattleOkEv,arm-none-eabi-g++ 16.2.0,SOURCE_WRITTEN,COMPILES,SEMANTIC_VERIFIED,ASM_DIFFERENT,NOT_RUNTIME_TESTED,,,static.crs,reagent,RETAIL_ORIGINAL_SYMBOL,Phase 4E cluster 81c4d8467955; Qwen reconstruction approved by GPT-5.4 mini
0x004A7618,0x10,src/reagent/yellow_clusters/cluster_81c4d8467955.cpp,_ZNK8Savedata17JoinFestaDataSave20IsAlwaysAttractionOkEv,arm-none-eabi-g++ 16.2.0,SOURCE_WRITTEN,COMPILES,SEMANTIC_VERIFIED,ASM_DIFFERENT,NOT_RUNTIME_TESTED,,,static.crs,reagent,RETAIL_ORIGINAL_SYMBOL,Phase 4E cluster 81c4d8467955; Qwen reconstruction approved by GPT-5.4 mini
0x004A769C,0x14,src/reagent/yellow_clusters/cluster_81c4d8467955.cpp,_ZNK8Savedata17JoinFestaDataSave22GetIsSkipMessageAirToyEv,arm-none-eabi-g++ 16.2.0,SOURCE_WRITTEN,COMPILES,SEMANTIC_VERIFIED,ASM_DIFFERENT,NOT_RUNTIME_TESTED,,,static.crs,reagent,RETAIL_ORIGINAL_SYMBOL,Phase 4E cluster 81c4d8467955; Qwen reconstruction approved by GPT-5.4 mini
0x004A775C,0x14,src/reagent/yellow_clusters/cluster_81c4d8467955.cpp,_ZNK8Savedata17JoinFestaDataSave24GetSelectWordAppTutorialEv,arm-none-eabi-g++ 16.2.0,SOURCE_WRITTEN,COMPILES,SEMANTIC_VERIFIED,ASM_DIFFERENT,NOT_RUNTIME_TESTED,,,static.crs,reagent,RETAIL_ORIGINAL_SYMBOL,Phase 4E cluster 81c4d8467955; Qwen reconstruction approved by GPT-5.4 mini
0x004A7770,0x14,src/reagent/yellow_clusters/cluster_81c4d8467955.cpp,_ZNK8Savedata17JoinFestaDataSave25GetProfileAppTutorialFlagEv,arm-none-eabi-g++ 16.2.0,SOURCE_WRITTEN,COMPILES,SEMANTIC_VERIFIED,ASM_DIFFERENT,NOT_RUNTIME_TESTED,,,static.crs,reagent,RETAIL_ORIGINAL_SYMBOL,Phase 4E cluster 81c4d8467955; Qwen reconstruction approved by GPT-5.4 mini
0x004A77C8,0x14,src/reagent/yellow_clusters/cluster_81c4d8467955.cpp,_ZNK8Savedata17JoinFestaDataSave27GetIsSkipMessageHorrorHouseEv,arm-none-eabi-g++ 16.2.0,SOURCE_WRITTEN,COMPILES,SEMANTIC_VERIFIED,ASM_DIFFERENT,NOT_RUNTIME_TESTED,,,static.crs,reagent,RETAIL_ORIGINAL_SYMBOL,Phase 4E cluster 81c4d8467955; Qwen reconstruction approved by GPT-5.4 mini
0x004A77DC,0x14,src/reagent/yellow_clusters/cluster_81c4d8467955.cpp,_ZNK8Savedata17JoinFestaDataSave28IsFinishLastP2pPersonalEventEv,arm-none-eabi-g++ 16.2.0,SOURCE_WRITTEN,COMPILES,SEMANTIC_VERIFIED,ASM_DIFFERENT,NOT_RUNTIME_TESTED,,,static.crs,reagent,RETAIL_ORIGINAL_SYMBOL,Phase 4E cluster 81c4d8467955; Qwen reconstruction approved by GPT-5.4 mini
0x00438298,0x28,src/reagent/yellow_clusters/cluster_e544ab4f32bd.cpp,_ZN8Savedata10ResortSave14IsGimBonusTimeEv,arm-none-eabi-g++ 16.2.0,SOURCE_WRITTEN,COMPILES,SEMANTIC_VERIFIED,ASM_DIFFERENT,NOT_RUNTIME_TESTED,,,static.crs,reagent,RETAIL_ORIGINAL_SYMBOL,Phase 4E cluster e544ab4f32bd; Qwen reconstruction approved by GPT-5.4 mini
0x00438AD8,0x28,src/reagent/yellow_clusters/cluster_e544ab4f32bd.cpp,_ZN8Savedata10ResortSave17IsHotSpaBonusTimeEv,arm-none-eabi-g++ 16.2.0,SOURCE_WRITTEN,COMPILES,SEMANTIC_VERIFIED,ASM_DIFFERENT,NOT_RUNTIME_TESTED,,,static.crs,reagent,RETAIL_ORIGINAL_SYMBOL,Phase 4E cluster e544ab4f32bd; Qwen reconstruction approved by GPT-5.4 mini
0x00438EF8,0x28,src/reagent/yellow_clusters/cluster_e544ab4f32bd.cpp,_ZN8Savedata10ResortSave20IsAdventureBonusTimeEv,arm-none-eabi-g++ 16.2.0,SOURCE_WRITTEN,COMPILES,SEMANTIC_VERIFIED,ASM_DIFFERENT,NOT_RUNTIME_TESTED,,,static.crs,reagent,RETAIL_ORIGINAL_SYMBOL,Phase 4E cluster e544ab4f32bd; Qwen reconstruction approved by GPT-5.4 mini
0x00438F20,0x28,src/reagent/yellow_clusters/cluster_e544ab4f32bd.cpp,_ZN8Savedata10ResortSave20IsFarmFertilizerTimeEv,arm-none-eabi-g++ 16.2.0,SOURCE_WRITTEN,COMPILES,SEMANTIC_VERIFIED,ASM_DIFFERENT,NOT_RUNTIME_TESTED,,,static.crs,reagent,RETAIL_ORIGINAL_SYMBOL,Phase 4E cluster e544ab4f32bd; Qwen reconstruction approved by GPT-5.4 mini
0x0043921C,0x28,src/reagent/yellow_clusters/cluster_e544ab4f32bd.cpp,_ZN8Savedata10ResortSave24IsWildPokemonServiceTimeEv,arm-none-eabi-g++ 16.2.0,SOURCE_WRITTEN,COMPILES,SEMANTIC_VERIFIED,ASM_DIFFERENT,NOT_RUNTIME_TESTED,,,static.crs,reagent,RETAIL_ORIGINAL_SYMBOL,Phase 4E cluster e544ab4f32bd; Qwen reconstruction approved by GPT-5.4 mini
0x004AA6A0,0x08,src/reagent/yellow_clusters/cluster_acccbd962589.cpp,_ZNK9NetAppLib9JoinFesta21JoinFestaPersonalData11GetRelationEv,arm-none-eabi-g++ 16.2.0,SOURCE_WRITTEN,COMPILES,SEMANTIC_VERIFIED,ASM_MATCH,NOT_RUNTIME_TESTED,8,8,static.crs,reagent,RETAIL_ORIGINAL_SYMBOL,Phase 4E cluster acccbd962589; Qwen reconstruction approved by GPT-5.4 mini
0x004AA73C,0x08,src/reagent/yellow_clusters/cluster_acccbd962589.cpp,_ZNK9NetAppLib9JoinFesta21JoinFestaPersonalData12GetCommRouteEv,arm-none-eabi-g++ 16.2.0,SOURCE_WRITTEN,COMPILES,SEMANTIC_VERIFIED,ASM_MATCH,NOT_RUNTIME_TESTED,8,8,static.crs,reagent,RETAIL_ORIGINAL_SYMBOL,Phase 4E cluster acccbd962589; Qwen reconstruction approved by GPT-5.4 mini
0x004AA758,0x08,src/reagent/yellow_clusters/cluster_acccbd962589.cpp,_ZNK9NetAppLib9JoinFesta21JoinFestaPersonalData13GetLanguageIdEv,arm-none-eabi-g++ 16.2.0,SOURCE_WRITTEN,COMPILES,SEMANTIC_VERIFIED,ASM_MATCH,NOT_RUNTIME_TESTED,8,8,static.crs,reagent,RETAIL_ORIGINAL_SYMBOL,Phase 4E cluster acccbd962589; Qwen reconstruction approved by GPT-5.4 mini
0x004AAA30,0x08,src/reagent/yellow_clusters/cluster_acccbd962589.cpp,_ZNK9NetAppLib9JoinFesta21JoinFestaPersonalData14GetPresetNpcIdEv,arm-none-eabi-g++ 16.2.0,SOURCE_WRITTEN,COMPILES,SEMANTIC_VERIFIED,ASM_MATCH,NOT_RUNTIME_TESTED,8,8,static.crs,reagent,RETAIL_ORIGINAL_SYMBOL,Phase 4E cluster acccbd962589; Qwen reconstruction approved by GPT-5.4 mini
0x004AAC90,0x08,src/reagent/yellow_clusters/cluster_acccbd962589.cpp,_ZNK9NetAppLib9JoinFesta21JoinFestaPersonalData17GetRequestCommandEv,arm-none-eabi-g++ 16.2.0,SOURCE_WRITTEN,COMPILES,SEMANTIC_VERIFIED,ASM_MATCH,NOT_RUNTIME_TESTED,8,8,static.crs,reagent,RETAIL_ORIGINAL_SYMBOL,Phase 4E cluster acccbd962589; Qwen reconstruction approved by GPT-5.4 mini
0x004AACAC,0x08,src/reagent/yellow_clusters/cluster_acccbd962589.cpp,_ZNK9NetAppLib9JoinFesta21JoinFestaPersonalData18GetPersonalEventIdEv,arm-none-eabi-g++ 16.2.0,SOURCE_WRITTEN,COMPILES,SEMANTIC_VERIFIED,ASM_MATCH,NOT_RUNTIME_TESTED,8,8,static.crs,reagent,RETAIL_ORIGINAL_SYMBOL,Phase 4E cluster acccbd962589; Qwen reconstruction approved by GPT-5.4 mini
0x004AB360,0x08,src/reagent/yellow_clusters/cluster_acccbd962589.cpp,_ZNK9NetAppLib9JoinFesta21JoinFestaPersonalData28GetAttractionAppearanceStateEv,arm-none-eabi-g++ 16.2.0,SOURCE_WRITTEN,COMPILES,SEMANTIC_VERIFIED,ASM_MATCH,NOT_RUNTIME_TESTED,8,8,static.crs,reagent,RETAIL_ORIGINAL_SYMBOL,Phase 4E cluster acccbd962589; Qwen reconstruction approved by GPT-5.4 mini
0x004AB368,0x08,src/reagent/yellow_clusters/cluster_acccbd962589.cpp,_ZNK9NetAppLib9JoinFesta21JoinFestaPersonalData30GetAttractionPersonalEventFakeEv,arm-none-eabi-g++ 16.2.0,SOURCE_WRITTEN,COMPILES,SEMANTIC_VERIFIED,ASM_MATCH,NOT_RUNTIME_TESTED,8,8,static.crs,reagent,RETAIL_ORIGINAL_SYMBOL,Phase 4E cluster acccbd962589; Qwen reconstruction approved by GPT-5.4 mini
0x00438568,0x14,src/reagent/yellow_clusters/cluster_ed8b91830e49.cpp,_ZN8Savedata10ResortSave15GetPokeBeansNumENS0_13PokeBeansEnumE,arm-none-eabi-g++ 16.2.0,SOURCE_WRITTEN,COMPILES,SEMANTIC_VERIFIED,ASM_DIFFERENT,NOT_RUNTIME_TESTED,,,static.crs,reagent,RETAIL_ORIGINAL_SYMBOL,Phase 4E cluster ed8b91830e49; Qwen reconstruction approved by GPT-5.4 mini
0x0043892C,0x14,src/reagent/yellow_clusters/cluster_ed8b91830e49.cpp,_ZN8Savedata10ResortSave16GetGimStartValueEh,arm-none-eabi-g++ 16.2.0,SOURCE_WRITTEN,COMPILES,SEMANTIC_VERIFIED,ASM_DIFFERENT,NOT_RUNTIME_TESTED,,,static.crs,reagent,RETAIL_ORIGINAL_SYMBOL,Phase 4E cluster ed8b91830e49; Qwen reconstruction approved by GPT-5.4 mini
0x00438AA8,0x18,src/reagent/yellow_clusters/cluster_ed8b91830e49.cpp,_ZN8Savedata10ResortSave17GetResortProgressENS0_19ResortTutorialStateE,arm-none-eabi-g++ 16.2.0,SOURCE_WRITTEN,COMPILES,SEMANTIC_VERIFIED,ASM_DIFFERENT,NOT_RUNTIME_TESTED,,,static.crs,reagent,RETAIL_ORIGINAL_SYMBOL,Phase 4E cluster ed8b91830e49; Qwen reconstruction approved by GPT-5.4 mini
0x004381D4,0x1C,src/reagent/yellow_clusters/cluster_ed8b91830e49.cpp,_ZN8Savedata10ResortSave14CheckUpdateFlgEv,arm-none-eabi-g++ 16.2.0,SOURCE_WRITTEN,COMPILES,SEMANTIC_VERIFIED,ASM_DIFFERENT,NOT_RUNTIME_TESTED,,,static.crs,reagent,RETAIL_ORIGINAL_SYMBOL,Phase 4E cluster ed8b91830e49; Qwen reconstruction approved by GPT-5.4 mini
0x00438C24,0x24,src/reagent/yellow_clusters/cluster_ed8b91830e49.cpp,_ZN8Savedata10ResortSave18IsNewHotSpaPokemonEi,arm-none-eabi-g++ 16.2.0,SOURCE_WRITTEN,COMPILES,SEMANTIC_VERIFIED,ASM_DIFFERENT,NOT_RUNTIME_TESTED,,,static.crs,reagent,RETAIL_ORIGINAL_SYMBOL,Phase 4E cluster ed8b91830e49; Qwen reconstruction approved by GPT-5.4 mini
0x004389E8,0x14,src/reagent/yellow_clusters/cluster_ed8b91830e49.cpp,_ZN8Savedata10ResortSave16SetGimStartValueEhh,arm-none-eabi-g++ 16.2.0,SOURCE_WRITTEN,COMPILES,SEMANTIC_VERIFIED,ASM_DIFFERENT,NOT_RUNTIME_TESTED,,,static.crs,reagent,RETAIL_ORIGINAL_SYMBOL,Phase 4E cluster ed8b91830e49; Qwen reconstruction approved by GPT-5.4 mini
0x00438B34,0x18,src/reagent/yellow_clusters/cluster_ed8b91830e49.cpp,_ZN8Savedata10ResortSave17SetResortProgressENS0_19ResortTutorialStateE,arm-none-eabi-g++ 16.2.0,SOURCE_WRITTEN,COMPILES,SEMANTIC_VERIFIED,ASM_DIFFERENT,NOT_RUNTIME_TESTED,,,static.crs,reagent,RETAIL_ORIGINAL_SYMBOL,Phase 4E cluster ed8b91830e49; Qwen reconstruction approved by GPT-5.4 mini
0x00438348,0x40,src/reagent/yellow_clusters/cluster_ed8b91830e49.cpp,_ZN8Savedata10ResortSave14SetGroundBeansEih,arm-none-eabi-g++ 16.2.0,SOURCE_WRITTEN,COMPILES,SEMANTIC_VERIFIED,ASM_DIFFERENT,NOT_RUNTIME_TESTED,,,static.crs,reagent,RETAIL_ORIGINAL_SYMBOL,Phase 4E cluster ed8b91830e49; Qwen reconstruction approved by GPT-5.4 mini
0x00438388,0x40,src/reagent/yellow_clusters/cluster_ed8b91830e49.cpp,_ZN8Savedata10ResortSave14SetResortLevelENS0_14PokeResortKindEh,arm-none-eabi-g++ 16.2.0,SOURCE_WRITTEN,COMPILES,SEMANTIC_VERIFIED,ASM_DIFFERENT,NOT_RUNTIME_TESTED,,,static.crs,reagent,RETAIL_ORIGINAL_SYMBOL,Phase 4E cluster ed8b91830e49; Qwen reconstruction approved by GPT-5.4 mini
0x004AAA50,0x10,src/reagent/yellow_clusters/cluster_acccbd962589.cpp,_ZNK9NetAppLib9JoinFesta21JoinFestaPersonalData15IsPresetNpcDataEv,arm-none-eabi-g++ 16.2.0,SOURCE_WRITTEN,COMPILES,SEMANTIC_VERIFIED,ASM_DIFFERENT,NOT_RUNTIME_TESTED,,,static.crs,reagent,RETAIL_ORIGINAL_SYMBOL,Phase 4E cluster acccbd962589; Qwen reconstruction approved by GPT-5.4 mini
0x004AAEA8,0x10,src/reagent/yellow_clusters/cluster_acccbd962589.cpp,_ZNK9NetAppLib9JoinFesta21JoinFestaPersonalData20IsAttractionAddPointEv,arm-none-eabi-g++ 16.2.0,SOURCE_WRITTEN,COMPILES,SEMANTIC_VERIFIED,ASM_DIFFERENT,NOT_RUNTIME_TESTED,,,static.crs,reagent,RETAIL_ORIGINAL_SYMBOL,Phase 4E cluster acccbd962589; Qwen reconstruction approved by GPT-5.4 mini
0x004AAF08,0x10,src/reagent/yellow_clusters/cluster_acccbd962589.cpp,_ZNK9NetAppLib9JoinFesta21JoinFestaPersonalData21IsAttractionDummyDataEv,arm-none-eabi-g++ 16.2.0,SOURCE_WRITTEN,COMPILES,SEMANTIC_VERIFIED,ASM_DIFFERENT,NOT_RUNTIME_TESTED,,,static.crs,reagent,RETAIL_ORIGINAL_SYMBOL,Phase 4E cluster acccbd962589; Qwen reconstruction approved by GPT-5.4 mini
0x004AB458,0x10,src/reagent/yellow_clusters/cluster_acccbd962589.cpp,_ZNK9NetAppLib9JoinFesta21JoinFestaPersonalData8IsOnlineEv,arm-none-eabi-g++ 16.2.0,SOURCE_WRITTEN,COMPILES,SEMANTIC_VERIFIED,ASM_DIFFERENT,NOT_RUNTIME_TESTED,,,static.crs,reagent,RETAIL_ORIGINAL_SYMBOL,Phase 4E cluster acccbd962589; Qwen reconstruction approved by GPT-5.4 mini
0x004AB348,0x18,src/reagent/yellow_clusters/cluster_acccbd962589.cpp,_ZNK9NetAppLib9JoinFesta21JoinFestaPersonalData27IsEnablePacketBattleRecieveEv,arm-none-eabi-g++ 16.2.0,SOURCE_WRITTEN,COMPILES,SEMANTIC_VERIFIED,ASM_DIFFERENT,NOT_RUNTIME_TESTED,,,static.crs,reagent,RETAIL_ORIGINAL_SYMBOL,Phase 4E cluster acccbd962589; Qwen reconstruction approved by GPT-5.4 mini
0x0043E738,0x10,src/reagent/yellow_clusters/cluster_6768465766b2.cpp,_ZN8Savedata17JoinFestaDataSave16SetTempSaveThemeEh,arm-none-eabi-g++ 16.2.0,SOURCE_WRITTEN,COMPILES,SEMANTIC_VERIFIED,ASM_DIFFERENT,NOT_RUNTIME_TESTED,,,static.crs,reagent,RETAIL_ORIGINAL_SYMBOL,Phase 4E cluster 6768465766b2; Qwen reconstruction approved by GPT-5.4 mini
0x0043EA58,0x10,src/reagent/yellow_clusters/cluster_6768465766b2.cpp,_ZN8Savedata17JoinFestaDataSave21SetIsSkipMessageStallEb,arm-none-eabi-g++ 16.2.0,SOURCE_WRITTEN,COMPILES,SEMANTIC_VERIFIED,ASM_DIFFERENT,NOT_RUNTIME_TESTED,,,static.crs,reagent,RETAIL_ORIGINAL_SYMBOL,Phase 4E cluster 6768465766b2; Qwen reconstruction approved by GPT-5.4 mini
0x0043EA68,0x10,src/reagent/yellow_clusters/cluster_6768465766b2.cpp,_ZN8Savedata17JoinFestaDataSave22SetIsSkipMessageAirToyEb,arm-none-eabi-g++ 16.2.0,SOURCE_WRITTEN,COMPILES,SEMANTIC_VERIFIED,ASM_DIFFERENT,NOT_RUNTIME_TESTED,,,static.crs,reagent,RETAIL_ORIGINAL_SYMBOL,Phase 4E cluster 6768465766b2; Qwen reconstruction approved by GPT-5.4 mini
0x0043ECD8,0x10,src/reagent/yellow_clusters/cluster_6768465766b2.cpp,_ZN8Savedata17JoinFestaDataSave24SetSelectWordAppTutorialEv,arm-none-eabi-g++ 16.2.0,SOURCE_WRITTEN,COMPILES,SEMANTIC_VERIFIED,ASM_DIFFERENT,NOT_RUNTIME_TESTED,,,static.crs,reagent,RETAIL_ORIGINAL_SYMBOL,Phase 4E cluster 6768465766b2; Qwen reconstruction approved by GPT-5.4 mini
0x0043EDA0,0x10,src/reagent/yellow_clusters/cluster_6768465766b2.cpp,_ZN8Savedata17JoinFestaDataSave25SetProfileAppTutorialFlagEv,arm-none-eabi-g++ 16.2.0,SOURCE_WRITTEN,COMPILES,SEMANTIC_VERIFIED,ASM_DIFFERENT,NOT_RUNTIME_TESTED,,,static.crs,reagent,RETAIL_ORIGINAL_SYMBOL,Phase 4E cluster 6768465766b2; Qwen reconstruction approved by GPT-5.4 mini
0x0043EFE4,0x10,src/reagent/yellow_clusters/cluster_6768465766b2.cpp,_ZN8Savedata17JoinFestaDataSave30SetFacilitiesIndexOfScriptCallEN15JoinFestaScript15FacilitiesIndexE,arm-none-eabi-g++ 16.2.0,SOURCE_WRITTEN,COMPILES,SEMANTIC_VERIFIED,ASM_DIFFERENT,NOT_RUNTIME_TESTED,,,static.crs,reagent,RETAIL_ORIGINAL_SYMBOL,Phase 4E cluster 6768465766b2; Qwen reconstruction approved by GPT-5.4 mini
0x0043F160,0x10,src/reagent/yellow_clusters/cluster_6768465766b2.cpp,_ZN8Savedata17JoinFestaDataSave32SetPlayerListShowAppTutorialFlagEv,arm-none-eabi-g++ 16.2.0,SOURCE_WRITTEN,COMPILES,SEMANTIC_VERIFIED,ASM_DIFFERENT,NOT_RUNTIME_TESTED,,,static.crs,reagent,RETAIL_ORIGINAL_SYMBOL,Phase 4E cluster 6768465766b2; Qwen reconstruction approved by GPT-5.4 mini
0x0043E6A8,0x14,src/reagent/yellow_clusters/cluster_6768465766b2.cpp,_ZN8Savedata17JoinFestaDataSave16SetAlwaysTradeOkEb,arm-none-eabi-g++ 16.2.0,SOURCE_WRITTEN,COMPILES,SEMANTIC_VERIFIED,ASM_DIFFERENT,NOT_RUNTIME_TESTED,,,static.crs,reagent,RETAIL_ORIGINAL_SYMBOL,Phase 4E cluster 6768465766b2; Qwen reconstruction approved by GPT-5.4 mini
0x0043E87C,0x14,src/reagent/yellow_clusters/cluster_6768465766b2.cpp,_ZN8Savedata17JoinFestaDataSave17SetAlwaysBattleOkEb,arm-none-eabi-g++ 16.2.0,SOURCE_WRITTEN,COMPILES,SEMANTIC_VERIFIED,ASM_DIFFERENT,NOT_RUNTIME_TESTED,,,static.crs,reagent,RETAIL_ORIGINAL_SYMBOL,Phase 4E cluster 6768465766b2; Qwen reconstruction approved by GPT-5.4 mini
0x0043EA44,0x14,src/reagent/yellow_clusters/cluster_6768465766b2.cpp,_ZN8Savedata17JoinFestaDataSave21SetAlwaysAttractionOkEb,arm-none-eabi-g++ 16.2.0,SOURCE_WRITTEN,COMPILES,SEMANTIC_VERIFIED,ASM_DIFFERENT,NOT_RUNTIME_TESTED,,,static.crs,reagent,RETAIL_ORIGINAL_SYMBOL,Phase 4E cluster 6768465766b2; Qwen reconstruction approved by GPT-5.4 mini
0x0048E5D4,0x04,src/reagent/speculative/batch_000298.cpp,_ZNK3app4tool19InfoWindowSheetType9IsCreatedEv,arm-none-eabi-g++ 16.2.0,SOURCE_WRITTEN,COMPILES,SEMANTIC_VERIFIED,ASM_DIFFERENT,NOT_RUNTIME_TESTED,,,static.crs,reagent,RETAIL_ORIGINAL_SYMBOL,Phase 4H compile-first speculative promotion; runtime-inactive
0x002C7A7C,0x08,src/reagent/speculative/batch_000298.cpp,_ZN3App11TrainerPass8PlayData12SetStampPageEi,arm-none-eabi-g++ 16.2.0,SOURCE_WRITTEN,COMPILES,SEMANTIC_VERIFIED,ASM_MATCH,NOT_RUNTIME_TESTED,8,8,static.crs,reagent,RETAIL_ORIGINAL_SYMBOL,Phase 4H compile-first speculative promotion; runtime-inactive
0x002C7E18,0x08,src/reagent/speculative/batch_000298.cpp,_ZN3App3Box11BoxAppSetup15SetOtherMessageEi,arm-none-eabi-g++ 16.2.0,SOURCE_WRITTEN,COMPILES,SEMANTIC_VERIFIED,ASM_MATCH,NOT_RUNTIME_TESTED,8,8,static.crs,reagent,RETAIL_ORIGINAL_SYMBOL,Phase 4H compile-first speculative promotion; runtime-inactive
0x002C9B40,0x08,src/reagent/speculative/batch_000298.cpp,_ZN3App4Tool10MapManager14SetupPlayerSexEj,arm-none-eabi-g++ 16.2.0,SOURCE_WRITTEN,COMPILES,SEMANTIC_VERIFIED,ASM_MATCH,NOT_RUNTIME_TESTED,8,8,static.crs,reagent,RETAIL_ORIGINAL_SYMBOL,Phase 4H compile-first speculative promotion; runtime-inactive
0x002CB73C,0x08,src/reagent/speculative/batch_000298.cpp,_ZN3App4Tool10TalkWindow8SetTimerEi,arm-none-eabi-g++ 16.2.0,SOURCE_WRITTEN,COMPILES,SEMANTIC_VERIFIED,ASM_MATCH,NOT_RUNTIME_TESTED,8,8,static.crs,reagent,RETAIL_ORIGINAL_SYMBOL,Phase 4H compile-first speculative promotion; runtime-inactive
0x002CC53C,0x08,src/reagent/speculative/batch_000298.cpp,_ZN3App4Tool11NewPaneList15SetupInsertPaneEPN2nw3lyt4PaneE,arm-none-eabi-g++ 16.2.0,SOURCE_WRITTEN,COMPILES,SEMANTIC_VERIFIED,ASM_MATCH,NOT_RUNTIME_TESTED,8,8,static.crs,reagent,RETAIL_ORIGINAL_SYMBOL,Phase 4H compile-first speculative promotion; runtime-inactive
0x002D4AE8,0x08,src/reagent/speculative/batch_000298.cpp,_ZN3App5Event12ShopBuyEvent9SetupHeapEPN4gfl24heap11CtrHeapBaseE,arm-none-eabi-g++ 16.2.0,SOURCE_WRITTEN,COMPILES,SEMANTIC_VERIFIED,ASM_MATCH,NOT_RUNTIME_TESTED,8,8,static.crs,reagent,RETAIL_ORIGINAL_SYMBOL,Phase 4H compile-first speculative promotion; runtime-inactive
0x002E0F40,0x08,src/reagent/speculative/batch_000298.cpp,_ZN3App8PokeList16IntermediateData12SetParameterEPN3pml9PokePartyE,arm-none-eabi-g++ 16.2.0,SOURCE_WRITTEN,COMPILES,SEMANTIC_VERIFIED,ASM_MATCH,NOT_RUNTIME_TESTED,8,8,static.crs,reagent,RETAIL_ORIGINAL_SYMBOL,Phase 4H compile-first speculative promotion; runtime-inactive
0x002E71F4,0x08,src/reagent/speculative/batch_000298.cpp,_ZN3app2ui13UIViewManager20SetTopPriorityUIViewEPNS0_6UIViewE,arm-none-eabi-g++ 16.2.0,SOURCE_WRITTEN,COMPILES,SEMANTIC_VERIFIED,ASM_MATCH,NOT_RUNTIME_TESTED,8,8,static.crs,reagent,RETAIL_ORIGINAL_SYMBOL,Phase 4H compile-first speculative promotion; runtime-inactive
0x002E78EC,0x08,src/reagent/speculative/batch_000298.cpp,_ZN3app2ui6UIView21SetLayoutTransferAreaEN4gfl23lyt10MemoryAreaE,arm-none-eabi-g++ 16.2.0,SOURCE_WRITTEN,COMPILES,SEMANTIC_VERIFIED,ASM_MATCH,NOT_RUNTIME_TESTED,8,8,static.crs,reagent,RETAIL_ORIGINAL_SYMBOL,Phase 4H compile-first speculative promotion; runtime-inactive
0x002E81A4,0x08,src/reagent/speculative/batch_000298.cpp,_ZN3app3bag8PlayData12SetPocketPosEj,arm-none-eabi-g++ 16.2.0,SOURCE_WRITTEN,COMPILES,SEMANTIC_VERIFIED,ASM_MATCH,NOT_RUNTIME_TESTED,8,8,static.crs,reagent,RETAIL_ORIGINAL_SYMBOL,Phase 4H compile-first speculative promotion; runtime-inactive
0x002EA004,0x08,src/reagent/speculative/batch_000298.cpp,_ZN3app4tool10MenuWindow11SetListenerEPNS0_18MenuWindowListenerE,arm-none-eabi-g++ 16.2.0,SOURCE_WRITTEN,COMPILES,SEMANTIC_VERIFIED,ASM_MATCH,NOT_RUNTIME_TESTED,8,8,static.crs,reagent,RETAIL_ORIGINAL_SYMBOL,Phase 4H compile-first speculative promotion; runtime-inactive
0x002EBBDC,0x08,src/reagent/speculative/batch_000298.cpp,_ZN3app4tool12PaneListView11SetListenerEPNS1_8ListenerE,arm-none-eabi-g++ 16.2.0,SOURCE_WRITTEN,COMPILES,SEMANTIC_VERIFIED,ASM_MATCH,NOT_RUNTIME_TESTED,8,8,static.crs,reagent,RETAIL_ORIGINAL_SYMBOL,Phase 4H compile-first speculative promotion; runtime-inactive
0x00340F08,0x08,src/reagent/speculative/batch_000298.cpp,_ZN4gfl22fs17BinLinkerAccessor10InitializeEPv,arm-none-eabi-g++ 16.2.0,SOURCE_WRITTEN,COMPILES,SEMANTIC_VERIFIED,ASM_MATCH,NOT_RUNTIME_TESTED,8,8,static.crs,reagent,RETAIL_ORIGINAL_SYMBOL,Phase 4H compile-first speculative promotion; runtime-inactive
0x00340F10,0x08,src/reagent/speculative/batch_000298.cpp,_ZN4gfl22fs17BinLinkerAccessorC1EPv,arm-none-eabi-g++ 16.2.0,SOURCE_WRITTEN,COMPILES,SEMANTIC_VERIFIED,ASM_MATCH,NOT_RUNTIME_TESTED,8,8,static.crs,reagent,RETAIL_ORIGINAL_SYMBOL,Phase 4H compile-first speculative promotion; runtime-inactive
0x00358BEC,0x08,src/reagent/speculative/batch_000298.cpp,_ZN4gfl24math16SpringSimulation10GetPostionEv,arm-none-eabi-g++ 16.2.0,SOURCE_WRITTEN,COMPILES,SEMANTIC_VERIFIED,ASM_DIFFERENT,NOT_RUNTIME_TESTED,,,static.crs,reagent,RETAIL_ORIGINAL_SYMBOL,Phase 4H compile-first speculative promotion; runtime-inactive
0x003BFB94,0x08,src/reagent/speculative/batch_000298.cpp,_ZN5print14HangulComposerC1EPKN2nw4font4FontE,arm-none-eabi-g++ 16.2.0,SOURCE_WRITTEN,COMPILES,SEMANTIC_VERIFIED,ASM_MATCH,NOT_RUNTIME_TESTED,8,8,static.crs,reagent,RETAIL_ORIGINAL_SYMBOL,Phase 4H compile-first speculative promotion; runtime-inactive
0x003C15D4,0x08,src/reagent/speculative/batch_000298.cpp,_ZN5print7WordSet16SetWordSetLoaderEP13WordSetLoader,arm-none-eabi-g++ 16.2.0,SOURCE_WRITTEN,COMPILES,SEMANTIC_VERIFIED,ASM_MATCH,NOT_RUNTIME_TESTED,8,8,static.crs,reagent,RETAIL_ORIGINAL_SYMBOL,Phase 4H compile-first speculative promotion; runtime-inactive
0x003CF198,0x08,src/reagent/speculative/batch_000298.cpp,_ZN6NetApp3NBR6NBRNet18RegistRecvListenerEPNS0_18NBRNetRecvListenerE,arm-none-eabi-g++ 16.2.0,SOURCE_WRITTEN,COMPILES,SEMANTIC_VERIFIED,ASM_MATCH,NOT_RUNTIME_TESTED,8,8,static.crs,reagent,RETAIL_ORIGINAL_SYMBOL,Phase 4H compile-first speculative promotion; runtime-inactive
0x003D6E6C,0x08,src/reagent/speculative/batch_000298.cpp,_ZN6NetLib3P2P20P2pConnectionManager23RegistMigrationListenerEPNS0_30P2pConnectionMigrationListenerE,arm-none-eabi-g++ 16.2.0,SOURCE_WRITTEN,COMPILES,SEMANTIC_VERIFIED,ASM_MATCH,NOT_RUNTIME_TESTED,8,8,static.crs,reagent,RETAIL_ORIGINAL_SYMBOL,Phase 4H compile-first speculative promotion; runtime-inactive
0x003D8C7C,0x08,src/reagent/speculative/batch_000298.cpp,_ZN6NetLib3Pgl12PGLConnector23SetPGLConnectorListenerEPNS0_20PGLConnectorListenerE,arm-none-eabi-g++ 16.2.0,SOURCE_WRITTEN,COMPILES,SEMANTIC_VERIFIED,ASM_MATCH,NOT_RUNTIME_TESTED,8,8,static.crs,reagent,RETAIL_ORIGINAL_SYMBOL,Phase 4H compile-first speculative promotion; runtime-inactive
0x003E058C,0x08,src/reagent/speculative/batch_000298.cpp,_ZN6NetLib8Delivery15DeliveryManager13SetSerialCodeEj,arm-none-eabi-g++ 16.2.0,SOURCE_WRITTEN,COMPILES,SEMANTIC_VERIFIED,ASM_MATCH,NOT_RUNTIME_TESTED,8,8,static.crs,reagent,RETAIL_ORIGINAL_SYMBOL,Phase 4H compile-first speculative promotion; runtime-inactive
0x003E0660,0x08,src/reagent/speculative/batch_000298.cpp,_ZN6NetLib8Delivery15DeliveryManager15SetRecvListenerEPNS0_20DeliveryRecvListenerE,arm-none-eabi-g++ 16.2.0,SOURCE_WRITTEN,COMPILES,SEMANTIC_VERIFIED,ASM_MATCH,NOT_RUNTIME_TESTED,8,8,static.crs,reagent,RETAIL_ORIGINAL_SYMBOL,Phase 4H compile-first speculative promotion; runtime-inactive
0x003E0668,0x08,src/reagent/speculative/batch_000298.cpp,_ZN6NetLib8Delivery15DeliveryManager15SetSendListenerEPNS0_20DeliverySendListenerE,arm-none-eabi-g++ 16.2.0,SOURCE_WRITTEN,COMPILES,SEMANTIC_VERIFIED,ASM_MATCH,NOT_RUNTIME_TESTED,8,8,static.crs,reagent,RETAIL_ORIGINAL_SYMBOL,Phase 4H compile-first speculative promotion; runtime-inactive
0x003FD8BC,0x08,src/reagent/speculative/batch_000298.cpp,_ZN7gflnet23nex20NexMatchMakingClient20SetCommunityListenerEPNS0_20NexCommunityListenerE,arm-none-eabi-g++ 16.2.0,SOURCE_WRITTEN,COMPILES,SEMANTIC_VERIFIED,ASM_MATCH,NOT_RUNTIME_TESTED,8,8,static.crs,reagent,RETAIL_ORIGINAL_SYMBOL,Phase 4H compile-first speculative promotion; runtime-inactive
0x0040D498,0x08,src/reagent/speculative/batch_000298.cpp,_ZN7poke_3d5model10BaseCamera22SetLocalAnimationScaleEf,arm-none-eabi-g++ 16.2.0,SOURCE_WRITTEN,COMPILES,SEMANTIC_VERIFIED,ASM_DIFFERENT,NOT_RUNTIME_TESTED,,,static.crs,reagent,RETAIL_ORIGINAL_SYMBOL,Phase 4H compile-first speculative promotion; runtime-inactive
0x0040DD54,0x08,src/reagent/speculative/batch_000298.cpp,_ZN7poke_3d5model10CharaModel14SetupRandomFucEPFjjE,arm-none-eabi-g++ 16.2.0,SOURCE_WRITTEN,COMPILES,SEMANTIC_VERIFIED,ASM_MATCH,NOT_RUNTIME_TESTED,8,8,static.crs,reagent,RETAIL_ORIGINAL_SYMBOL,Phase 4H compile-first speculative promotion; runtime-inactive
0x004100F4,0x08,src/reagent/speculative/batch_000298.cpp,_ZN7poke_3d5model12PokemonModel22SetEnabledAmbientColorEi,arm-none-eabi-g++ 16.2.0,SOURCE_WRITTEN,COMPILES,SEMANTIC_VERIFIED,ASM_MATCH,NOT_RUNTIME_TESTED,8,8,static.crs,reagent,RETAIL_ORIGINAL_SYMBOL,Phase 4H compile-first speculative promotion; runtime-inactive
0x0041178C,0x08,src/reagent/speculative/batch_000298.cpp,_ZN7poke_3d5model17CharaModelFactory15SetupRandomFuncEPFjjE,arm-none-eabi-g++ 16.2.0,SOURCE_WRITTEN,COMPILES,SEMANTIC_VERIFIED,ASM_MATCH,NOT_RUNTIME_TESTED,8,8,static.crs,reagent,RETAIL_ORIGINAL_SYMBOL,Phase 4H compile-first speculative promotion; runtime-inactive
0x00417920,0x08,src/reagent/speculative/batch_000298.cpp,_ZN7poke_3d5model9BaseModel20SetAnimationPackListEPN4gfl29animation17AnimationPackListE,arm-none-eabi-g++ 16.2.0,SOURCE_WRITTEN,COMPILES,SEMANTIC_VERIFIED,ASM_MATCH,NOT_RUNTIME_TESTED,8,8,static.crs,reagent,RETAIL_ORIGINAL_SYMBOL,Phase 4H compile-first speculative promotion; runtime-inactive
0x00464D8C,0x08,src/reagent/speculative/batch_000298.cpp,_ZN9NetAppLib8P2PTrade21P2PTradeRequestClient27SetP2PTradeResponseListenerEPNS0_24P2PTradeResponseListenerE,arm-none-eabi-g++ 16.2.0,SOURCE_WRITTEN,COMPILES,SEMANTIC_VERIFIED,ASM_MATCH,NOT_RUNTIME_TESTED,8,8,static.crs,reagent,RETAIL_ORIGINAL_SYMBOL,Phase 4H compile-first speculative promotion; runtime-inactive
0x0048DFD8,0x08,src/reagent/speculative/batch_000298.cpp,_ZNK3app4tool13CursorManager6GetPosEv,arm-none-eabi-g++ 16.2.0,SOURCE_WRITTEN,COMPILES,SEMANTIC_VERIFIED,ASM_MATCH,NOT_RUNTIME_TESTED,8,8,static.crs,reagent,RETAIL_ORIGINAL_SYMBOL,Phase 4H compile-first speculative promotion; runtime-inactive
0x0048E180,0x08,src/reagent/speculative/batch_000298.cpp,_ZNK3app4tool14PokeIconToolEx14GetPicturePaneEv,arm-none-eabi-g++ 16.2.0,SOURCE_WRITTEN,COMPILES,SEMANTIC_VERIFIED,ASM_MATCH,NOT_RUNTIME_TESTED,8,8,static.crs,reagent,RETAIL_ORIGINAL_SYMBOL,Phase 4H compile-first speculative promotion; runtime-inactive
0x0048E718,0x08,src/reagent/speculative/batch_000298.cpp,_ZNK3app4tool8PaneList15GetUpdateResultEv,arm-none-eabi-g++ 16.2.0,SOURCE_WRITTEN,COMPILES,SEMANTIC_VERIFIED,ASM_MATCH,NOT_RUNTIME_TESTED,8,8,static.crs,reagent,RETAIL_ORIGINAL_SYMBOL,Phase 4H compile-first speculative promotion; runtime-inactive
0x00493B2C,0x08,src/reagent/speculative/batch_000298.cpp,_ZNK3pml9PokeParty14GetMemberCountEv,arm-none-eabi-g++ 16.2.0,SOURCE_WRITTEN,COMPILES,SEMANTIC_VERIFIED,ASM_MATCH,NOT_RUNTIME_TESTED,8,8,static.crs,reagent,RETAIL_ORIGINAL_SYMBOL,Phase 4H compile-first speculative promotion; runtime-inactive
0x00493B9C,0x08,src/reagent/speculative/batch_000298.cpp,_ZNK3pml9PokeParty15GetMarkingIndexEv,arm-none-eabi-g++ 16.2.0,SOURCE_WRITTEN,COMPILES,SEMANTIC_VERIFIED,ASM_MATCH,NOT_RUNTIME_TESTED,8,8,static.crs,reagent,RETAIL_ORIGINAL_SYMBOL,Phase 4H compile-first speculative promotion; runtime-inactive
0x00493FB8,0x08,src/reagent/speculative/batch_000298.cpp,_ZNK4gfl215renderingengine10scenegraph8NodeName11GetNodeNameEv,arm-none-eabi-g++ 16.2.0,SOURCE_WRITTEN,COMPILES,SEMANTIC_VERIFIED,ASM_MATCH,NOT_RUNTIME_TESTED,8,8,static.crs,reagent,RETAIL_ORIGINAL_SYMBOL,Phase 4H compile-first speculative promotion; runtime-inactive
0x004967CC,0x08,src/reagent/speculative/batch_000298.cpp,_ZNK4gfl215renderingengine8renderer4util22MakeReductionImagePath21GetDestinationTextureEv,arm-none-eabi-g++ 16.2.0,SOURCE_WRITTEN,COMPILES,SEMANTIC_VERIFIED,ASM_MATCH,NOT_RUNTIME_TESTED,8,8,static.crs,reagent,RETAIL_ORIGINAL_SYMBOL,Phase 4H compile-first speculative promotion; runtime-inactive
0x00499384,0x08,src/reagent/speculative/batch_000298.cpp,_ZNK4gfl23lyt13LytMultiResID10GetMultiIDEv,arm-none-eabi-g++ 16.2.0,SOURCE_WRITTEN,COMPILES,SEMANTIC_VERIFIED,ASM_MATCH,NOT_RUNTIME_TESTED,8,8,static.crs,reagent,RETAIL_ORIGINAL_SYMBOL,Phase 4H compile-first speculative promotion; runtime-inactive
0x004A2CC8,0x08,src/reagent/speculative/batch_000298.cpp,_ZNK6NetLib4Wifi17WifiConnectRunner23IsNeedDisconnectProcessEv,arm-none-eabi-g++ 16.2.0,SOURCE_WRITTEN,COMPILES,SEMANTIC_VERIFIED,ASM_MATCH,NOT_RUNTIME_TESTED,8,8,static.crs,reagent,RETAIL_ORIGINAL_SYMBOL,Phase 4H compile-first speculative promotion; runtime-inactive
0x004A2DA0,0x08,src/reagent/speculative/batch_000298.cpp,_ZNK6NetLib8Delivery15DeliveryManager13IsInitializedEv,arm-none-eabi-g++ 16.2.0,SOURCE_WRITTEN,COMPILES,SEMANTIC_VERIFIED,ASM_MATCH,NOT_RUNTIME_TESTED,8,8,static.crs,reagent,RETAIL_ORIGINAL_SYMBOL,Phase 4H compile-first speculative promotion; runtime-inactive
0x004A3100,0x08,src/reagent/speculative/batch_000298.cpp,_ZNK6System6Skybox6Skybox8IsEnableEv,arm-none-eabi-g++ 16.2.0,SOURCE_WRITTEN,COMPILES,SEMANTIC_VERIFIED,ASM_MATCH,NOT_RUNTIME_TESTED,8,8,static.crs,reagent,RETAIL_ORIGINAL_SYMBOL,Phase 4H compile-first speculative promotion; runtime-inactive
0x004A32D0,0x08,src/reagent/speculative/batch_000298.cpp,_ZNK7GameSys8GameData12GetNowZoneIDEv,arm-none-eabi-g++ 16.2.0,SOURCE_WRITTEN,COMPILES,SEMANTIC_VERIFIED,ASM_MATCH,NOT_RUNTIME_TESTED,8,8,static.crs,reagent,RETAIL_ORIGINAL_SYMBOL,Phase 4H compile-first speculative promotion; runtime-inactive
0x004A34B0,0x08,src/reagent/speculative/batch_000298.cpp,_ZNK7gflnet23nex10NexManager22GetAuthenticationTokenEv,arm-none-eabi-g++ 16.2.0,SOURCE_WRITTEN,COMPILES,SEMANTIC_VERIFIED,ASM_MATCH,NOT_RUNTIME_TESTED,8,8,static.crs,reagent,RETAIL_ORIGINAL_SYMBOL,Phase 4H compile-first speculative promotion; runtime-inactive
0x004A3520,0x08,src/reagent/speculative/batch_000298.cpp,_ZNK7gflnet23nex16NexRankingClient12IsConnectingEv,arm-none-eabi-g++ 16.2.0,SOURCE_WRITTEN,COMPILES,SEMANTIC_VERIFIED,ASM_MATCH,NOT_RUNTIME_TESTED,8,8,static.crs,reagent,RETAIL_ORIGINAL_SYMBOL,Phase 4H compile-first speculative promotion; runtime-inactive
0x004A3528,0x08,src/reagent/speculative/batch_000298.cpp,_ZNK7gflnet23nex18NexDataStoreClient12IsConnectingEv,arm-none-eabi-g++ 16.2.0,SOURCE_WRITTEN,COMPILES,SEMANTIC_VERIFIED,ASM_MATCH,NOT_RUNTIME_TESTED,8,8,static.crs,reagent,RETAIL_ORIGINAL_SYMBOL,Phase 4H compile-first speculative promotion; runtime-inactive
0x004A3550,0x08,src/reagent/speculative/batch_000298.cpp,_ZNK7gflnet23nex20NexMatchMakingClient12IsConnectingEv,arm-none-eabi-g++ 16.2.0,SOURCE_WRITTEN,COMPILES,SEMANTIC_VERIFIED,ASM_MATCH,NOT_RUNTIME_TESTED,8,8,static.crs,reagent,RETAIL_ORIGINAL_SYMBOL,Phase 4H compile-first speculative promotion; runtime-inactive
0x004A3810,0x08,src/reagent/speculative/batch_000298.cpp,_ZNK7poke_3d5model10BaseCamera13GetFrameCountEv,arm-none-eabi-g++ 16.2.0,SOURCE_WRITTEN,COMPILES,SEMANTIC_VERIFIED,ASM_MATCH,NOT_RUNTIME_TESTED,8,8,static.crs,reagent,RETAIL_ORIGINAL_SYMBOL,Phase 4H compile-first speculative promotion; runtime-inactive
0x004A3F14,0x08,src/reagent/speculative/batch_000298.cpp,_ZNK7poke_3d5model10BaseCamera17GetAnimationFrameEv,arm-none-eabi-g++ 16.2.0,SOURCE_WRITTEN,COMPILES,SEMANTIC_VERIFIED,ASM_DIFFERENT,NOT_RUNTIME_TESTED,,,static.crs,reagent,RETAIL_ORIGINAL_SYMBOL,Phase 4H compile-first speculative promotion; runtime-inactive
0x004A43C8,0x08,src/reagent/speculative/batch_000298.cpp,_ZNK7poke_3d5model10CharaModel13GetMouthIndexEv,arm-none-eabi-g++ 16.2.0,SOURCE_WRITTEN,COMPILES,SEMANTIC_VERIFIED,ASM_MATCH,NOT_RUNTIME_TESTED,8,8,static.crs,reagent,RETAIL_ORIGINAL_SYMBOL,Phase 4H compile-first speculative promotion; runtime-inactive
0x004AAA20,0x08,src/reagent/speculative/batch_000298.cpp,_ZNK9NetAppLib9JoinFesta21JoinFestaPersonalData13GetUpdateDateEv,arm-none-eabi-g++ 16.2.0,SOURCE_WRITTEN,COMPILES,SEMANTIC_VERIFIED,ASM_MATCH,NOT_RUNTIME_TESTED,8,8,static.crs,reagent,RETAIL_ORIGINAL_SYMBOL,Phase 4H compile-first speculative promotion; runtime-inactive
0x004AAA28,0x08,src/reagent/speculative/batch_000298.cpp,_ZNK9NetAppLib9JoinFesta21JoinFestaPersonalData14GetDressUpIconEv,arm-none-eabi-g++ 16.2.0,SOURCE_WRITTEN,COMPILES,SEMANTIC_VERIFIED,ASM_MATCH,NOT_RUNTIME_TESTED,8,8,static.crs,reagent,RETAIL_ORIGINAL_SYMBOL,Phase 4H compile-first speculative promotion; runtime-inactive
0x004AAA38,0x08,src/reagent/speculative/batch_000298.cpp,_ZNK9NetAppLib9JoinFesta21JoinFestaPersonalData15GetDressUpParamEv,arm-none-eabi-g++ 16.2.0,SOURCE_WRITTEN,COMPILES,SEMANTIC_VERIFIED,ASM_MATCH,NOT_RUNTIME_TESTED,8,8,static.crs,reagent,RETAIL_ORIGINAL_SYMBOL,Phase 4H compile-first speculative promotion; runtime-inactive
0x004AACC0,0x08,src/reagent/speculative/batch_000298.cpp,_ZNK9NetAppLib9JoinFesta21JoinFestaPersonalData19GetPacketAttractionEv,arm-none-eabi-g++ 16.2.0,SOURCE_WRITTEN,COMPILES,SEMANTIC_VERIFIED,ASM_MATCH,NOT_RUNTIME_TESTED,8,8,static.crs,reagent,RETAIL_ORIGINAL_SYMBOL,Phase 4H compile-first speculative promotion; runtime-inactive
0x004AADC8,0x08,src/reagent/speculative/batch_000298.cpp,_ZNK9NetAppLib9JoinFesta21JoinFestaPersonalData20GetPacketTradeInviteEv,arm-none-eabi-g++ 16.2.0,SOURCE_WRITTEN,COMPILES,SEMANTIC_VERIFIED,ASM_MATCH,NOT_RUNTIME_TESTED,8,8,static.crs,reagent,RETAIL_ORIGINAL_SYMBOL,Phase 4H compile-first speculative promotion; runtime-inactive
0x004AAF00,0x08,src/reagent/speculative/batch_000298.cpp,_ZNK9NetAppLib9JoinFesta21JoinFestaPersonalData21GetPacketTradeRecieveEv,arm-none-eabi-g++ 16.2.0,SOURCE_WRITTEN,COMPILES,SEMANTIC_VERIFIED,ASM_MATCH,NOT_RUNTIME_TESTED,8,8,static.crs,reagent,RETAIL_ORIGINAL_SYMBOL,Phase 4H compile-first speculative promotion; runtime-inactive
0x004AB42C,0x08,src/reagent/speculative/batch_000298.cpp,_ZNK9NetAppLib9JoinFesta21JoinFestaPersonalData7GetNameEv,arm-none-eabi-g++ 16.2.0,SOURCE_WRITTEN,COMPILES,SEMANTIC_VERIFIED,ASM_MATCH,NOT_RUNTIME_TESTED,8,8,static.crs,reagent,RETAIL_ORIGINAL_SYMBOL,Phase 4H compile-first speculative promotion; runtime-inactive
0x004AB478,0x08,src/reagent/speculative/batch_000298.cpp,_ZNK9NetAppLib9JoinFesta28JoinFestaPersonalDataManager17GetInviteTicketIdEv,arm-none-eabi-g++ 16.2.0,SOURCE_WRITTEN,COMPILES,SEMANTIC_VERIFIED,ASM_MATCH,NOT_RUNTIME_TESTED,8,8,static.crs,reagent,RETAIL_ORIGINAL_SYMBOL,Phase 4H compile-first speculative promotion; runtime-inactive
0x002C9E48,0x0C,src/reagent/speculative/batch_000298.cpp,_ZN3App4Tool10MapManager19IsMapTextureReplaceEv,arm-none-eabi-g++ 16.2.0,SOURCE_WRITTEN,COMPILES,SEMANTIC_VERIFIED,ASM_DIFFERENT,NOT_RUNTIME_TESTED,,,static.crs,reagent,RETAIL_ORIGINAL_SYMBOL,Phase 4H compile-first speculative promotion; runtime-inactive
0x002F216C,0x0C,src/reagent/speculative/batch_000298.cpp,_ZN3app4tool16CharaSimpleModel21GetCharaBattleCharaIdEj,arm-none-eabi-g++ 16.2.0,SOURCE_WRITTEN,COMPILES,SEMANTIC_VERIFIED,ASM_DIFFERENT,NOT_RUNTIME_TESTED,,,static.crs,reagent,RETAIL_ORIGINAL_SYMBOL,Phase 4H compile-first speculative promotion; runtime-inactive
0x002FCDE8,0x0C,src/reagent/speculative/batch_000298.cpp,_ZN3app4tool27AppToolTrainerIconRendering16GetHeroTrainerIdEj,arm-none-eabi-g++ 16.2.0,SOURCE_WRITTEN,COMPILES,SEMANTIC_VERIFIED,ASM_DIFFERENT,NOT_RUNTIME_TESTED,,,static.crs,reagent,RETAIL_ORIGINAL_SYMBOL,Phase 4H compile-first speculative promotion; runtime-inactive
0x00310A58,0x0C,src/reagent/speculative/batch_000298.cpp,_ZN3app4util7G2DUtil18SetMessageCallbackEPN5print11MsgCallbackE,arm-none-eabi-g++ 16.2.0,SOURCE_WRITTEN,COMPILES,SEMANTIC_VERIFIED,ASM_DIFFERENT,NOT_RUNTIME_TESTED,,,static.crs,reagent,RETAIL_ORIGINAL_SYMBOL,Phase 4H compile-first speculative promotion; runtime-inactive
0x003738C4,0x0C,src/reagent/speculative/batch_000298.cpp,_ZN5Field10EventXMenu16SetFieldMenuProcEPN3App9FieldMenu22FieldMenuSubWindowProcENS_9SubScreen21FieldMenuOutRequestIDE,arm-none-eabi-g++ 16.2.0,SOURCE_WRITTEN,COMPILES,SEMANTIC_VERIFIED,ASM_DIFFERENT,NOT_RUNTIME_TESTED,,,static.crs,reagent,RETAIL_ORIGINAL_SYMBOL,Phase 4H compile-first speculative promotion; runtime-inactive
0x00396EC0,0x0C,src/reagent/speculative/batch_000298.cpp,_ZN5Field7Encount11EncountWork16GetEncountEffectEv,arm-none-eabi-g++ 16.2.0,SOURCE_WRITTEN,COMPILES,SEMANTIC_VERIFIED,ASM_DIFFERENT,NOT_RUNTIME_TESTED,,,static.crs,reagent,RETAIL_ORIGINAL_SYMBOL,Phase 4H compile-first speculative promotion; runtime-inactive
0x0039A520,0x0C,src/reagent/speculative/batch_000298.cpp,_ZN5Field9EventWork18GetMushiyokeItemNoEv,arm-none-eabi-g++ 16.2.0,SOURCE_WRITTEN,COMPILES,SEMANTIC_VERIFIED,ASM_DIFFERENT,NOT_RUNTIME_TESTED,,,static.crs,reagent,RETAIL_ORIGINAL_SYMBOL,Phase 4H compile-first speculative promotion; runtime-inactive
0x003D6ED8,0x0C,src/reagent/speculative/batch_000298.cpp,_ZN6NetLib3P2P20P2pConnectionManager26IsMatchmakingCreateSuccessEv,arm-none-eabi-g++ 16.2.0,SOURCE_WRITTEN,COMPILES,SEMANTIC_VERIFIED,ASM_DIFFERENT,NOT_RUNTIME_TESTED,,,static.crs,reagent,RETAIL_ORIGINAL_SYMBOL,Phase 4H compile-first speculative promotion; runtime-inactive
0x00417504,0x0C,src/reagent/speculative/batch_000298.cpp,_ZN7poke_3d5model9BaseModel14GetWorldMatrixEv,arm-none-eabi-g++ 16.2.0,SOURCE_WRITTEN,COMPILES,SEMANTIC_VERIFIED,ASM_MATCH,NOT_RUNTIME_TESTED,12,12,static.crs,reagent,RETAIL_ORIGINAL_SYMBOL,Phase 4H compile-first speculative promotion; runtime-inactive
0x004178CC,0x0C,src/reagent/speculative/batch_000298.cpp,_ZN7poke_3d5model9BaseModel19SetInterestPositionEPKN4gfl24math7Vector3E,arm-none-eabi-g++ 16.2.0,SOURCE_WRITTEN,COMPILES,SEMANTIC_VERIFIED,ASM_DIFFERENT,NOT_RUNTIME_TESTED,,,static.crs,reagent,RETAIL_ORIGINAL_SYMBOL,Phase 4H compile-first speculative promotion; runtime-inactive
0x0041B744,0x0C,src/reagent/speculative/batch_000298.cpp,_ZN7poke_3d8renderer21OutLinePostRenderPath17SetEdgeMapTextureEjPKN4gfl23gfx7TextureE,arm-none-eabi-g++ 16.2.0,SOURCE_WRITTEN,COMPILES,SEMANTIC_VERIFIED,ASM_DIFFERENT,NOT_RUNTIME_TESTED,,,static.crs,reagent,RETAIL_ORIGINAL_SYMBOL,Phase 4H compile-first speculative promotion; runtime-inactive
0x00434D78,0x0C,src/reagent/speculative/batch_000298.cpp,_ZN8PokeTool9PokeModel18GetAnimationIsLoopEv,arm-none-eabi-g++ 16.2.0,SOURCE_WRITTEN,COMPILES,SEMANTIC_VERIFIED,ASM_DIFFERENT,NOT_RUNTIME_TESTED,,,static.crs,reagent,RETAIL_ORIGINAL_SYMBOL,Phase 4H compile-first speculative promotion; runtime-inactive
0x0043E8B8,0x0C,src/reagent/speculative/batch_000298.cpp,_ZN8Savedata17JoinFestaDataSave18GetLastP2pPersonalEv,arm-none-eabi-g++ 16.2.0,SOURCE_WRITTEN,COMPILES,SEMANTIC_VERIFIED,ASM_DIFFERENT,NOT_RUNTIME_TESTED,,,static.crs,reagent,RETAIL_ORIGINAL_SYMBOL,Phase 4H compile-first speculative promotion; runtime-inactive
0x00443E90,0x0C,src/reagent/speculative/batch_000298.cpp,_ZN8Savedata8PlayTime12PushSaveTimeEv,arm-none-eabi-g++ 16.2.0,SOURCE_WRITTEN,COMPILES,SEMANTIC_VERIFIED,ASM_DIFFERENT,NOT_RUNTIME_TESTED,,,static.crs,reagent,RETAIL_ORIGINAL_SYMBOL,Phase 4H compile-first speculative promotion; runtime-inactive
0x00443E9C,0x0C,src/reagent/speculative/batch_000298.cpp,_ZN8Savedata8PlayTime13GetSaveMinuteEv,arm-none-eabi-g++ 16.2.0,SOURCE_WRITTEN,COMPILES,SEMANTIC_VERIFIED,ASM_DIFFERENT,NOT_RUNTIME_TESTED,,,static.crs,reagent,RETAIL_ORIGINAL_SYMBOL,Phase 4H compile-first speculative promotion; runtime-inactive
0x00445474,0x0C,src/reagent/speculative/batch_000298.cpp,_ZN8Savedata9FieldMenu15GetRideShortcutENS0_9RideKeyIDE,arm-none-eabi-g++ 16.2.0,SOURCE_WRITTEN,COMPILES,SEMANTIC_VERIFIED,ASM_MATCH,NOT_RUNTIME_TESTED,12,12,static.crs,reagent,RETAIL_ORIGINAL_SYMBOL,Phase 4H compile-first speculative promotion; runtime-inactive
0x00445480,0x0C,src/reagent/speculative/batch_000298.cpp,_ZN8Savedata9FieldMenu15SetRideShortcutENS0_9RideKeyIDENS0_6RideIDE,arm-none-eabi-g++ 16.2.0,SOURCE_WRITTEN,COMPILES,SEMANTIC_VERIFIED,ASM_MATCH,NOT_RUNTIME_TESTED,12,12,static.crs,reagent,RETAIL_ORIGINAL_SYMBOL,Phase 4H compile-first speculative promotion; runtime-inactive
0x00464D94,0x0C,src/reagent/speculative/batch_000298.cpp,_ZN9NetAppLib8P2PTrade21P2PTradeRequestClient29GetLastRecvPokemonParamBufferEv,arm-none-eabi-g++ 16.2.0,SOURCE_WRITTEN,COMPILES,SEMANTIC_VERIFIED,ASM_DIFFERENT,NOT_RUNTIME_TESTED,,,static.crs,reagent,RETAIL_ORIGINAL_SYMBOL,Phase 4H compile-first speculative promotion; runtime-inactive
0x00473120,0x0C,src/reagent/speculative/batch_000298.cpp,_ZN9NetAppLib9JoinFesta28JoinFestaPersonalDataManager20GetRecruiterPersonalEv,arm-none-eabi-g++ 16.2.0,SOURCE_WRITTEN,COMPILES,SEMANTIC_VERIFIED,ASM_DIFFERENT,NOT_RUNTIME_TESTED,,,static.crs,reagent,RETAIL_ORIGINAL_SYMBOL,Phase 4H compile-first speculative promotion; runtime-inactive
0x004A54B4,0x0C,src/reagent/speculative/batch_000298.cpp,_ZNK7poke_3d5model9BaseModel11GetPositionEv,arm-none-eabi-g++ 16.2.0,SOURCE_WRITTEN,COMPILES,SEMANTIC_VERIFIED,ASM_MATCH,NOT_RUNTIME_TESTED,12,12,static.crs,reagent,RETAIL_ORIGINAL_SYMBOL,Phase 4H compile-first speculative promotion; runtime-inactive
0x004A6614,0x0C,src/reagent/speculative/batch_000298.cpp,_ZNK7trainer15TrainerTypeData6GetSexEv,arm-none-eabi-g++ 16.2.0,SOURCE_WRITTEN,COMPILES,SEMANTIC_VERIFIED,ASM_MATCH,NOT_RUNTIME_TESTED,12,12,static.crs,reagent,RETAIL_ORIGINAL_SYMBOL,Phase 4H compile-first speculative promotion; runtime-inactive
0x004A6B50,0x0C,src/reagent/speculative/batch_000298.cpp,_ZNK8PokeTool15PokeModelSystem20GetPokeShaderPathNumEv,arm-none-eabi-g++ 16.2.0,SOURCE_WRITTEN,COMPILES,SEMANTIC_VERIFIED,ASM_MATCH,NOT_RUNTIME_TESTED,12,12,static.crs,reagent,RETAIL_ORIGINAL_SYMBOL,Phase 4H compile-first speculative promotion; runtime-inactive
0x004A8350,0x0C,src/reagent/speculative/batch_000298.cpp,_ZNK8Savedata8MyStatus10GetCountryEv,arm-none-eabi-g++ 16.2.0,SOURCE_WRITTEN,COMPILES,SEMANTIC_VERIFIED,ASM_DIFFERENT,NOT_RUNTIME_TESTED,,,static.crs,reagent,RETAIL_ORIGINAL_SYMBOL,Phase 4H compile-first speculative promotion; runtime-inactive
0x004AA5A8,0x0C,src/reagent/speculative/batch_000298.cpp,_ZNK9NetAppLib4Util30NetAppPokemonValidationUtility15GetVerifyResultEj,arm-none-eabi-g++ 16.2.0,SOURCE_WRITTEN,COMPILES,SEMANTIC_VERIFIED,ASM_MATCH,NOT_RUNTIME_TESTED,12,12,static.crs,reagent,RETAIL_ORIGINAL_SYMBOL,Phase 4H compile-first speculative promotion; runtime-inactive
0x004AACB4,0x0C,src/reagent/speculative/batch_000298.cpp,_ZNK9NetAppLib9JoinFesta21JoinFestaPersonalData19GetAttractionMonsNoEv,arm-none-eabi-g++ 16.2.0,SOURCE_WRITTEN,COMPILES,SEMANTIC_VERIFIED,ASM_DIFFERENT,NOT_RUNTIME_TESTED,,,static.crs,reagent,RETAIL_ORIGINAL_SYMBOL,Phase 4H compile-first speculative promotion; runtime-inactive
0x004AB1D8,0x0C,src/reagent/speculative/batch_000298.cpp,_ZNK9NetAppLib9JoinFesta21JoinFestaPersonalData24GetRecommendFacilitiesIdEv,arm-none-eabi-g++ 16.2.0,SOURCE_WRITTEN,COMPILES,SEMANTIC_VERIFIED,ASM_DIFFERENT,NOT_RUNTIME_TESTED,,,static.crs,reagent,RETAIL_ORIGINAL_SYMBOL,Phase 4H compile-first speculative promotion; runtime-inactive
0x004AB3FC,0x0C,src/reagent/speculative/batch_000298.cpp,_ZNK9NetAppLib9JoinFesta21JoinFestaPersonalData6GetSexEv,arm-none-eabi-g++ 16.2.0,SOURCE_WRITTEN,COMPILES,SEMANTIC_VERIFIED,ASM_MATCH,NOT_RUNTIME_TESTED,12,12,static.crs,reagent,RETAIL_ORIGINAL_SYMBOL,Phase 4H compile-first speculative promotion; runtime-inactive
0x004AB490,0x0C,src/reagent/speculative/batch_000298.cpp,_ZNK9NetAppLib9JoinFesta28JoinFestaPersonalDataManager18IsRecruiterVisibleEv,arm-none-eabi-g++ 16.2.0,SOURCE_WRITTEN,COMPILES,SEMANTIC_VERIFIED,ASM_DIFFERENT,NOT_RUNTIME_TESTED,,,static.crs,reagent,RETAIL_ORIGINAL_SYMBOL,Phase 4H compile-first speculative promotion; runtime-inactive
0x002CC1BC,0x10,src/reagent/speculative/batch_000298.cpp,_ZN3App4Tool11NewPaneList14SetupInputModeEbbb,arm-none-eabi-g++ 16.2.0,SOURCE_WRITTEN,COMPILES,SEMANTIC_VERIFIED,ASM_MATCH,NOT_RUNTIME_TESTED,16,16,static.crs,reagent,RETAIL_ORIGINAL_SYMBOL,Phase 4H compile-first speculative promotion; runtime-inactive
0x002E664C,0x10,src/reagent/speculative/batch_000298.cpp,_ZN3App9FieldMenu8PlayData19GetRotomMessageTextEj,arm-none-eabi-g++ 16.2.0,SOURCE_WRITTEN,COMPILES,SEMANTIC_VERIFIED,ASM_DIFFERENT,NOT_RUNTIME_TESTED,,,static.crs,reagent,RETAIL_ORIGINAL_SYMBOL,Phase 4H compile-first speculative promotion; runtime-inactive
0x00394C44,0x10,src/reagent/speculative/batch_000298.cpp,_ZN5Field4Area20GetTerrainMemoryModeEt,arm-none-eabi-g++ 16.2.0,SOURCE_WRITTEN,COMPILES,SEMANTIC_VERIFIED,ASM_DIFFERENT,NOT_RUNTIME_TESTED,,,static.crs,reagent,RETAIL_ORIGINAL_SYMBOL,Phase 4H compile-first speculative promotion; runtime-inactive
0x0039A364,0x10,src/reagent/speculative/batch_000298.cpp,_ZN5Field9EventWork15GetZigarudeCellEv,arm-none-eabi-g++ 16.2.0,SOURCE_WRITTEN,COMPILES,SEMANTIC_VERIFIED,ASM_DIFFERENT,NOT_RUNTIME_TESTED,,,static.crs,reagent,RETAIL_ORIGINAL_SYMBOL,Phase 4H compile-first speculative promotion; runtime-inactive
0x0039A3C8,0x10,src/reagent/speculative/batch_000298.cpp,_ZN5Field9EventWork16CheckIDFlagRengeEt,arm-none-eabi-g++ 16.2.0,SOURCE_WRITTEN,COMPILES,SEMANTIC_VERIFIED,ASM_DIFFERENT,NOT_RUNTIME_TESTED,,,static.crs,reagent,RETAIL_ORIGINAL_SYMBOL,Phase 4H compile-first speculative promotion; runtime-inactive
0x003F0C08,0x10,src/reagent/speculative/batch_000298.cpp,_ZN7GameSys16GameEventManager9CallEventEPNS_9GameEventE,arm-none-eabi-g++ 16.2.0,SOURCE_WRITTEN,COMPILES,SEMANTIC_VERIFIED,ASM_DIFFERENT,NOT_RUNTIME_TESTED,,,static.crs,reagent,RETAIL_ORIGINAL_SYMBOL,Phase 4H compile-first speculative promotion; runtime-inactive
0x004149A4,0x10,src/reagent/speculative/batch_000298.cpp,_ZN3app4tool16CharaSimpleModel34GetDressUpModelResourceManagerCoreEN7poke_3d5model12DressUpParam3SexE,arm-none-eabi-g++ 16.2.0,SOURCE_WRITTEN,COMPILES,SEMANTIC_VERIFIED,ASM_DIFFERENT,NOT_RUNTIME_TESTED,,,static.crs,reagent,RETAIL_ORIGINAL_SYMBOL,Phase 4H compile-first speculative promotion; runtime-inactive
0x0041BD70,0x10,src/reagent/speculative/batch_000298.cpp,_ZN7poke_3d8renderer21OutLinePostRenderPath9SetEnableEji,arm-none-eabi-g++ 16.2.0,SOURCE_WRITTEN,COMPILES,SEMANTIC_VERIFIED,ASM_DIFFERENT,NOT_RUNTIME_TESTED,,,static.crs,reagent,RETAIL_ORIGINAL_SYMBOL,Phase 4H compile-first speculative promotion; runtime-inactive
0x0041CC5C,0x10,src/reagent/speculative/batch_000298.cpp,_ZN7poke_3d8renderer22EdgeMapSceneRenderPath9SetEnableEji,arm-none-eabi-g++ 16.2.0,SOURCE_WRITTEN,COMPILES,SEMANTIC_VERIFIED,ASM_DIFFERENT,NOT_RUNTIME_TESTED,,,static.crs,reagent,RETAIL_ORIGINAL_SYMBOL,Phase 4H compile-first speculative promotion; runtime-inactive
0x00438030,0x10,src/reagent/speculative/batch_000298.cpp,_ZN8Savedata10ResortSave13GetBonusLevelEv,arm-none-eabi-g++ 16.2.0,SOURCE_WRITTEN,COMPILES,SEMANTIC_VERIFIED,ASM_DIFFERENT,NOT_RUNTIME_TESTED,,,static.crs,reagent,RETAIL_ORIGINAL_SYMBOL,Phase 4H compile-first speculative promotion; runtime-inactive
0x004391B8,0x10,src/reagent/speculative/batch_000298.cpp,_ZN8Savedata10ResortSave22GetBeansIvyHiddenCountEv,arm-none-eabi-g++ 16.2.0,SOURCE_WRITTEN,COMPILES,SEMANTIC_VERIFIED,ASM_DIFFERENT,NOT_RUNTIME_TESTED,,,static.crs,reagent,RETAIL_ORIGINAL_SYMBOL,Phase 4H compile-first speculative promotion; runtime-inactive
0x0043A90C,0x10,src/reagent/speculative/batch_000298.cpp,_ZN8Savedata13LiveMatchData17GetLastLiveRecordEv,arm-none-eabi-g++ 16.2.0,SOURCE_WRITTEN,COMPILES,SEMANTIC_VERIFIED,ASM_DIFFERENT,NOT_RUNTIME_TESTED,,,static.crs,reagent,RETAIL_ORIGINAL_SYMBOL,Phase 4H compile-first speculative promotion; runtime-inactive
0x0043B61C,0x10,src/reagent/speculative/batch_000298.cpp,_ZN8Savedata14PokeFinderSave11GetGyroFlagEv,arm-none-eabi-g++ 16.2.0,SOURCE_WRITTEN,COMPILES,SEMANTIC_VERIFIED,ASM_DIFFERENT,NOT_RUNTIME_TESTED,,,static.crs,reagent,RETAIL_ORIGINAL_SYMBOL,Phase 4H compile-first speculative promotion; runtime-inactive
0x0043B62C,0x10,src/reagent/speculative/batch_000298.cpp,_ZN8Savedata14PokeFinderSave11SetGyroFlagEb,arm-none-eabi-g++ 16.2.0,SOURCE_WRITTEN,COMPILES,SEMANTIC_VERIFIED,ASM_DIFFERENT,NOT_RUNTIME_TESTED,,,static.crs,reagent,RETAIL_ORIGINAL_SYMBOL,Phase 4H compile-first speculative promotion; runtime-inactive
0x0043B63C,0x10,src/reagent/speculative/batch_000298.cpp,_ZN8Savedata14PokeFinderSave12AddSnapCountEj,arm-none-eabi-g++ 16.2.0,SOURCE_WRITTEN,COMPILES,SEMANTIC_VERIFIED,ASM_DIFFERENT,NOT_RUNTIME_TESTED,,,static.crs,reagent,RETAIL_ORIGINAL_SYMBOL,Phase 4H compile-first speculative promotion; runtime-inactive
0x0043EAA8,0x10,src/reagent/speculative/batch_000298.cpp,_ZN8Savedata17JoinFestaDataSave22SetQuestionnaireAnswerEjj,arm-none-eabi-g++ 16.2.0,SOURCE_WRITTEN,COMPILES,SEMANTIC_VERIFIED,ASM_DIFFERENT,NOT_RUNTIME_TESTED,,,static.crs,reagent,RETAIL_ORIGINAL_SYMBOL,Phase 4H compile-first speculative promotion; runtime-inactive
0x004417B8,0x10,src/reagent/speculative/batch_000298.cpp,_ZN8Savedata4Misc20SetKawaigariTutorialEv,arm-none-eabi-g++ 16.2.0,SOURCE_WRITTEN,COMPILES,SEMANTIC_VERIFIED,ASM_DIFFERENT,NOT_RUNTIME_TESTED,,,static.crs,reagent,RETAIL_ORIGINAL_SYMBOL,Phase 4H compile-first speculative promotion; runtime-inactive
0x00441800,0x10,src/reagent/speculative/batch_000298.cpp,_ZN8Savedata4Misc28SetBattleVideoPlayerTutorialEv,arm-none-eabi-g++ 16.2.0,SOURCE_WRITTEN,COMPILES,SEMANTIC_VERIFIED,ASM_DIFFERENT,NOT_RUNTIME_TESTED,,,static.crs,reagent,RETAIL_ORIGINAL_SYMBOL,Phase 4H compile-first speculative promotion; runtime-inactive
0x00443458,0x10,src/reagent/speculative/batch_000298.cpp,_ZN8Savedata7GtsData14GetDepositFlagEv,arm-none-eabi-g++ 16.2.0,SOURCE_WRITTEN,COMPILES,SEMANTIC_VERIFIED,ASM_DIFFERENT,NOT_RUNTIME_TESTED,,,static.crs,reagent,RETAIL_ORIGINAL_SYMBOL,Phase 4H compile-first speculative promotion; runtime-inactive
0x00443D5C,0x10,src/reagent/speculative/batch_000298.cpp,_ZN8Savedata8PlayTime10GetSaveDayEv,arm-none-eabi-g++ 16.2.0,SOURCE_WRITTEN,COMPILES,SEMANTIC_VERIFIED,ASM_DIFFERENT,NOT_RUNTIME_TESTED,,,static.crs,reagent,RETAIL_ORIGINAL_SYMBOL,Phase 4H compile-first speculative promotion; runtime-inactive
0x00443D84,0x10,src/reagent/speculative/batch_000298.cpp,_ZN8Savedata8PlayTime11GetSaveHourEv,arm-none-eabi-g++ 16.2.0,SOURCE_WRITTEN,COMPILES,SEMANTIC_VERIFIED,ASM_DIFFERENT,NOT_RUNTIME_TESTED,,,static.crs,reagent,RETAIL_ORIGINAL_SYMBOL,Phase 4H compile-first speculative promotion; runtime-inactive
0x00443D94,0x10,src/reagent/speculative/batch_000298.cpp,_ZN8Savedata8PlayTime11GetSaveYearEv,arm-none-eabi-g++ 16.2.0,SOURCE_WRITTEN,COMPILES,SEMANTIC_VERIFIED,ASM_DIFFERENT,NOT_RUNTIME_TESTED,,,static.crs,reagent,RETAIL_ORIGINAL_SYMBOL,Phase 4H compile-first speculative promotion; runtime-inactive
0x00443E80,0x10,src/reagent/speculative/batch_000298.cpp,_ZN8Savedata8PlayTime12GetSaveMonthEv,arm-none-eabi-g++ 16.2.0,SOURCE_WRITTEN,COMPILES,SEMANTIC_VERIFIED,ASM_DIFFERENT,NOT_RUNTIME_TESTED,,,static.crs,reagent,RETAIL_ORIGINAL_SYMBOL,Phase 4H compile-first speculative promotion; runtime-inactive
0x00467DEC,0x10,src/reagent/speculative/batch_000298.cpp,_ZN9NetAppLib9JoinFesta21JoinFestaPersonalData18ResetPersonalEventEv,arm-none-eabi-g++ 16.2.0,SOURCE_WRITTEN,COMPILES,SEMANTIC_VERIFIED,ASM_DIFFERENT,NOT_RUNTIME_TESTED,,,static.crs,reagent,RETAIL_ORIGINAL_SYMBOL,Phase 4H compile-first speculative promotion; runtime-inactive
0x00470900,0x10,src/reagent/speculative/batch_000298.cpp,_ZN9NetAppLib9JoinFesta26JoinFestaAttractionManager12GetMemberNumEv,arm-none-eabi-g++ 16.2.0,SOURCE_WRITTEN,COMPILES,SEMANTIC_VERIFIED,ASM_DIFFERENT,NOT_RUNTIME_TESTED,,,static.crs,reagent,RETAIL_ORIGINAL_SYMBOL,Phase 4H compile-first speculative promotion; runtime-inactive
0x004A1B4C,0x10,src/reagent/speculative/batch_000298.cpp,_ZNK5print14HangulComposer18HasCompositionCharEv,arm-none-eabi-g++ 16.2.0,SOURCE_WRITTEN,COMPILES,SEMANTIC_VERIFIED,ASM_DIFFERENT,NOT_RUNTIME_TESTED,,,static.crs,reagent,RETAIL_ORIGINAL_SYMBOL,Phase 4H compile-first speculative promotion; runtime-inactive
0x004A30F0,0x10,src/reagent/speculative/batch_000298.cpp,_ZNK6System6Skybox6Skybox16IsCreateResourceEv,arm-none-eabi-g++ 16.2.0,SOURCE_WRITTEN,COMPILES,SEMANTIC_VERIFIED,ASM_DIFFERENT,NOT_RUNTIME_TESTED,,,static.crs,reagent,RETAIL_ORIGINAL_SYMBOL,Phase 4H compile-first speculative promotion; runtime-inactive
0x004A3108,0x10,src/reagent/speculative/batch_000298.cpp,_ZNK6System6Skybox6Skybox14GetSunPositionEv,arm-none-eabi-g++ 16.2.0,SOURCE_WRITTEN,COMPILES,SEMANTIC_VERIFIED,ASM_DIFFERENT,NOT_RUNTIME_TESTED,,,static.crs,reagent,RETAIL_ORIGINAL_SYMBOL,Phase 4H compile-first speculative promotion; runtime-inactive
0x004A3800,0x10,src/reagent/speculative/batch_000298.cpp,_ZNK7poke_3d5model10BaseCamera11IsAnimationEv,arm-none-eabi-g++ 16.2.0,SOURCE_WRITTEN,COMPILES,SEMANTIC_VERIFIED,ASM_DIFFERENT,NOT_RUNTIME_TESTED,,,static.crs,reagent,RETAIL_ORIGINAL_SYMBOL,Phase 4H compile-first speculative promotion; runtime-inactive
0x004A59A0,0x10,src/reagent/speculative/batch_000298.cpp,_ZNK7poke_3d5model9BaseModel22HasAnimationControllerEv,arm-none-eabi-g++ 16.2.0,SOURCE_WRITTEN,COMPILES,SEMANTIC_VERIFIED,ASM_DIFFERENT,NOT_RUNTIME_TESTED,,,static.crs,reagent,RETAIL_ORIGINAL_SYMBOL,Phase 4H compile-first speculative promotion; runtime-inactive
0x004A5D00,0x10,src/reagent/speculative/batch_000298.cpp,_ZNK7poke_3d5model9BaseModel9IsCreatedEv,arm-none-eabi-g++ 16.2.0,SOURCE_WRITTEN,COMPILES,SEMANTIC_VERIFIED,ASM_DIFFERENT,NOT_RUNTIME_TESTED,,,static.crs,reagent,RETAIL_ORIGINAL_SYMBOL,Phase 4H compile-first speculative promotion; runtime-inactive
0x004A6BEC,0x10,src/reagent/speculative/batch_000298.cpp,_ZNK8Savedata10ConfigSave12GetBoxStatusEv,arm-none-eabi-g++ 16.2.0,SOURCE_WRITTEN,COMPILES,SEMANTIC_VERIFIED,ASM_DIFFERENT,NOT_RUNTIME_TESTED,,,static.crs,reagent,RETAIL_ORIGINAL_SYMBOL,Phase 4H compile-first speculative promotion; runtime-inactive
0x004A6BFC,0x10,src/reagent/speculative/batch_000298.cpp,_ZNK8Savedata10ConfigSave13GetBattleRuleEv,arm-none-eabi-g++ 16.2.0,SOURCE_WRITTEN,COMPILES,SEMANTIC_VERIFIED,ASM_DIFFERENT,NOT_RUNTIME_TESTED,,,static.crs,reagent,RETAIL_ORIGINAL_SYMBOL,Phase 4H compile-first speculative promotion; runtime-inactive
0x004A6C0C,0x10,src/reagent/speculative/batch_000298.cpp,_ZNK8Savedata10ConfigSave13GetButtonModeEv,arm-none-eabi-g++ 16.2.0,SOURCE_WRITTEN,COMPILES,SEMANTIC_VERIFIED,ASM_DIFFERENT,NOT_RUNTIME_TESTED,,,static.crs,reagent,RETAIL_ORIGINAL_SYMBOL,Phase 4H compile-first speculative promotion; runtime-inactive
0x004A6C28,0x10,src/reagent/speculative/batch_000298.cpp,_ZNK8Savedata10ConfigSave18GetBattleAnimationEv,arm-none-eabi-g++ 16.2.0,SOURCE_WRITTEN,COMPILES,SEMANTIC_VERIFIED,ASM_DIFFERENT,NOT_RUNTIME_TESTED,,,static.crs,reagent,RETAIL_ORIGINAL_SYMBOL,Phase 4H compile-first speculative promotion; runtime-inactive
0x004A7C84,0x10,src/reagent/speculative/batch_000298.cpp,_ZNK8Savedata4Misc20GetKawaigariTutorialEv,arm-none-eabi-g++ 16.2.0,SOURCE_WRITTEN,COMPILES,SEMANTIC_VERIFIED,ASM_DIFFERENT,NOT_RUNTIME_TESTED,,,static.crs,reagent,RETAIL_ORIGINAL_SYMBOL,Phase 4H compile-first speculative promotion; runtime-inactive
0x004A7C94,0x10,src/reagent/speculative/batch_000298.cpp,_ZNK8Savedata4Misc28GetBattleVideoPlayerTutorialEv,arm-none-eabi-g++ 16.2.0,SOURCE_WRITTEN,COMPILES,SEMANTIC_VERIFIED,ASM_DIFFERENT,NOT_RUNTIME_TESTED,,,static.crs,reagent,RETAIL_ORIGINAL_SYMBOL,Phase 4H compile-first speculative promotion; runtime-inactive
0x004A81D0,0x10,src/reagent/speculative/batch_000298.cpp,_ZNK8Savedata8GameTime13IsPenaltyModeEv,arm-none-eabi-g++ 16.2.0,SOURCE_WRITTEN,COMPILES,SEMANTIC_VERIFIED,ASM_DIFFERENT,NOT_RUNTIME_TESTED,,,static.crs,reagent,RETAIL_ORIGINAL_SYMBOL,Phase 4H compile-first speculative promotion; runtime-inactive
0x004A8518,0x10,src/reagent/speculative/batch_000298.cpp,_ZNK8Savedata8MyStatus14GetNexUniqueIDEv,arm-none-eabi-g++ 16.2.0,SOURCE_WRITTEN,COMPILES,SEMANTIC_VERIFIED,ASM_DIFFERENT,NOT_RUNTIME_TESTED,,,static.crs,reagent,RETAIL_ORIGINAL_SYMBOL,Phase 4H compile-first speculative promotion; runtime-inactive
0x004A8584,0x10,src/reagent/speculative/batch_000298.cpp,_ZNK8Savedata8MyStatus15HasZenryokuRingEv,arm-none-eabi-g++ 16.2.0,SOURCE_WRITTEN,COMPILES,SEMANTIC_VERIFIED,ASM_DIFFERENT,NOT_RUNTIME_TESTED,,,static.crs,reagent,RETAIL_ORIGINAL_SYMBOL,Phase 4H compile-first speculative promotion; runtime-inactive
0x004A86DC,0x10,src/reagent/speculative/batch_000298.cpp,_ZNK8Savedata8MyStatus7GetAreaEv,arm-none-eabi-g++ 16.2.0,SOURCE_WRITTEN,COMPILES,SEMANTIC_VERIFIED,ASM_DIFFERENT,NOT_RUNTIME_TESTED,,,static.crs,reagent,RETAIL_ORIGINAL_SYMBOL,Phase 4H compile-first speculative promotion; runtime-inactive
0x004A8A80,0x10,src/reagent/speculative/batch_000298.cpp,_ZNK8Savedata9FieldMenu11GetMenuPageEv,arm-none-eabi-g++ 16.2.0,SOURCE_WRITTEN,COMPILES,SEMANTIC_VERIFIED,ASM_DIFFERENT,NOT_RUNTIME_TESTED,,,static.crs,reagent,RETAIL_ORIGINAL_SYMBOL,Phase 4H compile-first speculative promotion; runtime-inactive
0x004A8AD0,0x10,src/reagent/speculative/batch_000298.cpp,_ZNK8Savedata9FieldMenu14IsVisibleRotomEv,arm-none-eabi-g++ 16.2.0,SOURCE_WRITTEN,COMPILES,SEMANTIC_VERIFIED,ASM_DIFFERENT,NOT_RUNTIME_TESTED,,,static.crs,reagent,RETAIL_ORIGINAL_SYMBOL,Phase 4H compile-first speculative promotion; runtime-inactive
0x004AB338,0x10,src/reagent/speculative/batch_000298.cpp,_ZNK9NetAppLib9JoinFesta21JoinFestaPersonalData27GetRecommendFacilitiesColorEv,arm-none-eabi-g++ 16.2.0,SOURCE_WRITTEN,COMPILES,SEMANTIC_VERIFIED,ASM_DIFFERENT,NOT_RUNTIME_TESTED,,,static.crs,reagent,RETAIL_ORIGINAL_SYMBOL,Phase 4H compile-first speculative promotion; runtime-inactive
0x004AB3EC,0x10,src/reagent/speculative/batch_000298.cpp,_ZNK9NetAppLib9JoinFesta21JoinFestaPersonalData33GetRecommendFacilitiesCharacterIdEv,arm-none-eabi-g++ 16.2.0,SOURCE_WRITTEN,COMPILES,SEMANTIC_VERIFIED,ASM_DIFFERENT,NOT_RUNTIME_TESTED,,,static.crs,reagent,RETAIL_ORIGINAL_SYMBOL,Phase 4H compile-first speculative promotion; runtime-inactive
0x004AB468,0x10,src/reagent/speculative/batch_000298.cpp,_ZNK9NetAppLib9JoinFesta27JoinFestaInformationMessage14IsMessageExistEv,arm-none-eabi-g++ 16.2.0,SOURCE_WRITTEN,COMPILES,SEMANTIC_VERIFIED,ASM_DIFFERENT,NOT_RUNTIME_TESTED,,,static.crs,reagent,RETAIL_ORIGINAL_SYMBOL,Phase 4H compile-first speculative promotion; runtime-inactive
0x002CC1A8,0x14,src/reagent/speculative/batch_000298.cpp,_ZN3App4Tool11NewPaneList14IsModuleActionEv,arm-none-eabi-g++ 16.2.0,SOURCE_WRITTEN,COMPILES,SEMANTIC_VERIFIED,ASM_DIFFERENT,NOT_RUNTIME_TESTED,,,static.crs,reagent,RETAIL_ORIGINAL_SYMBOL,Phase 4H compile-first speculative promotion; runtime-inactive
0x002E66B0,0x14,src/reagent/speculative/batch_000298.cpp,_ZN3App9FieldMenu8PlayData23GetRotomMessageIsUpdateEj,arm-none-eabi-g++ 16.2.0,SOURCE_WRITTEN,COMPILES,SEMANTIC_VERIFIED,ASM_DIFFERENT,NOT_RUNTIME_TESTED,,,static.crs,reagent,RETAIL_ORIGINAL_SYMBOL,Phase 4H compile-first speculative promotion; runtime-inactive
0x002E66CC,0x14,src/reagent/speculative/batch_000298.cpp,_ZN3App9FieldMenu8PlayData25ResetRotomMessageIsUpdateEj,arm-none-eabi-g++ 16.2.0,SOURCE_WRITTEN,COMPILES,SEMANTIC_VERIFIED,ASM_DIFFERENT,NOT_RUNTIME_TESTED,,,static.crs,reagent,RETAIL_ORIGINAL_SYMBOL,Phase 4H compile-first speculative promotion; runtime-inactive
0x002EF738,0x14,src/reagent/speculative/batch_000298.cpp,_ZN3app4tool14ItemIconToolExD1Ev,arm-none-eabi-g++ 16.2.0,SOURCE_WRITTEN,COMPILES,SEMANTIC_VERIFIED,ASM_DIFFERENT,NOT_RUNTIME_TESTED,,,static.crs,reagent,RETAIL_ORIGINAL_SYMBOL,Phase 4H compile-first speculative promotion; runtime-inactive
0x002F024C,0x14,src/reagent/speculative/batch_000298.cpp,_ZN3app4tool14PokeIconToolExD1Ev,arm-none-eabi-g++ 16.2.0,SOURCE_WRITTEN,COMPILES,SEMANTIC_VERIFIED,ASM_DIFFERENT,NOT_RUNTIME_TESTED,,,static.crs,reagent,RETAIL_ORIGINAL_SYMBOL,Phase 4H compile-first speculative promotion; runtime-inactive
0x0030DA90,0x14,src/reagent/speculative/batch_000298.cpp,_ZN3app4util25AppQRTextureCreateUtility20GetLytResTextureInfoEv,arm-none-eabi-g++ 16.2.0,SOURCE_WRITTEN,COMPILES,SEMANTIC_VERIFIED,ASM_DIFFERENT,NOT_RUNTIME_TESTED,,,static.crs,reagent,RETAIL_ORIGINAL_SYMBOL,Phase 4H compile-first speculative promotion; runtime-inactive
0x00310DB4,0x14,src/reagent/speculative/batch_000298.cpp,_ZN3app4util7G2DUtil19SetLayoutDrawEnableEjb,arm-none-eabi-g++ 16.2.0,SOURCE_WRITTEN,COMPILES,SEMANTIC_VERIFIED,ASM_DIFFERENT,NOT_RUNTIME_TESTED,,,static.crs,reagent,RETAIL_ORIGINAL_SYMBOL,Phase 4H compile-first speculative promotion; runtime-inactive
0x00393220,0x14,src/reagent/speculative/batch_000298.cpp,_ZN5Field20EventPokemonRideTool10IsNaminoriENS_15RIDE_POKEMON_IDE,arm-none-eabi-g++ 16.2.0,SOURCE_WRITTEN,COMPILES,SEMANTIC_VERIFIED,ASM_DIFFERENT,NOT_RUNTIME_TESTED,,,static.crs,reagent,RETAIL_ORIGINAL_SYMBOL,Phase 4H compile-first speculative promotion; runtime-inactive
0x003CF6FC,0x14,src/reagent/speculative/batch_000298.cpp,_ZN6NetApp4Live7LiveNet11IsConnectedEv,arm-none-eabi-g++ 16.2.0,SOURCE_WRITTEN,COMPILES,SEMANTIC_VERIFIED,ASM_DIFFERENT,NOT_RUNTIME_TESTED,,,static.crs,reagent,RETAIL_ORIGINAL_SYMBOL,Phase 4H compile-first speculative promotion; runtime-inactive
0x003CF710,0x14,src/reagent/speculative/batch_000298.cpp,_ZN6NetApp4Live7LiveNet14IsDisconnectedEv,arm-none-eabi-g++ 16.2.0,SOURCE_WRITTEN,COMPILES,SEMANTIC_VERIFIED,ASM_DIFFERENT,NOT_RUNTIME_TESTED,,,static.crs,reagent,RETAIL_ORIGINAL_SYMBOL,Phase 4H compile-first speculative promotion; runtime-inactive
0x0041AEB0,0x14,src/reagent/speculative/batch_000298.cpp,_ZN7poke_3d8renderer15BloomRenderPath19SetAlphaMaskTextureEPKN4gfl23gfx7TextureE,arm-none-eabi-g++ 16.2.0,SOURCE_WRITTEN,COMPILES,SEMANTIC_VERIFIED,ASM_DIFFERENT,NOT_RUNTIME_TESTED,,,static.crs,reagent,RETAIL_ORIGINAL_SYMBOL,Phase 4H compile-first speculative promotion; runtime-inactive
0x00439EEC,0x14,src/reagent/speculative/batch_000298.cpp,_ZN8Savedata11FishingSpot10EscapeRareEj,arm-none-eabi-g++ 16.2.0,SOURCE_WRITTEN,COMPILES,SEMANTIC_VERIFIED,ASM_DIFFERENT,NOT_RUNTIME_TESTED,,,static.crs,reagent,RETAIL_ORIGINAL_SYMBOL,Phase 4H compile-first speculative promotion; runtime-inactive
0x004417A4,0x14,src/reagent/speculative/batch_000298.cpp,_ZN8Savedata4Misc20SetGakusyuusoutiFlagEb,arm-none-eabi-g++ 16.2.0,SOURCE_WRITTEN,COMPILES,SEMANTIC_VERIFIED,ASM_DIFFERENT,NOT_RUNTIME_TESTED,,,static.crs,reagent,RETAIL_ORIGINAL_SYMBOL,Phase 4H compile-first speculative promotion; runtime-inactive
0x00444FB4,0x14,src/reagent/speculative/batch_000298.cpp,_ZN8Savedata9FieldMenu13IsRideNewFlagENS0_6RideIDE,arm-none-eabi-g++ 16.2.0,SOURCE_WRITTEN,COMPILES,SEMANTIC_VERIFIED,ASM_DIFFERENT,NOT_RUNTIME_TESTED,,,static.crs,reagent,RETAIL_ORIGINAL_SYMBOL,Phase 4H compile-first speculative promotion; runtime-inactive
0x0045DDF0,0x14,src/reagent/speculative/batch_000298.cpp,_ZN9NetAppLib4Util24NetAppTrainerIconUtility8IsDeleteEv,arm-none-eabi-g++ 16.2.0,SOURCE_WRITTEN,COMPILES,SEMANTIC_VERIFIED,ASM_DIFFERENT,NOT_RUNTIME_TESTED,,,static.crs,reagent,RETAIL_ORIGINAL_SYMBOL,Phase 4H compile-first speculative promotion; runtime-inactive
0x00471B00,0x14,src/reagent/speculative/batch_000298.cpp,_ZN9NetAppLib9JoinFesta26JoinFestaAttractionManager9IsPlayingEv,arm-none-eabi-g++ 16.2.0,SOURCE_WRITTEN,COMPILES,SEMANTIC_VERIFIED,ASM_DIFFERENT,NOT_RUNTIME_TESTED,,,static.crs,reagent,RETAIL_ORIGINAL_SYMBOL,Phase 4H compile-first speculative promotion; runtime-inactive
0x00486074,0x14,src/reagent/speculative/batch_000298.cpp,_ZNK2nw3lyt7TextBox21GetStringBufferLengthEv,arm-none-eabi-g++ 16.2.0,SOURCE_WRITTEN,COMPILES,SEMANTIC_VERIFIED,ASM_DIFFERENT,NOT_RUNTIME_TESTED,,,static.crs,reagent,RETAIL_ORIGINAL_SYMBOL,Phase 4H compile-first speculative promotion; runtime-inactive
0x0048E188,0x14,src/reagent/speculative/batch_000298.cpp,_ZNK3app4tool14ResourceLoader14IsLoadCompleteEv,arm-none-eabi-g++ 16.2.0,SOURCE_WRITTEN,COMPILES,SEMANTIC_VERIFIED,ASM_DIFFERENT,NOT_RUNTIME_TESTED,,,static.crs,reagent,RETAIL_ORIGINAL_SYMBOL,Phase 4H compile-first speculative promotion; runtime-inactive
0x0048E648,0x14,src/reagent/speculative/batch_000298.cpp,_ZNK3app4tool25AppToolHPGaugePartsLayout7IsAnimeEv,arm-none-eabi-g++ 16.2.0,SOURCE_WRITTEN,COMPILES,SEMANTIC_VERIFIED,ASM_DIFFERENT,NOT_RUNTIME_TESTED,,,static.crs,reagent,RETAIL_ORIGINAL_SYMBOL,Phase 4H compile-first speculative promotion; runtime-inactive
0x0049CEDC,0x14,src/reagent/speculative/batch_000298.cpp,_ZNK5Field11FieldScript10SystemWork8CheckBitENS0_17SCR_END_CHECK_BITE,arm-none-eabi-g++ 16.2.0,SOURCE_WRITTEN,COMPILES,SEMANTIC_VERIFIED,ASM_DIFFERENT,NOT_RUNTIME_TESTED,,,static.crs,reagent,RETAIL_ORIGINAL_SYMBOL,Phase 4H compile-first speculative promotion; runtime-inactive
0x0049CF20,0x14,src/reagent/speculative/batch_000298.cpp,_ZNK5Field11FieldScript17FieldScriptSystem18IsMsgUpdateFuncEndEv,arm-none-eabi-g++ 16.2.0,SOURCE_WRITTEN,COMPILES,SEMANTIC_VERIFIED,ASM_DIFFERENT,NOT_RUNTIME_TESTED,,,static.crs,reagent,RETAIL_ORIGINAL_SYMBOL,Phase 4H compile-first speculative promotion; runtime-inactive
0x0049CF74,0x14,src/reagent/speculative/batch_000298.cpp,_ZNK5Field11FieldScript17FieldScriptSystem22IsReserveScriptSettingEv,arm-none-eabi-g++ 16.2.0,SOURCE_WRITTEN,COMPILES,SEMANTIC_VERIFIED,ASM_DIFFERENT,NOT_RUNTIME_TESTED,,,static.crs,reagent,RETAIL_ORIGINAL_SYMBOL,Phase 4H compile-first speculative promotion; runtime-inactive
0x0049F17C,0x14,src/reagent/speculative/batch_000298.cpp,_ZNK5Field9MoveModel14FieldMoveModel13CheckStateBitENS0_22FieldMoveModelStateBitE,arm-none-eabi-g++ 16.2.0,SOURCE_WRITTEN,COMPILES,SEMANTIC_VERIFIED,ASM_DIFFERENT,NOT_RUNTIME_TESTED,,,static.crs,reagent,RETAIL_ORIGINAL_SYMBOL,Phase 4H compile-first speculative promotion; runtime-inactive
0x0049F980,0x14,src/reagent/speculative/batch_000298.cpp,_ZNK5Field9MoveModel27FieldMoveModelShadowManager15GetEffectShadowEj,arm-none-eabi-g++ 16.2.0,SOURCE_WRITTEN,COMPILES,SEMANTIC_VERIFIED,ASM_DIFFERENT,NOT_RUNTIME_TESTED,,,static.crs,reagent,RETAIL_ORIGINAL_SYMBOL,Phase 4H compile-first speculative promotion; runtime-inactive
0x004A32AC,0x14,src/reagent/speculative/batch_000298.cpp,_ZNK7GameSys16GameEventManager8IsExistsEv,arm-none-eabi-g++ 16.2.0,SOURCE_WRITTEN,COMPILES,SEMANTIC_VERIFIED,ASM_DIFFERENT,NOT_RUNTIME_TESTED,,,static.crs,reagent,RETAIL_ORIGINAL_SYMBOL,Phase 4H compile-first speculative promotion; runtime-inactive
0x004A6BBC,0x14,src/reagent/speculative/batch_000298.cpp,_ZNK8PokeTool9PokeModel11GetPokeSizeEv,arm-none-eabi-g++ 16.2.0,SOURCE_WRITTEN,COMPILES,SEMANTIC_VERIFIED,ASM_DIFFERENT,NOT_RUNTIME_TESTED,,,static.crs,reagent,RETAIL_ORIGINAL_SYMBOL,Phase 4H compile-first speculative promotion; runtime-inactive
0x004A6C38,0x14,src/reagent/speculative/batch_000298.cpp,_ZNK8Savedata11FishingSpot11NeedLotteryEv,arm-none-eabi-g++ 16.2.0,SOURCE_WRITTEN,COMPILES,SEMANTIC_VERIFIED,ASM_DIFFERENT,NOT_RUNTIME_TESTED,,,static.crs,reagent,RETAIL_ORIGINAL_SYMBOL,Phase 4H compile-first speculative promotion; runtime-inactive
0x004AA728,0x14,src/reagent/speculative/batch_000298.cpp,_ZNK9NetAppLib9JoinFesta21JoinFestaPersonalData11IsRelatonMeEv,arm-none-eabi-g++ 16.2.0,SOURCE_WRITTEN,COMPILES,SEMANTIC_VERIFIED,ASM_DIFFERENT,NOT_RUNTIME_TESTED,,,static.crs,reagent,RETAIL_ORIGINAL_SYMBOL,Phase 4H compile-first speculative promotion; runtime-inactive
0x004AA744,0x14,src/reagent/speculative/batch_000298.cpp,_ZNK9NetAppLib9JoinFesta21JoinFestaPersonalData12IsRelatonVipEv,arm-none-eabi-g++ 16.2.0,SOURCE_WRITTEN,COMPILES,SEMANTIC_VERIFIED,ASM_DIFFERENT,NOT_RUNTIME_TESTED,,,static.crs,reagent,RETAIL_ORIGINAL_SYMBOL,Phase 4H compile-first speculative promotion; runtime-inactive
0x002D30BC,0x18,src/reagent/speculative/batch_000298.cpp,_ZN3App4Tool8ListMenu16IsInstanceDeleteEv,arm-none-eabi-g++ 16.2.0,SOURCE_WRITTEN,COMPILES,SEMANTIC_VERIFIED,ASM_DIFFERENT,NOT_RUNTIME_TESTED,,,static.crs,reagent,RETAIL_ORIGINAL_SYMBOL,Phase 4H compile-first speculative promotion; runtime-inactive
0x002E89E4,0x18,src/reagent/speculative/batch_000298.cpp,_ZN3app4tool10IconObject12IsReplaceTexEv,arm-none-eabi-g++ 16.2.0,SOURCE_WRITTEN,COMPILES,SEMANTIC_VERIFIED,ASM_DIFFERENT,NOT_RUNTIME_TESTED,,,static.crs,reagent,RETAIL_ORIGINAL_SYMBOL,Phase 4H compile-first speculative promotion; runtime-inactive
0x002EC000,0x18,src/reagent/speculative/batch_000298.cpp,_ZN3app4tool10MenuWindow12SetInputModeENS0_13ButtonManager9InputModeE,arm-none-eabi-g++ 16.2.0,SOURCE_WRITTEN,COMPILES,SEMANTIC_VERIFIED,ASM_DIFFERENT,NOT_RUNTIME_TESTED,,,static.crs,reagent,RETAIL_ORIGINAL_SYMBOL,Phase 4H compile-first speculative promotion; runtime-inactive
0x002F399C,0x18,src/reagent/speculative/batch_000298.cpp,_ZN3app4tool16GeneralLowerView15SetBGVisibilityEb,arm-none-eabi-g++ 16.2.0,SOURCE_WRITTEN,COMPILES,SEMANTIC_VERIFIED,ASM_DIFFERENT,NOT_RUNTIME_TESTED,,,static.crs,reagent,RETAIL_ORIGINAL_SYMBOL,Phase 4H compile-first speculative promotion; runtime-inactive
0x00305680,0x18,src/reagent/speculative/batch_000298.cpp,_ZN3app4tool9ScrollBar10SetVisibleEb,arm-none-eabi-g++ 16.2.0,SOURCE_WRITTEN,COMPILES,SEMANTIC_VERIFIED,ASM_DIFFERENT,NOT_RUNTIME_TESTED,,,static.crs,reagent,RETAIL_ORIGINAL_SYMBOL,Phase 4H compile-first speculative promotion; runtime-inactive
0x00333E10,0x18,src/reagent/speculative/batch_000298.cpp,_ZN4gfl215renderingengine8renderer11DrawManager21ViewSpaceRenderEnableEi,arm-none-eabi-g++ 16.2.0,SOURCE_WRITTEN,COMPILES,SEMANTIC_VERIFIED,ASM_DIFFERENT,NOT_RUNTIME_TESTED,,,static.crs,reagent,RETAIL_ORIGINAL_SYMBOL,Phase 4H compile-first speculative promotion; runtime-inactive
0x00346A70,0x18,src/reagent/speculative/batch_000298.cpp,_ZN4gfl22ui6Button19AddButtonAssignmentENS0_8ButtonIDES2_,arm-none-eabi-g++ 16.2.0,SOURCE_WRITTEN,COMPILES,SEMANTIC_VERIFIED,ASM_DIFFERENT,NOT_RUNTIME_TESTED,,,static.crs,reagent,RETAIL_ORIGINAL_SYMBOL,Phase 4H compile-first speculative promotion; runtime-inactive
0x00346C08,0x18,src/reagent/speculative/batch_000298.cpp,_ZN4gfl22ui6Button22RemoveButtonAssignmentENS0_8ButtonIDES2_,arm-none-eabi-g++ 16.2.0,SOURCE_WRITTEN,COMPILES,SEMANTIC_VERIFIED,ASM_DIFFERENT,NOT_RUNTIME_TESTED,,,static.crs,reagent,RETAIL_ORIGINAL_SYMBOL,Phase 4H compile-first speculative promotion; runtime-inactive
0x0036D118,0x18,src/reagent/speculative/batch_000298.cpp,_ZN4item17ITEM_CheckPokeAddEt,arm-none-eabi-g++ 16.2.0,SOURCE_WRITTEN,COMPILES,SEMANTIC_VERIFIED,ASM_DIFFERENT,NOT_RUNTIME_TESTED,,,static.crs,reagent,RETAIL_ORIGINAL_SYMBOL,Phase 4H compile-first speculative promotion; runtime-inactive
0x0039A1A0,0x18,src/reagent/speculative/batch_000298.cpp,_ZN5Field9EventWork15CanUseMushiyokeEv,arm-none-eabi-g++ 16.2.0,SOURCE_WRITTEN,COMPILES,SEMANTIC_VERIFIED,ASM_DIFFERENT,NOT_RUNTIME_TESTED,,,static.crs,reagent,RETAIL_ORIGINAL_SYMBOL,Phase 4H compile-first speculative promotion; runtime-inactive
0x003EE4A0,0x18,src/reagent/speculative/batch_000298.cpp,_ZN6hangul8IsKSJamoEw,arm-none-eabi-g++ 16.2.0,SOURCE_WRITTEN,COMPILES,SEMANTIC_VERIFIED,ASM_DIFFERENT,NOT_RUNTIME_TESTED,,,static.crs,reagent,RETAIL_ORIGINAL_SYMBOL,Phase 4H compile-first speculative promotion; runtime-inactive
0x00417F08,0x18,src/reagent/speculative/batch_000298.cpp,_ZN7poke_3d5model9BaseModel26SetInterestResetFrameCountEji,arm-none-eabi-g++ 16.2.0,SOURCE_WRITTEN,COMPILES,SEMANTIC_VERIFIED,ASM_DIFFERENT,NOT_RUNTIME_TESTED,,,static.crs,reagent,RETAIL_ORIGINAL_SYMBOL,Phase 4H compile-first speculative promotion; runtime-inactive
0x00437AE8,0x18,src/reagent/speculative/batch_000298.cpp,_ZN8Savedata10ConfigSave15SetTalkingSpeedENS0_9MSG_SPEEDE,arm-none-eabi-g++ 16.2.0,SOURCE_WRITTEN,COMPILES,SEMANTIC_VERIFIED,ASM_DIFFERENT,NOT_RUNTIME_TESTED,,,static.crs,reagent,RETAIL_ORIGINAL_SYMBOL,Phase 4H compile-first speculative promotion; runtime-inactive
0x0043A2E8,0x18,src/reagent/speculative/batch_000298.cpp,_ZN8Savedata12GameSyncSave23SetDispedFirstGuideFlagEb,arm-none-eabi-g++ 16.2.0,SOURCE_WRITTEN,COMPILES,SEMANTIC_VERIFIED,ASM_DIFFERENT,NOT_RUNTIME_TESTED,,,static.crs,reagent,RETAIL_ORIGINAL_SYMBOL,Phase 4H compile-first speculative promotion; runtime-inactive
0x0044548C,0x18,src/reagent/speculative/batch_000298.cpp,_ZN8Savedata9FieldMenu15SetVisibleRotomEb,arm-none-eabi-g++ 16.2.0,SOURCE_WRITTEN,COMPILES,SEMANTIC_VERIFIED,ASM_DIFFERENT,NOT_RUNTIME_TESTED,,,static.crs,reagent,RETAIL_ORIGINAL_SYMBOL,Phase 4H compile-first speculative promotion; runtime-inactive
0x0048E168,0x18,src/reagent/speculative/batch_000298.cpp,_ZNK3app4tool18InfoWindowBookType9IsCreatedEv,arm-none-eabi-g++ 16.2.0,SOURCE_WRITTEN,COMPILES,SEMANTIC_VERIFIED,ASM_DIFFERENT,NOT_RUNTIME_TESTED,,,static.crs,reagent,RETAIL_ORIGINAL_SYMBOL,Phase 4H compile-first speculative promotion; runtime-inactive
0x0048E904,0x18,src/reagent/speculative/batch_000298.cpp,_ZNK3app4util19AppRenderingManager10CanDestroyEv,arm-none-eabi-g++ 16.2.0,SOURCE_WRITTEN,COMPILES,SEMANTIC_VERIFIED,ASM_DIFFERENT,NOT_RUNTIME_TESTED,,,static.crs,reagent,RETAIL_ORIGINAL_SYMBOL,Phase 4H compile-first speculative promotion; runtime-inactive
0x0049A794,0x18,src/reagent/speculative/batch_000298.cpp,_ZNK4gfl23lyt5LytWk9IsDrawingEv,arm-none-eabi-g++ 16.2.0,SOURCE_WRITTEN,COMPILES,SEMANTIC_VERIFIED,ASM_DIFFERENT,NOT_RUNTIME_TESTED,,,static.crs,reagent,RETAIL_ORIGINAL_SYMBOL,Phase 4H compile-first speculative promotion; runtime-inactive
0x0049BED4,0x18,src/reagent/speculative/batch_000298.cpp,_ZNK7poke_3d5model9BaseModel16IsFinishInterestEv,arm-none-eabi-g++ 16.2.0,SOURCE_WRITTEN,COMPILES,SEMANTIC_VERIFIED,ASM_DIFFERENT,NOT_RUNTIME_TESTED,,,static.crs,reagent,RETAIL_ORIGINAL_SYMBOL,Phase 4H compile-first speculative promotion; runtime-inactive
0x004A43B0,0x18,src/reagent/speculative/batch_000298.cpp,_ZNK7poke_3d5model10CharaModel12IsFinishNeckEv,arm-none-eabi-g++ 16.2.0,SOURCE_WRITTEN,COMPILES,SEMANTIC_VERIFIED,ASM_DIFFERENT,NOT_RUNTIME_TESTED,,,static.crs,reagent,RETAIL_ORIGINAL_SYMBOL,Phase 4H compile-first speculative promotion; runtime-inactive
0x004A6F14,0x18,src/reagent/speculative/batch_000298.cpp,_ZNK8Savedata15MysteryGiftSave11GetGiftDataEj,arm-none-eabi-g++ 16.2.0,SOURCE_WRITTEN,COMPILES,SEMANTIC_VERIFIED,ASM_DIFFERENT,NOT_RUNTIME_TESTED,,,static.crs,reagent,RETAIL_ORIGINAL_SYMBOL,Phase 4H compile-first speculative promotion; runtime-inactive
0x004A861C,0x18,src/reagent/speculative/batch_000298.cpp,_ZNK8Savedata8MyStatus18IsValidNexUniqueIDEv,arm-none-eabi-g++ 16.2.0,SOURCE_WRITTEN,COMPILES,SEMANTIC_VERIFIED,ASM_DIFFERENT,NOT_RUNTIME_TESTED,,,static.crs,reagent,RETAIL_ORIGINAL_SYMBOL,Phase 4H compile-first speculative promotion; runtime-inactive
0x003A84A8,0x1C,src/reagent/speculative/batch_000298.cpp,_ZN5Field9SubScreen14FieldSubScreen16SetFieldMenuProcEPN3App9FieldMenu22FieldMenuSubWindowProcE,arm-none-eabi-g++ 16.2.0,SOURCE_WRITTEN,COMPILES,SEMANTIC_VERIFIED,ASM_DIFFERENT,NOT_RUNTIME_TESTED,,,static.crs,reagent,RETAIL_ORIGINAL_SYMBOL,Phase 4H compile-first speculative promotion; runtime-inactive
0x0041780C,0x1C,src/reagent/speculative/batch_000298.cpp,_ZN7poke_3d5model9BaseModel16SetInterestSpeedEjf,arm-none-eabi-g++ 16.2.0,SOURCE_WRITTEN,COMPILES,SEMANTIC_VERIFIED,ASM_DIFFERENT,NOT_RUNTIME_TESTED,,,static.crs,reagent,RETAIL_ORIGINAL_SYMBOL,Phase 4H compile-first speculative promotion; runtime-inactive
0x00437A70,0x1C,src/reagent/speculative/batch_000298.cpp,_ZN8Savedata10ConfigSave12SetBoxStatusENS0_10BOX_STATUSE,arm-none-eabi-g++ 16.2.0,SOURCE_WRITTEN,COMPILES,SEMANTIC_VERIFIED,ASM_DIFFERENT,NOT_RUNTIME_TESTED,,,static.crs,reagent,RETAIL_ORIGINAL_SYMBOL,Phase 4H compile-first speculative promotion; runtime-inactive
0x00437ACC,0x1C,src/reagent/speculative/batch_000298.cpp,_ZN8Savedata10ConfigSave13SetBattleRuleENS0_11BATTLE_RULEE,arm-none-eabi-g++ 16.2.0,SOURCE_WRITTEN,COMPILES,SEMANTIC_VERIFIED,ASM_DIFFERENT,NOT_RUNTIME_TESTED,,,static.crs,reagent,RETAIL_ORIGINAL_SYMBOL,Phase 4H compile-first speculative promotion; runtime-inactive
0x00437B00,0x1C,src/reagent/speculative/batch_000298.cpp,_ZN8Savedata10ConfigSave18SetBattleAnimationENS0_16BATTLE_ANIMATIONE,arm-none-eabi-g++ 16.2.0,SOURCE_WRITTEN,COMPILES,SEMANTIC_VERIFIED,ASM_DIFFERENT,NOT_RUNTIME_TESTED,,,static.crs,reagent,RETAIL_ORIGINAL_SYMBOL,Phase 4H compile-first speculative promotion; runtime-inactive
0x0043E71C,0x1C,src/reagent/speculative/batch_000298.cpp,_ZN8Savedata17JoinFestaDataSave16SetFortuneResultEN15JoinFestaScript15FacilitiesIndexENS1_16FortuneResultHitENS1_19FortuneResultActionE,arm-none-eabi-g++ 16.2.0,SOURCE_WRITTEN,COMPILES,SEMANTIC_VERIFIED,ASM_DIFFERENT,NOT_RUNTIME_TESTED,,,static.crs,reagent,RETAIL_ORIGINAL_SYMBOL,Phase 4H compile-first speculative promotion; runtime-inactive
0x004415BC,0x1C,src/reagent/speculative/batch_000298.cpp,_ZN8Savedata4Misc16SetStrInputParamEj,arm-none-eabi-g++ 16.2.0,SOURCE_WRITTEN,COMPILES,SEMANTIC_VERIFIED,ASM_DIFFERENT,NOT_RUNTIME_TESTED,,,static.crs,reagent,RETAIL_ORIGINAL_SYMBOL,Phase 4H compile-first speculative promotion; runtime-inactive
0x004419A4,0x1C,src/reagent/speculative/batch_000298.cpp,_ZN8Savedata4Misc7SubGoldEj,arm-none-eabi-g++ 16.2.0,SOURCE_WRITTEN,COMPILES,SEMANTIC_VERIFIED,ASM_DIFFERENT,NOT_RUNTIME_TESTED,,,static.crs,reagent,RETAIL_ORIGINAL_SYMBOL,Phase 4H compile-first speculative promotion; runtime-inactive
0x004A2B04,0x1C,src/reagent/speculative/batch_000298.cpp,_ZNK6NetLib10Validation17PokemonValidation12IsConnectingEv,arm-none-eabi-g++ 16.2.0,SOURCE_WRITTEN,COMPILES,SEMANTIC_VERIFIED,ASM_DIFFERENT,NOT_RUNTIME_TESTED,,,static.crs,reagent,RETAIL_ORIGINAL_SYMBOL,Phase 4H compile-first speculative promotion; runtime-inactive
0x004A2C9C,0x1C,src/reagent/speculative/batch_000298.cpp,_ZNK6NetLib3Pgl12PGLConnector12IsConnectingEv,arm-none-eabi-g++ 16.2.0,SOURCE_WRITTEN,COMPILES,SEMANTIC_VERIFIED,ASM_DIFFERENT,NOT_RUNTIME_TESTED,,,static.crs,reagent,RETAIL_ORIGINAL_SYMBOL,Phase 4H compile-first speculative promotion; runtime-inactive
0x004A6BD0,0x1C,src/reagent/speculative/batch_000298.cpp,_ZNK8Savedata10ConfigSave11IsKanjiModeEv,arm-none-eabi-g++ 16.2.0,SOURCE_WRITTEN,COMPILES,SEMANTIC_VERIFIED,ASM_DIFFERENT,NOT_RUNTIME_TESTED,,,static.crs,reagent,RETAIL_ORIGINAL_SYMBOL,Phase 4H compile-first speculative promotion; runtime-inactive
0x004AB49C,0x1C,src/reagent/speculative/batch_000298.cpp,_ZNK9NetAppLib9JoinFesta28JoinFestaPersonalDataManager6IsFullENS0_15JoinFestaDefine21E_JOIN_FESTA_RELATIONE,arm-none-eabi-g++ 16.2.0,SOURCE_WRITTEN,COMPILES,SEMANTIC_VERIFIED,ASM_DIFFERENT,NOT_RUNTIME_TESTED,,,static.crs,reagent,RETAIL_ORIGINAL_SYMBOL,Phase 4H compile-first speculative promotion; runtime-inactive
0x002E6624,0x20,src/reagent/speculative/batch_000298.cpp,_ZN3App9FieldMenu8PlayData16InitRotomMessageEj,arm-none-eabi-g++ 16.2.0,SOURCE_WRITTEN,COMPILES,SEMANTIC_VERIFIED,ASM_DIFFERENT,NOT_RUNTIME_TESTED,,,static.crs,reagent,RETAIL_ORIGINAL_SYMBOL,Phase 4H compile-first speculative promotion; runtime-inactive
0x0034C2E0,0x20,src/reagent/speculative/batch_000298.cpp,_ZN4gfl23gfx8CommonGL17SetActiveDisplay_EPv,arm-none-eabi-g++ 16.2.0,SOURCE_WRITTEN,COMPILES,SEMANTIC_VERIFIED,ASM_DIFFERENT,NOT_RUNTIME_TESTED,,,static.crs,reagent,RETAIL_ORIGINAL_SYMBOL,Phase 4H compile-first speculative promotion; runtime-inactive
0x0042FE78,0x20,src/reagent/speculative/batch_000298.cpp,_ZN8PokeTool15PokeModelSystem21CalcPokeModelHeapSizeEPKNS0_10HeapOptionE,arm-none-eabi-g++ 16.2.0,SOURCE_WRITTEN,COMPILES,SEMANTIC_VERIFIED,ASM_DIFFERENT,NOT_RUNTIME_TESTED,,,static.crs,reagent,RETAIL_ORIGINAL_SYMBOL,Phase 4H compile-first speculative promotion; runtime-inactive
0x004A2CEC,0x20,src/reagent/speculative/batch_000298.cpp,_ZNK6NetLib4Wifi19SubscriptionManager17CanOpenAttractionEv,arm-none-eabi-g++ 16.2.0,SOURCE_WRITTEN,COMPILES,SEMANTIC_VERIFIED,ASM_DIFFERENT,NOT_RUNTIME_TESTED,,,static.crs,reagent,RETAIL_ORIGINAL_SYMBOL,Phase 4H compile-first speculative promotion; runtime-inactive
0x00443A88,0x24,src/reagent/speculative/batch_000298.cpp,_ZN8Savedata8MyStatus17SetQuickMatchInfoEbbb,arm-none-eabi-g++ 16.2.0,SOURCE_WRITTEN,COMPILES,SEMANTIC_VERIFIED,ASM_DIFFERENT,NOT_RUNTIME_TESTED,,,static.crs,reagent,RETAIL_ORIGINAL_SYMBOL,Phase 4H compile-first speculative promotion; runtime-inactive
0x0035DE7C,0x28,src/reagent/speculative/batch_000298.cpp,_ZN4gfl26Effect6Handle13GetEmitterSetEv,arm-none-eabi-g++ 16.2.0,SOURCE_WRITTEN,COMPILES,SEMANTIC_VERIFIED,ASM_DIFFERENT,NOT_RUNTIME_TESTED,,,static.crs,reagent,RETAIL_ORIGINAL_SYMBOL,Phase 4H compile-first speculative promotion; runtime-inactive
0x00438BFC,0x28,src/reagent/speculative/batch_000298.cpp,_ZN8Savedata10ResortSave18GetTreasureItemNumEv,arm-none-eabi-g++ 16.2.0,SOURCE_WRITTEN,COMPILES,SEMANTIC_VERIFIED,ASM_DIFFERENT,NOT_RUNTIME_TESTED,,,static.crs,reagent,RETAIL_ORIGINAL_SYMBOL,Phase 4H compile-first speculative promotion; runtime-inactive
0x002CB3BC,0x2C,src/reagent/speculative/batch_000298.cpp,_ZN3App4Tool10TalkWindow21SetEnableMessageBoostEb,arm-none-eabi-g++ 16.2.0,SOURCE_WRITTEN,COMPILES,SEMANTIC_VERIFIED,ASM_DIFFERENT,NOT_RUNTIME_TESTED,,,static.crs,reagent,RETAIL_ORIGINAL_SYMBOL,Phase 4H compile-first speculative promotion; runtime-inactive
0x00444F88,0x2C,src/reagent/speculative/batch_000298.cpp,_ZN8Savedata9FieldMenu12ResetIconNewENS0_6IconIDE,arm-none-eabi-g++ 16.2.0,SOURCE_WRITTEN,COMPILES,SEMANTIC_VERIFIED,ASM_DIFFERENT,NOT_RUNTIME_TESTED,,,static.crs,reagent,RETAIL_ORIGINAL_SYMBOL,Phase 4H compile-first speculative promotion; runtime-inactive
0x002EC31C,0x30,src/reagent/speculative/batch_000298.cpp,_ZN3app4tool13ButtonManager16SetNotifyTimmingENS1_13NotifyTimmingE,arm-none-eabi-g++ 16.2.0,SOURCE_WRITTEN,COMPILES,SEMANTIC_VERIFIED,ASM_DIFFERENT,NOT_RUNTIME_TESTED,,,static.crs,reagent,RETAIL_ORIGINAL_SYMBOL,Phase 4H compile-first speculative promotion; runtime-inactive
0x003A5318,0x30,src/reagent/speculative/batch_000298.cpp,_ZN5Field9MoveModel21FieldMoveModelManager35GetFieldSubobjectIndexFromFreeSpaceEv,arm-none-eabi-g++ 16.2.0,SOURCE_WRITTEN,COMPILES,SEMANTIC_VERIFIED,ASM_DIFFERENT,NOT_RUNTIME_TESTED,,,static.crs,reagent,RETAIL_ORIGINAL_SYMBOL,Phase 4H compile-first speculative promotion; runtime-inactive
0x0043B97C,0x30,src/reagent/speculative/batch_000298.cpp,_ZN8Savedata15MysteryGiftSave11GetRecvFlagEj,arm-none-eabi-g++ 16.2.0,SOURCE_WRITTEN,COMPILES,SEMANTIC_VERIFIED,ASM_DIFFERENT,NOT_RUNTIME_TESTED,,,static.crs,reagent,RETAIL_ORIGINAL_SYMBOL,Phase 4H compile-first speculative promotion; runtime-inactive
0x002E81AC,0x34,src/reagent/speculative/batch_000298.cpp,_ZN3app3bag8PlayData13GetPocketDataEj,arm-none-eabi-g++ 16.2.0,SOURCE_WRITTEN,COMPILES,SEMANTIC_VERIFIED,ASM_DIFFERENT,NOT_RUNTIME_TESTED,,,static.crs,reagent,RETAIL_ORIGINAL_SYMBOL,Phase 4H compile-first speculative promotion; runtime-inactive
0x0037FFB8,0x34,src/reagent/speculative/batch_000298.cpp,_ZN5Field11FieldScript17FieldScriptSystem14EntryNextEventEPN7GameSys9GameEventE,arm-none-eabi-g++ 16.2.0,SOURCE_WRITTEN,COMPILES,SEMANTIC_VERIFIED,ASM_DIFFERENT,NOT_RUNTIME_TESTED,,,static.crs,reagent,RETAIL_ORIGINAL_SYMBOL,Phase 4H compile-first speculative promotion; runtime-inactive
0x0047016C,0x34,src/reagent/speculative/batch_000298.cpp,_ZN9NetAppLib9JoinFesta24JoinFestaSelectWordTable19GetMessageTableSizeENS1_8CategoryE,arm-none-eabi-g++ 16.2.0,SOURCE_WRITTEN,COMPILES,SEMANTIC_VERIFIED,ASM_DIFFERENT,NOT_RUNTIME_TESTED,,,static.crs,reagent,RETAIL_ORIGINAL_SYMBOL,Phase 4H compile-first speculative promotion; runtime-inactive
0x00383594,0x38,src/reagent/speculative/batch_000298.cpp,_ZN5Field11FieldScript4Work19SetChildGlobalParamEji,arm-none-eabi-g++ 16.2.0,SOURCE_WRITTEN,COMPILES,SEMANTIC_VERIFIED,ASM_DIFFERENT,NOT_RUNTIME_TESTED,,,static.crs,reagent,RETAIL_ORIGINAL_SYMBOL,Phase 4H compile-first speculative promotion; runtime-inactive
0x00383600,0x38,src/reagent/speculative/batch_000298.cpp,_ZN5Field11FieldScript4Work20SetParentGlobalParamEji,arm-none-eabi-g++ 16.2.0,SOURCE_WRITTEN,COMPILES,SEMANTIC_VERIFIED,ASM_DIFFERENT,NOT_RUNTIME_TESTED,,,static.crs,reagent,RETAIL_ORIGINAL_SYMBOL,Phase 4H compile-first speculative promotion; runtime-inactive
0x004A8AE0,0x38,src/reagent/speculative/batch_000298.cpp,_ZNK8Savedata9FieldMenu15GetMoveMenuPageEi,arm-none-eabi-g++ 16.2.0,SOURCE_WRITTEN,COMPILES,SEMANTIC_VERIFIED,ASM_DIFFERENT,NOT_RUNTIME_TESTED,,,static.crs,reagent,RETAIL_ORIGINAL_SYMBOL,Phase 4H compile-first speculative promotion; runtime-inactive
0x0039A704,0x3C,src/reagent/speculative/batch_000298.cpp,_ZN5Field9EventWork25GetDendouiriPartyArrayPtrENS_18DendouiriPartyTypeE,arm-none-eabi-g++ 16.2.0,SOURCE_WRITTEN,COMPILES,SEMANTIC_VERIFIED,ASM_DIFFERENT,NOT_RUNTIME_TESTED,,,static.crs,reagent,RETAIL_ORIGINAL_SYMBOL,Phase 4H compile-first speculative promotion; runtime-inactive
0x00438978,0x3C,src/reagent/speculative/batch_000298.cpp,_ZN8Savedata10ResortSave16SetAdventureItemEit,arm-none-eabi-g++ 16.2.0,SOURCE_WRITTEN,COMPILES,SEMANTIC_VERIFIED,ASM_DIFFERENT,NOT_RUNTIME_TESTED,,,static.crs,reagent,RETAIL_ORIGINAL_SYMBOL,Phase 4H compile-first speculative promotion; runtime-inactive
0x004A6A0C,0x3C,src/reagent/speculative/batch_000298.cpp,_ZNK8PokeTool10ExtendData19GetLocalAreaMonsMaxENS0_9LocalAreaE,arm-none-eabi-g++ 16.2.0,SOURCE_WRITTEN,COMPILES,SEMANTIC_VERIFIED,ASM_DIFFERENT,NOT_RUNTIME_TESTED,,,static.crs,reagent,RETAIL_ORIGINAL_SYMBOL,Phase 4H compile-first speculative promotion; runtime-inactive
0x002EE554,0x40,src/reagent/speculative/batch_000298.cpp,_ZN3app4tool13CursorManager13SetMoveEnableEhb,arm-none-eabi-g++ 16.2.0,SOURCE_WRITTEN,COMPILES,SEMANTIC_VERIFIED,ASM_DIFFERENT,NOT_RUNTIME_TESTED,,,static.crs,reagent,RETAIL_ORIGINAL_SYMBOL,Phase 4H compile-first speculative promotion; runtime-inactive
0x00380104,0x48,src/reagent/speculative/batch_000298.cpp,_ZN5Field11FieldScript17FieldScriptSystem15GetBgPartsCountEv,arm-none-eabi-g++ 16.2.0,SOURCE_WRITTEN,COMPILES,SEMANTIC_VERIFIED,ASM_DIFFERENT,NOT_RUNTIME_TESTED,,,static.crs,reagent,RETAIL_ORIGINAL_SYMBOL,Phase 4H compile-first speculative promotion; runtime-inactive
0x00329448,0x50,src/reagent/speculative/batch_000298.cpp,_ZN4gfl215renderingengine10scenegraph8instance17ModelInstanceNode10GetDrawTagEj,arm-none-eabi-g++ 16.2.0,SOURCE_WRITTEN,COMPILES,SEMANTIC_VERIFIED,ASM_DIFFERENT,NOT_RUNTIME_TESTED,,,static.crs,reagent,RETAIL_ORIGINAL_SYMBOL,Phase 4H compile-first speculative promotion; runtime-inactive
0x003E6A1C,0x7C,src/reagent/speculative/batch_000298.cpp,_ZN6System20DressUpParamSaveDataC1Ev,arm-none-eabi-g++ 16.2.0,SOURCE_WRITTEN,COMPILES,SEMANTIC_VERIFIED,ASM_DIFFERENT,NOT_RUNTIME_TESTED,,,static.crs,reagent,RETAIL_ORIGINAL_SYMBOL,Phase 4H compile-first speculative promotion; runtime-inactive
0x00150C44,0x18,src/reagent/yellow_clusters/cluster_f84e531d69c0.cpp,_Z22BATTLE_EFFECT_GetParam14BattleEffectIdP17BSP_BATTLE_EFFECT,arm-none-eabi-g++ 16.2.0,SOURCE_WRITTEN,COMPILES,SEMANTIC_VERIFIED,ASM_DIFFERENT,NOT_RUNTIME_TESTED,,,static.crs,reagent,RETAIL_ORIGINAL_SYMBOL,Phase 4E cluster f84e531d69c0; Qwen reconstruction approved by GPT-5.4 mini
0x005205B4,0x14,src/reagent/yellow_clusters/cluster_f84e531d69c0.cpp,mwmofastaudioDecoderFinalize,arm-none-eabi-g++ 16.2.0,SOURCE_WRITTEN,COMPILES,SEMANTIC_VERIFIED,ASM_DIFFERENT,NOT_RUNTIME_TESTED,,,static.crs,reagent,RETAIL_ORIGINAL_SYMBOL,Phase 4E cluster f84e531d69c0; Qwen reconstruction approved by GPT-5.4 mini
0x00521298,0x14,src/reagent/yellow_clusters/cluster_f84e531d69c0.cpp,mwmomoflexDemuxerFinalize,arm-none-eabi-g++ 16.2.0,SOURCE_WRITTEN,COMPILES,SEMANTIC_VERIFIED,ASM_DIFFERENT,NOT_RUNTIME_TESTED,,,static.crs,reagent,RETAIL_ORIGINAL_SYMBOL,Phase 4E cluster f84e531d69c0; Qwen reconstruction approved by GPT-5.4 mini
0x005205EC,0x24,src/reagent/yellow_clusters/cluster_f84e531d69c0.cpp,mwmofastaudioDecoderInitialize,arm-none-eabi-g++ 16.2.0,SOURCE_WRITTEN,COMPILES,SEMANTIC_VERIFIED,ASM_DIFFERENT,NOT_RUNTIME_TESTED,,,static.crs,reagent,RETAIL_ORIGINAL_SYMBOL,Phase 4E cluster f84e531d69c0; Qwen reconstruction approved by GPT-5.4 mini
0x004AB3A0,0x14,src/reagent/yellow_clusters/cluster_acccbd962589.cpp,_ZNK9NetAppLib9JoinFesta21JoinFestaPersonalData31GetPersonalEventRecordCategory1Ev,arm-none-eabi-g++ 16.2.0,SOURCE_WRITTEN,COMPILES,SEMANTIC_VERIFIED,ASM_DIFFERENT,NOT_RUNTIME_TESTED,,,static.crs,reagent,RETAIL_ORIGINAL_SYMBOL,Phase 4E cluster acccbd962589; Qwen reconstruction approved by GPT-5.4 mini
0x004AB3B4,0x14,src/reagent/yellow_clusters/cluster_acccbd962589.cpp,_ZNK9NetAppLib9JoinFesta21JoinFestaPersonalData31GetPersonalEventRecordCategory2Ev,arm-none-eabi-g++ 16.2.0,SOURCE_WRITTEN,COMPILES,SEMANTIC_VERIFIED,ASM_DIFFERENT,NOT_RUNTIME_TESTED,,,static.crs,reagent,RETAIL_ORIGINAL_SYMBOL,Phase 4E cluster acccbd962589; Qwen reconstruction approved by GPT-5.4 mini
0x004AB3C8,0x14,src/reagent/yellow_clusters/cluster_acccbd962589.cpp,_ZNK9NetAppLib9JoinFesta21JoinFestaPersonalData31GetPersonalEventRecordCategory3Ev,arm-none-eabi-g++ 16.2.0,SOURCE_WRITTEN,COMPILES,SEMANTIC_VERIFIED,ASM_DIFFERENT,NOT_RUNTIME_TESTED,,,static.crs,reagent,RETAIL_ORIGINAL_SYMBOL,Phase 4E cluster acccbd962589; Qwen reconstruction approved by GPT-5.4 mini
0x004AABAC,0x14,src/reagent/yellow_clusters/cluster_acccbd962589.cpp,_ZNK9NetAppLib9JoinFesta21JoinFestaPersonalData16IsOpenAttractionEv,arm-none-eabi-g++ 16.2.0,SOURCE_WRITTEN,COMPILES,SEMANTIC_VERIFIED,ASM_DIFFERENT,NOT_RUNTIME_TESTED,,,static.crs,reagent,RETAIL_ORIGINAL_SYMBOL,Phase 4E cluster acccbd962589; Qwen reconstruction approved by GPT-5.4 mini
0x00468424,0x0C,src/reagent/yellow_clusters/cluster_68764e9c2e89.cpp,_ZN9NetAppLib9JoinFesta21JoinFestaPersonalData23SetLastP2PPersonalEventEv,arm-none-eabi-g++ 16.2.0,SOURCE_WRITTEN,COMPILES,SEMANTIC_VERIFIED,ASM_DIFFERENT,NOT_RUNTIME_TESTED,,,static.crs,reagent,RETAIL_ORIGINAL_SYMBOL,Phase 4E cluster 68764e9c2e89; Qwen reconstruction approved by GPT-5.4 mini
0x00469064,0x0C,src/reagent/yellow_clusters/cluster_68764e9c2e89.cpp,_ZN9NetAppLib9JoinFesta21JoinFestaPersonalData6UnLockEv,arm-none-eabi-g++ 16.2.0,SOURCE_WRITTEN,COMPILES,SEMANTIC_VERIFIED,ASM_DIFFERENT,NOT_RUNTIME_TESTED,,,static.crs,reagent,RETAIL_ORIGINAL_SYMBOL,Phase 4E cluster 68764e9c2e89; Qwen reconstruction approved by GPT-5.4 mini
0x004AB2FC,0x24,src/reagent/yellow_clusters/cluster_68764e9c2e89.cpp,_ZNK9NetAppLib9JoinFesta21JoinFestaPersonalData26IsEnablePacketBattleInviteEv,arm-none-eabi-g++ 16.2.0,SOURCE_WRITTEN,COMPILES,SEMANTIC_VERIFIED,ASM_DIFFERENT,NOT_RUNTIME_TESTED,,,static.crs,reagent,RETAIL_ORIGINAL_SYMBOL,Phase 4E cluster 68764e9c2e89; Qwen reconstruction approved by GPT-5.4 mini
0x00468524,0x14,src/reagent/yellow_clusters/cluster_68764e9c2e89.cpp,_ZN9NetAppLib9JoinFesta21JoinFestaPersonalData23SetupTutorialDummyEventEv,arm-none-eabi-g++ 16.2.0,SOURCE_WRITTEN,COMPILES,SEMANTIC_VERIFIED,ASM_DIFFERENT,NOT_RUNTIME_TESTED,,,static.crs,reagent,RETAIL_ORIGINAL_SYMBOL,Phase 4E cluster 68764e9c2e89; Qwen reconstruction approved by GPT-5.4 mini
0x004AB2C4,0x24,src/reagent/yellow_clusters/cluster_68764e9c2e89.cpp,_ZNK9NetAppLib9JoinFesta21JoinFestaPersonalData25IsEnablePacketTradeInviteEv,arm-none-eabi-g++ 16.2.0,SOURCE_WRITTEN,COMPILES,SEMANTIC_VERIFIED,ASM_DIFFERENT,NOT_RUNTIME_TESTED,,,static.crs,reagent,RETAIL_ORIGINAL_SYMBOL,Phase 4E cluster 68764e9c2e89; Qwen reconstruction approved by GPT-5.4 mini
0x001048B4,0xC,pc/src/game_manager.cpp,,host C++17,SOURCE_WRITTEN,COMPILES,SEMANTIC_VERIFIED,ASM_DIFFERENT,NOT_RUNTIME_TESTED,,,static.crs,pc_game_manager,PC_PORT_RECONSTRUCTION,PC GameManager::instance() is the portable singleton-access equivalent; recovered retail identity is independently confirmed.
0x0035A818,0x10,pc/src/process_manager.cpp,,host C++17,SOURCE_WRITTEN,COMPILES,SEMANTIC_VERIFIED,ASM_DIFFERENT,NOT_RUNTIME_TESTED,,,static.crs,pc_process_manager,PC_PORT_RECONSTRUCTION,Portable process manager current_process() implements the recovered GetBaseProcess behavior; prior semantic review passed.
0x0035AC54,0x2C,pc/src/process_manager.cpp,,host C++17,SOURCE_WRITTEN,COMPILES,SEMANTIC_UNVERIFIED,ASM_DIFFERENT,NOT_RUNTIME_TESTED,,,static.crs,pc_process_manager,PC_PORT_RECONSTRUCTION,"Portable process-manager initialization is maintained source; prior ARM candidate had unresolved final-store/layout differences, so semantic status remains unverified."
0x003EDC50,0x40,pc/src/frame_manager.cpp,,host C++17,SOURCE_WRITTEN,COMPILES,SEMANTIC_VERIFIED,ASM_DIFFERENT,NOT_RUNTIME_TESTED,,,static.crs,pc_frame_manager,PC_PORT_RECONSTRUCTION,Portable frame manager parallel_proc() implements the recovered ParallelProc behavior; prior semantic review passed.
0x003EDC90,0x10,pc/src/frame_manager.cpp,,host C++17,SOURCE_WRITTEN,COMPILES,SEMANTIC_VERIFIED,ASM_DIFFERENT,NOT_RUNTIME_TESTED,,,static.crs,pc_frame_manager,PC_PORT_RECONSTRUCTION,Portable frame manager current_cell() implements the recovered GetBaseProcess behavior; prior semantic review passed.
0x003EE084,0x40,pc/src/frame_manager.cpp,,host C++17,SOURCE_WRITTEN,COMPILES,SEMANTIC_VERIFIED,ASM_DIFFERENT,NOT_RUNTIME_TESTED,,,static.crs,pc_frame_manager,PC_PORT_RECONSTRUCTION,Portable frame manager call_proc() implements the recovered CallProc behavior; prior semantic review passed.
0x003EE0C4,0x2C,pc/src/frame_manager.cpp,,host C++17,SOURCE_WRITTEN,COMPILES,SEMANTIC_VERIFIED,ASM_DIFFERENT,NOT_RUNTIME_TESTED,,,static.crs,pc_frame_manager,PC_PORT_RECONSTRUCTION,Portable frame-manager initialization implements the recovered Manager constructor behavior; prior semantic review passed.
0x004A3240,0x58,pc/src/game_manager.cpp,,host C++17,SOURCE_WRITTEN,COMPILES,SEMANTIC_UNVERIFIED,ASM_DIFFERENT,NOT_RUNTIME_TESTED,,,static.crs,pc_game_manager,PC_PORT_RECONSTRUCTION,"Portable get_buffer_clear_setting() is maintained source for the mapped retail function; old ARM candidate had layout differences, so semantic status remains unverified."
0x003EF0C8,0x50,pc/src/game_manager.cpp,,host C++17,SOURCE_WRITTEN,COMPILES,SEMANTIC_UNVERIFIED,ASM_DIFFERENT,NOT_RUNTIME_TESTED,,,static.crs,pc_game_manager,PC_PORT_RECONSTRUCTION,"Portable set_buffer_clear_setting() is maintained source for the mapped retail function; old ARM candidate had layout differences, so semantic status remains unverified."
0x004417F4,0x0C,src/reagent/yellow_clusters/cluster_070a91161fb3.cpp,_ZN8Savedata4Misc22ResetKawaigariPastDaysEv,arm-none-eabi-g++ 16.2.0,SOURCE_WRITTEN,COMPILES,SEMANTIC_VERIFIED,ASM_DIFFERENT,NOT_RUNTIME_TESTED,,,static.crs,reagent,RETAIL_ORIGINAL_SYMBOL,Phase 4E cluster 070a91161fb3; Qwen reconstruction approved by GPT-5.4 mini
0x004A7B88,0x14,src/reagent/yellow_clusters/cluster_070a91161fb3.cpp,_ZNK8Savedata4Misc16GetStrInputParamEPj,arm-none-eabi-g++ 16.2.0,SOURCE_WRITTEN,COMPILES,SEMANTIC_VERIFIED,ASM_DIFFERENT,NOT_RUNTIME_TESTED,,,static.crs,reagent,RETAIL_ORIGINAL_SYMBOL,Phase 4E cluster 070a91161fb3; Qwen reconstruction approved by GPT-5.4 mini
0x002FE948,0x0C,src/reagent/yellow_clusters/cluster_3cb92776f420.cpp,_ZN6NetApp3NBR6NBRNet28ClearRecvPacketEnableCommandEv,arm-none-eabi-g++ 16.2.0,SOURCE_WRITTEN,COMPILES,SEMANTIC_VERIFIED,ASM_DIFFERENT,NOT_RUNTIME_TESTED,,,static.crs,reagent,RETAIL_ORIGINAL_SYMBOL,Phase 4E cluster 3cb92776f420; Qwen reconstruction approved by GPT-5.4 mini
0x004A2C40,0x10,src/reagent/yellow_clusters/cluster_3cb92776f420.cpp,_ZN6NetApp3NBR6NBRNet6IsWifiEv,arm-none-eabi-g++ 16.2.0,SOURCE_WRITTEN,COMPILES,SEMANTIC_VERIFIED,ASM_DIFFERENT,NOT_RUNTIME_TESTED,,,static.crs,reagent,RETAIL_ORIGINAL_SYMBOL,Phase 4E cluster 3cb92776f420; Qwen reconstruction approved by GPT-5.4 mini
0x003CEBF4,0x38,src/reagent/yellow_clusters/cluster_3cb92776f420.cpp,_ZN6NetApp3NBR6NBRNet13SendRuleOtherEv,arm-none-eabi-g++ 16.2.0,SOURCE_WRITTEN,COMPILES,SEMANTIC_VERIFIED,ASM_DIFFERENT,NOT_RUNTIME_TESTED,,,static.crs,reagent,RETAIL_ORIGINAL_SYMBOL,Phase 4E cluster 3cb92776f420; Qwen reconstruction approved by GPT-5.4 mini
0x003CF214,0x38,src/reagent/yellow_clusters/cluster_3cb92776f420.cpp,_ZN6NetApp3NBR6NBRNet19SendCantParticipateEv,arm-none-eabi-g++ 16.2.0,SOURCE_WRITTEN,COMPILES,SEMANTIC_VERIFIED,ASM_DIFFERENT,NOT_RUNTIME_TESTED,,,static.crs,reagent,RETAIL_ORIGINAL_SYMBOL,Phase 4E cluster 3cb92776f420; Qwen reconstruction approved by GPT-5.4 mini
0x003CF288,0x38,src/reagent/yellow_clusters/cluster_3cb92776f420.cpp,_ZN6NetApp3NBR6NBRNet20SendRuleSelectorIsMeEv,arm-none-eabi-g++ 16.2.0,SOURCE_WRITTEN,COMPILES,SEMANTIC_VERIFIED,ASM_DIFFERENT,NOT_RUNTIME_TESTED,,,static.crs,reagent,RETAIL_ORIGINAL_SYMBOL,Phase 4E cluster 3cb92776f420; Qwen reconstruction approved by GPT-5.4 mini
0x003CF42C,0x38,src/reagent/yellow_clusters/cluster_3cb92776f420.cpp,_ZN6NetApp3NBR6NBRNet7SendEndEv,arm-none-eabi-g++ 16.2.0,SOURCE_WRITTEN,COMPILES,SEMANTIC_VERIFIED,ASM_DIFFERENT,NOT_RUNTIME_TESTED,,,static.crs,reagent,RETAIL_ORIGINAL_SYMBOL,Phase 4E cluster 3cb92776f420; Qwen reconstruction approved by GPT-5.4 mini
0x003CEE88,0x3C,src/reagent/yellow_clusters/cluster_3cb92776f420.cpp,_ZN6NetApp3NBR6NBRNet14SendRegulationEN10Regulation6PRESETE,arm-none-eabi-g++ 16.2.0,SOURCE_WRITTEN,COMPILES,SEMANTIC_VERIFIED,ASM_DIFFERENT,NOT_RUNTIME_TESTED,,,static.crs,reagent,RETAIL_ORIGINAL_SYMBOL,Phase 4E cluster 3cb92776f420; Qwen reconstruction approved by GPT-5.4 mini
0x003CF24C,0x3C,src/reagent/yellow_clusters/cluster_3cb92776f420.cpp,_ZN6NetApp3NBR6NBRNet19SendRegulationReadyEb,arm-none-eabi-g++ 16.2.0,SOURCE_WRITTEN,COMPILES,SEMANTIC_VERIFIED,ASM_DIFFERENT,NOT_RUNTIME_TESTED,,,static.crs,reagent,RETAIL_ORIGINAL_SYMBOL,Phase 4E cluster 3cb92776f420; Qwen reconstruction approved by GPT-5.4 mini
0x003D6B54,0x50,src/reagent/yellow_clusters/cluster_3cb92776f420.cpp,_ZN6NetApp3NBR6NBRNet18IsRecvPokePartyEndEv,arm-none-eabi-g++ 16.2.0,SOURCE_WRITTEN,COMPILES,SEMANTIC_VERIFIED,ASM_DIFFERENT,NOT_RUNTIME_TESTED,,,static.crs,reagent,RETAIL_ORIGINAL_SYMBOL,Phase 4E cluster 3cb92776f420; Qwen reconstruction approved by GPT-5.4 mini
0x003CF2C0,0x0C,src/reagent/yellow_clusters/cluster_101a43dd1db9.cpp,_ZN6NetApp3NBR6NBRNet20UnregistRecvListenerEv,arm-none-eabi-g++ 16.2.0,SOURCE_WRITTEN,COMPILES,SEMANTIC_VERIFIED,ASM_DIFFERENT,NOT_RUNTIME_TESTED,,,static.crs,reagent,RETAIL_ORIGINAL_SYMBOL,Phase 4E cluster 101a43dd1db9; Qwen reconstruction approved by GPT-5.4 mini
0x00310CEC,0x40,src/reagent/yellow_clusters/cluster_fed1f33bc13e.cpp,_ZN3app4util7G2DUtil19GetLayoutResourceIDEj,arm-none-eabi-g++ 16.2.0,SOURCE_WRITTEN,COMPILES,SEMANTIC_VERIFIED,ASM_DIFFERENT,NOT_RUNTIME_TESTED,,,static.crs,reagent,RETAIL_ORIGINAL_SYMBOL,Phase 4E cluster fed1f33bc13e; Qwen reconstruction approved by GPT-5.4 mini
0x00464DA0,0x0C,src/reagent/yellow_clusters/cluster_bcf9c3d2ca75.cpp,_ZN9NetAppLib8P2PTrade21P2PTradeRequestClient30RemoveP2PTradeResponseListenerEv,arm-none-eabi-g++ 16.2.0,SOURCE_WRITTEN,COMPILES,SEMANTIC_VERIFIED,ASM_DIFFERENT,NOT_RUNTIME_TESTED,,,static.crs,reagent,RETAIL_ORIGINAL_SYMBOL,Phase 4E cluster bcf9c3d2ca75; Qwen reconstruction approved by GPT-5.4 mini
0x0035EB28,0x10,src/reagent/yellow_clusters/cluster_7d3adb1a3fca.cpp,_ZN4gfl26system4DateC1Ev,arm-none-eabi-g++ 16.2.0,SOURCE_WRITTEN,COMPILES,SEMANTIC_VERIFIED,ASM_DIFFERENT,NOT_RUNTIME_TESTED,,,static.crs,reagent,RETAIL_ORIGINAL_SYMBOL,Phase 4E cluster 7d3adb1a3fca; Qwen reconstruction approved by GPT-5.4 mini
0x0043B0A8,0x0C,src/reagent/yellow_clusters/cluster_2db83acdf2a2.cpp,_ZN8Savedata14BattleInstSave14ResetBattleBgmEv,arm-none-eabi-g++ 16.2.0,SOURCE_WRITTEN,COMPILES,SEMANTIC_VERIFIED,ASM_DIFFERENT,NOT_RUNTIME_TESTED,,,static.crs,reagent,RETAIL_ORIGINAL_SYMBOL,Phase 4E cluster 2db83acdf2a2; Qwen reconstruction approved by GPT-5.4 mini
0x0043B0CC,0x0C,src/reagent/yellow_clusters/cluster_2db83acdf2a2.cpp,_ZN8Savedata14BattleInstSave16GetPrizeWinCountEv,arm-none-eabi-g++ 16.2.0,SOURCE_WRITTEN,COMPILES,SEMANTIC_VERIFIED,ASM_DIFFERENT,NOT_RUNTIME_TESTED,,,static.crs,reagent,RETAIL_ORIGINAL_SYMBOL,Phase 4E cluster 2db83acdf2a2; Qwen reconstruction approved by GPT-5.4 mini
0x004A6CD8,0x0C,src/reagent/yellow_clusters/cluster_2db83acdf2a2.cpp,_ZNK8Savedata14BattleInstSave16GetWinCountRoyalEv,arm-none-eabi-g++ 16.2.0,SOURCE_WRITTEN,COMPILES,SEMANTIC_VERIFIED,ASM_DIFFERENT,NOT_RUNTIME_TESTED,,,static.crs,reagent,RETAIL_ORIGINAL_SYMBOL,Phase 4E cluster 2db83acdf2a2; Qwen reconstruction approved by GPT-5.4 mini
0x0043B100,0x10,src/reagent/yellow_clusters/cluster_2db83acdf2a2.cpp,_ZN8Savedata14BattleInstSave18ClearWinCountRoyalEv,arm-none-eabi-g++ 16.2.0,SOURCE_WRITTEN,COMPILES,SEMANTIC_VERIFIED,ASM_DIFFERENT,NOT_RUNTIME_TESTED,,,static.crs,reagent,RETAIL_ORIGINAL_SYMBOL,Phase 4E cluster 2db83acdf2a2; Qwen reconstruction approved by GPT-5.4 mini
0x0043B110,0x10,src/reagent/yellow_clusters/cluster_2db83acdf2a2.cpp,_ZN8Savedata14BattleInstSave18ResetPrizeWinCountEv,arm-none-eabi-g++ 16.2.0,SOURCE_WRITTEN,COMPILES,SEMANTIC_VERIFIED,ASM_DIFFERENT,NOT_RUNTIME_TESTED,,,static.crs,reagent,RETAIL_ORIGINAL_SYMBOL,Phase 4E cluster 2db83acdf2a2; Qwen reconstruction approved by GPT-5.4 mini
0x0043B280,0x14,src/reagent/yellow_clusters/cluster_2db83acdf2a2.cpp,_ZN8Savedata14BattleInstSave22ResetBattleTypeAndRankEv,arm-none-eabi-g++ 16.2.0,SOURCE_WRITTEN,COMPILES,SEMANTIC_VERIFIED,ASM_DIFFERENT,NOT_RUNTIME_TESTED,,,static.crs,reagent,RETAIL_ORIGINAL_SYMBOL,Phase 4E cluster 2db83acdf2a2; Qwen reconstruction approved by GPT-5.4 mini
0x004A780C,0x0C,src/reagent/yellow_clusters/cluster_6768465766b2.cpp,_ZNK8Savedata17JoinFestaDataSave7GetRankEv,arm-none-eabi-g++ 16.2.0,SOURCE_WRITTEN,COMPILES,SEMANTIC_VERIFIED,ASM_DIFFERENT,NOT_RUNTIME_TESTED,,,static.crs,reagent,RETAIL_ORIGINAL_SYMBOL,Phase 4E cluster 6768465766b2; Qwen reconstruction approved by GPT-5.4 mini
0x0043EDB0,0x28,src/reagent/yellow_clusters/cluster_6768465766b2.cpp,_ZN8Savedata17JoinFestaDataSave26AddPersonalTalkCameraCountEv,arm-none-eabi-g++ 16.2.0,SOURCE_WRITTEN,COMPILES,SEMANTIC_VERIFIED,ASM_DIFFERENT,NOT_RUNTIME_TESTED,,,static.crs,reagent,RETAIL_ORIGINAL_SYMBOL,Phase 4E cluster 6768465766b2; Qwen reconstruction approved by GPT-5.4 mini
0x00306FAC,0x18,src/reagent/yellow_clusters/cluster_9ab6c5dd3a32.cpp,_ZN3app4util13GetPaneHelper4PeekEv,arm-none-eabi-g++ 16.2.0,SOURCE_WRITTEN,COMPILES,SEMANTIC_VERIFIED,ASM_DIFFERENT,NOT_RUNTIME_TESTED,,,static.crs,reagent,RETAIL_ORIGINAL_SYMBOL,Phase 4E cluster 9ab6c5dd3a32; Qwen reconstruction approved by GPT-5.4 mini
0x00307088,0x2C,src/reagent/yellow_clusters/cluster_9ab6c5dd3a32.cpp,_ZN3app4util13GetPaneHelper5ClearEv,arm-none-eabi-g++ 16.2.0,SOURCE_WRITTEN,COMPILES,SEMANTIC_VERIFIED,ASM_DIFFERENT,NOT_RUNTIME_TESTED,,,static.crs,reagent,RETAIL_ORIGINAL_SYMBOL,Phase 4E cluster 9ab6c5dd3a32; Qwen reconstruction approved by GPT-5.4 mini
0x0030F5A4,0x10,src/reagent/yellow_clusters/cluster_6ac7760faf73.cpp,_ZN3app4util7G2DUtil10SetMessageEPKN4gfl23str6StrBufE,arm-none-eabi-g++ 16.2.0,SOURCE_WRITTEN,COMPILES,SEMANTIC_VERIFIED,ASM_DIFFERENT,NOT_RUNTIME_TESTED,,,static.crs,reagent,RETAIL_ORIGINAL_SYMBOL,Phase 4E cluster 6ac7760faf73; Qwen reconstruction approved by GPT-5.4 mini
0x00381040,0x0C,src/reagent/yellow_clusters/cluster_56ec1e149037.cpp,_ZN5Field11FieldScript17FieldScriptSystem32ClearTerrainBlockControlPositionEv,arm-none-eabi-g++ 16.2.0,SOURCE_WRITTEN,COMPILES,SEMANTIC_VERIFIED,ASM_DIFFERENT,NOT_RUNTIME_TESTED,,,static.crs,reagent,RETAIL_ORIGINAL_SYMBOL,Phase 4E cluster 56ec1e149037; Qwen reconstruction approved by GPT-5.4 mini
0x00380778,0x10,src/reagent/yellow_clusters/cluster_56ec1e149037.cpp,_ZN5Field11FieldScript17FieldScriptSystem18FinalizeZoneScriptEv,arm-none-eabi-g++ 16.2.0,SOURCE_WRITTEN,COMPILES,SEMANTIC_VERIFIED,ASM_DIFFERENT,NOT_RUNTIME_TESTED,,,static.crs,reagent,RETAIL_ORIGINAL_SYMBOL,Phase 4E cluster 56ec1e149037; Qwen reconstruction approved by GPT-5.4 mini
0x00380620,0x1C,src/reagent/yellow_clusters/cluster_56ec1e149037.cpp,_ZN5Field11FieldScript17FieldScriptSystem17ClearBgPartsParamEv,arm-none-eabi-g++ 16.2.0,SOURCE_WRITTEN,COMPILES,SEMANTIC_VERIFIED,ASM_DIFFERENT,NOT_RUNTIME_TESTED,,,static.crs,reagent,RETAIL_ORIGINAL_SYMBOL,Phase 4E cluster 56ec1e149037; Qwen reconstruction approved by GPT-5.4 mini
0x0049CF90,0x1C,src/reagent/yellow_clusters/cluster_56ec1e149037.cpp,_ZNK5Field11FieldScript17FieldScriptSystem30GetTerrainBlockControlPositionEPN4gfl24math7Vector3E,arm-none-eabi-g++ 16.2.0,SOURCE_WRITTEN,COMPILES,SEMANTIC_VERIFIED,ASM_DIFFERENT,NOT_RUNTIME_TESTED,,,static.crs,reagent,RETAIL_ORIGINAL_SYMBOL,Phase 4E cluster 56ec1e149037; Qwen reconstruction approved by GPT-5.4 mini
0x00380A4C,0x18,src/reagent/yellow_clusters/cluster_56ec1e149037.cpp,_ZN5Field11FieldScript17FieldScriptSystem21SetWeakReservedScriptEijjjj,arm-none-eabi-g++ 16.2.0,SOURCE_WRITTEN,COMPILES,SEMANTIC_VERIFIED,ASM_DIFFERENT,NOT_RUNTIME_TESTED,,,static.crs,reagent,RETAIL_ORIGINAL_SYMBOL,Phase 4E cluster 56ec1e149037; Qwen reconstruction approved by GPT-5.4 mini
0x0048EEC0,0x18,src/reagent/yellow_clusters/cluster_6ac7760faf73.cpp,_ZNK3app4util7G2DUtil15GetPaneLocalPosEPKN2nw3lyt4PaneE,arm-none-eabi-g++ 16.2.0,SOURCE_WRITTEN,COMPILES,SEMANTIC_VERIFIED,ASM_DIFFERENT,NOT_RUNTIME_TESTED,,,static.crs,reagent,RETAIL_ORIGINAL_SYMBOL,Phase 4E cluster 6ac7760faf73; Qwen reconstruction approved by GPT-5.4 mini
0x0043F3D0,0x18,src/reagent/yellow_clusters/cluster_6768465766b2.cpp,_ZN8Savedata17JoinFestaDataSave7SetRankEt,arm-none-eabi-g++ 16.2.0,SOURCE_WRITTEN,COMPILES,SEMANTIC_VERIFIED,ASM_DIFFERENT,NOT_RUNTIME_TESTED,,,static.crs,reagent,RETAIL_ORIGINAL_SYMBOL,Phase 4E cluster 6768465766b2; Qwen reconstruction approved by GPT-5.4 mini
0x00444C90,0x24,src/reagent/yellow_clusters/cluster_6768465766b2.cpp,_ZN8Savedata17JoinFestaDataSave7SubCoinEj,arm-none-eabi-g++ 16.2.0,SOURCE_WRITTEN,COMPILES,SEMANTIC_VERIFIED,ASM_DIFFERENT,NOT_RUNTIME_TESTED,,,static.crs,reagent,RETAIL_ORIGINAL_SYMBOL,Phase 4E cluster 6768465766b2; Qwen reconstruction approved by GPT-5.4 mini
0x0031183C,0x78,src/reagent/yellow_clusters/cluster_fed1f33bc13e.cpp,_ZN3app4util7G2DUtil9SetTexMapEPN2nw3lyt4PaneEjj,arm-none-eabi-g++ 16.2.0,SOURCE_WRITTEN,COMPILES,SEMANTIC_VERIFIED,ASM_DIFFERENT,NOT_RUNTIME_TESTED,,,static.crs,reagent,RETAIL_ORIGINAL_SYMBOL,Phase 4E cluster fed1f33bc13e; Qwen reconstruction approved by GPT-5.4 mini
0x0031679C,0x4C,src/reagent/yellow_clusters/cluster_c461a88ce461.cpp,_ZN3pml8personal9GetMinExpEh,arm-none-eabi-g++ 16.2.0,SOURCE_WRITTEN,COMPILES,SEMANTIC_VERIFIED,ASM_DIFFERENT,NOT_RUNTIME_TESTED,,,static.crs,reagent,RETAIL_ORIGINAL_SYMBOL,Phase 4E cluster c461a88ce461; Qwen reconstruction approved by GPT-5.4 mini
0x003ED670,0x08,src/reagent/yellow_clusters/cluster_e7b66d73da5f.cpp,_ZN6System7DressUp24GetDressUpArcIdListFieldEv,arm-none-eabi-g++ 16.2.0,SOURCE_WRITTEN,COMPILES,SEMANTIC_VERIFIED,ASM_DIFFERENT,NOT_RUNTIME_TESTED,,,static.crs,reagent,RETAIL_ORIGINAL_SYMBOL,Phase 4E cluster e7b66d73da5f; Qwen reconstruction approved by GPT-5.4 mini
0x003ED67C,0x08,src/reagent/yellow_clusters/cluster_e7b66d73da5f.cpp,_ZN6System7DressUp25GetDressUpArcIdListBattleEv,arm-none-eabi-g++ 16.2.0,SOURCE_WRITTEN,COMPILES,SEMANTIC_VERIFIED,ASM_DIFFERENT,NOT_RUNTIME_TESTED,,,static.crs,reagent,RETAIL_ORIGINAL_SYMBOL,Phase 4E cluster e7b66d73da5f; Qwen reconstruction approved by GPT-5.4 mini
0x003ED79C,0x64,src/reagent/yellow_clusters/cluster_e7b66d73da5f.cpp,_ZN6System7DressUp29GetDressUpParamDefaultHeroineEPN7poke_3d5model12DressUpParamE,arm-none-eabi-g++ 16.2.0,SOURCE_WRITTEN,COMPILES,SEMANTIC_VERIFIED,ASM_DIFFERENT,NOT_RUNTIME_TESTED,,,static.crs,reagent,RETAIL_ORIGINAL_SYMBOL,Phase 4E cluster e7b66d73da5f; Qwen reconstruction approved by GPT-5.4 mini
0x003ED870,0x64,src/reagent/yellow_clusters/cluster_e7b66d73da5f.cpp,_ZN6System7DressUp42GetDressUpParamDefaultIndispensableHeroineEPN7poke_3d5model12DressUpParamE,arm-none-eabi-g++ 16.2.0,SOURCE_WRITTEN,COMPILES,SEMANTIC_VERIFIED,ASM_DIFFERENT,NOT_RUNTIME_TESTED,,,static.crs,reagent,RETAIL_ORIGINAL_SYMBOL,Phase 4E cluster e7b66d73da5f; Qwen reconstruction approved by GPT-5.4 mini
0x003ED72C,0x70,src/reagent/yellow_clusters/cluster_e7b66d73da5f.cpp,_ZN6System7DressUp26GetDressUpParamDefaultHeroEPN7poke_3d5model12DressUpParamE,arm-none-eabi-g++ 16.2.0,SOURCE_WRITTEN,COMPILES,SEMANTIC_VERIFIED,ASM_DIFFERENT,NOT_RUNTIME_TESTED,,,static.crs,reagent,RETAIL_ORIGINAL_SYMBOL,Phase 4E cluster e7b66d73da5f; Qwen reconstruction approved by GPT-5.4 mini
0x003ED800,0x70,src/reagent/yellow_clusters/cluster_e7b66d73da5f.cpp,_ZN6System7DressUp39GetDressUpParamDefaultIndispensableHeroEPN7poke_3d5model12DressUpParamE,arm-none-eabi-g++ 16.2.0,SOURCE_WRITTEN,COMPILES,SEMANTIC_VERIFIED,ASM_DIFFERENT,NOT_RUNTIME_TESTED,,,static.crs,reagent,RETAIL_ORIGINAL_SYMBOL,Phase 4E cluster e7b66d73da5f; Qwen reconstruction approved by GPT-5.4 mini
0x00464C34,0x10,src/reagent/yellow_clusters/cluster_ef9da0160b19.cpp,_ZN9NetAppLib8P2PTrade21P2PTradeRequestClient20GetLastRecvMessageIDEv,arm-none-eabi-g++ 16.2.0,SOURCE_WRITTEN,COMPILES,SEMANTIC_VERIFIED,ASM_DIFFERENT,NOT_RUNTIME_TESTED,,,static.crs,reagent,RETAIL_ORIGINAL_SYMBOL,Phase 4E cluster ef9da0160b19; Qwen reconstruction approved by GPT-5.4 mini
0x004A85B4,0x10,src/reagent/yellow_clusters/cluster_7de32b67f56b.cpp,_ZNK8Savedata8MyStatus16GetBallThrowTypeEv,arm-none-eabi-g++ 16.2.0,SOURCE_WRITTEN,COMPILES,SEMANTIC_VERIFIED,ASM_MATCH,NOT_RUNTIME_TESTED,16,16,static.crs,reagent,RETAIL_ORIGINAL_SYMBOL,Phase 4E cluster 7de32b67f56b; Qwen reconstruction approved by GPT-5.4 mini
0x00497FA0,0x10,src/reagent/yellow_clusters/cluster_16325e596db1.cpp,_ZNK4gfl22ui10TouchPanel14IsTouchReleaseEv,arm-none-eabi-g++ 16.2.0,SOURCE_WRITTEN,COMPILES,SEMANTIC_VERIFIED,ASM_DIFFERENT,NOT_RUNTIME_TESTED,,,static.crs,reagent,RETAIL_ORIGINAL_SYMBOL,Phase 4E cluster 16325e596db1; Qwen reconstruction approved by GPT-5.4 mini
0x00497FB0,0x10,src/reagent/yellow_clusters/cluster_16325e596db1.cpp,_ZNK4gfl22ui10TouchPanel14IsTouchTriggerEv,arm-none-eabi-g++ 16.2.0,SOURCE_WRITTEN,COMPILES,SEMANTIC_VERIFIED,ASM_DIFFERENT,NOT_RUNTIME_TESTED,,,static.crs,reagent,RETAIL_ORIGINAL_SYMBOL,Phase 4E cluster 16325e596db1; Qwen reconstruction approved by GPT-5.4 mini
0x004981E0,0x10,src/reagent/yellow_clusters/cluster_16325e596db1.cpp,_ZNK4gfl22ui10TouchPanel7IsTouchEv,arm-none-eabi-g++ 16.2.0,SOURCE_WRITTEN,COMPILES,SEMANTIC_VERIFIED,ASM_DIFFERENT,NOT_RUNTIME_TESTED,,,static.crs,reagent,RETAIL_ORIGINAL_SYMBOL,Phase 4E cluster 16325e596db1; Qwen reconstruction approved by GPT-5.4 mini
0x00497F80,0x20,src/reagent/yellow_clusters/cluster_16325e596db1.cpp,_ZNK4gfl22ui10TouchPanel13IsTouchRepeatEv,arm-none-eabi-g++ 16.2.0,SOURCE_WRITTEN,COMPILES,SEMANTIC_VERIFIED,ASM_DIFFERENT,NOT_RUNTIME_TESTED,,,static.crs,reagent,RETAIL_ORIGINAL_SYMBOL,Phase 4E cluster 16325e596db1; Qwen reconstruction approved by GPT-5.4 mini
0x0048EFA4,0x1C,src/reagent/yellow_clusters/cluster_fed1f33bc13e.cpp,_ZNK3app4util7G2DUtil7GetSizeEjj,arm-none-eabi-g++ 16.2.0,SOURCE_WRITTEN,COMPILES,SEMANTIC_VERIFIED,ASM_DIFFERENT,NOT_RUNTIME_TESTED,,,static.crs,reagent,RETAIL_ORIGINAL_SYMBOL,Phase 4E cluster fed1f33bc13e; Qwen reconstruction approved by GPT-5.4 mini
0x0048EDF4,0x48,src/reagent/yellow_clusters/cluster_fed1f33bc13e.cpp,_ZNK3app4util7G2DUtil11IsTouchPaneEPN4gfl22ui10TouchPanelEjPN2nw3lyt4PaneE,arm-none-eabi-g++ 16.2.0,SOURCE_WRITTEN,COMPILES,SEMANTIC_VERIFIED,ASM_DIFFERENT,NOT_RUNTIME_TESTED,,,static.crs,reagent,RETAIL_ORIGINAL_SYMBOL,Phase 4E cluster fed1f33bc13e; Qwen reconstruction approved by GPT-5.4 mini
0x0048EE78,0x48,src/reagent/yellow_clusters/cluster_fed1f33bc13e.cpp,_ZNK3app4util7G2DUtil14GetPaneVisibleEjj,arm-none-eabi-g++ 16.2.0,SOURCE_WRITTEN,COMPILES,SEMANTIC_VERIFIED,ASM_DIFFERENT,NOT_RUNTIME_TESTED,,,static.crs,reagent,RETAIL_ORIGINAL_SYMBOL,Phase 4E cluster fed1f33bc13e; Qwen reconstruction approved by GPT-5.4 mini
0x0030F7B4,0x40,src/reagent/yellow_clusters/cluster_fed1f33bc13e.cpp,_ZN3app4util7G2DUtil12IsAnimePauseEjj,arm-none-eabi-g++ 16.2.0,SOURCE_WRITTEN,COMPILES,SEMANTIC_VERIFIED,ASM_DIFFERENT,NOT_RUNTIME_TESTED,,,static.crs,reagent,RETAIL_ORIGINAL_SYMBOL,Phase 4E cluster fed1f33bc13e; Qwen reconstruction approved by GPT-5.4 mini
0x003D6ECC,0x0C,src/reagent/yellow_clusters/cluster_a3ad9ba5a96f.cpp,_ZN6NetLib3P2P20P2pConnectionManager25UnregistMigrationListenerEv,arm-none-eabi-g++ 16.2.0,SOURCE_WRITTEN,COMPILES,SEMANTIC_VERIFIED,ASM_DIFFERENT,NOT_RUNTIME_TESTED,,,static.crs,reagent,RETAIL_ORIGINAL_SYMBOL,Phase 4E cluster a3ad9ba5a96f; Qwen reconstruction approved by GPT-5.4 mini
0x003D70D8,0x14,src/reagent/yellow_clusters/cluster_a3ad9ba5a96f.cpp,_ZN6NetLib3P2P20P2pConnectionManager28SetupMigrationCallBackEnableEv,arm-none-eabi-g++ 16.2.0,SOURCE_WRITTEN,COMPILES,SEMANTIC_VERIFIED,ASM_DIFFERENT,NOT_RUNTIME_TESTED,,,static.crs,reagent,RETAIL_ORIGINAL_SYMBOL,Phase 4E cluster a3ad9ba5a96f; Qwen reconstruction approved by GPT-5.4 mini
0x004A2B5C,0x1C,src/reagent/yellow_clusters/cluster_a3ad9ba5a96f.cpp,_ZNK6NetLib3P2P20P2pConnectionManager11GetMyStatusEi,arm-none-eabi-g++ 16.2.0,SOURCE_WRITTEN,COMPILES,SEMANTIC_VERIFIED,ASM_DIFFERENT,NOT_RUNTIME_TESTED,,,static.crs,reagent,RETAIL_ORIGINAL_SYMBOL,Phase 4E cluster a3ad9ba5a96f; Qwen reconstruction approved by GPT-5.4 mini
0x004A2B78,0x1C,src/reagent/yellow_clusters/cluster_a3ad9ba5a96f.cpp,_ZNK6NetLib3P2P20P2pConnectionManager12GetPokePartyEi,arm-none-eabi-g++ 16.2.0,SOURCE_WRITTEN,COMPILES,SEMANTIC_VERIFIED,ASM_DIFFERENT,NOT_RUNTIME_TESTED,,,static.crs,reagent,RETAIL_ORIGINAL_SYMBOL,Phase 4E cluster a3ad9ba5a96f; Qwen reconstruction approved by GPT-5.4 mini
0x00436114,0x0C,src/reagent/yellow_clusters/cluster_f7b39151b00b.cpp,_ZN8PokeTool9PokeModel9CanDeleteEv,arm-none-eabi-g++ 16.2.0,SOURCE_WRITTEN,COMPILES,SEMANTIC_VERIFIED,ASM_DIFFERENT,NOT_RUNTIME_TESTED,,,static.crs,reagent,RETAIL_ORIGINAL_SYMBOL,Phase 4E cluster f7b39151b00b; Qwen reconstruction approved by GPT-5.4 mini
0x0043577C,0x28,src/reagent/yellow_clusters/cluster_f7b39151b00b.cpp,_ZN8PokeTool9PokeModel26IsAvailableAnimationDirectEi,arm-none-eabi-g++ 16.2.0,SOURCE_WRITTEN,COMPILES,SEMANTIC_VERIFIED,ASM_DIFFERENT,NOT_RUNTIME_TESTED,,,static.crs,reagent,RETAIL_ORIGINAL_SYMBOL,Phase 4E cluster f7b39151b00b; Qwen reconstruction approved by GPT-5.4 mini
0x00434DB8,0x2C,src/reagent/yellow_clusters/cluster_f7b39151b00b.cpp,_ZN8PokeTool9PokeModel18IsAvailableIdModelEv,arm-none-eabi-g++ 16.2.0,SOURCE_WRITTEN,COMPILES,SEMANTIC_VERIFIED,ASM_DIFFERENT,NOT_RUNTIME_TESTED,,,static.crs,reagent,RETAIL_ORIGINAL_SYMBOL,Phase 4E cluster f7b39151b00b; Qwen reconstruction approved by GPT-5.4 mini
0x004353CC,0x80,src/reagent/yellow_clusters/cluster_f7b39151b00b.cpp,_ZN8PokeTool9PokeModel21GetEffectNodePositionENS_10MODEL_NODEEiPN4gfl24math7Vector3E,arm-none-eabi-g++ 16.2.0,SOURCE_WRITTEN,COMPILES,SEMANTIC_VERIFIED,ASM_DIFFERENT,NOT_RUNTIME_TESTED,,,static.crs,reagent,RETAIL_ORIGINAL_SYMBOL,Phase 4E cluster f7b39151b00b; Qwen reconstruction approved by GPT-5.4 mini
0x0030F8FC,0x0C,src/reagent/yellow_clusters/cluster_8168d477d168.cpp,_ZN3app4util7G2DUtil13GetTempStrBufEj,arm-none-eabi-g++ 16.2.0,SOURCE_WRITTEN,COMPILES,SEMANTIC_VERIFIED,ASM_DIFFERENT,NOT_RUNTIME_TESTED,,,static.crs,reagent,RETAIL_ORIGINAL_SYMBOL,Phase 4E cluster 8168d477d168; Qwen reconstruction approved by GPT-5.4 mini
0x0048EE3C,0x0C,src/reagent/yellow_clusters/cluster_8168d477d168.cpp,_ZNK3app4util7G2DUtil13GetLayoutWorkEj,arm-none-eabi-g++ 16.2.0,SOURCE_WRITTEN,COMPILES,SEMANTIC_VERIFIED,ASM_DIFFERENT,NOT_RUNTIME_TESTED,,,static.crs,reagent,RETAIL_ORIGINAL_SYMBOL,Phase 4E cluster 8168d477d168; Qwen reconstruction approved by GPT-5.4 mini
0x003C1020,0x40,src/reagent/yellow_clusters/cluster_8dd8b229c5be.cpp,_ZN5print7WordSet12RegisterWordEjRKN4gfl23str6StrBufENS0_7GrammerENS0_4FormE,arm-none-eabi-g++ 16.2.0,SOURCE_WRITTEN,COMPILES,SEMANTIC_VERIFIED,ASM_DIFFERENT,NOT_RUNTIME_TESTED,,,static.crs,reagent,RETAIL_ORIGINAL_SYMBOL,Phase 4E cluster 8dd8b229c5be; Qwen reconstruction approved by GPT-5.4 mini
0x003C1060,0x44,src/reagent/yellow_clusters/cluster_8dd8b229c5be.cpp,_ZN5print7WordSet12RegisterWordEjRKN4gfl23str6StrBufENS_20GrammaticalAttributeENS0_4FormE,arm-none-eabi-g++ 16.2.0,SOURCE_WRITTEN,COMPILES,SEMANTIC_VERIFIED,ASM_DIFFERENT,NOT_RUNTIME_TESTED,,,static.crs,reagent,RETAIL_ORIGINAL_SYMBOL,Phase 4E cluster 8dd8b229c5be; Qwen reconstruction approved by GPT-5.4 mini
0x003C1B68,0x58,src/reagent/yellow_clusters/cluster_8dd8b229c5be.cpp,_ZN5print7WordSet20RegisterPokeTypeNameEjj,arm-none-eabi-g++ 16.2.0,SOURCE_WRITTEN,COMPILES,SEMANTIC_VERIFIED,ASM_DIFFERENT,NOT_RUNTIME_TESTED,,,static.crs,reagent,RETAIL_ORIGINAL_SYMBOL,Phase 4E cluster 8dd8b229c5be; Qwen reconstruction approved by GPT-5.4 mini
0x003C15DC,0x80,src/reagent/yellow_clusters/cluster_8dd8b229c5be.cpp,_ZN5print7WordSet17RegisterPlaceNameEjj,arm-none-eabi-g++ 16.2.0,SOURCE_WRITTEN,COMPILES,SEMANTIC_VERIFIED,ASM_DIFFERENT,NOT_RUNTIME_TESTED,,,static.crs,reagent,RETAIL_ORIGINAL_SYMBOL,Phase 4E cluster 8dd8b229c5be; Qwen reconstruction approved by GPT-5.4 mini
0x00158D00,0x10,src/reagent/yellow_clusters/cluster_7bfa7b755612.cpp,_ZN10BattleInst10BattleInst17SetNoEntryTrainerEii,arm-none-eabi-g++ 16.2.0,SOURCE_WRITTEN,COMPILES,SEMANTIC_VERIFIED,ASM_DIFFERENT,NOT_RUNTIME_TESTED,,,static.crs,reagent,RETAIL_ORIGINAL_SYMBOL,Phase 4E cluster 7bfa7b755612; Qwen reconstruction approved by GPT-5.4 mini
0x00158570,0x2C,src/reagent/yellow_clusters/cluster_7bfa7b755612.cpp,_ZN10BattleInst10BattleInst14DeleteForRoyalEv,arm-none-eabi-g++ 16.2.0,SOURCE_WRITTEN,COMPILES,SEMANTIC_VERIFIED,ASM_DIFFERENT,NOT_RUNTIME_TESTED,,,static.crs,reagent,RETAIL_ORIGINAL_SYMBOL,Phase 4E cluster 7bfa7b755612; Qwen reconstruction approved by GPT-5.4 mini
0x001587B0,0x40,src/reagent/yellow_clusters/cluster_7bfa7b755612.cpp,_ZN10BattleInst10BattleInst15SetCommWinCountEi,arm-none-eabi-g++ 16.2.0,SOURCE_WRITTEN,COMPILES,SEMANTIC_VERIFIED,ASM_DIFFERENT,NOT_RUNTIME_TESTED,,,static.crs,reagent,RETAIL_ORIGINAL_SYMBOL,Phase 4E cluster 7bfa7b755612; Qwen reconstruction approved by GPT-5.4 mini
0x00304C04,0x24,src/reagent/yellow_clusters/cluster_9f40b4813239.cpp,_ZN3app4tool8PaneList9SetConfigENS1_12PageSkipModeEaaaa,arm-none-eabi-g++ 16.2.0,SOURCE_WRITTEN,COMPILES,SEMANTIC_VERIFIED,ASM_DIFFERENT,NOT_RUNTIME_TESTED,,,static.crs,reagent,RETAIL_ORIGINAL_SYMBOL,Phase 4E cluster 9f40b4813239; Qwen reconstruction approved by GPT-5.4 mini
0x00301B9C,0x20,src/reagent/yellow_clusters/cluster_9f40b4813239.cpp,_ZN3app4tool8PaneList13MakeTouchAreaEffff,arm-none-eabi-g++ 16.2.0,SOURCE_WRITTEN,COMPILES,SEMANTIC_VERIFIED,ASM_DIFFERENT,NOT_RUNTIME_TESTED,,,static.crs,reagent,RETAIL_ORIGINAL_SYMBOL,Phase 4E cluster 9f40b4813239; Qwen reconstruction approved by GPT-5.4 mini
0x0048E6FC,0x1C,src/reagent/yellow_clusters/cluster_9f40b4813239.cpp,_ZNK3app4tool8PaneList13GetCursorDataEPjPf,arm-none-eabi-g++ 16.2.0,SOURCE_WRITTEN,COMPILES,SEMANTIC_VERIFIED,ASM_DIFFERENT,NOT_RUNTIME_TESTED,,,static.crs,reagent,RETAIL_ORIGINAL_SYMBOL,Phase 4E cluster 9f40b4813239; Qwen reconstruction approved by GPT-5.4 mini
0x002CBE28,0x0C,src/reagent/yellow_clusters/cluster_c935aea843bd.cpp,_ZN3App4Tool11NewPaneList11SetupNoLoopEv,arm-none-eabi-g++ 16.2.0,SOURCE_WRITTEN,COMPILES,SEMANTIC_VERIFIED,ASM_DIFFERENT,NOT_RUNTIME_TESTED,,,static.crs,reagent,RETAIL_ORIGINAL_SYMBOL,Phase 4E cluster c935aea843bd; Qwen reconstruction approved by GPT-5.4 mini
0x002CD9DC,0x0C,src/reagent/yellow_clusters/cluster_c935aea843bd.cpp,_ZN3App4Tool11NewPaneList7SetupSEEjj,arm-none-eabi-g++ 16.2.0,SOURCE_WRITTEN,COMPILES,SEMANTIC_VERIFIED,ASM_DIFFERENT,NOT_RUNTIME_TESTED,,,static.crs,reagent,RETAIL_ORIGINAL_SYMBOL,Phase 4E cluster c935aea843bd; Qwen reconstruction approved by GPT-5.4 mini
0x002CC50C,0x28,src/reagent/yellow_clusters/cluster_c935aea843bd.cpp,_ZN3App4Tool11NewPaneList15DeleteScrollBarEv,arm-none-eabi-g++ 16.2.0,SOURCE_WRITTEN,COMPILES,SEMANTIC_VERIFIED,ASM_DIFFERENT,NOT_RUNTIME_TESTED,,,static.crs,reagent,RETAIL_ORIGINAL_SYMBOL,Phase 4E cluster c935aea843bd; Qwen reconstruction approved by GPT-5.4 mini
0x002CC1CC,0x18,src/reagent/yellow_clusters/cluster_c935aea843bd.cpp,_ZN3App4Tool11NewPaneList14SetupTouchAreaEssss,arm-none-eabi-g++ 16.2.0,SOURCE_WRITTEN,COMPILES,SEMANTIC_VERIFIED,ASM_DIFFERENT,NOT_RUNTIME_TESTED,,,static.crs,reagent,RETAIL_ORIGINAL_SYMBOL,Phase 4E cluster c935aea843bd; Qwen reconstruction approved by GPT-5.4 mini
0x002CBDC0,0x68,src/reagent/yellow_clusters/cluster_c935aea843bd.cpp,_ZN3App4Tool11NewPaneList11SetExScrollENS1_10ScrollModeE,arm-none-eabi-g++ 16.2.0,SOURCE_WRITTEN,COMPILES,SEMANTIC_VERIFIED,ASM_DIFFERENT,NOT_RUNTIME_TESTED,,,static.crs,reagent,RETAIL_ORIGINAL_SYMBOL,Phase 4E cluster c935aea843bd; Qwen reconstruction approved by GPT-5.4 mini
0x00315410,0x14,src/reagent/yellow_clusters/cluster_c461a88ce461.cpp,_ZN3pml8personal14GetWazaOboeNumEv,arm-none-eabi-g++ 16.2.0,SOURCE_WRITTEN,COMPILES,SEMANTIC_VERIFIED,ASM_DIFFERENT,NOT_RUNTIME_TESTED,,,static.crs,reagent,RETAIL_ORIGINAL_SYMBOL,Phase 4E cluster c461a88ce461; Qwen reconstruction approved by GPT-5.4 mini
0x004A2AA0,0x1C,src/reagent/yellow_clusters/cluster_9767a3faa87c.cpp,_ZNK6NetApp9Evolution9APP_PARAM12IsForgotWazaEv,arm-none-eabi-g++ 16.2.0,SOURCE_WRITTEN,COMPILES,SEMANTIC_VERIFIED,ASM_DIFFERENT,NOT_RUNTIME_TESTED,,,static.crs,reagent,RETAIL_ORIGINAL_SYMBOL,Phase 4E cluster 9767a3faa87c; Qwen reconstruction approved by GPT-5.4 mini
0x0035A5B0,0x48,src/reagent/yellow_clusters/cluster_8755353c3a34.cpp,_ZN4gfl24pawn8PawnBaseC1Ev,arm-none-eabi-g++ 16.2.0,SOURCE_WRITTEN,COMPILES,SEMANTIC_VERIFIED,ASM_DIFFERENT,NOT_RUNTIME_TESTED,,,static.crs,reagent,RETAIL_ORIGINAL_SYMBOL,Phase 4E cluster 8755353c3a34; Qwen reconstruction approved by GPT-5.4 mini
0x0035A208,0x40,src/reagent/yellow_clusters/cluster_8755353c3a34.cpp,_ZN4gfl24pawn8PawnBase25GetGlobalParameterPointerEPKc,arm-none-eabi-g++ 16.2.0,SOURCE_WRITTEN,COMPILES,SEMANTIC_VERIFIED,ASM_DIFFERENT,NOT_RUNTIME_TESTED,,,static.crs,reagent,RETAIL_ORIGINAL_SYMBOL,Phase 4E cluster 8755353c3a34; Qwen reconstruction approved by GPT-5.4 mini
0x004120E4,0x24,src/reagent/yellow_clusters/cluster_5f8ab669cac7.cpp,_ZN7poke_3d5model17CharaModelFactoryC1Ev,arm-none-eabi-g++ 16.2.0,SOURCE_WRITTEN,COMPILES,SEMANTIC_VERIFIED,ASM_DIFFERENT,NOT_RUNTIME_TESTED,,,static.crs,reagent,RETAIL_ORIGINAL_SYMBOL,Phase 4E cluster 5f8ab669cac7; Qwen reconstruction approved by GPT-5.4 mini
0x00354EB4,0x20,src/reagent/yellow_clusters/cluster_f38fa9b6c009.cpp,_ZN3App4Tool30CommonMessageWindowManipulator18SetFinishMode_NoneEv,arm-none-eabi-g++ 16.2.0,SOURCE_WRITTEN,COMPILES,SEMANTIC_VERIFIED,ASM_DIFFERENT,NOT_RUNTIME_TESTED,,,static.crs,reagent,RETAIL_ORIGINAL_SYMBOL,Phase 4E cluster f38fa9b6c009; Qwen reconstruction approved by GPT-5.4 mini
0x0045B2E4,0x0C,src/reagent/yellow_clusters/cluster_4b530fdb2293.cpp,_ZN9NetAppLib4Util11BossUtility25GetFreeRagulationFileNameEv,arm-none-eabi-g++ 16.2.0,SOURCE_WRITTEN,COMPILES,SEMANTIC_VERIFIED,ASM_DIFFERENT,NOT_RUNTIME_TESTED,,,static.crs,reagent,RETAIL_ORIGINAL_SYMBOL,Phase 4E cluster 4b530fdb2293; Qwen reconstruction approved by GPT-5.4 mini
0x00304F04,0x08,src/reagent/yellow_clusters/cluster_12eeaa203111.cpp,_ZN3app4tool8PokeIcon10IsFileOpenEv,arm-none-eabi-g++ 16.2.0,SOURCE_WRITTEN,COMPILES,SEMANTIC_VERIFIED,ASM_DIFFERENT,NOT_RUNTIME_TESTED,,,static.crs,reagent,RETAIL_ORIGINAL_SYMBOL,Phase 4E cluster 12eeaa203111; Qwen reconstruction approved by GPT-5.4 mini
0x00304F0C,0x08,src/reagent/yellow_clusters/cluster_12eeaa203111.cpp,_ZN3app4tool8PokeIcon11IsFileCloseEv,arm-none-eabi-g++ 16.2.0,SOURCE_WRITTEN,COMPILES,SEMANTIC_VERIFIED,ASM_DIFFERENT,NOT_RUNTIME_TESTED,,,static.crs,reagent,RETAIL_ORIGINAL_SYMBOL,Phase 4E cluster 12eeaa203111; Qwen reconstruction approved by GPT-5.4 mini
0x0030508C,0x08,src/reagent/yellow_clusters/cluster_12eeaa203111.cpp,_ZN3app4tool8PokeIcon14IsLoadFinishedEj,arm-none-eabi-g++ 16.2.0,SOURCE_WRITTEN,COMPILES,SEMANTIC_VERIFIED,ASM_DIFFERENT,NOT_RUNTIME_TESTED,,,static.crs,reagent,RETAIL_ORIGINAL_SYMBOL,Phase 4E cluster 12eeaa203111; Qwen reconstruction approved by GPT-5.4 mini
0x003051E0,0x08,src/reagent/yellow_clusters/cluster_12eeaa203111.cpp,_ZN3app4tool8PokeIcon18AllocTextureBufferEj,arm-none-eabi-g++ 16.2.0,SOURCE_WRITTEN,COMPILES,SEMANTIC_VERIFIED,ASM_DIFFERENT,NOT_RUNTIME_TESTED,,,static.crs,reagent,RETAIL_ORIGINAL_SYMBOL,Phase 4E cluster 12eeaa203111; Qwen reconstruction approved by GPT-5.4 mini
0x0030687C,0x0C,src/reagent/yellow_clusters/cluster_5dd45cc3bc14.cpp,_ZN3app4util12FileAccessor11IsFileCloseEj,arm-none-eabi-g++ 16.2.0,SOURCE_WRITTEN,COMPILES,SEMANTIC_VERIFIED,ASM_DIFFERENT,NOT_RUNTIME_TESTED,,,static.crs,reagent,RETAIL_ORIGINAL_SYMBOL,Phase 4E cluster 5dd45cc3bc14; Qwen reconstruction approved by GPT-5.4 mini
0x00497508,0x0C,src/reagent/yellow_clusters/cluster_5dd45cc3bc14.cpp,_ZN3app4util12FileAccessor10IsFileLoadEPPv,arm-none-eabi-g++ 16.2.0,SOURCE_WRITTEN,COMPILES,SEMANTIC_VERIFIED,ASM_DIFFERENT,NOT_RUNTIME_TESTED,,,static.crs,reagent,RETAIL_ORIGINAL_SYMBOL,Phase 4E cluster 5dd45cc3bc14; Qwen reconstruction approved by GPT-5.4 mini
0x00306858,0x0C,src/reagent/yellow_clusters/cluster_5dd45cc3bc14.cpp,_ZN3app4util12FileAccessor10IsFileOpenEj,arm-none-eabi-g++ 16.2.0,SOURCE_WRITTEN,COMPILES,SEMANTIC_VERIFIED,ASM_DIFFERENT,NOT_RUNTIME_TESTED,,,static.crs,reagent,RETAIL_ORIGINAL_SYMBOL,Phase 4E cluster 5dd45cc3bc14; Qwen reconstruction approved by GPT-5.4 mini
0x00306B74,0x34,src/reagent/yellow_clusters/cluster_5dd45cc3bc14.cpp,_ZN3app4util12FileAccessor13FileCloseSyncEj,arm-none-eabi-g++ 16.2.0,SOURCE_WRITTEN,COMPILES,SEMANTIC_VERIFIED,ASM_DIFFERENT,NOT_RUNTIME_TESTED,,,static.crs,reagent,RETAIL_ORIGINAL_SYMBOL,Phase 4E cluster 5dd45cc3bc14; Qwen reconstruction approved by GPT-5.4 mini
0x0049814C,0x10,src/reagent/yellow_clusters/cluster_9135b8de0a61.cpp,_ZNK4gfl22ui10TouchPanel4GetXEv,arm-none-eabi-g++ 16.2.0,SOURCE_WRITTEN,COMPILES,SEMANTIC_VERIFIED,ASM_DIFFERENT,NOT_RUNTIME_TESTED,,,static.crs,reagent,RETAIL_ORIGINAL_SYMBOL,Phase 4E cluster 9135b8de0a61; Qwen reconstruction approved by GPT-5.4 mini
0x0049815C,0x10,src/reagent/yellow_clusters/cluster_9135b8de0a61.cpp,_ZNK4gfl22ui10TouchPanel4GetYEv,arm-none-eabi-g++ 16.2.0,SOURCE_WRITTEN,COMPILES,SEMANTIC_VERIFIED,ASM_DIFFERENT,NOT_RUNTIME_TESTED,,,static.crs,reagent,RETAIL_ORIGINAL_SYMBOL,Phase 4E cluster 9135b8de0a61; Qwen reconstruction approved by GPT-5.4 mini
0x00498220,0x10,src/reagent/yellow_clusters/cluster_9135b8de0a61.cpp,_ZNK4gfl22ui10TouchPanel8GetPrevXEv,arm-none-eabi-g++ 16.2.0,SOURCE_WRITTEN,COMPILES,SEMANTIC_VERIFIED,ASM_DIFFERENT,NOT_RUNTIME_TESTED,,,static.crs,reagent,RETAIL_ORIGINAL_SYMBOL,Phase 4E cluster 9135b8de0a61; Qwen reconstruction approved by GPT-5.4 mini
0x00498230,0x10,src/reagent/yellow_clusters/cluster_9135b8de0a61.cpp,_ZNK4gfl22ui10TouchPanel8GetPrevYEv,arm-none-eabi-g++ 16.2.0,SOURCE_WRITTEN,COMPILES,SEMANTIC_VERIFIED,ASM_DIFFERENT,NOT_RUNTIME_TESTED,,,static.crs,reagent,RETAIL_ORIGINAL_SYMBOL,Phase 4E cluster 9135b8de0a61; Qwen reconstruction approved by GPT-5.4 mini
0x002E7818,0x14,src/reagent/yellow_clusters/cluster_856076fb826b.cpp,_ZN3app2ui6UIView20DeleteGraphicsSystemEv,arm-none-eabi-g++ 16.2.0,SOURCE_WRITTEN,COMPILES,SEMANTIC_VERIFIED,ASM_DIFFERENT,NOT_RUNTIME_TESTED,,,static.crs,reagent,RETAIL_ORIGINAL_SYMBOL,Phase 4E cluster 856076fb826b; Qwen reconstruction approved by GPT-5.4 mini
0x004A76B0,0x14,src/reagent/yellow_clusters/cluster_6768465766b2.cpp,_ZNK8Savedata17JoinFestaDataSave22GetJoinFestaNameStringEPN4gfl23str6StrBufE,arm-none-eabi-g++ 16.2.0,SOURCE_WRITTEN,COMPILES,SEMANTIC_VERIFIED,ASM_DIFFERENT,NOT_RUNTIME_TESTED,,,static.crs,reagent,RETAIL_ORIGINAL_SYMBOL,Phase 4E cluster 6768465766b2; Qwen reconstruction approved by GPT-5.4 mini
0x0043EE18,0x14,src/reagent/yellow_clusters/cluster_6768465766b2.cpp,_ZN8Savedata17JoinFestaDataSave26ResetFacilitiesLotterySeedEv,arm-none-eabi-g++ 16.2.0,SOURCE_WRITTEN,COMPILES,SEMANTIC_VERIFIED,ASM_DIFFERENT,NOT_RUNTIME_TESTED,,,static.crs,reagent,RETAIL_ORIGINAL_SYMBOL,Phase 4E cluster 6768465766b2; Qwen reconstruction approved by GPT-5.4 mini
0x0043E414,0x28,src/reagent/yellow_clusters/cluster_6768465766b2.cpp,_ZN8Savedata17JoinFestaDataSave14SetRewardStateEN15JoinFestaScript10RewardTypeENS1_15RewardStateTypeE,arm-none-eabi-g++ 16.2.0,SOURCE_WRITTEN,COMPILES,SEMANTIC_VERIFIED,ASM_DIFFERENT,NOT_RUNTIME_TESTED,,,static.crs,reagent,RETAIL_ORIGINAL_SYMBOL,Phase 4E cluster 6768465766b2; Qwen reconstruction approved by GPT-5.4 mini
0x0043E9E0,0x64,src/reagent/yellow_clusters/cluster_6768465766b2.cpp,_ZN8Savedata17JoinFestaDataSave21FacilitiesChangeIndexEN15JoinFestaScript15FacilitiesIndexES2_,arm-none-eabi-g++ 16.2.0,SOURCE_WRITTEN,COMPILES,SEMANTIC_VERIFIED,ASM_DIFFERENT,NOT_RUNTIME_TESTED,,,static.crs,reagent,RETAIL_ORIGINAL_SYMBOL,Phase 4E cluster 6768465766b2; Qwen reconstruction approved by GPT-5.4 mini
0x003A16B0,0x10,src/reagent/yellow_clusters/cluster_27c93d6c4bf2.cpp,_ZN5Field9MoveModel20FieldMoveModelPlayer19CheckSafetyPositionEv,arm-none-eabi-g++ 16.2.0,SOURCE_WRITTEN,COMPILES,SEMANTIC_VERIFIED,ASM_DIFFERENT,NOT_RUNTIME_TESTED,,,static.crs,reagent,RETAIL_ORIGINAL_SYMBOL,Phase 4E cluster 27c93d6c4bf2; Qwen reconstruction approved by GPT-5.4 mini
0x00493FB0,0x08,src/reagent/yellow_leaf_functions.cpp,_ZNK4gfl215renderingengine10scenegraph4Node15IsTransformTypeEv,arm-none-eabi-g++ 16.2.0,SOURCE_WRITTEN,COMPILES,SEMANTIC_VERIFIED,ASM_MATCH,NOT_RUNTIME_TESTED,8,8,static.crs,reagent,RETAIL_ORIGINAL_SYMBOL,Phase 4D clustered leaf accessor; checker-approved semantics and exact retail ARM bytes
0x00493FC0,0x08,src/reagent/yellow_leaf_functions.cpp,_ZNK4gfl215renderingengine10scenegraph8instance11DrawEnvNode17UpdateMaterialFogEPNS2_17ModelInstanceNodeE,arm-none-eabi-g++ 16.2.0,SOURCE_WRITTEN,COMPILES,SEMANTIC_VERIFIED,ASM_MATCH,NOT_RUNTIME_TESTED,8,8,static.crs,reagent,RETAIL_ORIGINAL_SYMBOL,Phase 4D clustered leaf accessor; checker-approved semantics and exact retail ARM bytes
0x004A2D0C,0x08,src/reagent/yellow_leaf_functions.cpp,_ZNK6NetLib4Wifi19SubscriptionManager33GetOpenAttractionPreviousWaitTimeEv,arm-none-eabi-g++ 16.2.0,SOURCE_WRITTEN,COMPILES,SEMANTIC_VERIFIED,ASM_MATCH,NOT_RUNTIME_TESTED,8,8,static.crs,reagent,RETAIL_ORIGINAL_SYMBOL,Phase 4D clustered leaf accessor; checker-approved semantics and exact retail ARM bytes
0x004AAC88,0x08,src/reagent/yellow_leaf_functions.cpp,_ZNK9NetAppLib9JoinFesta21JoinFestaPersonalData17GetPacketDataSizeEv,arm-none-eabi-g++ 16.2.0,SOURCE_WRITTEN,COMPILES,SEMANTIC_VERIFIED,ASM_MATCH,NOT_RUNTIME_TESTED,8,8,static.crs,reagent,RETAIL_ORIGINAL_SYMBOL,Phase 4D clustered leaf accessor; checker-approved semantics and exact retail ARM bytes
0x002E665C,0x0C,src/reagent/yellow_leaf_functions.cpp,_ZN3App9FieldMenu8PlayData19GetRotomMessageWorkEj,arm-none-eabi-g++ 16.2.0,SOURCE_WRITTEN,COMPILES,SEMANTIC_VERIFIED,ASM_MATCH,NOT_RUNTIME_TESTED,12,12,static.crs,reagent,RETAIL_ORIGINAL_SYMBOL,Phase 4D clustered leaf accessor; checker-approved semantics and exact retail ARM bytes
0x00356F2C,0x0C,src/reagent/yellow_leaf_functions.cpp,_ZN4gfl24Fade11FadeManager21GetColorBufferTextureEj,arm-none-eabi-g++ 16.2.0,SOURCE_WRITTEN,COMPILES,SEMANTIC_VERIFIED,ASM_MATCH,NOT_RUNTIME_TESTED,12,12,static.crs,reagent,RETAIL_ORIGINAL_SYMBOL,Phase 4D clustered leaf accessor; checker-approved semantics and exact retail ARM bytes
0x002E66E0,0x0C,src/reagent/speculative/batch_000020.cpp,_ZN3App9FieldMenu8PlayData26SetEndContinueRotomMessageEv,arm-none-eabi-g++ 16.2.0,SOURCE_WRITTEN,COMPILES,SEMANTIC_VERIFIED,ASM_DIFFERENT,NOT_RUNTIME_TESTED,,,static.crs,reagent,RETAIL_ORIGINAL_SYMBOL,Phase 4H compile-first speculative promotion; runtime-inactive
0x0032C7EC,0x0C,src/reagent/speculative/batch_000020.cpp,_ZN4gfl215renderingengine10scenegraph8resource15GfBinaryEnvDataD1Ev,arm-none-eabi-g++ 16.2.0,SOURCE_WRITTEN,COMPILES,SEMANTIC_VERIFIED,ASM_DIFFERENT,NOT_RUNTIME_TESTED,,,static.crs,reagent,RETAIL_ORIGINAL_SYMBOL,Phase 4H compile-first speculative promotion; runtime-inactive
0x0032C9C0,0x0C,src/reagent/speculative/batch_000020.cpp,_ZN4gfl215renderingengine10scenegraph8resource15GfBinaryMdlDataD1Ev,arm-none-eabi-g++ 16.2.0,SOURCE_WRITTEN,COMPILES,SEMANTIC_VERIFIED,ASM_DIFFERENT,NOT_RUNTIME_TESTED,,,static.crs,reagent,RETAIL_ORIGINAL_SYMBOL,Phase 4H compile-first speculative promotion; runtime-inactive
0x0032CCC4,0x0C,src/reagent/speculative/batch_000020.cpp,_ZN4gfl215renderingengine10scenegraph8resource15GfBinaryShdDataD1Ev,arm-none-eabi-g++ 16.2.0,SOURCE_WRITTEN,COMPILES,SEMANTIC_VERIFIED,ASM_DIFFERENT,NOT_RUNTIME_TESTED,,,static.crs,reagent,RETAIL_ORIGINAL_SYMBOL,Phase 4H compile-first speculative promotion; runtime-inactive
0x0032CE98,0x0C,src/reagent/speculative/batch_000020.cpp,_ZN4gfl215renderingengine10scenegraph8resource15GfBinaryTexDataD1Ev,arm-none-eabi-g++ 16.2.0,SOURCE_WRITTEN,COMPILES,SEMANTIC_VERIFIED,ASM_DIFFERENT,NOT_RUNTIME_TESTED,,,static.crs,reagent,RETAIL_ORIGINAL_SYMBOL,Phase 4H compile-first speculative promotion; runtime-inactive
0x003309AC,0x0C,src/reagent/speculative/batch_000020.cpp,_ZN4gfl215renderingengine10scenegraph8resource24GfBinaryCollisionMdlDataD1Ev,arm-none-eabi-g++ 16.2.0,SOURCE_WRITTEN,COMPILES,SEMANTIC_VERIFIED,ASM_DIFFERENT,NOT_RUNTIME_TESTED,,,static.crs,reagent,RETAIL_ORIGINAL_SYMBOL,Phase 4H compile-first speculative promotion; runtime-inactive
0x00340F18,0x0C,src/reagent/speculative/batch_000020.cpp,_ZN4gfl22fs17BinLinkerAccessorC1Ev,arm-none-eabi-g++ 16.2.0,SOURCE_WRITTEN,COMPILES,SEMANTIC_VERIFIED,ASM_DIFFERENT,NOT_RUNTIME_TESTED,,,static.crs,reagent,RETAIL_ORIGINAL_SYMBOL,Phase 4H compile-first speculative promotion; runtime-inactive
0x0036CE0C,0x0C,src/reagent/speculative/batch_000020.cpp,_ZN4gfl29collision14CollisionModelC1Ev,arm-none-eabi-g++ 16.2.0,SOURCE_WRITTEN,COMPILES,SEMANTIC_VERIFIED,ASM_DIFFERENT,NOT_RUNTIME_TESTED,,,static.crs,reagent,RETAIL_ORIGINAL_SYMBOL,Phase 4H compile-first speculative promotion; runtime-inactive
0x003BECB0,0x0C,src/reagent/speculative/batch_000020.cpp,_ZN5print13MessageWindow18SetMessageAutoOnceEv,arm-none-eabi-g++ 16.2.0,SOURCE_WRITTEN,COMPILES,SEMANTIC_VERIFIED,ASM_DIFFERENT,NOT_RUNTIME_TESTED,,,static.crs,reagent,RETAIL_ORIGINAL_SYMBOL,Phase 4H compile-first speculative promotion; runtime-inactive
0x003D8F30,0x0C,src/reagent/speculative/batch_000020.cpp,_ZN6NetLib3Pgl12PGLConnector26RemovePGLConnectorListenerEv,arm-none-eabi-g++ 16.2.0,SOURCE_WRITTEN,COMPILES,SEMANTIC_VERIFIED,ASM_DIFFERENT,NOT_RUNTIME_TESTED,,,static.crs,reagent,RETAIL_ORIGINAL_SYMBOL,Phase 4H compile-first speculative promotion; runtime-inactive
0x0043DE98,0x0C,src/reagent/speculative/batch_000020.cpp,_ZN8Savedata16QRReaderSaveData23ResetScannedDataHistoryEv,arm-none-eabi-g++ 16.2.0,SOURCE_WRITTEN,COMPILES,SEMANTIC_VERIFIED,ASM_DIFFERENT,NOT_RUNTIME_TESTED,,,static.crs,reagent,RETAIL_ORIGINAL_SYMBOL,Phase 4H compile-first speculative promotion; runtime-inactive
0x0045AEE4,0x0C,src/reagent/speculative/batch_000020.cpp,_ZN9NetAppLib2UI25NetAppRegulationUpperView23ResetRegulationDrawInfoEv,arm-none-eabi-g++ 16.2.0,SOURCE_WRITTEN,COMPILES,SEMANTIC_VERIFIED,ASM_DIFFERENT,NOT_RUNTIME_TESTED,,,static.crs,reagent,RETAIL_ORIGINAL_SYMBOL,Phase 4H compile-first speculative promotion; runtime-inactive
0x0045C378,0x0C,src/reagent/speculative/batch_000020.cpp,_ZN9NetAppLib4Util22NetAppPokeModelUtility14CleanupRequestEv,arm-none-eabi-g++ 16.2.0,SOURCE_WRITTEN,COMPILES,SEMANTIC_VERIFIED,ASM_DIFFERENT,NOT_RUNTIME_TESTED,,,static.crs,reagent,RETAIL_ORIGINAL_SYMBOL,Phase 4H compile-first speculative promotion; runtime-inactive
0x0045FFD4,0x0C,src/reagent/speculative/batch_000020.cpp,_ZN9NetAppLib6System21ApplicationSystemBase17NonUseFadeRequestEv,arm-none-eabi-g++ 16.2.0,SOURCE_WRITTEN,COMPILES,SEMANTIC_VERIFIED,ASM_DIFFERENT,NOT_RUNTIME_TESTED,,,static.crs,reagent,RETAIL_ORIGINAL_SYMBOL,Phase 4H compile-first speculative promotion; runtime-inactive
0x00471680,0x0C,src/reagent/speculative/batch_000020.cpp,_ZN9NetAppLib9JoinFesta26JoinFestaAttractionManager18TimeCountDownStartEv,arm-none-eabi-g++ 16.2.0,SOURCE_WRITTEN,COMPILES,SEMANTIC_VERIFIED,ASM_DIFFERENT,NOT_RUNTIME_TESTED,,,static.crs,reagent,RETAIL_ORIGINAL_SYMBOL,Phase 4H compile-first speculative promotion; runtime-inactive
0x00473200,0x0C,src/reagent/speculative/batch_000020.cpp,_ZN9NetAppLib9JoinFesta28JoinFestaPersonalDataManager21SetRecruiterVisibleOnEv,arm-none-eabi-g++ 16.2.0,SOURCE_WRITTEN,COMPILES,SEMANTIC_VERIFIED,ASM_DIFFERENT,NOT_RUNTIME_TESTED,,,static.crs,reagent,RETAIL_ORIGINAL_SYMBOL,Phase 4H compile-first speculative promotion; runtime-inactive
0x00473A14,0x0C,src/reagent/speculative/batch_000020.cpp,_ZN9NetAppLib9JoinFesta28JoinFestaPersonalDataManager24ResetScriptTalkFriendKeyEv,arm-none-eabi-g++ 16.2.0,SOURCE_WRITTEN,COMPILES,SEMANTIC_VERIFIED,ASM_DIFFERENT,NOT_RUNTIME_TESTED,,,static.crs,reagent,RETAIL_ORIGINAL_SYMBOL,Phase 4H compile-first speculative promotion; runtime-inactive
0x00557F40,0x0C,src/reagent/speculative/batch_000020.cpp,_ZN2nw4font16TagProcessorBaseIwEC1Ev,arm-none-eabi-g++ 16.2.0,SOURCE_WRITTEN,COMPILES,SEMANTIC_VERIFIED,ASM_DIFFERENT,NOT_RUNTIME_TESTED,,,static.crs,reagent,RETAIL_ORIGINAL_SYMBOL,Phase 4H compile-first speculative promotion; runtime-inactive
0x00341CD4,0x10,src/reagent/speculative/batch_000020.cpp,_ZN4gfl22fs6ResultC1Ev,arm-none-eabi-g++ 16.2.0,SOURCE_WRITTEN,COMPILES,SEMANTIC_VERIFIED,ASM_DIFFERENT,NOT_RUNTIME_TESTED,,,static.crs,reagent,RETAIL_ORIGINAL_SYMBOL,Phase 4H compile-first speculative promotion; runtime-inactive
0x00361890,0x10,src/reagent/speculative/batch_000020.cpp,_ZN4gfl29animation17AnimationPackListC1Ev,arm-none-eabi-g++ 16.2.0,SOURCE_WRITTEN,COMPILES,SEMANTIC_VERIFIED,ASM_DIFFERENT,NOT_RUNTIME_TESTED,,,static.crs,reagent,RETAIL_ORIGINAL_SYMBOL,Phase 4H compile-first speculative promotion; runtime-inactive
0x004A2A64,0x10,src/reagent/yellow_clusters/cluster_30c6d8c743bc.cpp,_ZNK6NetApp4Live7LiveNet16GetClientID_MineEv,arm-none-eabi-g++ 16.2.0,SOURCE_WRITTEN,COMPILES,SEMANTIC_VERIFIED,ASM_DIFFERENT,NOT_RUNTIME_TESTED,,,static.crs,reagent,RETAIL_ORIGINAL_SYMBOL,Phase 4E cluster 30c6d8c743bc; gpt-5.4-mini reconstruction approved by gpt-5.4-mini
0x004A2A74,0x04,src/reagent/yellow_clusters/cluster_30c6d8c743bc.cpp,_ZNK6NetApp4Live7LiveNet20GetClientID_OpponentEv,arm-none-eabi-g++ 16.2.0,SOURCE_WRITTEN,COMPILES,SEMANTIC_VERIFIED,ASM_DIFFERENT,NOT_RUNTIME_TESTED,,,static.crs,reagent,RETAIL_ORIGINAL_SYMBOL,Phase 4E cluster 30c6d8c743bc; gpt-5.4-mini reconstruction approved by gpt-5.4-mini
0x003D6874,0x14,src/reagent/yellow_clusters/cluster_9960ff6e530a.cpp,_ZN6NetLib3P2P20P2pConnectionManager16IsConnectSuccessEv,arm-none-eabi-g++ 16.2.0,SOURCE_WRITTEN,COMPILES,SEMANTIC_VERIFIED,ASM_DIFFERENT,NOT_RUNTIME_TESTED,,,static.crs,reagent,RETAIL_ORIGINAL_SYMBOL,Phase 4E cluster 9960ff6e530a; gpt-5.4-mini reconstruction approved by gpt-5.4-mini
0x003D6BA4,0x1C,src/reagent/yellow_clusters/cluster_9960ff6e530a.cpp,_ZN6NetLib3P2P20P2pConnectionManager19IsDisconnectSuccessEv,arm-none-eabi-g++ 16.2.0,SOURCE_WRITTEN,COMPILES,SEMANTIC_VERIFIED,ASM_DIFFERENT,NOT_RUNTIME_TESTED,,,static.crs,reagent,RETAIL_ORIGINAL_SYMBOL,Phase 4E cluster 9960ff6e530a; gpt-5.4-mini reconstruction approved by gpt-5.4-mini
0x0049EF4C,0x18,src/reagent/yellow_clusters/cluster_6175e415ec06.cpp,_ZNK5Field9EventList13EventListData20GetDetailInfoCurrentEv,arm-none-eabi-g++ 16.2.0,SOURCE_WRITTEN,COMPILES,SEMANTIC_VERIFIED,ASM_DIFFERENT,NOT_RUNTIME_TESTED,,,static.crs,reagent,RETAIL_ORIGINAL_SYMBOL,Phase 4E cluster 6175e415ec06; gpt-5.4-mini reconstruction approved by gpt-5.4-mini
0x0049EF64,0x1C,src/reagent/yellow_clusters/cluster_6175e415ec06.cpp,_ZNK5Field9EventList13EventListData21GetDetailFieldCurrentEv,arm-none-eabi-g++ 16.2.0,SOURCE_WRITTEN,COMPILES,SEMANTIC_VERIFIED,ASM_DIFFERENT,NOT_RUNTIME_TESTED,,,static.crs,reagent,RETAIL_ORIGINAL_SYMBOL,Phase 4E cluster 6175e415ec06; gpt-5.4-mini reconstruction approved by gpt-5.4-mini
0x00469374,0x1C,src/reagent/yellow_clusters/cluster_994f9b0725ed.cpp,_ZN9NetAppLib9JoinFesta22InformationMessageDataC1Ev,arm-none-eabi-g++ 16.2.0,SOURCE_WRITTEN,COMPILES,SEMANTIC_VERIFIED,ASM_DIFFERENT,NOT_RUNTIME_TESTED,,,static.crs,reagent,RETAIL_ORIGINAL_SYMBOL,Phase 4E cluster 994f9b0725ed; gpt-5.4-mini reconstruction approved by gpt-5.4-mini
0x004693B4,0x18,src/reagent/yellow_clusters/cluster_994f9b0725ed.cpp,_ZN9NetAppLib9JoinFesta22InformationMessageDataD1Ev,arm-none-eabi-g++ 16.2.0,SOURCE_WRITTEN,COMPILES,SEMANTIC_VERIFIED,ASM_DIFFERENT,NOT_RUNTIME_TESTED,,,static.crs,reagent,RETAIL_ORIGINAL_SYMBOL,Phase 4E cluster 994f9b0725ed; gpt-5.4-mini reconstruction approved by gpt-5.4-mini
0x004A77F0,0x14,src/reagent/yellow_clusters/cluster_81c4d8467955.cpp,_ZNK8Savedata17JoinFestaDataSave32GetPlayerListShowAppTutorialFlagEv,arm-none-eabi-g++ 16.2.0,SOURCE_WRITTEN,COMPILES,SEMANTIC_VERIFIED,ASM_DIFFERENT,NOT_RUNTIME_TESTED,,,static.crs,reagent,RETAIL_ORIGINAL_SYMBOL,Phase 4E cluster 81c4d8467955; gpt-5.4-mini reconstruction approved by gpt-5.4-mini
0x0043F170,0x24,src/reagent/yellow_clusters/cluster_81c4d8467955.cpp,_ZN8Savedata17JoinFestaDataSave34GetQuestionnaireIdForPersonalEventEv,arm-none-eabi-g++ 16.2.0,SOURCE_WRITTEN,COMPILES,SEMANTIC_VERIFIED,ASM_DIFFERENT,NOT_RUNTIME_TESTED,,,static.crs,reagent,RETAIL_ORIGINAL_SYMBOL,Phase 4E cluster 81c4d8467955; gpt-5.4-mini reconstruction approved by gpt-5.4-mini
0x004438F4,0x20,src/reagent/yellow_clusters/cluster_4254583f2a82.cpp,_ZN8Savedata8GameTimeC1Ev,arm-none-eabi-g++ 16.2.0,SOURCE_WRITTEN,COMPILES,SEMANTIC_VERIFIED,ASM_DIFFERENT,NOT_RUNTIME_TESTED,,,static.crs,reagent,RETAIL_ORIGINAL_SYMBOL,Phase 4E cluster 4254583f2a82; gpt-5.4-mini reconstruction approved by gpt-5.4-mini
0x004A8220,0x20,src/reagent/yellow_clusters/cluster_4254583f2a82.cpp,_ZNK8Savedata8GameTime19IsAlolaOffsetExistsEv,arm-none-eabi-g++ 16.2.0,SOURCE_WRITTEN,COMPILES,SEMANTIC_VERIFIED,ASM_DIFFERENT,NOT_RUNTIME_TESTED,,,static.crs,reagent,RETAIL_ORIGINAL_SYMBOL,Phase 4E cluster 4254583f2a82; gpt-5.4-mini reconstruction approved by gpt-5.4-mini
0x0010366A,0x20,src/reagent/yellow_clusters/cluster_0c6095a9f1f1.cpp,_ZNKSt5ctypeIcE10do_tolowerEc,arm-none-eabi-g++ 16.2.0,SOURCE_WRITTEN,COMPILES,SEMANTIC_VERIFIED,ASM_DIFFERENT,NOT_RUNTIME_TESTED,,,static.crs,reagent,RETAIL_ORIGINAL_SYMBOL,Phase 4E cluster 0c6095a9f1f1; gpt-5.4-mini reconstruction approved by gpt-5.4-mini
0x001036B8,0x20,src/reagent/yellow_clusters/cluster_0c6095a9f1f1.cpp,_ZNKSt5ctypeIcE10do_toupperEc,arm-none-eabi-g++ 16.2.0,SOURCE_WRITTEN,COMPILES,SEMANTIC_VERIFIED,ASM_DIFFERENT,NOT_RUNTIME_TESTED,,,static.crs,reagent,RETAIL_ORIGINAL_SYMBOL,Phase 4E cluster 0c6095a9f1f1; gpt-5.4-mini reconstruction approved by gpt-5.4-mini
0x0036019C,0x30,src/reagent/yellow_clusters/cluster_5b37d39cb026.cpp,_ZN4gfl29animation15JointControllerC1Ev,arm-none-eabi-g++ 16.2.0,SOURCE_WRITTEN,COMPILES,SEMANTIC_VERIFIED,ASM_DIFFERENT,NOT_RUNTIME_TESTED,,,static.crs,reagent,RETAIL_ORIGINAL_SYMBOL,Phase 4E cluster 5b37d39cb026; gpt-5.4-mini reconstruction approved by gpt-5.4-mini
0x003601CC,0x24,src/reagent/yellow_clusters/cluster_5b37d39cb026.cpp,_ZN4gfl29animation15JointControllerD1Ev,arm-none-eabi-g++ 16.2.0,SOURCE_WRITTEN,COMPILES,SEMANTIC_VERIFIED,ASM_DIFFERENT,NOT_RUNTIME_TESTED,,,static.crs,reagent,RETAIL_ORIGINAL_SYMBOL,Phase 4E cluster 5b37d39cb026; gpt-5.4-mini reconstruction approved by gpt-5.4-mini
0x004A2AE0,0x24,src/reagent/yellow_clusters/cluster_9767a3faa87c.cpp,_ZNK6NetApp9Evolution9APP_PARAM17IsAbandonedForgetEv,arm-none-eabi-g++ 16.2.0,SOURCE_WRITTEN,COMPILES,SEMANTIC_VERIFIED,ASM_DIFFERENT,NOT_RUNTIME_TESTED,,,static.crs,reagent,RETAIL_ORIGINAL_SYMBOL,Phase 4E cluster 9767a3faa87c; gpt-5.4-mini reconstruction approved by gpt-5.4-mini
0x003D00E0,0x34,src/reagent/yellow_clusters/cluster_9767a3faa87c.cpp,_ZN6NetApp9Evolution9APP_PARAM14IsAlolaSpeciesERKN3pml8pokepara9CoreParamE,arm-none-eabi-g++ 16.2.0,SOURCE_WRITTEN,COMPILES,SEMANTIC_VERIFIED,ASM_DIFFERENT,NOT_RUNTIME_TESTED,,,static.crs,reagent,RETAIL_ORIGINAL_SYMBOL,Phase 4E cluster 9767a3faa87c; gpt-5.4-mini reconstruction approved by gpt-5.4-mini
0x004490E8,0x28,src/reagent/yellow_clusters/cluster_451b6ab4245b.cpp,_ZN9NetAppLib11JoinFestaUI23JoinFestaAttractionDataaSERKS1_,arm-none-eabi-g++ 16.2.0,SOURCE_WRITTEN,COMPILES,SEMANTIC_VERIFIED,ASM_DIFFERENT,NOT_RUNTIME_TESTED,,,static.crs,reagent,RETAIL_ORIGINAL_SYMBOL,Phase 4E cluster 451b6ab4245b; gpt-5.4-mini reconstruction approved by gpt-5.4-mini
0x00449010,0x34,src/reagent/yellow_clusters/cluster_451b6ab4245b.cpp,_ZN9NetAppLib11JoinFestaUI23JoinFestaAttractionData15GetAttractionIDEv,arm-none-eabi-g++ 16.2.0,SOURCE_WRITTEN,COMPILES,SEMANTIC_VERIFIED,ASM_DIFFERENT,NOT_RUNTIME_TESTED,,,static.crs,reagent,RETAIL_ORIGINAL_SYMBOL,Phase 4E cluster 451b6ab4245b; gpt-5.4-mini reconstruction approved by gpt-5.4-mini
0x003C2390,0x38,src/reagent/yellow_clusters/cluster_b1096d55853a.cpp,_ZN5print7WordSetC1EPN4gfl24heap11CtrHeapBaseE,arm-none-eabi-g++ 16.2.0,SOURCE_WRITTEN,COMPILES,SEMANTIC_VERIFIED,ASM_DIFFERENT,NOT_RUNTIME_TESTED,,,static.crs,reagent,RETAIL_ORIGINAL_SYMBOL,Phase 4E cluster b1096d55853a; gpt-5.4-mini reconstruction approved by gpt-5.4-mini
0x003C23C8,0x2C,src/reagent/yellow_clusters/cluster_b1096d55853a.cpp,_ZN5print7WordSetC1EjjPN4gfl24heap11CtrHeapBaseE,arm-none-eabi-g++ 16.2.0,SOURCE_WRITTEN,COMPILES,SEMANTIC_VERIFIED,ASM_DIFFERENT,NOT_RUNTIME_TESTED,,,static.crs,reagent,RETAIL_ORIGINAL_SYMBOL,Phase 4E cluster b1096d55853a; gpt-5.4-mini reconstruction approved by gpt-5.4-mini
0x003060E4,0x48,src/reagent/yellow_clusters/cluster_a4619855d978.cpp,_ZN3app4util10EffectUtilC1EPN4gfl24heap11CtrHeapBaseERKNS1_11DescriptionE,arm-none-eabi-g++ 16.2.0,SOURCE_WRITTEN,COMPILES,SEMANTIC_VERIFIED,ASM_DIFFERENT,NOT_RUNTIME_TESTED,,,static.crs,reagent,RETAIL_ORIGINAL_SYMBOL,Phase 4E cluster a4619855d978; gpt-5.4-mini reconstruction approved by gpt-5.4-mini
0x0030618C,0x20,src/reagent/yellow_clusters/cluster_a4619855d978.cpp,_ZN3app4util10EffectUtilD1Ev,arm-none-eabi-g++ 16.2.0,SOURCE_WRITTEN,COMPILES,SEMANTIC_VERIFIED,ASM_DIFFERENT,NOT_RUNTIME_TESTED,,,static.crs,reagent,RETAIL_ORIGINAL_SYMBOL,Phase 4E cluster a4619855d978; gpt-5.4-mini reconstruction approved by gpt-5.4-mini
0x002F0520,0x20,src/reagent/yellow_clusters/cluster_ee5e858af4b0.cpp,_ZN3app4tool14ResourceLoaderD1Ev,arm-none-eabi-g++ 16.2.0,SOURCE_WRITTEN,COMPILES,SEMANTIC_VERIFIED,ASM_DIFFERENT,NOT_RUNTIME_TESTED,,,static.crs,reagent,RETAIL_ORIGINAL_SYMBOL,Phase 4E cluster ee5e858af4b0; gpt-5.4-mini reconstruction approved by gpt-5.4-mini
0x002F03C8,0x50,src/reagent/yellow_clusters/cluster_ee5e858af4b0.cpp,_ZN3app4tool14ResourceLoader11ReleaseDataEv,arm-none-eabi-g++ 16.2.0,SOURCE_WRITTEN,COMPILES,SEMANTIC_VERIFIED,ASM_DIFFERENT,NOT_RUNTIME_TESTED,,,static.crs,reagent,RETAIL_ORIGINAL_SYMBOL,Phase 4E cluster ee5e858af4b0; gpt-5.4-mini reconstruction approved by gpt-5.4-mini
0x00307408,0x3C,src/reagent/yellow_clusters/cluster_b0deb0a6f2e7.cpp,_ZN3app4util18GetPokeNowLvExpNumEPKN3pml8pokepara12PokemonParamE,arm-none-eabi-g++ 16.2.0,SOURCE_WRITTEN,COMPILES,SEMANTIC_VERIFIED,ASM_DIFFERENT,NOT_RUNTIME_TESTED,,,static.crs,reagent,RETAIL_ORIGINAL_SYMBOL,Phase 4E cluster b0deb0a6f2e7; gpt-5.4-mini reconstruction approved by gpt-5.4-mini
0x0030C154,0x3C,src/reagent/yellow_clusters/cluster_b0deb0a6f2e7.cpp,_ZN3app4util19GetPokeNextLvExpNumEPKN3pml8pokepara12PokemonParamE,arm-none-eabi-g++ 16.2.0,SOURCE_WRITTEN,COMPILES,SEMANTIC_VERIFIED,ASM_DIFFERENT,NOT_RUNTIME_TESTED,,,static.crs,reagent,RETAIL_ORIGINAL_SYMBOL,Phase 4E cluster b0deb0a6f2e7; gpt-5.4-mini reconstruction approved by gpt-5.4-mini
0x002D8A48,0x34,src/reagent/yellow_clusters/cluster_58d512f0aa0e.cpp,_ZN3App6Resort17ResortDataManagerD1Ev,arm-none-eabi-g++ 16.2.0,SOURCE_WRITTEN,COMPILES,SEMANTIC_VERIFIED,ASM_DIFFERENT,NOT_RUNTIME_TESTED,,,static.crs,reagent,RETAIL_ORIGINAL_SYMBOL,Phase 4E cluster 58d512f0aa0e; gpt-5.4-mini reconstruction approved by gpt-5.4-mini
0x002D82FC,0x50,src/reagent/yellow_clusters/cluster_58d512f0aa0e.cpp,_ZN3App6Resort17ResortDataManager17SetStaticInstanceEPS1_,arm-none-eabi-g++ 16.2.0,SOURCE_WRITTEN,COMPILES,SEMANTIC_VERIFIED,ASM_DIFFERENT,NOT_RUNTIME_TESTED,,,static.crs,reagent,RETAIL_ORIGINAL_SYMBOL,Phase 4E cluster 58d512f0aa0e; gpt-5.4-mini reconstruction approved by gpt-5.4-mini
0x00343370,0x4C,src/reagent/yellow_clusters/cluster_71f8360fc777.cpp,_ZN4gfl22qr12QREncodeDataC1EPNS_4heap11CtrHeapBaseEj,arm-none-eabi-g++ 16.2.0,SOURCE_WRITTEN,COMPILES,SEMANTIC_VERIFIED,ASM_DIFFERENT,NOT_RUNTIME_TESTED,,,static.crs,reagent,RETAIL_ORIGINAL_SYMBOL,Phase 4E cluster 71f8360fc777; gpt-5.4-mini reconstruction approved by gpt-5.4-mini
0x00343400,0x38,src/reagent/yellow_clusters/cluster_71f8360fc777.cpp,_ZN4gfl22qr12QREncodeDataD1Ev,arm-none-eabi-g++ 16.2.0,SOURCE_WRITTEN,COMPILES,SEMANTIC_VERIFIED,ASM_DIFFERENT,NOT_RUNTIME_TESTED,,,static.crs,reagent,RETAIL_ORIGINAL_SYMBOL,Phase 4E cluster 71f8360fc777; gpt-5.4-mini reconstruction approved by gpt-5.4-mini
0x00354600,0x60,src/reagent/yellow_clusters/cluster_d466c537cab7.cpp,_ZN4gfl23str6StrBufC1ERKS1_PNS_4heap11CtrHeapBaseE,arm-none-eabi-g++ 16.2.0,SOURCE_WRITTEN,COMPILES,SEMANTIC_VERIFIED,ASM_DIFFERENT,NOT_RUNTIME_TESTED,,,static.crs,reagent,RETAIL_ORIGINAL_SYMBOL,Phase 4E cluster d466c537cab7; gpt-5.4-mini reconstruction approved by gpt-5.4-mini
0x00354704,0x24,src/reagent/yellow_clusters/cluster_d466c537cab7.cpp,_ZN4gfl23str6StrBufD1Ev,arm-none-eabi-g++ 16.2.0,SOURCE_WRITTEN,COMPILES,SEMANTIC_VERIFIED,ASM_DIFFERENT,NOT_RUNTIME_TESTED,,,static.crs,reagent,RETAIL_ORIGINAL_SYMBOL,Phase 4E cluster d466c537cab7; gpt-5.4-mini reconstruction approved by gpt-5.4-mini
0x0015C5D8,0x5C,src/reagent/yellow_clusters/cluster_cce50581e0b2.cpp,_ZN11ExtSavedata21RegulationExtSaveDataC1EPN4gfl24heap11CtrHeapBaseE,arm-none-eabi-g++ 16.2.0,SOURCE_WRITTEN,COMPILES,SEMANTIC_VERIFIED,ASM_DIFFERENT,NOT_RUNTIME_TESTED,,,static.crs,reagent,RETAIL_ORIGINAL_SYMBOL,Phase 4E cluster cce50581e0b2; gpt-5.4-mini reconstruction approved by gpt-5.4-mini
0x004371CC,0x50,src/reagent/yellow_clusters/cluster_fdcd0642eef0.cpp,_ZN8Savedata10BoxPokemon13GetSpaceCountEjPN3pml8pokepara9CoreParamE,arm-none-eabi-g++ 16.2.0,SOURCE_WRITTEN,COMPILES,SEMANTIC_VERIFIED,ASM_DIFFERENT,NOT_RUNTIME_TESTED,,,static.crs,reagent,RETAIL_ORIGINAL_SYMBOL,Phase 4E cluster fdcd0642eef0; gpt-5.4-mini reconstruction approved by gpt-5.4-mini
0x00437338,0x50,src/reagent/yellow_clusters/cluster_fdcd0642eef0.cpp,_ZN8Savedata10BoxPokemon15GetPokemonCountEjPN3pml8pokepara9CoreParamEb,arm-none-eabi-g++ 16.2.0,SOURCE_WRITTEN,COMPILES,SEMANTIC_VERIFIED,ASM_DIFFERENT,NOT_RUNTIME_TESTED,,,static.crs,reagent,RETAIL_ORIGINAL_SYMBOL,Phase 4E cluster fdcd0642eef0; gpt-5.4-mini reconstruction approved by gpt-5.4-mini
0x0045F560,0x60,src/reagent/yellow_clusters/cluster_127c4f53d0ef.cpp,_ZN9NetAppLib6System19ApplicationWorkBaseC1Eijj,arm-none-eabi-g++ 16.2.0,SOURCE_WRITTEN,COMPILES,SEMANTIC_VERIFIED,ASM_DIFFERENT,NOT_RUNTIME_TESTED,,,static.crs,reagent,RETAIL_ORIGINAL_SYMBOL,Phase 4E cluster 127c4f53d0ef; gpt-5.4-mini reconstruction approved by gpt-5.4-mini
0x0045F5C4,0x6C,src/reagent/yellow_clusters/cluster_127c4f53d0ef.cpp,_ZN9NetAppLib6System19ApplicationWorkBaseC1Ejj,arm-none-eabi-g++ 16.2.0,SOURCE_WRITTEN,COMPILES,SEMANTIC_VERIFIED,ASM_DIFFERENT,NOT_RUNTIME_TESTED,,,static.crs,reagent,RETAIL_ORIGINAL_SYMBOL,Phase 4E cluster 127c4f53d0ef; gpt-5.4-mini reconstruction approved by gpt-5.4-mini
0x004AA54C,0x04,src/reagent/yellow_clusters/cluster_5a02a8e19bf5.cpp,_ZNK9NetAppLib11JoinFestaUI38JoinFestaPlayerListSelectLowerViewBase9IsDrawingEv,arm-none-eabi-g++ 16.2.0,SOURCE_WRITTEN,COMPILES,SEMANTIC_VERIFIED,ASM_DIFFERENT,NOT_RUNTIME_TESTED,,,static.crs,reagent,RETAIL_ORIGINAL_SYMBOL,Phase 4E cluster 5a02a8e19bf5; gpt-5.4-mini reconstruction approved by gpt-5.4-mini
0x00302DD0,0x0C,src/reagent/yellow_clusters/cluster_3d7f39180c50.cpp,_ZSt3maxIjERKT_S2_S2_,arm-none-eabi-g++ 16.2.0,SOURCE_WRITTEN,COMPILES,SEMANTIC_VERIFIED,ASM_DIFFERENT,NOT_RUNTIME_TESTED,,,static.crs,reagent,RETAIL_ORIGINAL_SYMBOL,Phase 4E cluster 3d7f39180c50; gpt-5.4-mini reconstruction approved by gpt-5.4-mini
0x00407AB0,0x0C,src/reagent/yellow_clusters/cluster_97d42b66a22c.cpp,_ZN7gflnet23p2p7NetGame8IsMasterEv,arm-none-eabi-g++ 16.2.0,SOURCE_WRITTEN,COMPILES,SEMANTIC_VERIFIED,ASM_DIFFERENT,NOT_RUNTIME_TESTED,,,static.crs,reagent,RETAIL_ORIGINAL_SYMBOL,Phase 4E cluster 97d42b66a22c; gpt-5.4-mini reconstruction approved by gpt-5.4-mini
0x00302E5C,0x0C,src/reagent/yellow_clusters/cluster_ab754e170b37.cpp,_ZNSt11char_traitsIcE4copyEPcPKcj,arm-none-eabi-g++ 16.2.0,SOURCE_WRITTEN,COMPILES,SEMANTIC_VERIFIED,ASM_DIFFERENT,NOT_RUNTIME_TESTED,,,static.crs,reagent,RETAIL_ORIGINAL_SYMBOL,Phase 4E cluster ab754e170b37; gpt-5.4-mini reconstruction approved by gpt-5.4-mini
0x00301904,0x0C,src/reagent/yellow_clusters/cluster_5fdcb31d0754.cpp,_ZNSsD2Ev,arm-none-eabi-g++ 16.2.0,SOURCE_WRITTEN,COMPILES,SEMANTIC_VERIFIED,ASM_DIFFERENT,NOT_RUNTIME_TESTED,,,static.crs,reagent,RETAIL_ORIGINAL_SYMBOL,Phase 4E cluster 5fdcb31d0754; gpt-5.4-mini reconstruction approved by gpt-5.4-mini
0x00103FEC,0x10,src/reagent/yellow_clusters/cluster_9f3243f6b9c2.cpp,_ZN4__rw18__rw_locale_vectorISt18__rw_open_cat_dataED2Ev,arm-none-eabi-g++ 16.2.0,SOURCE_WRITTEN,COMPILES,SEMANTIC_VERIFIED,ASM_DIFFERENT,NOT_RUNTIME_TESTED,,,static.crs,reagent,RETAIL_ORIGINAL_SYMBOL,Phase 4E cluster 9f3243f6b9c2; gpt-5.4-mini reconstruction approved by gpt-5.4-mini
0x00301910,0x10,src/reagent/yellow_clusters/cluster_980da4fb0548.cpp,_ZN4__rw18__rw_locale_vectorISsED2Ev,arm-none-eabi-g++ 16.2.0,SOURCE_WRITTEN,COMPILES,SEMANTIC_VERIFIED,ASM_DIFFERENT,NOT_RUNTIME_TESTED,,,static.crs,reagent,RETAIL_ORIGINAL_SYMBOL,Phase 4E cluster 980da4fb0548; gpt-5.4-mini reconstruction approved by gpt-5.4-mini
0x0039FB24,0x14,src/reagent/yellow_clusters/cluster_482e8421c0f1.cpp,_ZN5Field9MoveModel20FieldMoveCodeManager11GetMoveCodeENS0_18FIELD_MOVE_CODE_IDE,arm-none-eabi-g++ 16.2.0,SOURCE_WRITTEN,COMPILES,SEMANTIC_VERIFIED,ASM_DIFFERENT,NOT_RUNTIME_TESTED,,,static.crs,reagent,RETAIL_ORIGINAL_SYMBOL,Phase 4E cluster 482e8421c0f1; gpt-5.4-mini reconstruction approved by gpt-5.4-mini
0x00469358,0x18,src/reagent/yellow_clusters/cluster_acccbd962589.cpp,_ZN9NetAppLib9JoinFesta21JoinFestaPersonalDataD1Ev,arm-none-eabi-g++ 16.2.0,SOURCE_WRITTEN,COMPILES,SEMANTIC_VERIFIED,ASM_DIFFERENT,NOT_RUNTIME_TESTED,,,static.crs,reagent,RETAIL_ORIGINAL_SYMBOL,Phase 4E cluster acccbd962589; gpt-5.4-mini reconstruction approved by gpt-5.4-mini
0x0030CCB0,0x18,src/reagent/yellow_clusters/cluster_6695484222ea.cpp,_ZN3app4util23AppUtilFileControlState5IsEndEv,arm-none-eabi-g++ 16.2.0,SOURCE_WRITTEN,COMPILES,SEMANTIC_VERIFIED,ASM_DIFFERENT,NOT_RUNTIME_TESTED,,,static.crs,reagent,RETAIL_ORIGINAL_SYMBOL,Phase 4E cluster 6695484222ea; gpt-5.4-mini reconstruction approved by gpt-5.4-mini
0x002CB7CC,0x18,src/reagent/yellow_clusters/cluster_5b8a1d7f5555.cpp,_ZN3App4Tool11NewPaneList10GetListPosEv,arm-none-eabi-g++ 16.2.0,SOURCE_WRITTEN,COMPILES,SEMANTIC_VERIFIED,ASM_DIFFERENT,NOT_RUNTIME_TESTED,,,static.crs,reagent,RETAIL_ORIGINAL_SYMBOL,Phase 4E cluster 5b8a1d7f5555; gpt-5.4-mini reconstruction approved by gpt-5.4-mini
0x003F459C,0x18,src/reagent/yellow_clusters/cluster_bd414388b10c.cpp,_ZN7GameSys9AlolaTimeD1Ev,arm-none-eabi-g++ 16.2.0,SOURCE_WRITTEN,COMPILES,SEMANTIC_VERIFIED,ASM_DIFFERENT,NOT_RUNTIME_TESTED,,,static.crs,reagent,RETAIL_ORIGINAL_SYMBOL,Phase 4E cluster bd414388b10c; gpt-5.4-mini reconstruction approved by gpt-5.4-mini
0x003E4BC0,0x18,src/reagent/yellow_clusters/cluster_db445525cd74.cpp,_ZN6System11EnvAccessorD1Ev,arm-none-eabi-g++ 16.2.0,SOURCE_WRITTEN,COMPILES,SEMANTIC_VERIFIED,ASM_DIFFERENT,NOT_RUNTIME_TESTED,,,static.crs,reagent,RETAIL_ORIGINAL_SYMBOL,Phase 4E cluster db445525cd74; gpt-5.4-mini reconstruction approved by gpt-5.4-mini
0x002F6864,0x18,src/reagent/yellow_clusters/cluster_09ab8eb4f588.cpp,_ZN3app4tool18AppToolBaseGrpFontD1Ev,arm-none-eabi-g++ 16.2.0,SOURCE_WRITTEN,COMPILES,SEMANTIC_VERIFIED,ASM_DIFFERENT,NOT_RUNTIME_TESTED,,,static.crs,reagent,RETAIL_ORIGINAL_SYMBOL,Phase 4E cluster 09ab8eb4f588; gpt-5.4-mini reconstruction approved by gpt-5.4-mini
0x002FA968,0x18,src/reagent/yellow_clusters/cluster_bcddd8c59872.cpp,_ZN3app4tool19ModelViewerSequenceD1Ev,arm-none-eabi-g++ 16.2.0,SOURCE_WRITTEN,COMPILES,SEMANTIC_VERIFIED,ASM_DIFFERENT,NOT_RUNTIME_TESTED,,,static.crs,reagent,RETAIL_ORIGINAL_SYMBOL,Phase 4E cluster bcddd8c59872; gpt-5.4-mini reconstruction approved by gpt-5.4-mini
0x00497AD4,0x1C,src/reagent/yellow_clusters/cluster_5df1444a5291.cpp,_ZNK4gfl22fs6Result9IsSuccessEv,arm-none-eabi-g++ 16.2.0,SOURCE_WRITTEN,COMPILES,SEMANTIC_VERIFIED,ASM_DIFFERENT,NOT_RUNTIME_TESTED,,,static.crs,reagent,RETAIL_ORIGINAL_SYMBOL,Phase 4E cluster 5df1444a5291; gpt-5.4-mini reconstruction approved by gpt-5.4-mini
0x003BFA1C,0x1C,src/reagent/yellow_clusters/cluster_232fc3a6c12c.cpp,_ZN5print14HangulComposer9BackSpaceEv,arm-none-eabi-g++ 16.2.0,SOURCE_WRITTEN,COMPILES,SEMANTIC_VERIFIED,ASM_DIFFERENT,NOT_RUNTIME_TESTED,,,static.crs,reagent,RETAIL_ORIGINAL_SYMBOL,Phase 4E cluster 232fc3a6c12c; gpt-5.4-mini reconstruction approved by gpt-5.4-mini
0x0045ED4C,0x1C,src/reagent/yellow_clusters/cluster_2693d2a250d1.cpp,_ZN9NetAppLib6System15NetAppFrameBaseD1Ev,arm-none-eabi-g++ 16.2.0,SOURCE_WRITTEN,COMPILES,SEMANTIC_VERIFIED,ASM_DIFFERENT,NOT_RUNTIME_TESTED,,,static.crs,reagent,RETAIL_ORIGINAL_SYMBOL,Phase 4E cluster 2693d2a250d1; gpt-5.4-mini reconstruction approved by gpt-5.4-mini
0x00458F9C,0x20,src/reagent/yellow_clusters/cluster_9c0cf5685c82.cpp,_ZN9NetAppLib2UI15NetAppQRTextureD1Ev,arm-none-eabi-g++ 16.2.0,SOURCE_WRITTEN,COMPILES,SEMANTIC_VERIFIED,ASM_DIFFERENT,NOT_RUNTIME_TESTED,,,static.crs,reagent,RETAIL_ORIGINAL_SYMBOL,Phase 4E cluster 9c0cf5685c82; gpt-5.4-mini reconstruction approved by gpt-5.4-mini
0x0045B5D4,0x20,src/reagent/yellow_clusters/cluster_7415c57492a3.cpp,_ZN9NetAppLib4Util13NetAppTimeoutD1Ev,arm-none-eabi-g++ 16.2.0,SOURCE_WRITTEN,COMPILES,SEMANTIC_VERIFIED,ASM_DIFFERENT,NOT_RUNTIME_TESTED,,,static.crs,reagent,RETAIL_ORIGINAL_SYMBOL,Phase 4E cluster 7415c57492a3; gpt-5.4-mini reconstruction approved by gpt-5.4-mini
0x00287F9C,0x24,src/reagent/yellow_clusters/cluster_71b2306268b4.cpp,_ZN2nw2ut8internal12LinkListImpl6insertENS2_8iteratorEPNS0_12LinkListNodeE,arm-none-eabi-g++ 16.2.0,SOURCE_WRITTEN,COMPILES,SEMANTIC_VERIFIED,ASM_DIFFERENT,NOT_RUNTIME_TESTED,,,static.crs,reagent,RETAIL_ORIGINAL_SYMBOL,Phase 4E cluster 71b2306268b4; gpt-5.4-mini reconstruction approved by gpt-5.4-mini
0x003960D0,0x24,src/reagent/yellow_clusters/cluster_45fb33f68335.cpp,_ZN5Field5WorldD1Ev,arm-none-eabi-g++ 16.2.0,SOURCE_WRITTEN,COMPILES,SEMANTIC_VERIFIED,ASM_DIFFERENT,NOT_RUNTIME_TESTED,,,static.crs,reagent,RETAIL_ORIGINAL_SYMBOL,Phase 4E cluster 45fb33f68335; gpt-5.4-mini reconstruction approved by gpt-5.4-mini
0x003E5BC4,0x24,src/reagent/yellow_clusters/cluster_dd3c5827f5d0.cpp,_ZN6System17DeviceTurnWatcherD1Ev,arm-none-eabi-g++ 16.2.0,SOURCE_WRITTEN,COMPILES,SEMANTIC_VERIFIED,ASM_DIFFERENT,NOT_RUNTIME_TESTED,,,static.crs,reagent,RETAIL_ORIGINAL_SYMBOL,Phase 4E cluster dd3c5827f5d0; gpt-5.4-mini reconstruction approved by gpt-5.4-mini
0x003529B4,0x24,src/reagent/yellow_clusters/cluster_40b422300da1.cpp,_ZN4gfl23lyt6LytSysD1Ev,arm-none-eabi-g++ 16.2.0,SOURCE_WRITTEN,COMPILES,SEMANTIC_VERIFIED,ASM_DIFFERENT,NOT_RUNTIME_TESTED,,,static.crs,reagent,RETAIL_ORIGINAL_SYMBOL,Phase 4E cluster 40b422300da1; gpt-5.4-mini reconstruction approved by gpt-5.4-mini
0x00358898,0x24,src/reagent/yellow_clusters/cluster_b5d6a4c35670.cpp,_ZN4gfl24math10SFMTRandom10InitializeEv,arm-none-eabi-g++ 16.2.0,SOURCE_WRITTEN,COMPILES,SEMANTIC_VERIFIED,ASM_DIFFERENT,NOT_RUNTIME_TESTED,,,static.crs,reagent,RETAIL_ORIGINAL_SYMBOL,Phase 4E cluster b5d6a4c35670; gpt-5.4-mini reconstruction approved by gpt-5.4-mini
0x003022A8,0x24,src/reagent/yellow_clusters/cluster_459e16c2fb13.cpp,_ZNSt6localeD2Ev,arm-none-eabi-g++ 16.2.0,SOURCE_WRITTEN,COMPILES,SEMANTIC_VERIFIED,ASM_DIFFERENT,NOT_RUNTIME_TESTED,,,static.crs,reagent,RETAIL_ORIGINAL_SYMBOL,Phase 4E cluster 459e16c2fb13; gpt-5.4-mini reconstruction approved by gpt-5.4-mini
0x0031222C,0x28,src/reagent/yellow_clusters/cluster_39286ca9d0cf.cpp,_ZN3app4util9ScrollBarD1Ev,arm-none-eabi-g++ 16.2.0,SOURCE_WRITTEN,COMPILES,SEMANTIC_VERIFIED,ASM_DIFFERENT,NOT_RUNTIME_TESTED,,,static.crs,reagent,RETAIL_ORIGINAL_SYMBOL,Phase 4E cluster 39286ca9d0cf; gpt-5.4-mini reconstruction approved by gpt-5.4-mini
0x00374650,0x28,src/reagent/yellow_clusters/cluster_8d6df393084c.cpp,_ZN5Field10FieldSound21IsLoadedFootSoundDataEv,arm-none-eabi-g++ 16.2.0,SOURCE_WRITTEN,COMPILES,SEMANTIC_VERIFIED,ASM_DIFFERENT,NOT_RUNTIME_TESTED,,,static.crs,reagent,RETAIL_ORIGINAL_SYMBOL,Phase 4E cluster 8d6df393084c; gpt-5.4-mini reconstruction approved by gpt-5.4-mini
0x0048D308,0x2C,src/reagent/yellow_clusters/cluster_4fd2084731b8.cpp,_ZNK3App8PokeList19PokeListSimpleFrame7IsPauseEv,arm-none-eabi-g++ 16.2.0,SOURCE_WRITTEN,COMPILES,SEMANTIC_VERIFIED,ASM_DIFFERENT,NOT_RUNTIME_TESTED,,,static.crs,reagent,RETAIL_ORIGINAL_SYMBOL,Phase 4E cluster 4fd2084731b8; gpt-5.4-mini reconstruction approved by gpt-5.4-mini
0x002C87BC,0x2C,src/reagent/yellow_clusters/cluster_99461efa65d6.cpp,_ZN3App4Tool10ItemEffect5IsEndEj,arm-none-eabi-g++ 16.2.0,SOURCE_WRITTEN,COMPILES,SEMANTIC_VERIFIED,ASM_DIFFERENT,NOT_RUNTIME_TESTED,,,static.crs,reagent,RETAIL_ORIGINAL_SYMBOL,Phase 4E cluster 99461efa65d6; gpt-5.4-mini reconstruction approved by gpt-5.4-mini
0x001639F0,0x34,src/reagent/yellow_clusters/cluster_ad3625b9e0a2.cpp,_ZN2mw3qrd9QRDecoder19GetDecodeBufferSizeEtt,arm-none-eabi-g++ 16.2.0,SOURCE_WRITTEN,COMPILES,SEMANTIC_VERIFIED,ASM_DIFFERENT,NOT_RUNTIME_TESTED,,,static.crs,reagent,RETAIL_ORIGINAL_SYMBOL,Phase 4E cluster ad3625b9e0a2; gpt-5.4-mini reconstruction approved by gpt-5.4-mini
0x00399F5C,0x34,src/reagent/yellow_clusters/cluster_185c41a6753d.cpp,_ZN5Field9EventList20EventListDataManagerD1Ev,arm-none-eabi-g++ 16.2.0,SOURCE_WRITTEN,COMPILES,SEMANTIC_VERIFIED,ASM_DIFFERENT,NOT_RUNTIME_TESTED,,,static.crs,reagent,RETAIL_ORIGINAL_SYMBOL,Phase 4E cluster 185c41a6753d; gpt-5.4-mini reconstruction approved by gpt-5.4-mini
0x004702D4,0x34,src/reagent/yellow_clusters/cluster_d0c2b3be74e0.cpp,_ZN9NetAppLib9JoinFesta24JoinFestaSelectWordTableC1Ev,arm-none-eabi-g++ 16.2.0,SOURCE_WRITTEN,COMPILES,SEMANTIC_VERIFIED,ASM_DIFFERENT,NOT_RUNTIME_TESTED,,,static.crs,reagent,RETAIL_ORIGINAL_SYMBOL,Phase 4E cluster d0c2b3be74e0; gpt-5.4-mini reconstruction approved by gpt-5.4-mini
0x004977AC,0x38,src/reagent/yellow_clusters/cluster_b429113b358c.cpp,_ZNK4gfl22fs17BinLinkerAccessor11GetDataSizeEj,arm-none-eabi-g++ 16.2.0,SOURCE_WRITTEN,COMPILES,SEMANTIC_VERIFIED,ASM_DIFFERENT,NOT_RUNTIME_TESTED,,,static.crs,reagent,RETAIL_ORIGINAL_SYMBOL,Phase 4E cluster b429113b358c; gpt-5.4-mini reconstruction approved by gpt-5.4-mini
0x00460EB8,0x38,src/reagent/yellow_clusters/cluster_08e100bff1a1.cpp,_ZN9NetAppLib6System21ApplicationSystemBaseD1Ev,arm-none-eabi-g++ 16.2.0,SOURCE_WRITTEN,COMPILES,SEMANTIC_VERIFIED,ASM_DIFFERENT,NOT_RUNTIME_TESTED,,,static.crs,reagent,RETAIL_ORIGINAL_SYMBOL,Phase 4E cluster 08e100bff1a1; gpt-5.4-mini reconstruction approved by gpt-5.4-mini
0x0030CA70,0x38,src/reagent/yellow_clusters/cluster_07d6b4251825.cpp,_ZN3app4util20AppDemoUtilityHelperD1Ev,arm-none-eabi-g++ 16.2.0,SOURCE_WRITTEN,COMPILES,SEMANTIC_VERIFIED,ASM_DIFFERENT,NOT_RUNTIME_TESTED,,,static.crs,reagent,RETAIL_ORIGINAL_SYMBOL,Phase 4E cluster 07d6b4251825; gpt-5.4-mini reconstruction approved by gpt-5.4-mini
0x002CB3E8,0x3C,src/reagent/yellow_clusters/cluster_1d1dbf17f03e.cpp,_ZN3App4Tool10TalkWindow22IsTimerIconOutAnimeEndEv,arm-none-eabi-g++ 16.2.0,SOURCE_WRITTEN,COMPILES,SEMANTIC_VERIFIED,ASM_DIFFERENT,NOT_RUNTIME_TESTED,,,static.crs,reagent,RETAIL_ORIGINAL_SYMBOL,Phase 4E cluster 1d1dbf17f03e; gpt-5.4-mini reconstruction approved by gpt-5.4-mini
0x004A35A0,0x44,src/reagent/yellow_clusters/cluster_fba6005f326e.cpp,_ZNK7gflnet24boss11BossManager15IsRunningThreadEv,arm-none-eabi-g++ 16.2.0,SOURCE_WRITTEN,COMPILES,SEMANTIC_VERIFIED,ASM_DIFFERENT,NOT_RUNTIME_TESTED,,,static.crs,reagent,RETAIL_ORIGINAL_SYMBOL,Phase 4E cluster fba6005f326e; gpt-5.4-mini reconstruction approved by gpt-5.4-mini
0x003BEACC,0x48,src/reagent/yellow_clusters/cluster_a867fb136ec5.cpp,_ZN5print13MessageWindow16CheckStringWidthERKN4gfl23str6StrBufE,arm-none-eabi-g++ 16.2.0,SOURCE_WRITTEN,COMPILES,SEMANTIC_VERIFIED,ASM_DIFFERENT,NOT_RUNTIME_TESTED,,,static.crs,reagent,RETAIL_ORIGINAL_SYMBOL,Phase 4E cluster a867fb136ec5; gpt-5.4-mini reconstruction approved by gpt-5.4-mini
0x00385F5C,0x4C,src/reagent/yellow_clusters/cluster_3adc78d63f96.cpp,_ZN5Field13FieldSodateyaC1EPNS_8FieldmapE,arm-none-eabi-g++ 16.2.0,SOURCE_WRITTEN,COMPILES,SEMANTIC_VERIFIED,ASM_DIFFERENT,NOT_RUNTIME_TESTED,,,static.crs,reagent,RETAIL_ORIGINAL_SYMBOL,Phase 4E cluster 3adc78d63f96; gpt-5.4-mini reconstruction approved by gpt-5.4-mini
0x0030DD74,0x4C,src/reagent/yellow_clusters/cluster_9fc9776dd5eb.cpp,_ZN3app4util27AppCountryRegionNameUtility14GetCountryNameEt,arm-none-eabi-g++ 16.2.0,SOURCE_WRITTEN,COMPILES,SEMANTIC_VERIFIED,ASM_DIFFERENT,NOT_RUNTIME_TESTED,,,static.crs,reagent,RETAIL_ORIGINAL_SYMBOL,Phase 4E cluster 9fc9776dd5eb; gpt-5.4-mini reconstruction approved by gpt-5.4-mini
0x003D098C,0x54,src/reagent/yellow_clusters/cluster_2b41c5ef9d17.cpp,_ZN6NetLib10Validation17PokemonValidation18CheckRsaValidationEjPKhj,arm-none-eabi-g++ 16.2.0,SOURCE_WRITTEN,COMPILES,SEMANTIC_VERIFIED,ASM_DIFFERENT,NOT_RUNTIME_TESTED,,,static.crs,reagent,RETAIL_ORIGINAL_SYMBOL,Phase 4E cluster 2b41c5ef9d17; gpt-5.4-mini reconstruction approved by gpt-5.4-mini
0x003BE5C0,0x54,src/reagent/yellow_clusters/cluster_e5f69d0bb267.cpp,_ZN5print11ItemMessageC1EPN4gfl24heap11CtrHeapBaseENS1_3str7MsgData8LoadTypeE,arm-none-eabi-g++ 16.2.0,SOURCE_WRITTEN,COMPILES,SEMANTIC_VERIFIED,ASM_DIFFERENT,NOT_RUNTIME_TESTED,,,static.crs,reagent,RETAIL_ORIGINAL_SYMBOL,Phase 4E cluster e5f69d0bb267; gpt-5.4-mini reconstruction approved by gpt-5.4-mini
0x0043008C,0x64,src/reagent/yellow_clusters/cluster_8c70da16113f.cpp,_ZN8PokeTool16ITEM_RCV_RecoverEPN3pml8pokepara12PokemonParamEtttPN7itemman12ITEM_MANAGERE,arm-none-eabi-g++ 16.2.0,SOURCE_WRITTEN,COMPILES,SEMANTIC_VERIFIED,ASM_DIFFERENT,NOT_RUNTIME_TESTED,,,static.crs,reagent,RETAIL_ORIGINAL_SYMBOL,Phase 4E cluster 8c70da16113f; gpt-5.4-mini reconstruction approved by gpt-5.4-mini
0x004A5420,0x6C,src/reagent/yellow_clusters/cluster_733a8da2ca63.cpp,_ZNK7poke_3d5model31DressUpModelResourceManagerCore26IsDressUpPartsColorEnabledENS0_12DressUpParam12ItemCategoryEjj,arm-none-eabi-g++ 16.2.0,SOURCE_WRITTEN,COMPILES,SEMANTIC_VERIFIED,ASM_DIFFERENT,NOT_RUNTIME_TESTED,,,static.crs,reagent,RETAIL_ORIGINAL_SYMBOL,Phase 4E cluster 733a8da2ca63; gpt-5.4-mini reconstruction approved by gpt-5.4-mini
0x00449CFC,0x78,src/reagent/yellow_clusters/cluster_abb4ddecfa69.cpp,_ZN9NetAppLib11JoinFestaUI24JoinFestaSurveyLowerViewC1EPNS_6System19ApplicationWorkBaseEii,arm-none-eabi-g++ 16.2.0,SOURCE_WRITTEN,COMPILES,SEMANTIC_VERIFIED,ASM_DIFFERENT,NOT_RUNTIME_TESTED,,,static.crs,reagent,RETAIL_ORIGINAL_SYMBOL,Phase 4E cluster abb4ddecfa69; gpt-5.4-mini reconstruction approved by gpt-5.4-mini
0x0045B014,0x78,src/reagent/yellow_clusters/cluster_3c2670fd3bb5.cpp,_ZN9NetAppLib2UI25NetAppRegulationUpperViewC1EPNS_6System19ApplicationWorkBaseEiPNS_7Message14MessageUtilityE,arm-none-eabi-g++ 16.2.0,SOURCE_WRITTEN,COMPILES,SEMANTIC_VERIFIED,ASM_DIFFERENT,NOT_RUNTIME_TESTED,,,static.crs,reagent,RETAIL_ORIGINAL_SYMBOL,Phase 4E cluster 3c2670fd3bb5; gpt-5.4-mini reconstruction approved by gpt-5.4-mini
0x00478B40,0x80,src/reagent/yellow_clusters/cluster_090599ea7ee5.cpp,_ZNK4gfl26system4Date7GetWeekEv,arm-none-eabi-g++ 16.2.0,SOURCE_WRITTEN,COMPILES,SEMANTIC_VERIFIED,ASM_DIFFERENT,NOT_RUNTIME_TESTED,,,static.crs,reagent,RETAIL_ORIGINAL_SYMBOL,Phase 4E cluster 090599ea7ee5; gpt-5.4-mini reconstruction approved by gpt-5.4-mini
0x004A7F74,0x10,src/reagent/yellow_clusters/cluster_4f2c927a79ad.cpp,_ZNK8Savedata6MyItem5IsNewEPKNS0_7ITEM_STE,arm-none-eabi-g++ 16.2.0,SOURCE_WRITTEN,COMPILES,SEMANTIC_VERIFIED,ASM_DIFFERENT,NOT_RUNTIME_TESTED,,,static.crs,reagent,RETAIL_ORIGINAL_SYMBOL,Phase 4E cluster 4f2c927a79ad; gpt-5.4-mini reconstruction approved by gpt-5.4-mini
0x00442898,0x10,src/reagent/yellow_clusters/cluster_4f2c927a79ad.cpp,_ZN8Savedata6MyItem8ResetNewEPNS0_7ITEM_STE,arm-none-eabi-g++ 16.2.0,SOURCE_WRITTEN,COMPILES,SEMANTIC_VERIFIED,ASM_DIFFERENT,NOT_RUNTIME_TESTED,,,static.crs,reagent,RETAIL_ORIGINAL_SYMBOL,Phase 4E cluster 4f2c927a79ad; gpt-5.4-mini reconstruction approved by gpt-5.4-mini
0x004421CC,0x20,src/reagent/yellow_clusters/cluster_4f2c927a79ad.cpp,_ZN8Savedata6MyItem19IsRegisterFreeSpaceEPKNS0_7ITEM_STE,arm-none-eabi-g++ 16.2.0,SOURCE_WRITTEN,COMPILES,SEMANTIC_VERIFIED,ASM_DIFFERENT,NOT_RUNTIME_TESTED,,,static.crs,reagent,RETAIL_ORIGINAL_SYMBOL,Phase 4E cluster 4f2c927a79ad; gpt-5.4-mini reconstruction approved by gpt-5.4-mini
0x0044273C,0x14,src/reagent/yellow_clusters/cluster_4f2c927a79ad.cpp,_ZN8Savedata6MyItem6ChangeEPNS0_7ITEM_STES2_,arm-none-eabi-g++ 16.2.0,SOURCE_WRITTEN,COMPILES,SEMANTIC_VERIFIED,ASM_DIFFERENT,NOT_RUNTIME_TESTED,,,static.crs,reagent,RETAIL_ORIGINAL_SYMBOL,Phase 4E cluster 4f2c927a79ad; gpt-5.4-mini reconstruction approved by gpt-5.4-mini
0x0044344C,0x0C,src/reagent/yellow_clusters/cluster_07abaf677bf4.cpp,_ZN8Savedata7GtsData12SetUploadKeyERKN6NetApp3GTS21GtsSerializeRecordKeyE,arm-none-eabi-g++ 16.2.0,SOURCE_WRITTEN,COMPILES,SEMANTIC_VERIFIED,ASM_DIFFERENT,NOT_RUNTIME_TESTED,,,static.crs,reagent,RETAIL_ORIGINAL_SYMBOL,Phase 4E cluster 07abaf677bf4; gpt-5.4-mini reconstruction approved by gpt-5.4-mini
0x004434A4,0x18,src/reagent/yellow_clusters/cluster_07abaf677bf4.cpp,_ZN8Savedata7GtsData25GetBackupPokemonCoreParamEPN3pml8pokepara9CoreParamE,arm-none-eabi-g++ 16.2.0,SOURCE_WRITTEN,COMPILES,SEMANTIC_VERIFIED,ASM_DIFFERENT,NOT_RUNTIME_TESTED,,,static.crs,reagent,RETAIL_ORIGINAL_SYMBOL,Phase 4E cluster 07abaf677bf4; gpt-5.4-mini reconstruction approved by gpt-5.4-mini
0x004434BC,0x40,src/reagent/yellow_clusters/cluster_07abaf677bf4.cpp,_ZN8Savedata7GtsData25SetBackupPokemonCoreParamEPKN3pml8pokepara9CoreParamEhh6MonsNoii,arm-none-eabi-g++ 16.2.0,SOURCE_WRITTEN,COMPILES,SEMANTIC_VERIFIED,ASM_DIFFERENT,NOT_RUNTIME_TESTED,,,static.crs,reagent,RETAIL_ORIGINAL_SYMBOL,Phase 4E cluster 07abaf677bf4; gpt-5.4-mini reconstruction approved by gpt-5.4-mini
0x003543EC,0x14,src/reagent/yellow_clusters/cluster_07abaf677bf4.cpp,_ZN8Savedata7GtsData15GetWantPokeNameEPN4gfl23str6StrBufE,arm-none-eabi-g++ 16.2.0,SOURCE_WRITTEN,COMPILES,SEMANTIC_VERIFIED,ASM_DIFFERENT,NOT_RUNTIME_TESTED,,,static.crs,reagent,RETAIL_ORIGINAL_SYMBOL,Phase 4E cluster 07abaf677bf4; gpt-5.4-mini reconstruction approved by gpt-5.4-mini
0x002CE0F8,0x10,src/reagent/yellow_clusters/cluster_2f6758066e50.cpp,_ZN3App4Tool15MessageMenuView13SetYNListModeEbj,arm-none-eabi-g++ 16.2.0,SOURCE_WRITTEN,COMPILES,SEMANTIC_VERIFIED,ASM_DIFFERENT,NOT_RUNTIME_TESTED,,,static.crs,reagent,RETAIL_ORIGINAL_SYMBOL,Phase 4E cluster 2f6758066e50; gpt-5.4-mini reconstruction approved by gpt-5.4-mini
0x002CED50,0x18,src/reagent/yellow_clusters/cluster_2f6758066e50.cpp,_ZN3App4Tool15MessageMenuView7AddItemERKN4gfl23str6StrBufEbbj,arm-none-eabi-g++ 16.2.0,SOURCE_WRITTEN,COMPILES,SEMANTIC_VERIFIED,ASM_DIFFERENT,NOT_RUNTIME_TESTED,,,static.crs,reagent,RETAIL_ORIGINAL_SYMBOL,Phase 4E cluster 2f6758066e50; gpt-5.4-mini reconstruction approved by gpt-5.4-mini
0x002CED68,0x18,src/reagent/yellow_clusters/cluster_2f6758066e50.cpp,_ZN3App4Tool15MessageMenuView7AddItemERN4gfl23str6StrBufEbbj,arm-none-eabi-g++ 16.2.0,SOURCE_WRITTEN,COMPILES,SEMANTIC_VERIFIED,ASM_DIFFERENT,NOT_RUNTIME_TESTED,,,static.crs,reagent,RETAIL_ORIGINAL_SYMBOL,Phase 4E cluster 2f6758066e50; gpt-5.4-mini reconstruction approved by gpt-5.4-mini
0x002CED80,0x64,src/reagent/yellow_clusters/cluster_2f6758066e50.cpp,_ZN3App4Tool15MessageMenuViewC1ERKNS1_5PARAMEPNS1_13IEventHandlerE,arm-none-eabi-g++ 16.2.0,SOURCE_WRITTEN,COMPILES,SEMANTIC_VERIFIED,ASM_DIFFERENT,NOT_RUNTIME_TESTED,,,static.crs,reagent,RETAIL_ORIGINAL_SYMBOL,Phase 4E cluster 2f6758066e50; gpt-5.4-mini reconstruction approved by gpt-5.4-mini
0x00455224,0x04,src/reagent/yellow_clusters/cluster_11b4bd696131.cpp,_ZN9NetAppLib11JoinFestaUI38JoinFestaPlayerListSelectLowerViewBase6UpdateEv,arm-none-eabi-g++ 16.2.0,SOURCE_WRITTEN,COMPILES,SEMANTIC_VERIFIED,ASM_DIFFERENT,NOT_RUNTIME_TESTED,,,static.crs,reagent,RETAIL_ORIGINAL_SYMBOL,Phase 4E cluster 11b4bd696131; gpt-5.4-mini reconstruction approved by gpt-5.4-mini
0x00455220,0x04,src/reagent/yellow_clusters/cluster_11b4bd696131.cpp,_ZN9NetAppLib11JoinFestaUI38JoinFestaPlayerListSelectLowerViewBase4DrawEN4gfl23gfx12CtrDisplayNoE,arm-none-eabi-g++ 16.2.0,SOURCE_WRITTEN,COMPILES,SEMANTIC_VERIFIED,ASM_DIFFERENT,NOT_RUNTIME_TESTED,,,static.crs,reagent,RETAIL_ORIGINAL_SYMBOL,Phase 4E cluster 11b4bd696131; gpt-5.4-mini reconstruction approved by gpt-5.4-mini
0x00455124,0x34,src/reagent/yellow_clusters/cluster_11b4bd696131.cpp,_ZN9NetAppLib11JoinFestaUI38JoinFestaPlayerListSelectLowerViewBase23ResetPaneListCursorInfoEv,arm-none-eabi-g++ 16.2.0,SOURCE_WRITTEN,COMPILES,SEMANTIC_VERIFIED,ASM_DIFFERENT,NOT_RUNTIME_TESTED,,,static.crs,reagent,RETAIL_ORIGINAL_SYMBOL,Phase 4E cluster 11b4bd696131; gpt-5.4-mini reconstruction approved by gpt-5.4-mini
0x0045227C,0x30,src/reagent/yellow_clusters/cluster_e7ea50e4218b.cpp,_ZN9NetAppLib11JoinFestaUI32JoinFestaPlayerListLowerViewBase20SetVisibleBackButtonEb,arm-none-eabi-g++ 16.2.0,SOURCE_WRITTEN,COMPILES,SEMANTIC_VERIFIED,ASM_DIFFERENT,NOT_RUNTIME_TESTED,,,static.crs,reagent,RETAIL_ORIGINAL_SYMBOL,Phase 4E cluster e7ea50e4218b; gpt-5.4-mini reconstruction approved by gpt-5.4-mini
0x004522AC,0x30,src/reagent/yellow_clusters/cluster_e7ea50e4218b.cpp,_ZN9NetAppLib11JoinFestaUI32JoinFestaPlayerListLowerViewBase20SetVisibleInfoButtonEb,arm-none-eabi-g++ 16.2.0,SOURCE_WRITTEN,COMPILES,SEMANTIC_VERIFIED,ASM_DIFFERENT,NOT_RUNTIME_TESTED,,,static.crs,reagent,RETAIL_ORIGINAL_SYMBOL,Phase 4E cluster e7ea50e4218b; gpt-5.4-mini reconstruction approved by gpt-5.4-mini
0x004522DC,0x0C,src/reagent/yellow_clusters/cluster_e7ea50e4218b.cpp,_ZN9NetAppLib11JoinFestaUI32JoinFestaPlayerListLowerViewBase20SetVisibleMenuCursorEb,arm-none-eabi-g++ 16.2.0,SOURCE_WRITTEN,COMPILES,SEMANTIC_VERIFIED,ASM_DIFFERENT,NOT_RUNTIME_TESTED,,,static.crs,reagent,RETAIL_ORIGINAL_SYMBOL,Phase 4E cluster e7ea50e4218b; gpt-5.4-mini reconstruction approved by gpt-5.4-mini
0x00459944,0x38,src/reagent/yellow_clusters/cluster_eae0bd24942f.cpp,_ZN9NetAppLib2UI16NetAppMenuCursorC1EPNS_6System19ApplicationWorkBaseE,arm-none-eabi-g++ 16.2.0,SOURCE_WRITTEN,COMPILES,SEMANTIC_VERIFIED,ASM_DIFFERENT,NOT_RUNTIME_TESTED,,,static.crs,reagent,RETAIL_ORIGINAL_SYMBOL,Phase 4E cluster eae0bd24942f; gpt-5.4-mini reconstruction approved by gpt-5.4-mini
0x00459980,0x74,src/reagent/yellow_clusters/cluster_eae0bd24942f.cpp,_ZN9NetAppLib2UI16NetAppMenuCursorC1EPNS_6System19ApplicationWorkBaseEPN3app4util7G2DUtilEijj,arm-none-eabi-g++ 16.2.0,SOURCE_WRITTEN,COMPILES,SEMANTIC_VERIFIED,ASM_DIFFERENT,NOT_RUNTIME_TESTED,,,static.crs,reagent,RETAIL_ORIGINAL_SYMBOL,Phase 4E cluster eae0bd24942f; gpt-5.4-mini reconstruction approved by gpt-5.4-mini
0x00459894,0x34,src/reagent/yellow_clusters/cluster_eae0bd24942f.cpp,_ZN9NetAppLib2UI16NetAppMenuCursor4DrawEN4gfl23gfx12CtrDisplayNoE,arm-none-eabi-g++ 16.2.0,SOURCE_WRITTEN,COMPILES,SEMANTIC_VERIFIED,ASM_DIFFERENT,NOT_RUNTIME_TESTED,,,static.crs,reagent,RETAIL_ORIGINAL_SYMBOL,Phase 4E cluster eae0bd24942f; gpt-5.4-mini reconstruction approved by gpt-5.4-mini
0x004598C8,0x2C,src/reagent/yellow_clusters/cluster_eae0bd24942f.cpp,_ZN9NetAppLib2UI16NetAppMenuCursor6CreateEPN3app4util7G2DUtilEjji,arm-none-eabi-g++ 16.2.0,SOURCE_WRITTEN,COMPILES,SEMANTIC_VERIFIED,ASM_DIFFERENT,NOT_RUNTIME_TESTED,,,static.crs,reagent,RETAIL_ORIGINAL_SYMBOL,Phase 4E cluster eae0bd24942f; gpt-5.4-mini reconstruction approved by gpt-5.4-mini
0x003EBA98,0x20,src/reagent/yellow_clusters/cluster_b4dcea964cbb.cpp,_ZN6System6Skybox6Skybox10IsChangingEv,arm-none-eabi-g++ 16.2.0,SOURCE_WRITTEN,COMPILES,SEMANTIC_VERIFIED,ASM_DIFFERENT,NOT_RUNTIME_TESTED,,,static.crs,reagent,RETAIL_ORIGINAL_SYMBOL,Phase 4E cluster b4dcea964cbb; gpt-5.4-mini reconstruction approved by gpt-5.4-mini
0x003EC27C,0x30,src/reagent/yellow_clusters/cluster_b4dcea964cbb.cpp,_ZN6System6Skybox6Skybox9TerminateEv,arm-none-eabi-g++ 16.2.0,SOURCE_WRITTEN,COMPILES,SEMANTIC_VERIFIED,ASM_DIFFERENT,NOT_RUNTIME_TESTED,,,static.crs,reagent,RETAIL_ORIGINAL_SYMBOL,Phase 4E cluster b4dcea964cbb; gpt-5.4-mini reconstruction approved by gpt-5.4-mini
0x00498960,0x2C,src/reagent/yellow_clusters/cluster_c5d51e538da8.cpp,_ZNK4gfl22ui13DeviceManager12GetGyroscopeEh,arm-none-eabi-g++ 16.2.0,SOURCE_WRITTEN,COMPILES,SEMANTIC_VERIFIED,ASM_DIFFERENT,NOT_RUNTIME_TESTED,,,static.crs,reagent,RETAIL_ORIGINAL_SYMBOL,Phase 4E cluster c5d51e538da8; gpt-5.4-mini reconstruction approved by gpt-5.4-mini
0x0049898C,0x2C,src/reagent/yellow_clusters/cluster_c5d51e538da8.cpp,_ZNK4gfl22ui13DeviceManager13GetTouchPanelEh,arm-none-eabi-g++ 16.2.0,SOURCE_WRITTEN,COMPILES,SEMANTIC_VERIFIED,ASM_DIFFERENT,NOT_RUNTIME_TESTED,,,static.crs,reagent,RETAIL_ORIGINAL_SYMBOL,Phase 4E cluster c5d51e538da8; gpt-5.4-mini reconstruction approved by gpt-5.4-mini
0x004989B8,0x2C,src/reagent/yellow_clusters/cluster_c5d51e538da8.cpp,_ZNK4gfl22ui13DeviceManager16GetAccelerometerEh,arm-none-eabi-g++ 16.2.0,SOURCE_WRITTEN,COMPILES,SEMANTIC_VERIFIED,ASM_DIFFERENT,NOT_RUNTIME_TESTED,,,static.crs,reagent,RETAIL_ORIGINAL_SYMBOL,Phase 4E cluster c5d51e538da8; gpt-5.4-mini reconstruction approved by gpt-5.4-mini
0x00103A5C,0x0C,src/reagent/yellow_clusters/cluster_ead42d6dc1d0.cpp,_ZNSt12ctype_bynameIcED0Ev,arm-none-eabi-g++ 16.2.0,SOURCE_WRITTEN,COMPILES,SEMANTIC_VERIFIED,ASM_DIFFERENT,NOT_RUNTIME_TESTED,,,static.crs,reagent,RETAIL_ORIGINAL_SYMBOL,Phase 4E cluster ead42d6dc1d0; gpt-5.4-mini reconstruction approved by gpt-5.4-mini
0x00103A68,0x08,src/reagent/yellow_clusters/cluster_ead42d6dc1d0.cpp,_ZNSt12ctype_bynameIcED2Ev,arm-none-eabi-g++ 16.2.0,SOURCE_WRITTEN,COMPILES,SEMANTIC_VERIFIED,ASM_DIFFERENT,NOT_RUNTIME_TESTED,,,static.crs,reagent,RETAIL_ORIGINAL_SYMBOL,Phase 4E cluster ead42d6dc1d0; gpt-5.4-mini reconstruction approved by gpt-5.4-mini
0x0030C2FC,0x0C,src/reagent/yellow_clusters/cluster_52a054bec3b4.cpp,_ZN3app4util19KeyRepeatController9SetMaxPosEjj,arm-none-eabi-g++ 16.2.0,SOURCE_WRITTEN,COMPILES,SEMANTIC_VERIFIED,ASM_DIFFERENT,NOT_RUNTIME_TESTED,,,static.crs,reagent,RETAIL_ORIGINAL_SYMBOL,Phase 4E cluster 52a054bec3b4; gpt-5.4-mini reconstruction approved by gpt-5.4-mini
0x0030C308,0x28,src/reagent/yellow_clusters/cluster_52a054bec3b4.cpp,_ZN3app4util19KeyRepeatControllerC1Ejj,arm-none-eabi-g++ 16.2.0,SOURCE_WRITTEN,COMPILES,SEMANTIC_VERIFIED,ASM_DIFFERENT,NOT_RUNTIME_TESTED,,,static.crs,reagent,RETAIL_ORIGINAL_SYMBOL,Phase 4E cluster 52a054bec3b4; gpt-5.4-mini reconstruction approved by gpt-5.4-mini
0x0030C190,0x14,src/reagent/yellow_clusters/cluster_52a054bec3b4.cpp,_ZN3app4util19KeyRepeatController10UpdateInfoEPN4gfl22ui12VectorDeviceEjjPNS3_6ButtonE,arm-none-eabi-g++ 16.2.0,SOURCE_WRITTEN,COMPILES,SEMANTIC_VERIFIED,ASM_DIFFERENT,NOT_RUNTIME_TESTED,,,static.crs,reagent,RETAIL_ORIGINAL_SYMBOL,Phase 4E cluster 52a054bec3b4; gpt-5.4-mini reconstruction approved by gpt-5.4-mini
0x002EBEB4,0x44,src/reagent/yellow_clusters/cluster_0b85b4e06863.cpp,_ZN3app4tool12PaneListViewC1EPNS_4util4HeapEb,arm-none-eabi-g++ 16.2.0,SOURCE_WRITTEN,COMPILES,SEMANTIC_VERIFIED,ASM_DIFFERENT,NOT_RUNTIME_TESTED,,,static.crs,reagent,RETAIL_ORIGINAL_SYMBOL,Phase 4E cluster 0b85b4e06863; gpt-5.4-mini reconstruction approved by gpt-5.4-mini
0x0030DAA4,0x10,src/reagent/yellow_clusters/cluster_7e8acb4e4156.cpp,_ZN3app4util25AppQRTextureCreateUtility6IsBusyEv,arm-none-eabi-g++ 16.2.0,SOURCE_WRITTEN,COMPILES,SEMANTIC_VERIFIED,ASM_DIFFERENT,NOT_RUNTIME_TESTED,,,static.crs,reagent,RETAIL_ORIGINAL_SYMBOL,Phase 4E cluster 7e8acb4e4156; gpt-5.4-mini reconstruction approved by gpt-5.4-mini
0x0030DAB4,0x10,src/reagent/yellow_clusters/cluster_7e8acb4e4156.cpp,_ZN3app4util25AppQRTextureCreateUtility6UpdateEv,arm-none-eabi-g++ 16.2.0,SOURCE_WRITTEN,COMPILES,SEMANTIC_VERIFIED,ASM_DIFFERENT,NOT_RUNTIME_TESTED,,,static.crs,reagent,RETAIL_ORIGINAL_SYMBOL,Phase 4E cluster 7e8acb4e4156; gpt-5.4-mini reconstruction approved by gpt-5.4-mini
0x002D2384,0x24,src/reagent/yellow_clusters/cluster_f38fa9b6c009.cpp,_ZN3App4Tool30CommonMessageWindowManipulator19SetFinishMode_TimerEh,arm-none-eabi-g++ 16.2.0,SOURCE_WRITTEN,COMPILES,SEMANTIC_VERIFIED,ASM_DIFFERENT,NOT_RUNTIME_TESTED,,,static.crs,reagent,RETAIL_ORIGINAL_SYMBOL,Phase 4E cluster f38fa9b6c009; gpt-5.4-mini reconstruction approved by gpt-5.4-mini
0x002D23C8,0x24,src/reagent/yellow_clusters/cluster_f38fa9b6c009.cpp,_ZN3App4Tool30CommonMessageWindowManipulator30SetFinishMode_UserInputOrTimerEh,arm-none-eabi-g++ 16.2.0,SOURCE_WRITTEN,COMPILES,SEMANTIC_VERIFIED,ASM_DIFFERENT,NOT_RUNTIME_TESTED,,,static.crs,reagent,RETAIL_ORIGINAL_SYMBOL,Phase 4E cluster f38fa9b6c009; gpt-5.4-mini reconstruction approved by gpt-5.4-mini
0x002D20C8,0x60,src/reagent/yellow_clusters/cluster_f38fa9b6c009.cpp,_ZN3App4Tool30CommonMessageWindowManipulator11ShowMessageEjbb,arm-none-eabi-g++ 16.2.0,SOURCE_WRITTEN,COMPILES,SEMANTIC_VERIFIED,ASM_DIFFERENT,NOT_RUNTIME_TESTED,,,static.crs,reagent,RETAIL_ORIGINAL_SYMBOL,Phase 4E cluster f38fa9b6c009; gpt-5.4-mini reconstruction approved by gpt-5.4-mini
0x0029A044,0x40,src/reagent/yellow_clusters/cluster_9a7ceafa8983.cpp,_ZN4gfl26Effect6System10BeginFrameEv,arm-none-eabi-g++ 16.2.0,SOURCE_WRITTEN,COMPILES,SEMANTIC_VERIFIED,ASM_DIFFERENT,NOT_RUNTIME_TESTED,,,static.crs,reagent,RETAIL_ORIGINAL_SYMBOL,Phase 4E cluster 9a7ceafa8983; gpt-5.4-mini reconstruction approved by gpt-5.4-mini
0x0035E088,0x50,src/reagent/yellow_clusters/cluster_9a7ceafa8983.cpp,_ZN4gfl26Effect6System18CreateEmitterSetIDEPNS0_6HandleERKNS_4math8Matrix34Eiihj,arm-none-eabi-g++ 16.2.0,SOURCE_WRITTEN,COMPILES,SEMANTIC_VERIFIED,ASM_DIFFERENT,NOT_RUNTIME_TESTED,,,static.crs,reagent,RETAIL_ORIGINAL_SYMBOL,Phase 4E cluster 9a7ceafa8983; gpt-5.4-mini reconstruction approved by gpt-5.4-mini
0x003E492C,0x08,src/reagent/yellow_clusters/cluster_d6894f32531f.cpp,_ZN6System11EnvAccessor6UpdateEv,arm-none-eabi-g++ 16.2.0,SOURCE_WRITTEN,COMPILES,SEMANTIC_VERIFIED,ASM_DIFFERENT,NOT_RUNTIME_TESTED,,,static.crs,reagent,RETAIL_ORIGINAL_SYMBOL,Phase 4E cluster d6894f32531f; gpt-5.4-mini reconstruction approved by gpt-5.4-mini
0x003E4B64,0x1C,src/reagent/yellow_clusters/cluster_d6894f32531f.cpp,_ZN6System11EnvAccessor9TerminateEv,arm-none-eabi-g++ 16.2.0,SOURCE_WRITTEN,COMPILES,SEMANTIC_VERIFIED,ASM_DIFFERENT,NOT_RUNTIME_TESTED,,,static.crs,reagent,RETAIL_ORIGINAL_SYMBOL,Phase 4E cluster d6894f32531f; gpt-5.4-mini reconstruction approved by gpt-5.4-mini
0x003017AC,0x0C,src/reagent/yellow_clusters/cluster_a39bba114641.cpp,_ZNSsC2ERKSaIcE,arm-none-eabi-g++ 16.2.0,SOURCE_WRITTEN,COMPILES,SEMANTIC_VERIFIED,ASM_DIFFERENT,NOT_RUNTIME_TESTED,,,static.crs,reagent,RETAIL_ORIGINAL_SYMBOL,Phase 4E cluster a39bba114641; gpt-5.4-mini reconstruction approved by gpt-5.4-mini
0x00302F50,0x18,src/reagent/yellow_clusters/cluster_a39bba114641.cpp,_ZNSs7replaceEjjPKcj,arm-none-eabi-g++ 16.2.0,SOURCE_WRITTEN,COMPILES,SEMANTIC_VERIFIED,ASM_DIFFERENT,NOT_RUNTIME_TESTED,,,static.crs,reagent,RETAIL_ORIGINAL_SYMBOL,Phase 4E cluster a39bba114641; gpt-5.4-mini reconstruction approved by gpt-5.4-mini
0x003F454C,0x28,src/reagent/yellow_clusters/cluster_16d5a17a0900.cpp,_ZN7GameSys9AlolaTimeC1Ev,arm-none-eabi-g++ 16.2.0,SOURCE_WRITTEN,COMPILES,SEMANTIC_VERIFIED,ASM_DIFFERENT,NOT_RUNTIME_TESTED,,,static.crs,reagent,RETAIL_ORIGINAL_SYMBOL,Phase 4E cluster 16d5a17a0900; gpt-5.4-mini reconstruction approved by gpt-5.4-mini
0x004A3380,0x48,src/reagent/yellow_clusters/cluster_16d5a17a0900.cpp,_ZNK7GameSys9AlolaTime9GetMinuteEv,arm-none-eabi-g++ 16.2.0,SOURCE_WRITTEN,COMPILES,SEMANTIC_VERIFIED,ASM_DIFFERENT,NOT_RUNTIME_TESTED,,,static.crs,reagent,RETAIL_ORIGINAL_SYMBOL,Phase 4E cluster 16d5a17a0900; gpt-5.4-mini reconstruction approved by gpt-5.4-mini
0x004A33CC,0x48,src/reagent/yellow_clusters/cluster_16d5a17a0900.cpp,_ZNK7GameSys9AlolaTime9GetSecondEv,arm-none-eabi-g++ 16.2.0,SOURCE_WRITTEN,COMPILES,SEMANTIC_VERIFIED,ASM_DIFFERENT,NOT_RUNTIME_TESTED,,,static.crs,reagent,RETAIL_ORIGINAL_SYMBOL,Phase 4E cluster 16d5a17a0900; gpt-5.4-mini reconstruction approved by gpt-5.4-mini
0x003752BC,0x14,src/reagent/yellow_clusters/cluster_0317ee609af6.cpp,_ZN5Field11FieldScript10SystemWork10OnCheckBitENS0_17SCR_END_CHECK_BITE,arm-none-eabi-g++ 16.2.0,SOURCE_WRITTEN,COMPILES,SEMANTIC_VERIFIED,ASM_DIFFERENT,NOT_RUNTIME_TESTED,,,static.crs,reagent,RETAIL_ORIGINAL_SYMBOL,Phase 4E cluster 0317ee609af6; gpt-5.4-mini reconstruction approved by gpt-5.4-mini
0x003752D0,0x14,src/reagent/yellow_clusters/cluster_0317ee609af6.cpp,_ZN5Field11FieldScript10SystemWork11OffCheckBitENS0_17SCR_END_CHECK_BITE,arm-none-eabi-g++ 16.2.0,SOURCE_WRITTEN,COMPILES,SEMANTIC_VERIFIED,ASM_DIFFERENT,NOT_RUNTIME_TESTED,,,static.crs,reagent,RETAIL_ORIGINAL_SYMBOL,Phase 4E cluster 0317ee609af6; gpt-5.4-mini reconstruction approved by gpt-5.4-mini
0x00454100,0x14,src/reagent/yellow_clusters/cluster_bcb124516656.cpp,_ZN9NetAppLib11JoinFestaUI38JoinFestaPlayerListPlayerInfoUpperView30ResetCurrentJoinFestaFriendKeyEv,arm-none-eabi-g++ 16.2.0,SOURCE_WRITTEN,COMPILES,SEMANTIC_VERIFIED,ASM_DIFFERENT,NOT_RUNTIME_TESTED,,,static.crs,reagent,RETAIL_ORIGINAL_SYMBOL,Phase 4E cluster bcb124516656; gpt-5.4-mini reconstruction approved by gpt-5.4-mini
0x00453524,0x30,src/reagent/yellow_clusters/cluster_bcb124516656.cpp,_ZN9NetAppLib11JoinFestaUI38JoinFestaPlayerListPlayerInfoUpperView16TimerIconDisableEv,arm-none-eabi-g++ 16.2.0,SOURCE_WRITTEN,COMPILES,SEMANTIC_VERIFIED,ASM_DIFFERENT,NOT_RUNTIME_TESTED,,,static.crs,reagent,RETAIL_ORIGINAL_SYMBOL,Phase 4E cluster bcb124516656; gpt-5.4-mini reconstruction approved by gpt-5.4-mini
0x00454194,0x70,src/reagent/yellow_clusters/cluster_bcb124516656.cpp,_ZN9NetAppLib11JoinFestaUI38JoinFestaPlayerListPlayerInfoUpperViewC1EPNS_6System19ApplicationWorkBaseEiRNS_4Util24NetAppTrainerIconUtilityE,arm-none-eabi-g++ 16.2.0,SOURCE_WRITTEN,COMPILES,SEMANTIC_VERIFIED,ASM_DIFFERENT,NOT_RUNTIME_TESTED,,,static.crs,reagent,RETAIL_ORIGINAL_SYMBOL,Phase 4E cluster bcb124516656; gpt-5.4-mini reconstruction approved by gpt-5.4-mini
0x00461030,0x40,src/reagent/yellow_clusters/cluster_54ebdb6fbaf2.cpp,_ZN9NetAppLib6System22NetApplicationViewBaseC2EPN3app4util4HeapE,arm-none-eabi-g++ 16.2.0,SOURCE_WRITTEN,COMPILES,SEMANTIC_VERIFIED,ASM_DIFFERENT,NOT_RUNTIME_TESTED,,,static.crs,reagent,RETAIL_ORIGINAL_SYMBOL,Phase 4E cluster 54ebdb6fbaf2; gpt-5.4-mini reconstruction approved by gpt-5.4-mini
0x004611D8,0x2C,src/reagent/yellow_clusters/cluster_54ebdb6fbaf2.cpp,_ZN9NetAppLib6System22NetApplicationViewBaseD2Ev,arm-none-eabi-g++ 16.2.0,SOURCE_WRITTEN,COMPILES,SEMANTIC_VERIFIED,ASM_DIFFERENT,NOT_RUNTIME_TESTED,,,static.crs,reagent,RETAIL_ORIGINAL_SYMBOL,Phase 4E cluster 54ebdb6fbaf2; gpt-5.4-mini reconstruction approved by gpt-5.4-mini
0x00460EF4,0x5C,src/reagent/yellow_clusters/cluster_54ebdb6fbaf2.cpp,_ZN9NetAppLib6System22NetApplicationViewBase11setupLayoutEjj,arm-none-eabi-g++ 16.2.0,SOURCE_WRITTEN,COMPILES,SEMANTIC_VERIFIED,ASM_DIFFERENT,NOT_RUNTIME_TESTED,,,static.crs,reagent,RETAIL_ORIGINAL_SYMBOL,Phase 4E cluster 54ebdb6fbaf2; gpt-5.4-mini reconstruction approved by gpt-5.4-mini
0x004072D4,0x20,src/reagent/yellow_clusters/cluster_520ae7e1e356.cpp,_ZN7gflnet23p2p7NetGame15SendDataCommandEPcih,arm-none-eabi-g++ 16.2.0,SOURCE_WRITTEN,COMPILES,SEMANTIC_VERIFIED,ASM_DIFFERENT,NOT_RUNTIME_TESTED,,,static.crs,reagent,RETAIL_ORIGINAL_SYMBOL,Phase 4E cluster 520ae7e1e356; gpt-5.4-mini reconstruction approved by gpt-5.4-mini
0x00407440,0x24,src/reagent/yellow_clusters/cluster_520ae7e1e356.cpp,_ZN7gflnet23p2p7NetGame22SendDataCommandSendBitEPcihh,arm-none-eabi-g++ 16.2.0,SOURCE_WRITTEN,COMPILES,SEMANTIC_VERIFIED,ASM_DIFFERENT,NOT_RUNTIME_TESTED,,,static.crs,reagent,RETAIL_ORIGINAL_SYMBOL,Phase 4E cluster 520ae7e1e356; gpt-5.4-mini reconstruction approved by gpt-5.4-mini
0x00407C30,0x24,src/reagent/yellow_clusters/cluster_520ae7e1e356.cpp,_ZN7gflnet23p2p7NetGame8SendDataEPci,arm-none-eabi-g++ 16.2.0,SOURCE_WRITTEN,COMPILES,SEMANTIC_VERIFIED,ASM_DIFFERENT,NOT_RUNTIME_TESTED,,,static.crs,reagent,RETAIL_ORIGINAL_SYMBOL,Phase 4E cluster 520ae7e1e356; gpt-5.4-mini reconstruction approved by gpt-5.4-mini
0x002E82DC,0x14,src/reagent/yellow_clusters/cluster_0c01d3df1cb9.cpp,_ZN3app4sort10StringWazaC1Ev,arm-none-eabi-g++ 16.2.0,SOURCE_WRITTEN,COMPILES,SEMANTIC_VERIFIED,ASM_DIFFERENT,NOT_RUNTIME_TESTED,,,static.crs,reagent,RETAIL_ORIGINAL_SYMBOL,Phase 4E cluster 0c01d3df1cb9; gpt-5.4-mini reconstruction approved by gpt-5.4-mini
0x002E829C,0x1C,src/reagent/yellow_clusters/cluster_0c01d3df1cb9.cpp,_ZN3app4sort10StringWaza4LoadEPN4gfl24heap11CtrHeapBaseE,arm-none-eabi-g++ 16.2.0,SOURCE_WRITTEN,COMPILES,SEMANTIC_VERIFIED,ASM_DIFFERENT,NOT_RUNTIME_TESTED,,,static.crs,reagent,RETAIL_ORIGINAL_SYMBOL,Phase 4E cluster 0c01d3df1cb9; gpt-5.4-mini reconstruction approved by gpt-5.4-mini
0x0043A2CC,0x1C,src/reagent/yellow_clusters/cluster_08c1f2a5e16e.cpp,_ZN8Savedata12GameSyncSave16SetIsNoRegistPGLEb,arm-none-eabi-g++ 16.2.0,SOURCE_WRITTEN,COMPILES,SEMANTIC_VERIFIED,ASM_DIFFERENT,NOT_RUNTIME_TESTED,,,static.crs,reagent,RETAIL_ORIGINAL_SYMBOL,Phase 4E cluster 08c1f2a5e16e; gpt-5.4-mini reconstruction approved by gpt-5.4-mini
0x0043A300,0x1C,src/reagent/yellow_clusters/cluster_08c1f2a5e16e.cpp,_ZN8Savedata12GameSyncSave25SetGameSyncFirstConnectedEb,arm-none-eabi-g++ 16.2.0,SOURCE_WRITTEN,COMPILES,SEMANTIC_VERIFIED,ASM_DIFFERENT,NOT_RUNTIME_TESTED,,,static.crs,reagent,RETAIL_ORIGINAL_SYMBOL,Phase 4E cluster 08c1f2a5e16e; gpt-5.4-mini reconstruction approved by gpt-5.4-mini
0x004A2ABC,0x24,src/reagent/yellow_clusters/cluster_b36b28f764fb.cpp,_ZNK6NetApp9Evolution9APP_PARAM14IsForgetCancelEv,arm-none-eabi-g++ 16.2.0,SOURCE_WRITTEN,COMPILES,SEMANTIC_VERIFIED,ASM_DIFFERENT,NOT_RUNTIME_TESTED,,,static.crs,reagent,RETAIL_ORIGINAL_SYMBOL,Phase 4E cluster b36b28f764fb; gpt-5.4-mini reconstruction approved by gpt-5.4-mini
0x004A5D1C,0x24,src/reagent/yellow_clusters/cluster_5ff5d6b6c2d2.cpp,_ZNK7poke_3d8renderer15BloomRenderPath9IsCreatedEv,arm-none-eabi-g++ 16.2.0,SOURCE_WRITTEN,COMPILES,SEMANTIC_VERIFIED,ASM_DIFFERENT,NOT_RUNTIME_TESTED,,,static.crs,reagent,RETAIL_ORIGINAL_SYMBOL,Phase 4E cluster 5ff5d6b6c2d2; gpt-5.4-mini reconstruction approved by gpt-5.4-mini
0x0031F160,0x30,src/reagent/yellow_clusters/cluster_dd8cb7fbd490.cpp,_ZN3pml9PokeParty5ClearEv,arm-none-eabi-g++ 16.2.0,SOURCE_WRITTEN,COMPILES,SEMANTIC_VERIFIED,ASM_DIFFERENT,NOT_RUNTIME_TESTED,,,static.crs,reagent,RETAIL_ORIGINAL_SYMBOL,Phase 4E cluster dd8cb7fbd490; gpt-5.4-mini reconstruction approved by gpt-5.4-mini
0x00493BCC,0x08,src/reagent/yellow_clusters/cluster_dd8cb7fbd490.cpp,_ZNK3pml9PokeParty16GetMemberCountExENS0_9CountTypeE,arm-none-eabi-g++ 16.2.0,SOURCE_WRITTEN,COMPILES,SEMANTIC_VERIFIED,ASM_DIFFERENT,NOT_RUNTIME_TESTED,,,static.crs,reagent,RETAIL_ORIGINAL_SYMBOL,Phase 4E cluster dd8cb7fbd490; gpt-5.4-mini reconstruction approved by gpt-5.4-mini
0x003930CC,0x0C,src/reagent/yellow_clusters/cluster_fb7f7a6dfc44.cpp,_ZN5Field20EventFieldQuickMatch7SetInitEPN3App9FieldMenu22FieldMenuSubWindowProcEPNS_18EventXMenuListenerE,arm-none-eabi-g++ 16.2.0,SOURCE_WRITTEN,COMPILES,SEMANTIC_VERIFIED,ASM_DIFFERENT,NOT_RUNTIME_TESTED,,,static.crs,reagent,RETAIL_ORIGINAL_SYMBOL,Phase 4E cluster fb7f7a6dfc44; gpt-5.4-mini reconstruction approved by gpt-5.4-mini
0x0038C42C,0x0C,src/reagent/yellow_clusters/cluster_56bed021e624.cpp,_ZN5Field16EventFieldReport7SetInitEPN3App9FieldMenu22FieldMenuSubWindowProcEPNS_18EventXMenuListenerE,arm-none-eabi-g++ 16.2.0,SOURCE_WRITTEN,COMPILES,SEMANTIC_VERIFIED,ASM_DIFFERENT,NOT_RUNTIME_TESTED,,,static.crs,reagent,RETAIL_ORIGINAL_SYMBOL,Phase 4E cluster 56bed021e624; gpt-5.4-mini reconstruction approved by gpt-5.4-mini
0x0038C4DC,0x24,src/reagent/yellow_clusters/cluster_56bed021e624.cpp,_ZN5Field16EventFieldReportC1EPN4gfl24heap11CtrHeapBaseE,arm-none-eabi-g++ 16.2.0,SOURCE_WRITTEN,COMPILES,SEMANTIC_VERIFIED,ASM_DIFFERENT,NOT_RUNTIME_TESTED,,,static.crs,reagent,RETAIL_ORIGINAL_SYMBOL,Phase 4E cluster 56bed021e624; gpt-5.4-mini reconstruction approved by gpt-5.4-mini
0x00469B1C,0x24,src/reagent/yellow_clusters/cluster_923ce36c1f65.cpp,_ZN9NetAppLib9JoinFesta22JoinFestaPacketManager14UnlockListenerEv,arm-none-eabi-g++ 16.2.0,SOURCE_WRITTEN,COMPILES,SEMANTIC_VERIFIED,ASM_DIFFERENT,NOT_RUNTIME_TESTED,,,static.crs,reagent,RETAIL_ORIGINAL_SYMBOL,Phase 4E cluster 923ce36c1f65; gpt-5.4-mini reconstruction approved by gpt-5.4-mini
0x0046AAC8,0x24,src/reagent/yellow_clusters/cluster_923ce36c1f65.cpp,_ZN9NetAppLib9JoinFesta22JoinFestaPacketManager22RemovePersonalListenerEPNS0_25JoinFestaPersonalListenerE,arm-none-eabi-g++ 16.2.0,SOURCE_WRITTEN,COMPILES,SEMANTIC_VERIFIED,ASM_DIFFERENT,NOT_RUNTIME_TESTED,,,static.crs,reagent,RETAIL_ORIGINAL_SYMBOL,Phase 4E cluster 923ce36c1f65; gpt-5.4-mini reconstruction approved by gpt-5.4-mini
0x0036DD24,0x38,src/reagent/yellow_clusters/cluster_86cac007ee51.cpp,_ZN4item9ITEM_DATAC1Eb,arm-none-eabi-g++ 16.2.0,SOURCE_WRITTEN,COMPILES,SEMANTIC_VERIFIED,ASM_DIFFERENT,NOT_RUNTIME_TESTED,,,static.crs,reagent,RETAIL_ORIGINAL_SYMBOL,Phase 4E cluster 86cac007ee51; gpt-5.4-mini reconstruction approved by gpt-5.4-mini
0x0036DD5C,0x14,src/reagent/yellow_clusters/cluster_86cac007ee51.cpp,_ZN4item9ITEM_DATAC1EiPN4gfl24heap11CtrHeapBaseE,arm-none-eabi-g++ 16.2.0,SOURCE_WRITTEN,COMPILES,SEMANTIC_VERIFIED,ASM_DIFFERENT,NOT_RUNTIME_TESTED,,,static.crs,reagent,RETAIL_ORIGINAL_SYMBOL,Phase 4E cluster 86cac007ee51; gpt-5.4-mini reconstruction approved by gpt-5.4-mini
0x003CD038,0x2C,src/reagent/yellow_clusters/cluster_821db36f7651.cpp,_ZN6NetApp2QR11QRDiaryFuncENS0_19QR_TYPE_BATTLE_TEAME,arm-none-eabi-g++ 16.2.0,SOURCE_WRITTEN,COMPILES,SEMANTIC_VERIFIED,ASM_DIFFERENT,NOT_RUNTIME_TESTED,,,static.crs,reagent,RETAIL_ORIGINAL_SYMBOL,Phase 4E cluster 821db36f7651; gpt-5.4-mini reconstruction approved by gpt-5.4-mini
0x003CCFF4,0x20,src/reagent/yellow_clusters/cluster_821db36f7651.cpp,_ZN6NetApp2QR11QRDiaryFuncENS0_16QR_TYPE_LIVE_CUPE,arm-none-eabi-g++ 16.2.0,SOURCE_WRITTEN,COMPILES,SEMANTIC_VERIFIED,ASM_DIFFERENT,NOT_RUNTIME_TESTED,,,static.crs,reagent,RETAIL_ORIGINAL_SYMBOL,Phase 4E cluster 821db36f7651; gpt-5.4-mini reconstruction approved by gpt-5.4-mini
0x004A2E50,0x28,src/reagent/yellow_clusters/cluster_e5f3965d2efb.cpp,_ZNK6System10MotionBlur16IsEndColorFilterEv,arm-none-eabi-g++ 16.2.0,SOURCE_WRITTEN,COMPILES,SEMANTIC_VERIFIED,ASM_DIFFERENT,NOT_RUNTIME_TESTED,,,static.crs,reagent,RETAIL_ORIGINAL_SYMBOL,Phase 4E cluster e5f3965d2efb; gpt-5.4-mini reconstruction approved by gpt-5.4-mini
0x004A2E78,0x28,src/reagent/yellow_clusters/cluster_e5f3965d2efb.cpp,_ZNK6System10MotionBlur17IsEndBlendControlEv,arm-none-eabi-g++ 16.2.0,SOURCE_WRITTEN,COMPILES,SEMANTIC_VERIFIED,ASM_DIFFERENT,NOT_RUNTIME_TESTED,,,static.crs,reagent,RETAIL_ORIGINAL_SYMBOL,Phase 4E cluster e5f3965d2efb; gpt-5.4-mini reconstruction approved by gpt-5.4-mini
0x0048CB7C,0x2C,src/reagent/yellow_clusters/cluster_bc8361c45e9b.cpp,_ZNK3App6Resort17ResortDataManager10GetArcFileEi,arm-none-eabi-g++ 16.2.0,SOURCE_WRITTEN,COMPILES,SEMANTIC_VERIFIED,ASM_DIFFERENT,NOT_RUNTIME_TESTED,,,static.crs,reagent,RETAIL_ORIGINAL_SYMBOL,Phase 4E cluster bc8361c45e9b; gpt-5.4-mini reconstruction approved by gpt-5.4-mini
0x0048CBFC,0x28,src/reagent/yellow_clusters/cluster_bc8361c45e9b.cpp,_ZNK3App6Resort17ResortDataManager17GetUncompWorkHeapEv,arm-none-eabi-g++ 16.2.0,SOURCE_WRITTEN,COMPILES,SEMANTIC_VERIFIED,ASM_DIFFERENT,NOT_RUNTIME_TESTED,,,static.crs,reagent,RETAIL_ORIGINAL_SYMBOL,Phase 4E cluster bc8361c45e9b; gpt-5.4-mini reconstruction approved by gpt-5.4-mini
0x003E7FF8,0x1C,src/reagent/yellow_clusters/cluster_8e5289d6c9c7.cpp,_ZN6System6Camera19CModelViewerInFrame12AddCameraYawEf,arm-none-eabi-g++ 16.2.0,SOURCE_WRITTEN,COMPILES,SEMANTIC_VERIFIED,ASM_DIFFERENT,NOT_RUNTIME_TESTED,,,static.crs,reagent,RETAIL_ORIGINAL_SYMBOL,Phase 4E cluster 8e5289d6c9c7; gpt-5.4-mini reconstruction approved by gpt-5.4-mini
0x002F5CAC,0x24,src/reagent/yellow_clusters/cluster_4e832905e7f1.cpp,_ZN3app4tool17ScrollPaneManager20SetVisibleMenuCursorEb,arm-none-eabi-g++ 16.2.0,SOURCE_WRITTEN,COMPILES,SEMANTIC_VERIFIED,ASM_DIFFERENT,NOT_RUNTIME_TESTED,,,static.crs,reagent,RETAIL_ORIGINAL_SYMBOL,Phase 4E cluster 4e832905e7f1; gpt-5.4-mini reconstruction approved by gpt-5.4-mini
0x002F5088,0x30,src/reagent/yellow_clusters/cluster_4e832905e7f1.cpp,_ZN3app4tool17ScrollPaneManager15SetInputEnabledEb,arm-none-eabi-g++ 16.2.0,SOURCE_WRITTEN,COMPILES,SEMANTIC_VERIFIED,ASM_DIFFERENT,NOT_RUNTIME_TESTED,,,static.crs,reagent,RETAIL_ORIGINAL_SYMBOL,Phase 4E cluster 4e832905e7f1; gpt-5.4-mini reconstruction approved by gpt-5.4-mini
0x00414724,0x2C,src/reagent/yellow_clusters/cluster_c64e6ef0efba.cpp,_ZN7poke_3d5model27DressUpModelResourceManager22SetupDressUpPartsAsyncEPN4gfl23gfx12IGLAllocatorERKNS0_12DressUpParamE,arm-none-eabi-g++ 16.2.0,SOURCE_WRITTEN,COMPILES,SEMANTIC_VERIFIED,ASM_DIFFERENT,NOT_RUNTIME_TESTED,,,static.crs,reagent,RETAIL_ORIGINAL_SYMBOL,Phase 4E cluster c64e6ef0efba; gpt-5.4-mini reconstruction approved by gpt-5.4-mini
0x002A0A34,0x38,src/reagent/yellow_clusters/cluster_6c20b5713488.cpp,_ZN2nw3lyt4Pane11AppendChildEPS1_,arm-none-eabi-g++ 16.2.0,SOURCE_WRITTEN,COMPILES,SEMANTIC_VERIFIED,ASM_DIFFERENT,NOT_RUNTIME_TESTED,,,static.crs,reagent,RETAIL_ORIGINAL_SYMBOL,Phase 4E cluster 6c20b5713488; gpt-5.4-mini reconstruction approved by gpt-5.4-mini
0x002A0AA0,0x20,src/reagent/yellow_clusters/cluster_6c20b5713488.cpp,_ZN2nw3lyt4Pane11RemoveChildEPS1_,arm-none-eabi-g++ 16.2.0,SOURCE_WRITTEN,COMPILES,SEMANTIC_VERIFIED,ASM_DIFFERENT,NOT_RUNTIME_TESTED,,,static.crs,reagent,RETAIL_ORIGINAL_SYMBOL,Phase 4E cluster 6c20b5713488; gpt-5.4-mini reconstruction approved by gpt-5.4-mini
0x002D1CD8,0x2C,src/reagent/yellow_clusters/cluster_7d5c8e58c692.cpp,_ZN3App4Tool23CommonMessageWindowView11HideMessageEv,arm-none-eabi-g++ 16.2.0,SOURCE_WRITTEN,COMPILES,SEMANTIC_VERIFIED,ASM_DIFFERENT,NOT_RUNTIME_TESTED,,,static.crs,reagent,RETAIL_ORIGINAL_SYMBOL,Phase 4E cluster 7d5c8e58c692; gpt-5.4-mini reconstruction approved by gpt-5.4-mini
0x002D1D04,0x34,src/reagent/yellow_clusters/cluster_7d5c8e58c692.cpp,_ZN3App4Tool23CommonMessageWindowView11ShowMessageEPKN4gfl23str6StrBufEbbb,arm-none-eabi-g++ 16.2.0,SOURCE_WRITTEN,COMPILES,SEMANTIC_VERIFIED,ASM_DIFFERENT,NOT_RUNTIME_TESTED,,,static.crs,reagent,RETAIL_ORIGINAL_SYMBOL,Phase 4E cluster 7d5c8e58c692; gpt-5.4-mini reconstruction approved by gpt-5.4-mini
0x00358BF4,0x30,src/reagent/yellow_clusters/cluster_928994ee136d.cpp,_ZN4gfl24math16SpringSimulation4InitEv,arm-none-eabi-g++ 16.2.0,SOURCE_WRITTEN,COMPILES,SEMANTIC_VERIFIED,ASM_DIFFERENT,NOT_RUNTIME_TESTED,,,static.crs,reagent,RETAIL_ORIGINAL_SYMBOL,Phase 4E cluster 928994ee136d; gpt-5.4-mini reconstruction approved by gpt-5.4-mini
0x00358D14,0x30,src/reagent/yellow_clusters/cluster_928994ee136d.cpp,_ZN4gfl24math16SpringSimulationC1Ev,arm-none-eabi-g++ 16.2.0,SOURCE_WRITTEN,COMPILES,SEMANTIC_VERIFIED,ASM_DIFFERENT,NOT_RUNTIME_TESTED,,,static.crs,reagent,RETAIL_ORIGINAL_SYMBOL,Phase 4E cluster 928994ee136d; gpt-5.4-mini reconstruction approved by gpt-5.4-mini
0x00448978,0x4C,src/reagent/yellow_clusters/cluster_cbd0ce03ac4c.cpp,_ZN9NetAppLib11JoinFestaUI19JoinFestaPlayerDataC1Ev,arm-none-eabi-g++ 16.2.0,SOURCE_WRITTEN,COMPILES,SEMANTIC_VERIFIED,ASM_DIFFERENT,NOT_RUNTIME_TESTED,,,static.crs,reagent,RETAIL_ORIGINAL_SYMBOL,Phase 4E cluster cbd0ce03ac4c; gpt-5.4-mini reconstruction approved by gpt-5.4-mini
0x004489EC,0x1C,src/reagent/yellow_clusters/cluster_cbd0ce03ac4c.cpp,_ZN9NetAppLib11JoinFestaUI19JoinFestaPlayerDataD1Ev,arm-none-eabi-g++ 16.2.0,SOURCE_WRITTEN,COMPILES,SEMANTIC_VERIFIED,ASM_DIFFERENT,NOT_RUNTIME_TESTED,,,static.crs,reagent,RETAIL_ORIGINAL_SYMBOL,Phase 4E cluster cbd0ce03ac4c; gpt-5.4-mini reconstruction approved by gpt-5.4-mini
0x002F2C4C,0x28,src/reagent/yellow_clusters/cluster_77af80417f8f.cpp,_ZN3app4tool16CharaSimpleModel9TerminateEv,arm-none-eabi-g++ 16.2.0,SOURCE_WRITTEN,COMPILES,SEMANTIC_VERIFIED,ASM_DIFFERENT,NOT_RUNTIME_TESTED,,,static.crs,reagent,RETAIL_ORIGINAL_SYMBOL,Phase 4E cluster 77af80417f8f; gpt-5.4-mini reconstruction approved by gpt-5.4-mini
0x0039A500,0x10,src/reagent/yellow_clusters/cluster_210183727251.cpp,_ZN5Field9EventWork17SetMushiyokeCountEtt,arm-none-eabi-g++ 16.2.0,SOURCE_WRITTEN,COMPILES,SEMANTIC_VERIFIED,ASM_DIFFERENT,NOT_RUNTIME_TESTED,,,static.crs,reagent,RETAIL_ORIGINAL_SYMBOL,Phase 4E cluster 210183727251; gpt-5.4-mini reconstruction approved by gpt-5.4-mini
0x0039A058,0x40,src/reagent/yellow_clusters/cluster_210183727251.cpp,_ZN5Field9EventWork12SetEventWorkEtt,arm-none-eabi-g++ 16.2.0,SOURCE_WRITTEN,COMPILES,SEMANTIC_VERIFIED,ASM_DIFFERENT,NOT_RUNTIME_TESTED,,,static.crs,reagent,RETAIL_ORIGINAL_SYMBOL,Phase 4E cluster 210183727251; gpt-5.4-mini reconstruction approved by gpt-5.4-mini
0x0045E2E0,0x18,src/reagent/yellow_clusters/cluster_5e97516126ee.cpp,_ZN9NetAppLib4Util30NetAppPokemonValidationUtility6VerifyEN6NetLib10Validation17PokemonValidation8GameModeEPKN3pml8pokepara9CoreParamEj,arm-none-eabi-g++ 16.2.0,SOURCE_WRITTEN,COMPILES,SEMANTIC_VERIFIED,ASM_DIFFERENT,NOT_RUNTIME_TESTED,,,static.crs,reagent,RETAIL_ORIGINAL_SYMBOL,Phase 4E cluster 5e97516126ee; gpt-5.4-mini reconstruction approved by gpt-5.4-mini
0x0045E4E8,0x4C,src/reagent/yellow_clusters/cluster_5e97516126ee.cpp,_ZN9NetAppLib4Util30NetAppPokemonValidationUtilityC1EPN4gfl24heap11CtrHeapBaseE,arm-none-eabi-g++ 16.2.0,SOURCE_WRITTEN,COMPILES,SEMANTIC_VERIFIED,ASM_DIFFERENT,NOT_RUNTIME_TESTED,,,static.crs,reagent,RETAIL_ORIGINAL_SYMBOL,Phase 4E cluster 5e97516126ee; gpt-5.4-mini reconstruction approved by gpt-5.4-mini
0x004A9230,0x28,src/reagent/yellow_clusters/cluster_3eeaa1cc2217.cpp,_ZNK8Savedata9ZukanData15GetLocalCompNumEPKN8PokeTool10ExtendDataENS2_9LocalAreaE,arm-none-eabi-g++ 16.2.0,SOURCE_WRITTEN,COMPILES,SEMANTIC_VERIFIED,ASM_DIFFERENT,NOT_RUNTIME_TESTED,,,static.crs,reagent,RETAIL_ORIGINAL_SYMBOL,Phase 4E cluster 3eeaa1cc2217; gpt-5.4-mini reconstruction approved by gpt-5.4-mini
0x0048E764,0x40,src/reagent/yellow_clusters/cluster_6b67087841d7.cpp,_ZNK3app4util10EffectUtil7GetDataEj,arm-none-eabi-g++ 16.2.0,SOURCE_WRITTEN,COMPILES,SEMANTIC_VERIFIED,ASM_DIFFERENT,NOT_RUNTIME_TESTED,,,static.crs,reagent,RETAIL_ORIGINAL_SYMBOL,Phase 4E cluster 6b67087841d7; gpt-5.4-mini reconstruction approved by gpt-5.4-mini
0x0045ECB8,0x28,src/reagent/yellow_clusters/cluster_89ea64e3252e.cpp,_ZN9NetAppLib6System15NetAppFrameBase9exitFrameEi,arm-none-eabi-g++ 16.2.0,SOURCE_WRITTEN,COMPILES,SEMANTIC_VERIFIED,ASM_DIFFERENT,NOT_RUNTIME_TESTED,,,static.crs,reagent,RETAIL_ORIGINAL_SYMBOL,Phase 4E cluster 89ea64e3252e; gpt-5.4-mini reconstruction approved by gpt-5.4-mini
0x002F33E8,0x1C,src/reagent/yellow_clusters/cluster_c9149c038518.cpp,_ZN3app4tool16CursorController8OnUpdateEv,arm-none-eabi-g++ 16.2.0,SOURCE_WRITTEN,COMPILES,SEMANTIC_VERIFIED,ASM_DIFFERENT,NOT_RUNTIME_TESTED,,,static.crs,reagent,RETAIL_ORIGINAL_SYMBOL,Phase 4E cluster c9149c038518; gpt-5.4-mini reconstruction approved by gpt-5.4-mini
0x002F3404,0x4C,src/reagent/yellow_clusters/cluster_c9149c038518.cpp,_ZN3app4tool16CursorControllerC1EPNS_4util4HeapEPNS2_19AppRenderingManagerE,arm-none-eabi-g++ 16.2.0,SOURCE_WRITTEN,COMPILES,SEMANTIC_VERIFIED,ASM_DIFFERENT,NOT_RUNTIME_TESTED,,,static.crs,reagent,RETAIL_ORIGINAL_SYMBOL,Phase 4E cluster c9149c038518; gpt-5.4-mini reconstruction approved by gpt-5.4-mini
0x004531F8,0x58,src/reagent/yellow_clusters/cluster_05315ccaddc0.cpp,_ZN9NetAppLib11JoinFestaUI34JoinFestaAttractionSelectLowerView19SetVisibleArrowIconEb,arm-none-eabi-g++ 16.2.0,SOURCE_WRITTEN,COMPILES,SEMANTIC_VERIFIED,ASM_DIFFERENT,NOT_RUNTIME_TESTED,,,static.crs,reagent,RETAIL_ORIGINAL_SYMBOL,Phase 4E cluster 05315ccaddc0; gpt-5.4-mini reconstruction approved by gpt-5.4-mini
0x00453250,0x28,src/reagent/yellow_clusters/cluster_05315ccaddc0.cpp,_ZN9NetAppLib11JoinFestaUI34JoinFestaAttractionSelectLowerView23ResetPaneListCursorInfoEv,arm-none-eabi-g++ 16.2.0,SOURCE_WRITTEN,COMPILES,SEMANTIC_VERIFIED,ASM_DIFFERENT,NOT_RUNTIME_TESTED,,,static.crs,reagent,RETAIL_ORIGINAL_SYMBOL,Phase 4E cluster 05315ccaddc0; gpt-5.4-mini reconstruction approved by gpt-5.4-mini
0x00459ACC,0x50,src/reagent/yellow_clusters/cluster_390d20a1bbd5.cpp,_ZN9NetAppLib2UI17NetAppMessageMenu11ShowMessageEjjbbb,arm-none-eabi-g++ 16.2.0,SOURCE_WRITTEN,COMPILES,SEMANTIC_VERIFIED,ASM_DIFFERENT,NOT_RUNTIME_TESTED,,,static.crs,reagent,RETAIL_ORIGINAL_SYMBOL,Phase 4E cluster 390d20a1bbd5; gpt-5.4-mini reconstruction approved by gpt-5.4-mini
0x00459B1C,0x34,src/reagent/yellow_clusters/cluster_390d20a1bbd5.cpp,_ZN9NetAppLib2UI17NetAppMessageMenu23ShowMessageWithListMenuEPKN4gfl23str6StrBufEbS6_S6_S6_S6_S6_S6_,arm-none-eabi-g++ 16.2.0,SOURCE_WRITTEN,COMPILES,SEMANTIC_VERIFIED,ASM_DIFFERENT,NOT_RUNTIME_TESTED,,,static.crs,reagent,RETAIL_ORIGINAL_SYMBOL,Phase 4E cluster 390d20a1bbd5; gpt-5.4-mini reconstruction approved by gpt-5.4-mini
0x002E6EA0,0x30,src/reagent/yellow_clusters/cluster_e3ecd40578c2.cpp,_ZN3app2ui11UIResponder20ReleaseButtonManagerEv,arm-none-eabi-g++ 16.2.0,SOURCE_WRITTEN,COMPILES,SEMANTIC_VERIFIED,ASM_DIFFERENT,NOT_RUNTIME_TESTED,,,static.crs,reagent,RETAIL_ORIGINAL_SYMBOL,Phase 4E cluster e3ecd40578c2; gpt-5.4-mini reconstruction approved by gpt-5.4-mini
0x002E6ED0,0x54,src/reagent/yellow_clusters/cluster_e3ecd40578c2.cpp,_ZN3app2ui11UIResponder21SetStickEmulationModeEb,arm-none-eabi-g++ 16.2.0,SOURCE_WRITTEN,COMPILES,SEMANTIC_VERIFIED,ASM_DIFFERENT,NOT_RUNTIME_TESTED,,,static.crs,reagent,RETAIL_ORIGINAL_SYMBOL,Phase 4E cluster e3ecd40578c2; gpt-5.4-mini reconstruction approved by gpt-5.4-mini
0x00499578,0x44,src/reagent/yellow_clusters/cluster_fc54488e5943.cpp,_ZNK4gfl23lyt5LytWk10GetHitPaneEiiPN2nw3lyt4PaneE,arm-none-eabi-g++ 16.2.0,SOURCE_WRITTEN,COMPILES,SEMANTIC_VERIFIED,ASM_DIFFERENT,NOT_RUNTIME_TESTED,,,static.crs,reagent,RETAIL_ORIGINAL_SYMBOL,Phase 4E cluster fc54488e5943; gpt-5.4-mini reconstruction approved by gpt-5.4-mini
0x004981A8,0x30,src/reagent/yellow_clusters/cluster_139c36c0a729.cpp,_ZNK4gfl22ui10TouchPanel5GetXYEPtS2_,arm-none-eabi-g++ 16.2.0,SOURCE_WRITTEN,COMPILES,SEMANTIC_VERIFIED,ASM_DIFFERENT,NOT_RUNTIME_TESTED,,,static.crs,reagent,RETAIL_ORIGINAL_SYMBOL,Phase 4E cluster 139c36c0a729; gpt-5.4-mini reconstruction approved by gpt-5.4-mini
0x0049816C,0x3C,src/reagent/yellow_clusters/cluster_139c36c0a729.cpp,_ZNK4gfl22ui10TouchPanel5GetXYEPNS_4math22ExtendedVectorTemplateINS2_33SpecializedExtendedVectorTemplateIN2nn4math4VEC3EEEEE,arm-none-eabi-g++ 16.2.0,SOURCE_WRITTEN,COMPILES,SEMANTIC_VERIFIED,ASM_DIFFERENT,NOT_RUNTIME_TESTED,,,static.crs,reagent,RETAIL_ORIGINAL_SYMBOL,Phase 4E cluster 139c36c0a729; gpt-5.4-mini reconstruction approved by gpt-5.4-mini
0x003BE5B8,0x08,src/reagent/yellow_clusters/cluster_ed92fca4e12f.cpp,_ZN5print11ItemMessage14GetInfoMessageEjPN4gfl23str6StrBufE,arm-none-eabi-g++ 16.2.0,SOURCE_WRITTEN,COMPILES,SEMANTIC_VERIFIED,ASM_DIFFERENT,NOT_RUNTIME_TESTED,,,static.crs,reagent,RETAIL_ORIGINAL_SYMBOL,Phase 4E cluster ed92fca4e12f; gpt-5.4-mini reconstruction approved by gpt-5.4-mini
0x002F9020,0x04,src/reagent/yellow_clusters/cluster_1680226c32de.cpp,_ZN3app4tool19InfoWindowSheetType10SyncCreateEPNS_4util4HeapEPNS2_19AppRenderingManagerEPNS0_21InfoWindowDataManagerE,arm-none-eabi-g++ 16.2.0,SOURCE_WRITTEN,COMPILES,SEMANTIC_VERIFIED,ASM_DIFFERENT,NOT_RUNTIME_TESTED,,,static.crs,reagent,RETAIL_ORIGINAL_SYMBOL,Phase 4E cluster 1680226c32de; gpt-5.4-mini reconstruction approved by gpt-5.4-mini
0x00443DA4,0x0C,src/reagent/yellow_clusters/cluster_736dca1a19b6.cpp,_ZN8Savedata8PlayTime11PopSaveTimeEv,arm-none-eabi-g++ 16.2.0,SOURCE_WRITTEN,COMPILES,SEMANTIC_VERIFIED,ASM_DIFFERENT,NOT_RUNTIME_TESTED,,,static.crs,reagent,RETAIL_ORIGINAL_SYMBOL,Phase 4E cluster 736dca1a19b6; gpt-5.4-mini reconstruction approved by gpt-5.4-mini
0x00103D0E,0x0C,src/reagent/yellow_clusters/cluster_5b421d1ee27b.cpp,_ZNSt6localeC2ERKS_,arm-none-eabi-g++ 16.2.0,SOURCE_WRITTEN,COMPILES,SEMANTIC_VERIFIED,ASM_DIFFERENT,NOT_RUNTIME_TESTED,,,static.crs,reagent,RETAIL_ORIGINAL_SYMBOL,Phase 4E cluster 5b421d1ee27b; gpt-5.4-mini reconstruction approved by gpt-5.4-mini
0x003F3B30,0x0C,src/reagent/yellow_clusters/cluster_38d80c81a557.cpp,_ZN7GameSys8GameProc14GetGameManagerEv,arm-none-eabi-g++ 16.2.0,SOURCE_WRITTEN,COMPILES,SEMANTIC_VERIFIED,ASM_DIFFERENT,NOT_RUNTIME_TESTED,,,static.crs,reagent,RETAIL_ORIGINAL_SYMBOL,Phase 4E cluster 38d80c81a557; gpt-5.4-mini reconstruction approved by gpt-5.4-mini
0x00305674,0x0C,src/reagent/yellow_clusters/cluster_94af5b81f226.cpp,_ZN3app4util9ScrollBar13SetDrawEnableEb,arm-none-eabi-g++ 16.2.0,SOURCE_WRITTEN,COMPILES,SEMANTIC_VERIFIED,ASM_DIFFERENT,NOT_RUNTIME_TESTED,,,static.crs,reagent,RETAIL_ORIGINAL_SYMBOL,Phase 4E cluster 94af5b81f226; gpt-5.4-mini reconstruction approved by gpt-5.4-mini
0x00103D4A,0x0C,src/reagent/yellow_clusters/cluster_b575e277c6ec.cpp,_ZNSt8messagesIcED0Ev,arm-none-eabi-g++ 16.2.0,SOURCE_WRITTEN,COMPILES,SEMANTIC_VERIFIED,ASM_DIFFERENT,NOT_RUNTIME_TESTED,,,static.crs,reagent,RETAIL_ORIGINAL_SYMBOL,Phase 4E cluster b575e277c6ec; gpt-5.4-mini reconstruction approved by gpt-5.4-mini
0x00103D64,0x0C,src/reagent/yellow_clusters/cluster_ac3a28814b46.cpp,_ZNSt8numpunctIcED0Ev,arm-none-eabi-g++ 16.2.0,SOURCE_WRITTEN,COMPILES,SEMANTIC_VERIFIED,ASM_DIFFERENT,NOT_RUNTIME_TESTED,,,static.crs,reagent,RETAIL_ORIGINAL_SYMBOL,Phase 4E cluster ac3a28814b46; gpt-5.4-mini reconstruction approved by gpt-5.4-mini
0x0034FEC0,0x10,src/reagent/yellow_clusters/cluster_89559e735461.cpp,_ZN4gfl23lyt13LytMultiResIDC1Ev,arm-none-eabi-g++ 16.2.0,SOURCE_WRITTEN,COMPILES,SEMANTIC_VERIFIED,ASM_DIFFERENT,NOT_RUNTIME_TESTED,,,static.crs,reagent,RETAIL_ORIGINAL_SYMBOL,Phase 4E cluster 89559e735461; gpt-5.4-mini reconstruction approved by gpt-5.4-mini
0x003A8424,0x10,src/reagent/yellow_clusters/cluster_b9d5a60a9329.cpp,_ZN5Field9MoveModel31FieldMoveModelAreaCharaAccessorC1Ev,arm-none-eabi-g++ 16.2.0,SOURCE_WRITTEN,COMPILES,SEMANTIC_VERIFIED,ASM_DIFFERENT,NOT_RUNTIME_TESTED,,,static.crs,reagent,RETAIL_ORIGINAL_SYMBOL,Phase 4E cluster b9d5a60a9329; gpt-5.4-mini reconstruction approved by gpt-5.4-mini
0x0048FDC4,0x10,src/reagent/yellow_clusters/cluster_afb74c681b4f.cpp,_ZN8Savedata12UnionPokemon10SetPokemonEPN3pml8pokepara12PokemonParamE,arm-none-eabi-g++ 16.2.0,SOURCE_WRITTEN,COMPILES,SEMANTIC_VERIFIED,ASM_DIFFERENT,NOT_RUNTIME_TESTED,,,static.crs,reagent,RETAIL_ORIGINAL_SYMBOL,Phase 4E cluster afb74c681b4f; gpt-5.4-mini reconstruction approved by gpt-5.4-mini
0x003F7530,0x10,src/reagent/yellow_clusters/cluster_d4d8565a3621.cpp,_ZN7gflnet23nex10NexManager14GetCredentialsEv,arm-none-eabi-g++ 16.2.0,SOURCE_WRITTEN,COMPILES,SEMANTIC_VERIFIED,ASM_DIFFERENT,NOT_RUNTIME_TESTED,,,static.crs,reagent,RETAIL_ORIGINAL_SYMBOL,Phase 4E cluster d4d8565a3621; gpt-5.4-mini reconstruction approved by gpt-5.4-mini
0x00103AF8,0x10,src/reagent/yellow_clusters/cluster_afe3c6fc25df.cpp,_ZNSt14__rw_exceptionC2Ev,arm-none-eabi-g++ 16.2.0,SOURCE_WRITTEN,COMPILES,SEMANTIC_VERIFIED,ASM_DIFFERENT,NOT_RUNTIME_TESTED,,,static.crs,reagent,RETAIL_ORIGINAL_SYMBOL,Phase 4E cluster afe3c6fc25df; gpt-5.4-mini reconstruction approved by gpt-5.4-mini
0x001036EC,0x10,src/reagent/yellow_clusters/cluster_5ff1b947a379.cpp,_ZNKSt5ctypeIcE9do_narrowEPKcS2_cPc,arm-none-eabi-g++ 16.2.0,SOURCE_WRITTEN,COMPILES,SEMANTIC_VERIFIED,ASM_DIFFERENT,NOT_RUNTIME_TESTED,,,static.crs,reagent,RETAIL_ORIGINAL_SYMBOL,Phase 4E cluster 5ff1b947a379; gpt-5.4-mini reconstruction approved by gpt-5.4-mini
0x00497798,0x14,src/reagent/yellow_clusters/cluster_56e4d72e0218.cpp,_ZNK4gfl22fs17BinLinkerAccessor10GetDataMaxEv,arm-none-eabi-g++ 16.2.0,SOURCE_WRITTEN,COMPILES,SEMANTIC_VERIFIED,ASM_DIFFERENT,NOT_RUNTIME_TESTED,,,static.crs,reagent,RETAIL_ORIGINAL_SYMBOL,Phase 4E cluster 56e4d72e0218; gpt-5.4-mini reconstruction approved by gpt-5.4-mini
0x003D820C,0x14,src/reagent/yellow_clusters/cluster_6b6947792d81.cpp,_ZN6NetLib3Pgl12PGLConnector16CancelConnectingEv,arm-none-eabi-g++ 16.2.0,SOURCE_WRITTEN,COMPILES,SEMANTIC_VERIFIED,ASM_DIFFERENT,NOT_RUNTIME_TESTED,,,static.crs,reagent,RETAIL_ORIGINAL_SYMBOL,Phase 4E cluster 6b6947792d81; gpt-5.4-mini reconstruction approved by gpt-5.4-mini
0x004A3298,0x14,src/reagent/yellow_clusters/cluster_96946e816f95.cpp,_ZNK7GameSys11GameManager22GetDrawingLytWkManagerEv,arm-none-eabi-g++ 16.2.0,SOURCE_WRITTEN,COMPILES,SEMANTIC_VERIFIED,ASM_DIFFERENT,NOT_RUNTIME_TESTED,,,static.crs,reagent,RETAIL_ORIGINAL_SYMBOL,Phase 4E cluster 96946e816f95; gpt-5.4-mini reconstruction approved by gpt-5.4-mini
0x0045A6B8,0x14,src/reagent/yellow_clusters/cluster_2ca4168fe026.cpp,_ZN9NetAppLib2UI21NetAppPokeparaUtility8OnUpdateEv,arm-none-eabi-g++ 16.2.0,SOURCE_WRITTEN,COMPILES,SEMANTIC_VERIFIED,ASM_DIFFERENT,NOT_RUNTIME_TESTED,,,static.crs,reagent,RETAIL_ORIGINAL_SYMBOL,Phase 4E cluster 2ca4168fe026; gpt-5.4-mini reconstruction approved by gpt-5.4-mini
0x002E8274,0x14,src/reagent/yellow_clusters/cluster_489b42ab7907.cpp,_ZN3app4sort10StringItemC1Ev,arm-none-eabi-g++ 16.2.0,SOURCE_WRITTEN,COMPILES,SEMANTIC_VERIFIED,ASM_DIFFERENT,NOT_RUNTIME_TESTED,,,static.crs,reagent,RETAIL_ORIGINAL_SYMBOL,Phase 4E cluster 489b42ab7907; gpt-5.4-mini reconstruction approved by gpt-5.4-mini
0x0035DE34,0x14,src/reagent/yellow_clusters/cluster_05441599c533.cpp,_ZN4gfl26Effect16EffectRenderPathC1Ev,arm-none-eabi-g++ 16.2.0,SOURCE_WRITTEN,COMPILES,SEMANTIC_VERIFIED,ASM_DIFFERENT,NOT_RUNTIME_TESTED,,,static.crs,reagent,RETAIL_ORIGINAL_SYMBOL,Phase 4E cluster 05441599c533; gpt-5.4-mini reconstruction approved by gpt-5.4-mini
0x002C6D9C,0x14,src/reagent/yellow_clusters/cluster_e84126067f8a.cpp,_ZN2nw4font7ResFontC1Ev,arm-none-eabi-g++ 16.2.0,SOURCE_WRITTEN,COMPILES,SEMANTIC_VERIFIED,ASM_DIFFERENT,NOT_RUNTIME_TESTED,,,static.crs,reagent,RETAIL_ORIGINAL_SYMBOL,Phase 4E cluster e84126067f8a; gpt-5.4-mini reconstruction approved by gpt-5.4-mini
0x0038D544,0x10,src/reagent/yellow_clusters/cluster_08e2043674c5.cpp,_ZN5Field16ZoneDataAccessorC1EPv,arm-none-eabi-g++ 16.2.0,SOURCE_WRITTEN,COMPILES,SEMANTIC_VERIFIED,ASM_DIFFERENT,NOT_RUNTIME_TESTED,,,static.crs,reagent,RETAIL_ORIGINAL_SYMBOL,Phase 4E cluster 08e2043674c5; gpt-5.4-mini reconstruction approved by gpt-5.4-mini
0x003F2B98,0x10,src/reagent/yellow_clusters/cluster_b072eb54fb75.cpp,_ZN7GameSys8GameData18GetFieldCameraDataEPN5Field6Camera8SaveDataE,arm-none-eabi-g++ 16.2.0,SOURCE_WRITTEN,COMPILES,SEMANTIC_VERIFIED,ASM_DIFFERENT,NOT_RUNTIME_TESTED,,,static.crs,reagent,RETAIL_ORIGINAL_SYMBOL,Phase 4E cluster b072eb54fb75; gpt-5.4-mini reconstruction approved by gpt-5.4-mini
0x0043DD88,0x18,src/reagent/yellow_clusters/cluster_3efb5d010724.cpp,_ZN8Savedata16QRReaderSaveData19InactivateFieldScanEv,arm-none-eabi-g++ 16.2.0,SOURCE_WRITTEN,COMPILES,SEMANTIC_VERIFIED,ASM_DIFFERENT,NOT_RUNTIME_TESTED,,,static.crs,reagent,RETAIL_ORIGINAL_SYMBOL,Phase 4E cluster 3efb5d010724; gpt-5.4-mini reconstruction approved by gpt-5.4-mini
0x0040DD5C,0x18,src/reagent/yellow_clusters/cluster_4345968f2b3d.cpp,_ZN7poke_3d5model10CharaModel16SetAutoBlinkModeENS1_13AutoBlinkModeE,arm-none-eabi-g++ 16.2.0,SOURCE_WRITTEN,COMPILES,SEMANTIC_VERIFIED,ASM_DIFFERENT,NOT_RUNTIME_TESTED,,,static.crs,reagent,RETAIL_ORIGINAL_SYMBOL,Phase 4E cluster 4345968f2b3d; gpt-5.4-mini reconstruction approved by gpt-5.4-mini
0x00426A3C,0x14,src/reagent/yellow_clusters/cluster_aeb3761fbe3b.cpp,_ZN8NetEvent30JoinFestaAttractionRetireEventC1EPN4gfl24heap11CtrHeapBaseE,arm-none-eabi-g++ 16.2.0,SOURCE_WRITTEN,COMPILES,SEMANTIC_VERIFIED,ASM_DIFFERENT,NOT_RUNTIME_TESTED,,,static.crs,reagent,RETAIL_ORIGINAL_SYMBOL,Phase 4E cluster aeb3761fbe3b; gpt-5.4-mini reconstruction approved by gpt-5.4-mini
0x002F1B0C,0x1C,src/reagent/yellow_clusters/cluster_86ddf92446f0.cpp,_ZN3app4tool15TimerIconUIView8EndAnimeEv,arm-none-eabi-g++ 16.2.0,SOURCE_WRITTEN,COMPILES,SEMANTIC_VERIFIED,ASM_DIFFERENT,NOT_RUNTIME_TESTED,,,static.crs,reagent,RETAIL_ORIGINAL_SYMBOL,Phase 4E cluster 86ddf92446f0; gpt-5.4-mini reconstruction approved by gpt-5.4-mini
0x0045E7B4,0x1C,src/reagent/yellow_clusters/cluster_d19147dab071.cpp,_ZN9NetAppLib4Util8PackFileC1EPKh,arm-none-eabi-g++ 16.2.0,SOURCE_WRITTEN,COMPILES,SEMANTIC_VERIFIED,ASM_DIFFERENT,NOT_RUNTIME_TESTED,,,static.crs,reagent,RETAIL_ORIGINAL_SYMBOL,Phase 4E cluster d19147dab071; gpt-5.4-mini reconstruction approved by gpt-5.4-mini
0x003D060C,0x1C,src/reagent/yellow_clusters/cluster_1012c8a99432.cpp,_ZN6NetLib10Validation17PokemonValidation16CancelConnectingEv,arm-none-eabi-g++ 16.2.0,SOURCE_WRITTEN,COMPILES,SEMANTIC_VERIFIED,ASM_DIFFERENT,NOT_RUNTIME_TESTED,,,static.crs,reagent,RETAIL_ORIGINAL_SYMBOL,Phase 4E cluster 1012c8a99432; gpt-5.4-mini reconstruction approved by gpt-5.4-mini
0x0010328C,0x1C,src/reagent/yellow_clusters/cluster_c1fd0320508a.cpp,_ZN4__rw23__rw_numpunct_impl_dataIcED2Ev,arm-none-eabi-g++ 16.2.0,SOURCE_WRITTEN,COMPILES,SEMANTIC_VERIFIED,ASM_DIFFERENT,NOT_RUNTIME_TESTED,,,static.crs,reagent,RETAIL_ORIGINAL_SYMBOL,Phase 4E cluster c1fd0320508a; gpt-5.4-mini reconstruction approved by gpt-5.4-mini
0x001601E4,0x18,src/reagent/yellow_clusters/cluster_e9bf4bd63ef8.cpp,_ZN14PokeRegulationC1EPN4gfl24heap11CtrHeapBaseE,arm-none-eabi-g++ 16.2.0,SOURCE_WRITTEN,COMPILES,SEMANTIC_VERIFIED,ASM_DIFFERENT,NOT_RUNTIME_TESTED,,,static.crs,reagent,RETAIL_ORIGINAL_SYMBOL,Phase 4E cluster e9bf4bd63ef8; gpt-5.4-mini reconstruction approved by gpt-5.4-mini
0x0038D50C,0x20,src/reagent/yellow_clusters/cluster_244e6120a78e.cpp,_ZN5Field16FieldItemManager26UnregistDropItemModelActorEj,arm-none-eabi-g++ 16.2.0,SOURCE_WRITTEN,COMPILES,SEMANTIC_VERIFIED,ASM_DIFFERENT,NOT_RUNTIME_TESTED,,,static.crs,reagent,RETAIL_ORIGINAL_SYMBOL,Phase 4E cluster 244e6120a78e; gpt-5.4-mini reconstruction approved by gpt-5.4-mini
0x003C43E4,0x14,src/reagent/yellow_clusters/cluster_6778fa5f8fc9.cpp,_ZN6AppLib4Tool15PokeCapAccesserC1EPN3app4util4HeapEPN4gfl22fs16AsyncFileManagerE,arm-none-eabi-g++ 16.2.0,SOURCE_WRITTEN,COMPILES,SEMANTIC_VERIFIED,ASM_DIFFERENT,NOT_RUNTIME_TESTED,,,static.crs,reagent,RETAIL_ORIGINAL_SYMBOL,Phase 4E cluster 6778fa5f8fc9; gpt-5.4-mini reconstruction approved by gpt-5.4-mini
0x0045DDB0,0x24,src/reagent/yellow_clusters/cluster_b2d73764448c.cpp,_ZN9NetAppLib4Util24NetAppTrainerIconUtility6UpdateEv,arm-none-eabi-g++ 16.2.0,SOURCE_WRITTEN,COMPILES,SEMANTIC_VERIFIED,ASM_DIFFERENT,NOT_RUNTIME_TESTED,,,static.crs,reagent,RETAIL_ORIGINAL_SYMBOL,Phase 4E cluster b2d73764448c; gpt-5.4-mini reconstruction approved by gpt-5.4-mini
0x00163B48,0x24,src/reagent/yellow_clusters/cluster_1794e7d30a3b.cpp,_ZN2mw3qre9QREncoderC1Ev,arm-none-eabi-g++ 16.2.0,SOURCE_WRITTEN,COMPILES,SEMANTIC_VERIFIED,ASM_DIFFERENT,NOT_RUNTIME_TESTED,,,static.crs,reagent,RETAIL_ORIGINAL_SYMBOL,Phase 4E cluster 1794e7d30a3b; gpt-5.4-mini reconstruction approved by gpt-5.4-mini
0x003983F0,0x20,src/reagent/yellow_clusters/cluster_0c52584f805e.cpp,_ZN5Field7Encount7PokeSet14SetEncountDataERKNS0_12ENCOUNT_DATAE,arm-none-eabi-g++ 16.2.0,SOURCE_WRITTEN,COMPILES,SEMANTIC_VERIFIED,ASM_DIFFERENT,NOT_RUNTIME_TESTED,,,static.crs,reagent,RETAIL_ORIGINAL_SYMBOL,Phase 4E cluster 0c52584f805e; gpt-5.4-mini reconstruction approved by gpt-5.4-mini
0x0045D368,0x28,src/reagent/yellow_clusters/cluster_813cc7b83030.cpp,_ZN9NetAppLib4Util23NetAppCommonSaveUtilityC1Ev,arm-none-eabi-g++ 16.2.0,SOURCE_WRITTEN,COMPILES,SEMANTIC_VERIFIED,ASM_DIFFERENT,NOT_RUNTIME_TESTED,,,static.crs,reagent,RETAIL_ORIGINAL_SYMBOL,Phase 4E cluster 813cc7b83030; gpt-5.4-mini reconstruction approved by gpt-5.4-mini
0x00346EC8,0x28,src/reagent/yellow_clusters/cluster_b8cd0702612e.cpp,_ZN4gfl22ui6Device21SetDefaultRepeatParamEv,arm-none-eabi-g++ 16.2.0,SOURCE_WRITTEN,COMPILES,SEMANTIC_VERIFIED,ASM_DIFFERENT,NOT_RUNTIME_TESTED,,,static.crs,reagent,RETAIL_ORIGINAL_SYMBOL,Phase 4E cluster b8cd0702612e; gpt-5.4-mini reconstruction approved by gpt-5.4-mini
0x0040F9B4,0x24,src/reagent/yellow_clusters/cluster_889b66077908.cpp,_ZN7poke_3d5model12PokemonModel15SetAmbientColorERKN4gfl24math7Vector4E,arm-none-eabi-g++ 16.2.0,SOURCE_WRITTEN,COMPILES,SEMANTIC_VERIFIED,ASM_DIFFERENT,NOT_RUNTIME_TESTED,,,static.crs,reagent,RETAIL_ORIGINAL_SYMBOL,Phase 4E cluster 889b66077908; gpt-5.4-mini reconstruction approved by gpt-5.4-mini
0x0045B6B0,0x2C,src/reagent/yellow_clusters/cluster_75e3bf6cb13a.cpp,_ZN9NetAppLib4Util14NetAppDateTimeaSERKS1_,arm-none-eabi-g++ 16.2.0,SOURCE_WRITTEN,COMPILES,SEMANTIC_VERIFIED,ASM_DIFFERENT,NOT_RUNTIME_TESTED,,,static.crs,reagent,RETAIL_ORIGINAL_SYMBOL,Phase 4E cluster 75e3bf6cb13a; gpt-5.4-mini reconstruction approved by gpt-5.4-mini
0x002E47A0,0x2C,src/reagent/yellow_clusters/cluster_f34c1669bbe1.cpp,_ZN3App8PokeList19PokeListSimpleFrameC1Ev,arm-none-eabi-g++ 16.2.0,SOURCE_WRITTEN,COMPILES,SEMANTIC_VERIFIED,ASM_DIFFERENT,NOT_RUNTIME_TESTED,,,static.crs,reagent,RETAIL_ORIGINAL_SYMBOL,Phase 4E cluster f34c1669bbe1; gpt-5.4-mini reconstruction approved by gpt-5.4-mini
0x002F6830,0x2C,src/reagent/yellow_clusters/cluster_b4ed4d0c9944.cpp,_ZN3app4tool18AppToolBaseGrpFontC1Ev,arm-none-eabi-g++ 16.2.0,SOURCE_WRITTEN,COMPILES,SEMANTIC_VERIFIED,ASM_DIFFERENT,NOT_RUNTIME_TESTED,,,static.crs,reagent,RETAIL_ORIGINAL_SYMBOL,Phase 4E cluster b4ed4d0c9944; gpt-5.4-mini reconstruction approved by gpt-5.4-mini
0x003980A8,0x10,src/reagent/yellow_clusters/cluster_b2628df2be93.cpp,_ZN5Field7Encount18EventSymbolEncount8SetParamEPNS0_7PokeSetEjjj,arm-none-eabi-g++ 16.2.0,SOURCE_WRITTEN,COMPILES,SEMANTIC_VERIFIED,ASM_DIFFERENT,NOT_RUNTIME_TESTED,,,static.crs,reagent,RETAIL_ORIGINAL_SYMBOL,Phase 4E cluster b2628df2be93; gpt-5.4-mini reconstruction approved by gpt-5.4-mini
0x002F04C4,0x30,src/reagent/yellow_clusters/cluster_3a82f4310fc6.cpp,_ZN3app4tool14ResourceLoaderC1Ev,arm-none-eabi-g++ 16.2.0,SOURCE_WRITTEN,COMPILES,SEMANTIC_VERIFIED,ASM_DIFFERENT,NOT_RUNTIME_TESTED,,,static.crs,reagent,RETAIL_ORIGINAL_SYMBOL,Phase 4E cluster 3a82f4310fc6; gpt-5.4-mini reconstruction approved by gpt-5.4-mini
0x0030F44C,0x30,src/reagent/yellow_clusters/cluster_cc2ff0dd2724.cpp,_ZN3app4util4HeapC1Ev,arm-none-eabi-g++ 16.2.0,SOURCE_WRITTEN,COMPILES,SEMANTIC_VERIFIED,ASM_DIFFERENT,NOT_RUNTIME_TESTED,,,static.crs,reagent,RETAIL_ORIGINAL_SYMBOL,Phase 4E cluster cc2ff0dd2724; gpt-5.4-mini reconstruction approved by gpt-5.4-mini
0x00498F08,0x38,src/reagent/yellow_clusters/cluster_8da9f1887633.cpp,_ZNK4gfl22ui6Button7GetHoldENS1_12InputStateIDE,arm-none-eabi-g++ 16.2.0,SOURCE_WRITTEN,COMPILES,SEMANTIC_VERIFIED,ASM_DIFFERENT,NOT_RUNTIME_TESTED,,,static.crs,reagent,RETAIL_ORIGINAL_SYMBOL,Phase 4E cluster 8da9f1887633; gpt-5.4-mini reconstruction approved by gpt-5.4-mini
0x00458F40,0x30,src/reagent/yellow_clusters/cluster_a2522799206d.cpp,_ZN9NetAppLib2UI15NetAppQRTextureC1EPNS_6System19ApplicationWorkBaseE,arm-none-eabi-g++ 16.2.0,SOURCE_WRITTEN,COMPILES,SEMANTIC_VERIFIED,ASM_DIFFERENT,NOT_RUNTIME_TESTED,,,static.crs,reagent,RETAIL_ORIGINAL_SYMBOL,Phase 4E cluster a2522799206d; gpt-5.4-mini reconstruction approved by gpt-5.4-mini
0x003E5B88,0x3C,src/reagent/yellow_clusters/cluster_beeda6d1dbcb.cpp,_ZN6System17DeviceTurnWatcherC1EPN4gfl24heap11CtrHeapBaseEPNS1_2ui13DeviceManagerE,arm-none-eabi-g++ 16.2.0,SOURCE_WRITTEN,COMPILES,SEMANTIC_VERIFIED,ASM_DIFFERENT,NOT_RUNTIME_TESTED,,,static.crs,reagent,RETAIL_ORIGINAL_SYMBOL,Phase 4E cluster beeda6d1dbcb; gpt-5.4-mini reconstruction approved by gpt-5.4-mini
0x003998F4,0x3C,src/reagent/yellow_clusters/cluster_0a105fcbb980.cpp,_ZN5Field8LocationC1Ev,arm-none-eabi-g++ 16.2.0,SOURCE_WRITTEN,COMPILES,SEMANTIC_VERIFIED,ASM_DIFFERENT,NOT_RUNTIME_TESTED,,,static.crs,reagent,RETAIL_ORIGINAL_SYMBOL,Phase 4E cluster 0a105fcbb980; gpt-5.4-mini reconstruction approved by gpt-5.4-mini
0x00437A8C,0x40,src/reagent/yellow_clusters/cluster_489dd116552e.cpp,_ZN8Savedata10ConfigSave12SetKanjiModeEb,arm-none-eabi-g++ 16.2.0,SOURCE_WRITTEN,COMPILES,SEMANTIC_VERIFIED,ASM_DIFFERENT,NOT_RUNTIME_TESTED,,,static.crs,reagent,RETAIL_ORIGINAL_SYMBOL,Phase 4E cluster 489dd116552e; gpt-5.4-mini reconstruction approved by gpt-5.4-mini
0x002E9130,0x40,src/reagent/yellow_clusters/cluster_c6d4724c8747.cpp,_ZN3app4tool10LytTexData18AllocTextureBufferEv,arm-none-eabi-g++ 16.2.0,SOURCE_WRITTEN,COMPILES,SEMANTIC_VERIFIED,ASM_DIFFERENT,NOT_RUNTIME_TESTED,,,static.crs,reagent,RETAIL_ORIGINAL_SYMBOL,Phase 4E cluster c6d4724c8747; gpt-5.4-mini reconstruction approved by gpt-5.4-mini
0x00305698,0x44,src/reagent/yellow_clusters/cluster_8df85727812c.cpp,_ZN3app4tool9ScrollBar11SetMarkSizeEf,arm-none-eabi-g++ 16.2.0,SOURCE_WRITTEN,COMPILES,SEMANTIC_VERIFIED,ASM_DIFFERENT,NOT_RUNTIME_TESTED,,,static.crs,reagent,RETAIL_ORIGINAL_SYMBOL,Phase 4E cluster 8df85727812c; gpt-5.4-mini reconstruction approved by gpt-5.4-mini
0x0040F3D8,0x30,src/reagent/yellow_clusters/cluster_18302fb61391.cpp,_ZN7poke_3d5model12DressUpModelC1Ev,arm-none-eabi-g++ 16.2.0,SOURCE_WRITTEN,COMPILES,SEMANTIC_VERIFIED,ASM_DIFFERENT,NOT_RUNTIME_TESTED,,,static.crs,reagent,RETAIL_ORIGINAL_SYMBOL,Phase 4E cluster 18302fb61391; gpt-5.4-mini reconstruction approved by gpt-5.4-mini
0x003FC4D4,0x2C,src/reagent/yellow_clusters/cluster_68c34f53eadf.cpp,_ZN7gflnet23nex18NexMatchMakingRuleC1EjjjjNS1_10VALUE_TYPEE,arm-none-eabi-g++ 16.2.0,SOURCE_WRITTEN,COMPILES,SEMANTIC_VERIFIED,ASM_DIFFERENT,NOT_RUNTIME_TESTED,,,static.crs,reagent,RETAIL_ORIGINAL_SYMBOL,Phase 4E cluster 68c34f53eadf; gpt-5.4-mini reconstruction approved by gpt-5.4-mini
0x0044C3E0,0x68,src/reagent/yellow_clusters/cluster_f2a311a32a12.cpp,_ZN9NetAppLib11JoinFestaUI26JoinFestaPlayerListManagerC1EPN4gfl24heap11CtrHeapBaseE,arm-none-eabi-g++ 16.2.0,SOURCE_WRITTEN,COMPILES,SEMANTIC_VERIFIED,ASM_DIFFERENT,NOT_RUNTIME_TESTED,,,static.crs,reagent,RETAIL_ORIGINAL_SYMBOL,Phase 4E cluster f2a311a32a12; gpt-5.4-mini reconstruction approved by gpt-5.4-mini
0x0045C058,0x68,src/reagent/yellow_clusters/cluster_a18e76949db3.cpp,_ZN9NetAppLib4Util14NetAppEffectBGC1Ev,arm-none-eabi-g++ 16.2.0,SOURCE_WRITTEN,COMPILES,SEMANTIC_VERIFIED,ASM_DIFFERENT,NOT_RUNTIME_TESTED,,,static.crs,reagent,RETAIL_ORIGINAL_SYMBOL,Phase 4E cluster a18e76949db3; gpt-5.4-mini reconstruction approved by gpt-5.4-mini
0x00485D48,0x60,src/reagent/yellow_clusters/cluster_896bd4b4a54e.cpp,_ZNK2nw3lyt6TexMap14GetTextureInfoEPNS0_11TextureInfoE,arm-none-eabi-g++ 16.2.0,SOURCE_WRITTEN,COMPILES,SEMANTIC_VERIFIED,ASM_DIFFERENT,NOT_RUNTIME_TESTED,,,static.crs,reagent,RETAIL_ORIGINAL_SYMBOL,Phase 4E cluster 896bd4b4a54e; gpt-5.4-mini reconstruction approved by gpt-5.4-mini
0x004375F0,0x70,src/reagent/yellow_clusters/cluster_baf50c1ce2c3.cpp,_ZN8Savedata10BoxPokemon18UpdatePokemonConstEPKN3pml8pokepara9CoreParamEjj,arm-none-eabi-g++ 16.2.0,SOURCE_WRITTEN,COMPILES,SEMANTIC_VERIFIED,ASM_DIFFERENT,NOT_RUNTIME_TESTED,,,static.crs,reagent,RETAIL_ORIGINAL_SYMBOL,Phase 4E cluster baf50c1ce2c3; gpt-5.4-mini reconstruction approved by gpt-5.4-mini
0x00310E58,0x08,src/reagent/yellow_clusters/cluster_6ac7760faf73.cpp,_ZN3app4util7G2DUtil20SetMessageFinishModeEN4gfl23str6StrWin10FinishTypeEh,arm-none-eabi-g++ 16.2.0,SOURCE_WRITTEN,COMPILES,SEMANTIC_VERIFIED,ASM_DIFFERENT,NOT_RUNTIME_TESTED,,,static.crs,reagent,RETAIL_ORIGINAL_SYMBOL,Phase 4E cluster 6ac7760faf73; gpt-5.4-mini reconstruction approved by gpt-5.4-mini
0x0048EF28,0x2C,src/reagent/yellow_clusters/cluster_6ac7760faf73.cpp,_ZNK3app4util7G2DUtil15IsPaneTouchHoldEjPN2nw3lyt4PaneE,arm-none-eabi-g++ 16.2.0,SOURCE_WRITTEN,COMPILES,SEMANTIC_VERIFIED,ASM_DIFFERENT,NOT_RUNTIME_TESTED,,,static.crs,reagent,RETAIL_ORIGINAL_SYMBOL,Phase 4E cluster 6ac7760faf73; gpt-5.4-mini reconstruction approved by gpt-5.4-mini
0x003102A4,0x18,src/reagent/yellow_clusters/cluster_6ac7760faf73.cpp,_ZN3app4util7G2DUtil15SetRegisterWordEjRKN4gfl23str6StrBufEN5print7WordSet7GrammerENS8_4FormE,arm-none-eabi-g++ 16.2.0,SOURCE_WRITTEN,COMPILES,SEMANTIC_VERIFIED,ASM_DIFFERENT,NOT_RUNTIME_TESTED,,,static.crs,reagent,RETAIL_ORIGINAL_SYMBOL,Phase 4E cluster 6ac7760faf73; gpt-5.4-mini reconstruction approved by gpt-5.4-mini
0x00310988,0x24,src/reagent/yellow_clusters/cluster_6ac7760faf73.cpp,_ZN3app4util7G2DUtil17SetRegisterNumberEjjjN5print14NumberDispTypeENS2_14NumberCodeTypeE,arm-none-eabi-g++ 16.2.0,SOURCE_WRITTEN,COMPILES,SEMANTIC_VERIFIED,ASM_DIFFERENT,NOT_RUNTIME_TESTED,,,static.crs,reagent,RETAIL_ORIGINAL_SYMBOL,Phase 4E cluster 6ac7760faf73; gpt-5.4-mini reconstruction approved by gpt-5.4-mini
0x0030F778,0x3C,src/reagent/yellow_clusters/cluster_6ac7760faf73.cpp,_ZN3app4util7G2DUtil12GetPaneAlphaEjj,arm-none-eabi-g++ 16.2.0,SOURCE_WRITTEN,COMPILES,SEMANTIC_VERIFIED,ASM_DIFFERENT,NOT_RUNTIME_TESTED,,,static.crs,reagent,RETAIL_ORIGINAL_SYMBOL,Phase 4E cluster 6ac7760faf73; gpt-5.4-mini reconstruction approved by gpt-5.4-mini
0x00104A40,0x0C,src/reagent/yellow_clusters/cluster_4a38cb27d4e7.cpp,_ZNK7GameSys11GameManager18GetUiDeviceManagerEv,arm-none-eabi-g++ 16.2.0,SOURCE_WRITTEN,COMPILES,SEMANTIC_VERIFIED,ASM_DIFFERENT,NOT_RUNTIME_TESTED,,,static.crs,reagent,RETAIL_ORIGINAL_SYMBOL,Phase 4E cluster 4a38cb27d4e7; gpt-5.4-mini reconstruction approved by gpt-5.4-mini
0x004A3220,0x0C,src/reagent/yellow_clusters/cluster_4a38cb27d4e7.cpp,_ZNK7GameSys11GameManager19GetAsyncFileManagerEv,arm-none-eabi-g++ 16.2.0,SOURCE_WRITTEN,COMPILES,SEMANTIC_VERIFIED,ASM_DIFFERENT,NOT_RUNTIME_TESTED,,,static.crs,reagent,RETAIL_ORIGINAL_SYMBOL,Phase 4E cluster 4a38cb27d4e7; gpt-5.4-mini reconstruction approved by gpt-5.4-mini
0x004A3230,0x0C,src/reagent/yellow_clusters/cluster_4a38cb27d4e7.cpp,_ZNK7GameSys11GameManager20GetNijiExtSaveSystemEv,arm-none-eabi-g++ 16.2.0,SOURCE_WRITTEN,COMPILES,SEMANTIC_VERIFIED,ASM_DIFFERENT,NOT_RUNTIME_TESTED,,,static.crs,reagent,RETAIL_ORIGINAL_SYMBOL,Phase 4E cluster 4a38cb27d4e7; gpt-5.4-mini reconstruction approved by gpt-5.4-mini
0x00401CD8,0x0C,src/reagent/yellow_clusters/cluster_49ed0b543f1c.cpp,_ZN7gflnet23p2p11NetGameBase23RegistMigrationListenerEPNS0_24NetGameMigrationListenerE,arm-none-eabi-g++ 16.2.0,SOURCE_WRITTEN,COMPILES,SEMANTIC_VERIFIED,ASM_DIFFERENT,NOT_RUNTIME_TESTED,,,static.crs,reagent,RETAIL_ORIGINAL_SYMBOL,Phase 4E cluster 49ed0b543f1c; gpt-5.4-mini reconstruction approved by gpt-5.4-mini
0x004020D4,0x10,src/reagent/yellow_clusters/cluster_49ed0b543f1c.cpp,_ZN7gflnet23p2p11NetGameBase25UnregistMigrationListenerEv,arm-none-eabi-g++ 16.2.0,SOURCE_WRITTEN,COMPILES,SEMANTIC_VERIFIED,ASM_DIFFERENT,NOT_RUNTIME_TESTED,,,static.crs,reagent,RETAIL_ORIGINAL_SYMBOL,Phase 4E cluster 49ed0b543f1c; gpt-5.4-mini reconstruction approved by gpt-5.4-mini
0x00401260,0x1C,src/reagent/yellow_clusters/cluster_49ed0b543f1c.cpp,_ZN7gflnet23p2p11NetGameBase12SetDummySendEv,arm-none-eabi-g++ 16.2.0,SOURCE_WRITTEN,COMPILES,SEMANTIC_VERIFIED,ASM_DIFFERENT,NOT_RUNTIME_TESTED,,,static.crs,reagent,RETAIL_ORIGINAL_SYMBOL,Phase 4E cluster 49ed0b543f1c; gpt-5.4-mini reconstruction approved by gpt-5.4-mini
0x0039994C,0x1C,src/reagent/yellow_clusters/cluster_bdc4caf8ba8b.cpp,_ZN5Field9Attribute13IsRoba2GroundEj,arm-none-eabi-g++ 16.2.0,SOURCE_WRITTEN,COMPILES,SEMANTIC_VERIFIED,ASM_DIFFERENT,NOT_RUNTIME_TESTED,,,static.crs,reagent,RETAIL_ORIGINAL_SYMBOL,Phase 4E cluster bdc4caf8ba8b; gpt-5.4-mini reconstruction approved by gpt-5.4-mini
0x00399AD4,0x20,src/reagent/yellow_clusters/cluster_bdc4caf8ba8b.cpp,_ZN5Field9Attribute7IsWaterEj,arm-none-eabi-g++ 16.2.0,SOURCE_WRITTEN,COMPILES,SEMANTIC_VERIFIED,ASM_DIFFERENT,NOT_RUNTIME_TESTED,,,static.crs,reagent,RETAIL_ORIGINAL_SYMBOL,Phase 4E cluster bdc4caf8ba8b; gpt-5.4-mini reconstruction approved by gpt-5.4-mini
0x00350C84,0x08,src/reagent/yellow_clusters/cluster_b54ff7fb452c.cpp,_ZN4gfl23lyt5LytWk13SetAnimeFrameEjf,arm-none-eabi-g++ 16.2.0,SOURCE_WRITTEN,COMPILES,SEMANTIC_VERIFIED,ASM_DIFFERENT,NOT_RUNTIME_TESTED,,,static.crs,reagent,RETAIL_ORIGINAL_SYMBOL,Phase 4E cluster b54ff7fb452c; gpt-5.4-mini reconstruction approved by gpt-5.4-mini
0x004996F0,0x08,src/reagent/yellow_clusters/cluster_b54ff7fb452c.cpp,_ZNK4gfl23lyt5LytWk7GetPaneEj,arm-none-eabi-g++ 16.2.0,SOURCE_WRITTEN,COMPILES,SEMANTIC_VERIFIED,ASM_DIFFERENT,NOT_RUNTIME_TESTED,,,static.crs,reagent,RETAIL_ORIGINAL_SYMBOL,Phase 4E cluster b54ff7fb452c; gpt-5.4-mini reconstruction approved by gpt-5.4-mini
0x003CD0D4,0x10,src/reagent/yellow_clusters/cluster_3c977ec92f47.cpp,_ZN6NetApp2QR14GetQRScanCountEv,arm-none-eabi-g++ 16.2.0,SOURCE_WRITTEN,COMPILES,SEMANTIC_VERIFIED,ASM_DIFFERENT,NOT_RUNTIME_TESTED,,,static.crs,reagent,RETAIL_ORIGINAL_SYMBOL,Phase 4E cluster 3c977ec92f47; gpt-5.4-mini reconstruction approved by gpt-5.4-mini
0x003F3DEC,0x0C,src/reagent/yellow_clusters/cluster_2ab131f98967.cpp,_ZN7GameSys9AlolaTime10InitializeEv,arm-none-eabi-g++ 16.2.0,SOURCE_WRITTEN,COMPILES,SEMANTIC_VERIFIED,ASM_DIFFERENT,NOT_RUNTIME_TESTED,,,static.crs,reagent,RETAIL_ORIGINAL_SYMBOL,Phase 4E cluster 2ab131f98967; gpt-5.4-mini reconstruction approved by gpt-5.4-mini
0x003F427C,0x10,src/reagent/yellow_clusters/cluster_2ab131f98967.cpp,_ZN7GameSys9AlolaTime22ClearAlolaOnlyFakeTimeEv,arm-none-eabi-g++ 16.2.0,SOURCE_WRITTEN,COMPILES,SEMANTIC_VERIFIED,ASM_DIFFERENT,NOT_RUNTIME_TESTED,,,static.crs,reagent,RETAIL_ORIGINAL_SYMBOL,Phase 4E cluster 2ab131f98967; gpt-5.4-mini reconstruction approved by gpt-5.4-mini
0x003ED8D8,0x10,src/reagent/yellow_clusters/cluster_a024399b6e30.cpp,_ZN6System7GetLangEv,arm-none-eabi-g++ 16.2.0,SOURCE_WRITTEN,COMPILES,SEMANTIC_VERIFIED,ASM_DIFFERENT,NOT_RUNTIME_TESTED,,,static.crs,reagent,RETAIL_ORIGINAL_SYMBOL,Phase 4E cluster a024399b6e30; gpt-5.4-mini reconstruction approved by gpt-5.4-mini
0x003E5BE8,0x0C,src/reagent/yellow_clusters/cluster_a024399b6e30.cpp,_ZN6System17SetupLangResourceEPN4gfl24heap11CtrHeapBaseE,arm-none-eabi-g++ 16.2.0,SOURCE_WRITTEN,COMPILES,SEMANTIC_VERIFIED,ASM_DIFFERENT,NOT_RUNTIME_TESTED,,,static.crs,reagent,RETAIL_ORIGINAL_SYMBOL,Phase 4E cluster a024399b6e30; gpt-5.4-mini reconstruction approved by gpt-5.4-mini
0x00103368,0x1C,src/reagent/yellow_clusters/cluster_3a3c3f3d895b.cpp,_ZNKSt14codecvt_bynameIwcSt11__mbstate_tE11do_encodingEv,arm-none-eabi-g++ 16.2.0,SOURCE_WRITTEN,COMPILES,SEMANTIC_VERIFIED,ASM_DIFFERENT,NOT_RUNTIME_TESTED,,,static.crs,reagent,RETAIL_ORIGINAL_SYMBOL,Phase 4E cluster 3a3c3f3d895b; gpt-5.4-mini reconstruction approved by gpt-5.4-mini
0x00103384,0x08,src/reagent/yellow_clusters/cluster_3a3c3f3d895b.cpp,_ZNKSt14codecvt_bynameIwcSt11__mbstate_tE13do_max_lengthEv,arm-none-eabi-g++ 16.2.0,SOURCE_WRITTEN,COMPILES,SEMANTIC_VERIFIED,ASM_DIFFERENT,NOT_RUNTIME_TESTED,,,static.crs,reagent,RETAIL_ORIGINAL_SYMBOL,Phase 4E cluster 3a3c3f3d895b; gpt-5.4-mini reconstruction approved by gpt-5.4-mini
0x0049D7B0,0x34,src/reagent/yellow_clusters/cluster_285e702d6482.cpp,_ZNK5Field16ZoneDataAccessor15GetWeatherTableEv,arm-none-eabi-g++ 16.2.0,SOURCE_WRITTEN,COMPILES,SEMANTIC_VERIFIED,ASM_DIFFERENT,NOT_RUNTIME_TESTED,,,static.crs,reagent,RETAIL_ORIGINAL_SYMBOL,Phase 4E cluster 285e702d6482; gpt-5.4-mini reconstruction approved by gpt-5.4-mini
0x0049DAB8,0x38,src/reagent/yellow_clusters/cluster_285e702d6482.cpp,_ZNK5Field16ZoneDataAccessor19IsPokeRideRunEnableEv,arm-none-eabi-g++ 16.2.0,SOURCE_WRITTEN,COMPILES,SEMANTIC_VERIFIED,ASM_DIFFERENT,NOT_RUNTIME_TESTED,,,static.crs,reagent,RETAIL_ORIGINAL_SYMBOL,Phase 4E cluster 285e702d6482; gpt-5.4-mini reconstruction approved by gpt-5.4-mini
0x0049DC04,0x34,src/reagent/yellow_clusters/cluster_285e702d6482.cpp,_ZNK5Field16ZoneDataAccessor26GetSubscreenBasisPositionXEv,arm-none-eabi-g++ 16.2.0,SOURCE_WRITTEN,COMPILES,SEMANTIC_VERIFIED,ASM_DIFFERENT,NOT_RUNTIME_TESTED,,,static.crs,reagent,RETAIL_ORIGINAL_SYMBOL,Phase 4E cluster 285e702d6482; gpt-5.4-mini reconstruction approved by gpt-5.4-mini
0x004A54C0,0x10,src/reagent/yellow_clusters/cluster_d0004be390a3.cpp,_ZNK7poke_3d5model9BaseModel11GetRotationEv,arm-none-eabi-g++ 16.2.0,SOURCE_WRITTEN,COMPILES,SEMANTIC_VERIFIED,ASM_DIFFERENT,NOT_RUNTIME_TESTED,,,static.crs,reagent,RETAIL_ORIGINAL_SYMBOL,Phase 4E cluster d0004be390a3; gpt-5.4-mini reconstruction approved by gpt-5.4-mini
0x00418390,0x14,src/reagent/yellow_clusters/cluster_d0004be390a3.cpp,_ZN7poke_3d5model9BaseModel6CreateEPN4gfl23gfx12IGLAllocatorEPNS2_4heap11CtrHeapBaseEPNS2_15renderingengine10scenegraph8instance17ModelInstanceNodeEPNSA_8resource12ResourceNodeE,arm-none-eabi-g++ 16.2.0,SOURCE_WRITTEN,COMPILES,SEMANTIC_VERIFIED,ASM_DIFFERENT,NOT_RUNTIME_TESTED,,,static.crs,reagent,RETAIL_ORIGINAL_SYMBOL,Phase 4E cluster d0004be390a3; gpt-5.4-mini reconstruction approved by gpt-5.4-mini
0x0048DA4C,0x24,src/reagent/yellow_clusters/cluster_37c7046ecab7.cpp,_ZNK3app4tool13ButtonManager20GetButtonPosByGfVec3Ej,arm-none-eabi-g++ 16.2.0,SOURCE_WRITTEN,COMPILES,SEMANTIC_VERIFIED,ASM_DIFFERENT,NOT_RUNTIME_TESTED,,,static.crs,reagent,RETAIL_ORIGINAL_SYMBOL,Phase 4E cluster 37c7046ecab7; gpt-5.4-mini reconstruction approved by gpt-5.4-mini
0x002EC3AC,0x10,src/reagent/yellow_clusters/cluster_37c7046ecab7.cpp,_ZN3app4tool13ButtonManager16StartSelectedActEj,arm-none-eabi-g++ 16.2.0,SOURCE_WRITTEN,COMPILES,SEMANTIC_VERIFIED,ASM_DIFFERENT,NOT_RUNTIME_TESTED,,,static.crs,reagent,RETAIL_ORIGINAL_SYMBOL,Phase 4E cluster 37c7046ecab7; gpt-5.4-mini reconstruction approved by gpt-5.4-mini
0x004717D0,0x0C,src/reagent/yellow_clusters/cluster_a4bec754fd86.cpp,_ZN9NetAppLib9JoinFesta26JoinFestaAttractionManager27SetKentarosuRideRockBreakerEv,arm-none-eabi-g++ 16.2.0,SOURCE_WRITTEN,COMPILES,SEMANTIC_VERIFIED,ASM_DIFFERENT,NOT_RUNTIME_TESTED,,,static.crs,reagent,RETAIL_ORIGINAL_SYMBOL,Phase 4E cluster a4bec754fd86; gpt-5.4-mini reconstruction approved by gpt-5.4-mini
0x00470830,0x24,src/reagent/yellow_clusters/cluster_a4bec754fd86.cpp,_ZN9NetAppLib9JoinFesta26JoinFestaAttractionManager11OpenRequestEN15JoinFestaScript12AttractionIdE,arm-none-eabi-g++ 16.2.0,SOURCE_WRITTEN,COMPILES,SEMANTIC_VERIFIED,ASM_DIFFERENT,NOT_RUNTIME_TESTED,,,static.crs,reagent,RETAIL_ORIGINAL_SYMBOL,Phase 4E cluster a4bec754fd86; gpt-5.4-mini reconstruction approved by gpt-5.4-mini
0x00444CB4,0x18,src/reagent/yellow_clusters/cluster_15990373bfbf.cpp,_ZN8Savedata9AddRecordENS_6Record9RECORD_IDEj,arm-none-eabi-g++ 16.2.0,SOURCE_WRITTEN,COMPILES,SEMANTIC_VERIFIED,ASM_DIFFERENT,NOT_RUNTIME_TESTED,,,static.crs,reagent,RETAIL_ORIGINAL_SYMBOL,Phase 4E cluster 15990373bfbf; gpt-5.4-mini reconstruction approved by gpt-5.4-mini
0x00445928,0x14,src/reagent/yellow_clusters/cluster_15990373bfbf.cpp,_ZN8Savedata9IncRecordENS_6Record9RECORD_IDE,arm-none-eabi-g++ 16.2.0,SOURCE_WRITTEN,COMPILES,SEMANTIC_VERIFIED,ASM_DIFFERENT,NOT_RUNTIME_TESTED,,,static.crs,reagent,RETAIL_ORIGINAL_SYMBOL,Phase 4E cluster 15990373bfbf; gpt-5.4-mini reconstruction approved by gpt-5.4-mini
0x004A37F0,0x10,src/reagent/yellow_clusters/cluster_9b6eae586bd9.cpp,_ZNK7poke_3d5model10BaseCamera11GetRotationEv,arm-none-eabi-g++ 16.2.0,SOURCE_WRITTEN,COMPILES,SEMANTIC_VERIFIED,ASM_DIFFERENT,NOT_RUNTIME_TESTED,,,static.crs,reagent,RETAIL_ORIGINAL_SYMBOL,Phase 4E cluster 9b6eae586bd9; gpt-5.4-mini reconstruction approved by gpt-5.4-mini
0x004A3F1C,0x1C,src/reagent/yellow_clusters/cluster_9b6eae586bd9.cpp,_ZNK7poke_3d5model10BaseCamera17GetTargetPositionEv,arm-none-eabi-g++ 16.2.0,SOURCE_WRITTEN,COMPILES,SEMANTIC_VERIFIED,ASM_DIFFERENT,NOT_RUNTIME_TESTED,,,static.crs,reagent,RETAIL_ORIGINAL_SYMBOL,Phase 4E cluster 9b6eae586bd9; gpt-5.4-mini reconstruction approved by gpt-5.4-mini
0x002D82EC,0x0C,src/reagent/yellow_clusters/cluster_0bc3a10e9739.cpp,_ZN3App6Resort17ResortDataManager17GetStaticInstanceEv,arm-none-eabi-g++ 16.2.0,SOURCE_WRITTEN,COMPILES,SEMANTIC_VERIFIED,ASM_DIFFERENT,NOT_RUNTIME_TESTED,,,static.crs,reagent,RETAIL_ORIGINAL_SYMBOL,Phase 4E cluster 0bc3a10e9739; gpt-5.4-mini reconstruction approved by gpt-5.4-mini
0x002D8350,0x34,src/reagent/yellow_clusters/cluster_0bc3a10e9739.cpp,_ZN3App6Resort17ResortDataManager19UnsetStaticInstanceEv,arm-none-eabi-g++ 16.2.0,SOURCE_WRITTEN,COMPILES,SEMANTIC_VERIFIED,ASM_DIFFERENT,NOT_RUNTIME_TESTED,,,static.crs,reagent,RETAIL_ORIGINAL_SYMBOL,Phase 4E cluster 0bc3a10e9739; gpt-5.4-mini reconstruction approved by gpt-5.4-mini
0x002E6F94,0x24,src/reagent/yellow_clusters/cluster_48b58a04c511.cpp,_ZN3app2ui11UIResponder32CallBackFuncOnButtonTouchTriggerEj,arm-none-eabi-g++ 16.2.0,SOURCE_WRITTEN,COMPILES,SEMANTIC_VERIFIED,ASM_DIFFERENT,NOT_RUNTIME_TESTED,,,static.crs,reagent,RETAIL_ORIGINAL_SYMBOL,Phase 4E cluster 48b58a04c511; gpt-5.4-mini reconstruction approved by gpt-5.4-mini
0x002E6FC0,0x24,src/reagent/yellow_clusters/cluster_48b58a04c511.cpp,_ZN3app2ui11UIResponder39CallbackFuncOnButtonSelectedBeforeAnimeEj,arm-none-eabi-g++ 16.2.0,SOURCE_WRITTEN,COMPILES,SEMANTIC_VERIFIED,ASM_DIFFERENT,NOT_RUNTIME_TESTED,,,static.crs,reagent,RETAIL_ORIGINAL_SYMBOL,Phase 4E cluster 48b58a04c511; gpt-5.4-mini reconstruction approved by gpt-5.4-mini
0x00313CDC,0x14,src/reagent/yellow_clusters/cluster_31e40f0fce8d.cpp,_ZN3pml4waza18ZenryokuWazaSystem17GetZenryokuWazaNoERKNS1_18ZenryokuWazaSourceE,arm-none-eabi-g++ 16.2.0,SOURCE_WRITTEN,COMPILES,SEMANTIC_VERIFIED,ASM_DIFFERENT,NOT_RUNTIME_TESTED,,,static.crs,reagent,RETAIL_ORIGINAL_SYMBOL,Phase 4E cluster 31e40f0fce8d; gpt-5.4-mini reconstruction approved by gpt-5.4-mini
0x00313CF0,0x14,src/reagent/yellow_clusters/cluster_31e40f0fce8d.cpp,_ZN3pml4waza18ZenryokuWazaSystem19GetZenryokuWazaKindERKNS1_18ZenryokuWazaSourceE,arm-none-eabi-g++ 16.2.0,SOURCE_WRITTEN,COMPILES,SEMANTIC_VERIFIED,ASM_DIFFERENT,NOT_RUNTIME_TESTED,,,static.crs,reagent,RETAIL_ORIGINAL_SYMBOL,Phase 4E cluster 31e40f0fce8d; gpt-5.4-mini reconstruction approved by gpt-5.4-mini
0x0038032C,0x20,src/reagent/yellow_clusters/cluster_93138cac3ba7.cpp,_ZN5Field11FieldScript17FieldScriptSystem16SetBgPartsUnLoadEj,arm-none-eabi-g++ 16.2.0,SOURCE_WRITTEN,COMPILES,SEMANTIC_VERIFIED,ASM_DIFFERENT,NOT_RUNTIME_TESTED,,,static.crs,reagent,RETAIL_ORIGINAL_SYMBOL,Phase 4E cluster 93138cac3ba7; gpt-5.4-mini reconstruction approved by gpt-5.4-mini
0x0049CEF0,0x30,src/reagent/yellow_clusters/cluster_93138cac3ba7.cpp,_ZNK5Field11FieldScript17FieldScriptSystem15GetScriptObjectEv,arm-none-eabi-g++ 16.2.0,SOURCE_WRITTEN,COMPILES,SEMANTIC_VERIFIED,ASM_DIFFERENT,NOT_RUNTIME_TESTED,,,static.crs,reagent,RETAIL_ORIGINAL_SYMBOL,Phase 4E cluster 93138cac3ba7; gpt-5.4-mini reconstruction approved by gpt-5.4-mini
0x0049A7AC,0x30,src/reagent/yellow_clusters/cluster_e12385da9efa.cpp,_ZNK4gfl23str6StrBuf6GetPtrEv,arm-none-eabi-g++ 16.2.0,SOURCE_WRITTEN,COMPILES,SEMANTIC_VERIFIED,ASM_DIFFERENT,NOT_RUNTIME_TESTED,,,static.crs,reagent,RETAIL_ORIGINAL_SYMBOL,Phase 4E cluster e12385da9efa; gpt-5.4-mini reconstruction approved by gpt-5.4-mini
0x0049A8E8,0x30,src/reagent/yellow_clusters/cluster_e12385da9efa.cpp,_ZNK4gfl23str6StrBuf9GetLengthEv,arm-none-eabi-g++ 16.2.0,SOURCE_WRITTEN,COMPILES,SEMANTIC_VERIFIED,ASM_DIFFERENT,NOT_RUNTIME_TESTED,,,static.crs,reagent,RETAIL_ORIGINAL_SYMBOL,Phase 4E cluster e12385da9efa; gpt-5.4-mini reconstruction approved by gpt-5.4-mini
0x00383DC8,0x20,src/reagent/yellow_clusters/cluster_193ebcc5e0de.cpp,_ZN5Field12EventMapJump14CallMapJumpPosEPN7GameSys11GameManagerEtRKN4gfl24math7Vector3ENS_16EventMapJumpCore16EventMapJumpTypeEb,arm-none-eabi-g++ 16.2.0,SOURCE_WRITTEN,COMPILES,SEMANTIC_VERIFIED,ASM_DIFFERENT,NOT_RUNTIME_TESTED,,,static.crs,reagent,RETAIL_ORIGINAL_SYMBOL,Phase 4E cluster 193ebcc5e0de; gpt-5.4-mini reconstruction approved by gpt-5.4-mini
0x00384314,0x24,src/reagent/yellow_clusters/cluster_193ebcc5e0de.cpp,_ZN5Field12EventMapJump25CallMapJumpOtherWorldTimeEPN7GameSys11GameManagerEtRKN4gfl24math7Vector3ENS1_9AlolaTime19AlolaOtherWorldTypeE,arm-none-eabi-g++ 16.2.0,SOURCE_WRITTEN,COMPILES,SEMANTIC_VERIFIED,ASM_DIFFERENT,NOT_RUNTIME_TESTED,,,static.crs,reagent,RETAIL_ORIGINAL_SYMBOL,Phase 4E cluster 193ebcc5e0de; gpt-5.4-mini reconstruction approved by gpt-5.4-mini
0x0035E910,0x18,src/reagent/yellow_clusters/cluster_4ff99467e8f6.cpp,_ZN4gfl26system4Date6GetNowEPS1_,arm-none-eabi-g++ 16.2.0,SOURCE_WRITTEN,COMPILES,SEMANTIC_VERIFIED,ASM_DIFFERENT,NOT_RUNTIME_TESTED,,,static.crs,reagent,RETAIL_ORIGINAL_SYMBOL,Phase 4E cluster 4ff99467e8f6; gpt-5.4-mini reconstruction approved by gpt-5.4-mini
0x00411868,0x2C,src/reagent/yellow_clusters/cluster_a5107757966f.cpp,_ZN7poke_3d5model17CharaModelFactory18CreateDressUpModelEPN4gfl23gfx12IGLAllocatorEPNS2_4heap11CtrHeapBaseEPNS0_12DressUpModelEPNS0_27DressUpModelResourceManagerEj,arm-none-eabi-g++ 16.2.0,SOURCE_WRITTEN,COMPILES,SEMANTIC_VERIFIED,ASM_DIFFERENT,NOT_RUNTIME_TESTED,,,static.crs,reagent,RETAIL_ORIGINAL_SYMBOL,Phase 4E cluster a5107757966f; gpt-5.4-mini reconstruction approved by gpt-5.4-mini
0x004A4E6C,0x5C,src/reagent/yellow_clusters/cluster_a5107757966f.cpp,_ZN7poke_3d5model17CharaModelFactory24IsDynamicAnimationLoadedEj,arm-none-eabi-g++ 16.2.0,SOURCE_WRITTEN,COMPILES,SEMANTIC_VERIFIED,ASM_DIFFERENT,NOT_RUNTIME_TESTED,,,static.crs,reagent,RETAIL_ORIGINAL_SYMBOL,Phase 4E cluster a5107757966f; gpt-5.4-mini reconstruction approved by gpt-5.4-mini
0x0042A940,0x30,src/reagent/yellow_clusters/cluster_1024071d8069.cpp,_ZN8PokeTool10GetDrawSexE6MonsNoN3pml3SexEbb,arm-none-eabi-g++ 16.2.0,SOURCE_WRITTEN,COMPILES,SEMANTIC_VERIFIED,ASM_DIFFERENT,NOT_RUNTIME_TESTED,,,static.crs,reagent,RETAIL_ORIGINAL_SYMBOL,Phase 4E cluster 1024071d8069; gpt-5.4-mini reconstruction approved by gpt-5.4-mini
0x0042DF84,0x08,src/reagent/yellow_clusters/cluster_8563fbeb0e54.cpp,_ZN8PokeTool14NatsukiManager12CalcWhenWalkEPN3pml8pokepara9CoreParamEt,arm-none-eabi-g++ 16.2.0,SOURCE_WRITTEN,COMPILES,SEMANTIC_VERIFIED,ASM_DIFFERENT,NOT_RUNTIME_TESTED,,,static.crs,reagent,RETAIL_ORIGINAL_SYMBOL,Phase 4E cluster 8563fbeb0e54; gpt-5.4-mini reconstruction approved by gpt-5.4-mini
0x003EAC14,0x0C,src/reagent/yellow_clusters/cluster_5a881a49d98a.cpp,_ZN6System6PmlUse16GetEvolveManagerEv,arm-none-eabi-g++ 16.2.0,SOURCE_WRITTEN,COMPILES,SEMANTIC_VERIFIED,ASM_DIFFERENT,NOT_RUNTIME_TESTED,,,static.crs,reagent,RETAIL_ORIGINAL_SYMBOL,Phase 4E cluster 5a881a49d98a; gpt-5.4-mini reconstruction approved by gpt-5.4-mini
0x00357778,0x0C,src/reagent/yellow_clusters/cluster_685919d91f4d.cpp,_ZN4gfl24base17SingletonAccessorIN9NetAppLib9JoinFesta26JoinFestaAttractionManagerEE11GetInstanceEv,arm-none-eabi-g++ 16.2.0,SOURCE_WRITTEN,COMPILES,SEMANTIC_VERIFIED,ASM_DIFFERENT,NOT_RUNTIME_TESTED,,,static.crs,reagent,RETAIL_ORIGINAL_SYMBOL,Phase 4E cluster 685919d91f4d; gpt-5.4-mini reconstruction approved by gpt-5.4-mini
0x00357758,0x0C,src/reagent/yellow_clusters/cluster_71e64d079105.cpp,_ZN4gfl24base17SingletonAccessorIN9NetAppLib9JoinFesta22JoinFestaPacketManagerEE11GetInstanceEv,arm-none-eabi-g++ 16.2.0,SOURCE_WRITTEN,COMPILES,SEMANTIC_VERIFIED,ASM_DIFFERENT,NOT_RUNTIME_TESTED,,,static.crs,reagent,RETAIL_ORIGINAL_SYMBOL,Phase 4E cluster 71e64d079105; gpt-5.4-mini reconstruction approved by gpt-5.4-mini
0x00357788,0x0C,src/reagent/yellow_clusters/cluster_136609bd8f40.cpp,_ZN4gfl24base17SingletonAccessorIN9NetAppLib9JoinFesta28JoinFestaPersonalDataManagerEE11GetInstanceEv,arm-none-eabi-g++ 16.2.0,SOURCE_WRITTEN,COMPILES,SEMANTIC_VERIFIED,ASM_DIFFERENT,NOT_RUNTIME_TESTED,,,static.crs,reagent,RETAIL_ORIGINAL_SYMBOL,Phase 4E cluster 136609bd8f40; gpt-5.4-mini reconstruction approved by gpt-5.4-mini
0x00357668,0x0C,src/reagent/yellow_clusters/cluster_0ed3a2f7d707.cpp,_ZN4gfl24base17SingletonAccessorIN6NetLib3P2P20P2pConnectionManagerEE11GetInstanceEv,arm-none-eabi-g++ 16.2.0,SOURCE_WRITTEN,COMPILES,SEMANTIC_VERIFIED,ASM_DIFFERENT,NOT_RUNTIME_TESTED,,,static.crs,reagent,RETAIL_ORIGINAL_SYMBOL,Phase 4E cluster 0ed3a2f7d707; gpt-5.4-mini reconstruction approved by gpt-5.4-mini
0x00357678,0x0C,src/reagent/yellow_clusters/cluster_7322638644f2.cpp,_ZN4gfl24base17SingletonAccessorIN6NetLib4Wifi19SubscriptionManagerEE11GetInstanceEv,arm-none-eabi-g++ 16.2.0,SOURCE_WRITTEN,COMPILES,SEMANTIC_VERIFIED,ASM_DIFFERENT,NOT_RUNTIME_TESTED,,,static.crs,reagent,RETAIL_ORIGINAL_SYMBOL,Phase 4E cluster 7322638644f2; gpt-5.4-mini reconstruction approved by gpt-5.4-mini
0x003576A8,0x0C,src/reagent/yellow_clusters/cluster_c4aafe995416.cpp,_ZN4gfl24base17SingletonAccessorIN6System18SystemEventManagerEE11GetInstanceEv,arm-none-eabi-g++ 16.2.0,SOURCE_WRITTEN,COMPILES,SEMANTIC_VERIFIED,ASM_DIFFERENT,NOT_RUNTIME_TESTED,,,static.crs,reagent,RETAIL_ORIGINAL_SYMBOL,Phase 4E cluster c4aafe995416; gpt-5.4-mini reconstruction approved by gpt-5.4-mini
0x00357638,0x0C,src/reagent/yellow_clusters/cluster_3df320baa3e8.cpp,_ZN4gfl24base17SingletonAccessorIN3app2ui13UIViewManagerEE11GetInstanceEv,arm-none-eabi-g++ 16.2.0,SOURCE_WRITTEN,COMPILES,SEMANTIC_VERIFIED,ASM_DIFFERENT,NOT_RUNTIME_TESTED,,,static.crs,reagent,RETAIL_ORIGINAL_SYMBOL,Phase 4E cluster 3df320baa3e8; gpt-5.4-mini reconstruction approved by gpt-5.4-mini
0x003577C8,0x0C,src/reagent/yellow_clusters/cluster_81c736e0c619.cpp,_ZN4gfl24base17SingletonAccessorINS_4Fade11FadeManagerEE11GetInstanceEv,arm-none-eabi-g++ 16.2.0,SOURCE_WRITTEN,COMPILES,SEMANTIC_VERIFIED,ASM_DIFFERENT,NOT_RUNTIME_TESTED,,,static.crs,reagent,RETAIL_ORIGINAL_SYMBOL,Phase 4E cluster 81c736e0c619; gpt-5.4-mini reconstruction approved by gpt-5.4-mini
0x00357798,0x0C,src/reagent/yellow_clusters/cluster_f7fcd7d88cca.cpp,_ZN4gfl24base17SingletonAccessorINS_12devicecamera12DeviceCameraEE11GetInstanceEv,arm-none-eabi-g++ 16.2.0,SOURCE_WRITTEN,COMPILES,SEMANTIC_VERIFIED,ASM_DIFFERENT,NOT_RUNTIME_TESTED,,,static.crs,reagent,RETAIL_ORIGINAL_SYMBOL,Phase 4E cluster f7fcd7d88cca; gpt-5.4-mini reconstruction approved by gpt-5.4-mini
0x003577B8,0x0C,src/reagent/yellow_clusters/cluster_4b4e4c0863f3.cpp,_ZN4gfl24base17SingletonAccessorINS_3ngc13NGWordCheckerEE11GetInstanceEv,arm-none-eabi-g++ 16.2.0,SOURCE_WRITTEN,COMPILES,SEMANTIC_VERIFIED,ASM_DIFFERENT,NOT_RUNTIME_TESTED,,,static.crs,reagent,RETAIL_ORIGINAL_SYMBOL,Phase 4E cluster 4b4e4c0863f3; gpt-5.4-mini reconstruction approved by gpt-5.4-mini
0x003577A8,0x0C,src/reagent/yellow_clusters/cluster_11e6c76b58d7.cpp,_ZN4gfl24base17SingletonAccessorINS_2ro9RoManagerEE11GetInstanceEv,arm-none-eabi-g++ 16.2.0,SOURCE_WRITTEN,COMPILES,SEMANTIC_VERIFIED,ASM_DIFFERENT,NOT_RUNTIME_TESTED,,,static.crs,reagent,RETAIL_ORIGINAL_SYMBOL,Phase 4E cluster 11e6c76b58d7; gpt-5.4-mini reconstruction approved by gpt-5.4-mini
0x003576E8,0x0C,src/reagent/yellow_clusters/cluster_c3e70ac7ef8b.cpp,_ZN4gfl24base17SingletonAccessorIN7gflnet212ServerClient26ServerClientRequestManagerEE11GetInstanceEv,arm-none-eabi-g++ 16.2.0,SOURCE_WRITTEN,COMPILES,SEMANTIC_VERIFIED,ASM_DIFFERENT,NOT_RUNTIME_TESTED,,,static.crs,reagent,RETAIL_ORIGINAL_SYMBOL,Phase 4E cluster c3e70ac7ef8b; gpt-5.4-mini reconstruction approved by gpt-5.4-mini
0x00357728,0x0C,src/reagent/yellow_clusters/cluster_93ec30ae821e.cpp,_ZN4gfl24base17SingletonAccessorIN7gflnet24boss11BossManagerEE11GetInstanceEv,arm-none-eabi-g++ 16.2.0,SOURCE_WRITTEN,COMPILES,SEMANTIC_VERIFIED,ASM_DIFFERENT,NOT_RUNTIME_TESTED,,,static.crs,reagent,RETAIL_ORIGINAL_SYMBOL,Phase 4E cluster 93ec30ae821e; gpt-5.4-mini reconstruction approved by gpt-5.4-mini
0x00357708,0x0C,src/reagent/yellow_clusters/cluster_13cc55309e1a.cpp,_ZN4gfl24base17SingletonAccessorIN7gflnet23nex10NexManagerEE11GetInstanceEv,arm-none-eabi-g++ 16.2.0,SOURCE_WRITTEN,COMPILES,SEMANTIC_VERIFIED,ASM_DIFFERENT,NOT_RUNTIME_TESTED,,,static.crs,reagent,RETAIL_ORIGINAL_SYMBOL,Phase 4E cluster 13cc55309e1a; gpt-5.4-mini reconstruction approved by gpt-5.4-mini
0x00357718,0x0C,src/reagent/yellow_clusters/cluster_6794421e0c41.cpp,_ZN4gfl24base17SingletonAccessorIN7gflnet23nex20NexMatchMakingClientEE11GetInstanceEv,arm-none-eabi-g++ 16.2.0,SOURCE_WRITTEN,COMPILES,SEMANTIC_VERIFIED,ASM_DIFFERENT,NOT_RUNTIME_TESTED,,,static.crs,reagent,RETAIL_ORIGINAL_SYMBOL,Phase 4E cluster 6794421e0c41; gpt-5.4-mini reconstruction approved by gpt-5.4-mini
0x00357648,0x0C,src/reagent/yellow_clusters/cluster_70c557f2dd2c.cpp,_ZN4gfl24base17SingletonAccessorIN5print10SystemFontEE11GetInstanceEv,arm-none-eabi-g++ 16.2.0,SOURCE_WRITTEN,COMPILES,SEMANTIC_VERIFIED,ASM_DIFFERENT,NOT_RUNTIME_TESTED,,,static.crs,reagent,RETAIL_ORIGINAL_SYMBOL,Phase 4E cluster 70c557f2dd2c; gpt-5.4-mini reconstruction approved by gpt-5.4-mini
0x003BECBC,0x0C,src/reagent/yellow_clusters/cluster_7c031fff4172.cpp,_ZN5print13MessageWindow22SetDefaultMessageSpeedEN8Savedata10ConfigSave9MSG_SPEEDE,arm-none-eabi-g++ 16.2.0,SOURCE_WRITTEN,COMPILES,SEMANTIC_VERIFIED,ASM_DIFFERENT,NOT_RUNTIME_TESTED,,,static.crs,reagent,RETAIL_ORIGINAL_SYMBOL,Phase 4E cluster 7c031fff4172; gpt-5.4-mini reconstruction approved by gpt-5.4-mini
0x003A6300,0x14,src/reagent/yellow_clusters/cluster_8579846d27dd.cpp,_ZN5Field9MoveModel25FieldActionCommandManager28AddActionCommandWorkSequenceEPNS0_17ActionCommandWorkEi,arm-none-eabi-g++ 16.2.0,SOURCE_WRITTEN,COMPILES,SEMANTIC_VERIFIED,ASM_DIFFERENT,NOT_RUNTIME_TESTED,,,static.crs,reagent,RETAIL_ORIGINAL_SYMBOL,Phase 4E cluster 8579846d27dd; gpt-5.4-mini reconstruction approved by gpt-5.4-mini
0x003CEFF4,0x14,src/reagent/yellow_clusters/cluster_b4936358b709.cpp,_ZN6NetApp3NBR6NBRNet16GetConnectionNumEv,arm-none-eabi-g++ 16.2.0,SOURCE_WRITTEN,COMPILES,SEMANTIC_VERIFIED,ASM_DIFFERENT,NOT_RUNTIME_TESTED,,,static.crs,reagent,RETAIL_ORIGINAL_SYMBOL,Phase 4E cluster b4936358b709; gpt-5.4-mini reconstruction approved by gpt-5.4-mini
0x002D4574,0xBC,src/reagent/yellow_clusters/cluster_d60d8b682fe6.cpp,_ZN3App5Event12ShopBuyEvent10StartEventEPN7GameSys11GameManagerE,arm-none-eabi-g++ 16.2.0,SOURCE_WRITTEN,COMPILES,SEMANTIC_VERIFIED,ASM_DIFFERENT,NOT_RUNTIME_TESTED,,,static.crs,reagent,RETAIL_ORIGINAL_SYMBOL,Phase 4E cluster d60d8b682fe6; gpt-5.4-mini reconstruction approved by gpt-5.4-mini
0x00414550,0x18,src/reagent/yellow_clusters/cluster_d8f3c0e32936.cpp,_ZN7poke_3d5model27DressUpModelResourceManager19WaitInitializeAsyncEv,arm-none-eabi-g++ 16.2.0,SOURCE_WRITTEN,COMPILES,SEMANTIC_VERIFIED,ASM_DIFFERENT,NOT_RUNTIME_TESTED,,,static.crs,reagent,RETAIL_ORIGINAL_SYMBOL,Phase 4E cluster d8f3c0e32936; gpt-5.4-mini reconstruction approved by gpt-5.4-mini
0x002F114C,0x1C,src/reagent/yellow_clusters/cluster_5e6678b809f0.cpp,_ZN3app4tool15PokeSimpleModel20IsAvailableAnimationEN8PokeTool11MODEL_ANIMEE,arm-none-eabi-g++ 16.2.0,SOURCE_WRITTEN,COMPILES,SEMANTIC_VERIFIED,ASM_DIFFERENT,NOT_RUNTIME_TESTED,,,static.crs,reagent,RETAIL_ORIGINAL_SYMBOL,Phase 4E cluster 5e6678b809f0; gpt-5.4-mini reconstruction approved by gpt-5.4-mini
0x0041E73C,0x20,src/reagent/yellow_clusters/cluster_d2285abc1348.cpp,_ZN7trainer15TrainerTypeData11IsBossGroupENS_11TrTypeGroupE,arm-none-eabi-g++ 16.2.0,SOURCE_WRITTEN,COMPILES,SEMANTIC_VERIFIED,ASM_DIFFERENT,NOT_RUNTIME_TESTED,,,static.crs,reagent,RETAIL_ORIGINAL_SYMBOL,Phase 4E cluster d2285abc1348; gpt-5.4-mini reconstruction approved by gpt-5.4-mini
0x00459624,0x20,src/reagent/yellow_clusters/cluster_5f9b9e211a25.cpp,_ZN9NetAppLib2UI16NetAppCursorView4DrawEN4gfl23gfx12CtrDisplayNoE,arm-none-eabi-g++ 16.2.0,SOURCE_WRITTEN,COMPILES,SEMANTIC_VERIFIED,ASM_DIFFERENT,NOT_RUNTIME_TESTED,,,static.crs,reagent,RETAIL_ORIGINAL_SYMBOL,Phase 4E cluster 5f9b9e211a25; gpt-5.4-mini reconstruction approved by gpt-5.4-mini
0x003E4540,0x1C,src/reagent/yellow_clusters/cluster_52a5757e8b0b.cpp,_ZN6System11EnvAccessor12SetStepFrameEfjNS0_12AnimationBitE,arm-none-eabi-g++ 16.2.0,SOURCE_WRITTEN,COMPILES,SEMANTIC_VERIFIED,ASM_DIFFERENT,NOT_RUNTIME_TESTED,,,static.crs,reagent,RETAIL_ORIGINAL_SYMBOL,Phase 4E cluster 52a5757e8b0b; gpt-5.4-mini reconstruction approved by gpt-5.4-mini
0x0042CEF8,0x24,src/reagent/yellow_clusters/cluster_2ad41b0f7377.cpp,_ZN8PokeTool12PersonalSort15GetSortedMonsNoEj,arm-none-eabi-g++ 16.2.0,SOURCE_WRITTEN,COMPILES,SEMANTIC_VERIFIED,ASM_DIFFERENT,NOT_RUNTIME_TESTED,,,static.crs,reagent,RETAIL_ORIGINAL_SYMBOL,Phase 4E cluster 2ad41b0f7377; gpt-5.4-mini reconstruction approved by gpt-5.4-mini
0x004A7D48,0x24,src/reagent/yellow_clusters/cluster_4b91892a7b18.cpp,_ZNK8Savedata6MyItem10GetItemNumEt,arm-none-eabi-g++ 16.2.0,SOURCE_WRITTEN,COMPILES,SEMANTIC_VERIFIED,ASM_DIFFERENT,NOT_RUNTIME_TESTED,,,static.crs,reagent,RETAIL_ORIGINAL_SYMBOL,Phase 4E cluster 4b91892a7b18; gpt-5.4-mini reconstruction approved by gpt-5.4-mini
0x00163A24,0x24,src/reagent/yellow_clusters/cluster_7fd1bb53deda.cpp,_ZN2mw3qrd9QRDecoder8FinalizeEv,arm-none-eabi-g++ 16.2.0,SOURCE_WRITTEN,COMPILES,SEMANTIC_VERIFIED,ASM_DIFFERENT,NOT_RUNTIME_TESTED,,,static.crs,reagent,RETAIL_ORIGINAL_SYMBOL,Phase 4E cluster 7fd1bb53deda; gpt-5.4-mini reconstruction approved by gpt-5.4-mini
0x002E8250,0x24,src/reagent/yellow_clusters/cluster_985bbe2d4d42.cpp,_ZN3app4sort10StringItem9LoadSetupEPN4gfl24heap11CtrHeapBaseES5_,arm-none-eabi-g++ 16.2.0,SOURCE_WRITTEN,COMPILES,SEMANTIC_VERIFIED,ASM_DIFFERENT,NOT_RUNTIME_TESTED,,,static.crs,reagent,RETAIL_ORIGINAL_SYMBOL,Phase 4E cluster 985bbe2d4d42; gpt-5.4-mini reconstruction approved by gpt-5.4-mini
0x002E82B8,0x24,src/reagent/yellow_clusters/cluster_f2ac49238c8c.cpp,_ZN3app4sort10StringWaza9LoadSetupEPN4gfl24heap11CtrHeapBaseES5_,arm-none-eabi-g++ 16.2.0,SOURCE_WRITTEN,COMPILES,SEMANTIC_VERIFIED,ASM_DIFFERENT,NOT_RUNTIME_TESTED,,,static.crs,reagent,RETAIL_ORIGINAL_SYMBOL,Phase 4E cluster f2ac49238c8c; gpt-5.4-mini reconstruction approved by gpt-5.4-mini
0x0037DC10,0x3C,src/reagent/yellow_clusters/cluster_3bfd72716720.cpp,_ZN5Field11FieldScript16FuncSetFieldInit25CheckPlayerFixedPointMoveEPNS0_17FieldScriptSystemEPNS_9MoveModel14FieldMoveModelE,arm-none-eabi-g++ 16.2.0,SOURCE_WRITTEN,COMPILES,SEMANTIC_VERIFIED,ASM_DIFFERENT,NOT_RUNTIME_TESTED,,,static.crs,reagent,RETAIL_ORIGINAL_SYMBOL,Phase 4E cluster 3bfd72716720; gpt-5.4-mini reconstruction approved by gpt-5.4-mini
0x003967F4,0x44,src/reagent/yellow_clusters/cluster_863767341b2b.cpp,_ZN5Field6EvTime16GetAlolaTimeZoneEPKN7GameSys8GameDataE,arm-none-eabi-g++ 16.2.0,SOURCE_WRITTEN,COMPILES,SEMANTIC_VERIFIED,ASM_DIFFERENT,NOT_RUNTIME_TESTED,,,static.crs,reagent,RETAIL_ORIGINAL_SYMBOL,Phase 4E cluster 863767341b2b; gpt-5.4-mini reconstruction approved by gpt-5.4-mini
0x0043EAB8,0x4C,src/reagent/yellow_clusters/cluster_c2f75634acd9.cpp,_ZN8Savedata17JoinFestaDataSave23FacilitiesFakeChangeEndEv,arm-none-eabi-g++ 16.2.0,SOURCE_WRITTEN,COMPILES,SEMANTIC_VERIFIED,ASM_DIFFERENT,NOT_RUNTIME_TESTED,,,static.crs,reagent,RETAIL_ORIGINAL_SYMBOL,Phase 4E cluster c2f75634acd9; gpt-5.4-mini reconstruction approved by gpt-5.4-mini
0x003F3BF4,0x54,src/reagent/yellow_clusters/cluster_85d465eb8542.cpp,_ZN7GameSys8TimeZone14GetNowTimeZoneENS0_8TimeTypeE,arm-none-eabi-g++ 16.2.0,SOURCE_WRITTEN,COMPILES,SEMANTIC_VERIFIED,ASM_DIFFERENT,NOT_RUNTIME_TESTED,,,static.crs,reagent,RETAIL_ORIGINAL_SYMBOL,Phase 4E cluster 85d465eb8542; gpt-5.4-mini reconstruction approved by gpt-5.4-mini
0x003C1D44,0x58,src/reagent/yellow_clusters/cluster_8dd8b229c5be.cpp,_ZN5print7WordSet22RegisterPokeMonsNameNoEj6MonsNo,arm-none-eabi-g++ 16.2.0,SOURCE_WRITTEN,COMPILES,SEMANTIC_VERIFIED,ASM_DIFFERENT,NOT_RUNTIME_TESTED,,,static.crs,reagent,RETAIL_ORIGINAL_SYMBOL,Phase 4E cluster 8dd8b229c5be; gpt-5.4-mini reconstruction approved by gpt-5.4-mini
0x00104184,0x0A,src/reagent/yellow_clusters/cluster_7cf5c7e01859.cpp,_ZNKSt8numpunctIcE11do_groupingEv,arm-none-eabi-g++ 16.2.0,SOURCE_WRITTEN,COMPILES,SEMANTIC_VERIFIED,ASM_DIFFERENT,NOT_RUNTIME_TESTED,,,static.crs,reagent,RETAIL_ORIGINAL_SYMBOL,Phase 4E cluster 7cf5c7e01859; gpt-5.4-mini reconstruction approved by gpt-5.4-mini
0x0010418E,0x0A,src/reagent/yellow_clusters/cluster_7cf5c7e01859.cpp,_ZNKSt8numpunctIcE11do_truenameEv,arm-none-eabi-g++ 16.2.0,SOURCE_WRITTEN,COMPILES,SEMANTIC_VERIFIED,ASM_DIFFERENT,NOT_RUNTIME_TESTED,,,static.crs,reagent,RETAIL_ORIGINAL_SYMBOL,Phase 4E cluster 7cf5c7e01859; gpt-5.4-mini reconstruction approved by gpt-5.4-mini
0x00104198,0x0A,src/reagent/yellow_clusters/cluster_7cf5c7e01859.cpp,_ZNKSt8numpunctIcE12do_falsenameEv,arm-none-eabi-g++ 16.2.0,SOURCE_WRITTEN,COMPILES,SEMANTIC_VERIFIED,ASM_DIFFERENT,NOT_RUNTIME_TESTED,,,static.crs,reagent,RETAIL_ORIGINAL_SYMBOL,Phase 4E cluster 7cf5c7e01859; gpt-5.4-mini reconstruction approved by gpt-5.4-mini
0x001041A2,0x04,src/reagent/yellow_clusters/cluster_7cf5c7e01859.cpp,_ZNKSt8numpunctIcE16do_decimal_pointEv,arm-none-eabi-g++ 16.2.0,SOURCE_WRITTEN,COMPILES,SEMANTIC_VERIFIED,ASM_DIFFERENT,NOT_RUNTIME_TESTED,,,static.crs,reagent,RETAIL_ORIGINAL_SYMBOL,Phase 4E cluster 7cf5c7e01859; gpt-5.4-mini reconstruction approved by gpt-5.4-mini
0x001041A6,0x04,src/reagent/yellow_clusters/cluster_7cf5c7e01859.cpp,_ZNKSt8numpunctIcE16do_thousands_sepEv,arm-none-eabi-g++ 16.2.0,SOURCE_WRITTEN,COMPILES,SEMANTIC_VERIFIED,ASM_DIFFERENT,NOT_RUNTIME_TESTED,,,static.crs,reagent,RETAIL_ORIGINAL_SYMBOL,Phase 4E cluster 7cf5c7e01859; gpt-5.4-mini reconstruction approved by gpt-5.4-mini
0x00103D70,0x0E,src/reagent/yellow_clusters/cluster_7cf5c7e01859.cpp,_ZNSt8numpunctIcED2Ev,arm-none-eabi-g++ 16.2.0,SOURCE_WRITTEN,COMPILES,SEMANTIC_VERIFIED,ASM_DIFFERENT,NOT_RUNTIME_TESTED,,,static.crs,reagent,RETAIL_ORIGINAL_SYMBOL,Phase 4E cluster 7cf5c7e01859; gpt-5.4-mini reconstruction approved by gpt-5.4-mini
0x0036CE1C,0x68,src/reagent/yellow_clusters/cluster_74767e25b03b.cpp,_ZN4item14ITEM_CheckNutsEt,arm-none-eabi-g++ 16.2.0,SOURCE_WRITTEN,COMPILES,SEMANTIC_VERIFIED,ASM_DIFFERENT,NOT_RUNTIME_TESTED,,,static.crs,reagent,RETAIL_ORIGINAL_SYMBOL,Phase 4E cluster 74767e25b03b; gpt-5.4-mini reconstruction approved by gpt-5.4-mini
0x0036D020,0x48,src/reagent/yellow_clusters/cluster_74767e25b03b.cpp,_ZN4item15ITEM_CheckBeadsEt,arm-none-eabi-g++ 16.2.0,SOURCE_WRITTEN,COMPILES,SEMANTIC_VERIFIED,ASM_DIFFERENT,NOT_RUNTIME_TESTED,,,static.crs,reagent,RETAIL_ORIGINAL_SYMBOL,Phase 4E cluster 74767e25b03b; gpt-5.4-mini reconstruction approved by gpt-5.4-mini
0x0036D06C,0x3C,src/reagent/yellow_clusters/cluster_74767e25b03b.cpp,_ZN4item15ITEM_CheckJewelEt,arm-none-eabi-g++ 16.2.0,SOURCE_WRITTEN,COMPILES,SEMANTIC_VERIFIED,ASM_DIFFERENT,NOT_RUNTIME_TESTED,,,static.crs,reagent,RETAIL_ORIGINAL_SYMBOL,Phase 4E cluster 74767e25b03b; gpt-5.4-mini reconstruction approved by gpt-5.4-mini
0x0036D0AC,0x48,src/reagent/yellow_clusters/cluster_74767e25b03b.cpp,_ZN4item15ITEM_CheckPieceEt,arm-none-eabi-g++ 16.2.0,SOURCE_WRITTEN,COMPILES,SEMANTIC_VERIFIED,ASM_DIFFERENT,NOT_RUNTIME_TESTED,,,static.crs,reagent,RETAIL_ORIGINAL_SYMBOL,Phase 4E cluster 74767e25b03b; gpt-5.4-mini reconstruction approved by gpt-5.4-mini
0x0036D190,0x48,src/reagent/yellow_clusters/cluster_74767e25b03b.cpp,_ZN4item19ITEM_CheckMegaStoneEt,arm-none-eabi-g++ 16.2.0,SOURCE_WRITTEN,COMPILES,SEMANTIC_VERIFIED,ASM_DIFFERENT,NOT_RUNTIME_TESTED,,,static.crs,reagent,RETAIL_ORIGINAL_SYMBOL,Phase 4E cluster 74767e25b03b; gpt-5.4-mini reconstruction approved by gpt-5.4-mini
0x0036D638,0x44,src/reagent/yellow_clusters/cluster_74767e25b03b.cpp,_ZN4item27ITEM_UTIL_IsNeedSelectSkillEPKNS_9ITEM_DATAE,arm-none-eabi-g++ 16.2.0,SOURCE_WRITTEN,COMPILES,SEMANTIC_VERIFIED,ASM_DIFFERENT,NOT_RUNTIME_TESTED,,,static.crs,reagent,RETAIL_ORIGINAL_SYMBOL,Phase 4E cluster 74767e25b03b; gpt-5.4-mini reconstruction approved by gpt-5.4-mini
0x001036E8,0x04,src/reagent/yellow_clusters/cluster_e2c2496ada12.cpp,_ZNKSt5ctypeIcE8do_widenEc,arm-none-eabi-g++ 16.2.0,SOURCE_WRITTEN,COMPILES,SEMANTIC_VERIFIED,ASM_DIFFERENT,NOT_RUNTIME_TESTED,,,static.crs,reagent,RETAIL_ORIGINAL_SYMBOL,Phase 4E cluster e2c2496ada12; gpt-5.4-mini reconstruction approved by gpt-5.4-mini
0x001036FC,0x04,src/reagent/yellow_clusters/cluster_e2c2496ada12.cpp,_ZNKSt5ctypeIcE9do_narrowEcc,arm-none-eabi-g++ 16.2.0,SOURCE_WRITTEN,COMPILES,SEMANTIC_VERIFIED,ASM_DIFFERENT,NOT_RUNTIME_TESTED,,,static.crs,reagent,RETAIL_ORIGINAL_SYMBOL,Phase 4E cluster e2c2496ada12; gpt-5.4-mini reconstruction approved by gpt-5.4-mini
0x003021AC,0x0E,src/reagent/yellow_clusters/cluster_e2c2496ada12.cpp,_ZNKSt5ctypeIcE2isENSt10ctype_base4maskEc,arm-none-eabi-g++ 16.2.0,SOURCE_WRITTEN,COMPILES,SEMANTIC_VERIFIED,ASM_DIFFERENT,NOT_RUNTIME_TESTED,,,static.crs,reagent,RETAIL_ORIGINAL_SYMBOL,Phase 4E cluster e2c2496ada12; gpt-5.4-mini reconstruction approved by gpt-5.4-mini
0x0010363C,0x2E,src/reagent/yellow_clusters/cluster_e2c2496ada12.cpp,_ZNKSt5ctypeIcE10do_tolowerEPcPKc,arm-none-eabi-g++ 16.2.0,SOURCE_WRITTEN,COMPILES,SEMANTIC_VERIFIED,ASM_DIFFERENT,NOT_RUNTIME_TESTED,,,static.crs,reagent,RETAIL_ORIGINAL_SYMBOL,Phase 4E cluster e2c2496ada12; gpt-5.4-mini reconstruction approved by gpt-5.4-mini
0x0010368A,0x2E,src/reagent/yellow_clusters/cluster_e2c2496ada12.cpp,_ZNKSt5ctypeIcE10do_toupperEPcPKc,arm-none-eabi-g++ 16.2.0,SOURCE_WRITTEN,COMPILES,SEMANTIC_VERIFIED,ASM_DIFFERENT,NOT_RUNTIME_TESTED,,,static.crs,reagent,RETAIL_ORIGINAL_SYMBOL,Phase 4E cluster e2c2496ada12; gpt-5.4-mini reconstruction approved by gpt-5.4-mini
0x00103B34,0x08,src/reagent/yellow_clusters/cluster_ac02b6f10d67.cpp,_ZNSt14codecvt_bynameIwcSt11__mbstate_tED0Ev,arm-none-eabi-g++ 16.2.0,SOURCE_WRITTEN,COMPILES,SEMANTIC_VERIFIED,ASM_DIFFERENT,NOT_RUNTIME_TESTED,,,static.crs,reagent,RETAIL_ORIGINAL_SYMBOL,Phase 4E cluster ac02b6f10d67; gpt-5.4-mini reconstruction approved by gpt-5.4-mini
0x00103B3C,0x02,src/reagent/yellow_clusters/cluster_ac02b6f10d67.cpp,_ZNSt14codecvt_bynameIwcSt11__mbstate_tED2Ev,arm-none-eabi-g++ 16.2.0,SOURCE_WRITTEN,COMPILES,SEMANTIC_VERIFIED,ASM_DIFFERENT,NOT_RUNTIME_TESTED,,,static.crs,reagent,RETAIL_ORIGINAL_SYMBOL,Phase 4E cluster ac02b6f10d67; gpt-5.4-mini reconstruction approved by gpt-5.4-mini
0x0010338C,0x04,src/reagent/yellow_clusters/cluster_ac02b6f10d67.cpp,_ZNKSt14codecvt_bynameIwcSt11__mbstate_tE16do_always_noconvEv,arm-none-eabi-g++ 16.2.0,SOURCE_WRITTEN,COMPILES,SEMANTIC_VERIFIED,ASM_DIFFERENT,NOT_RUNTIME_TESTED,,,static.crs,reagent,RETAIL_ORIGINAL_SYMBOL,Phase 4E cluster ac02b6f10d67; gpt-5.4-mini reconstruction approved by gpt-5.4-mini
0x00103344,0x24,src/reagent/yellow_clusters/cluster_ac02b6f10d67.cpp,_ZNKSt14codecvt_bynameIwcSt11__mbstate_tE10do_unshiftERS0_PcS3_RS3_,arm-none-eabi-g++ 16.2.0,SOURCE_WRITTEN,COMPILES,SEMANTIC_VERIFIED,ASM_DIFFERENT,NOT_RUNTIME_TESTED,,,static.crs,reagent,RETAIL_ORIGINAL_SYMBOL,Phase 4E cluster ac02b6f10d67; gpt-5.4-mini reconstruction approved by gpt-5.4-mini
0x0035435C,0x90,src/reagent/yellow_clusters/cluster_f57894bca1f6.cpp,_ZN4gfl23str6StrBuf6AddStrERKS1_,arm-none-eabi-g++ 16.2.0,SOURCE_WRITTEN,COMPILES,SEMANTIC_VERIFIED,ASM_DIFFERENT,NOT_RUNTIME_TESTED,,,static.crs,reagent,RETAIL_ORIGINAL_SYMBOL,Phase 4E cluster f57894bca1f6; gpt-5.4-mini reconstruction approved by gpt-5.4-mini
0x0049A86C,0x4C,src/reagent/yellow_clusters/cluster_f57894bca1f6.cpp,_ZNK4gfl23str6StrBuf7CompareERKS1_,arm-none-eabi-g++ 16.2.0,SOURCE_WRITTEN,COMPILES,SEMANTIC_VERIFIED,ASM_DIFFERENT,NOT_RUNTIME_TESTED,,,static.crs,reagent,RETAIL_ORIGINAL_SYMBOL,Phase 4E cluster f57894bca1f6; gpt-5.4-mini reconstruction approved by gpt-5.4-mini
0x00354400,0x54,src/reagent/yellow_clusters/cluster_f57894bca1f6.cpp,_ZN4gfl23str6StrBuf6SetStrEPKw,arm-none-eabi-g++ 16.2.0,SOURCE_WRITTEN,COMPILES,SEMANTIC_VERIFIED,ASM_DIFFERENT,NOT_RUNTIME_TESTED,,,static.crs,reagent,RETAIL_ORIGINAL_SYMBOL,Phase 4E cluster f57894bca1f6; gpt-5.4-mini reconstruction approved by gpt-5.4-mini
0x00354664,0x70,src/reagent/yellow_clusters/cluster_f57894bca1f6.cpp,_ZN4gfl23str6StrBufC1EjPNS_4heap11CtrHeapBaseE,arm-none-eabi-g++ 16.2.0,SOURCE_WRITTEN,COMPILES,SEMANTIC_VERIFIED,ASM_DIFFERENT,NOT_RUNTIME_TESTED,,,static.crs,reagent,RETAIL_ORIGINAL_SYMBOL,Phase 4E cluster f57894bca1f6; gpt-5.4-mini reconstruction approved by gpt-5.4-mini
0x00354454,0x74,src/reagent/yellow_clusters/cluster_f57894bca1f6.cpp,_ZN4gfl23str6StrBuf6SetStrERKS1_,arm-none-eabi-g++ 16.2.0,SOURCE_WRITTEN,COMPILES,SEMANTIC_VERIFIED,ASM_DIFFERENT,NOT_RUNTIME_TESTED,,,static.crs,reagent,RETAIL_ORIGINAL_SYMBOL,Phase 4E cluster f57894bca1f6; gpt-5.4-mini reconstruction approved by gpt-5.4-mini
0x0049A7F4,0x78,src/reagent/yellow_clusters/cluster_f57894bca1f6.cpp,_ZNK4gfl23str6StrBuf6PutStrEPwj,arm-none-eabi-g++ 16.2.0,SOURCE_WRITTEN,COMPILES,SEMANTIC_VERIFIED,ASM_DIFFERENT,NOT_RUNTIME_TESTED,,,static.crs,reagent,RETAIL_ORIGINAL_SYMBOL,Phase 4E cluster f57894bca1f6; gpt-5.4-mini reconstruction approved by gpt-5.4-mini
0x003544C8,0xB0,src/reagent/yellow_clusters/cluster_f57894bca1f6.cpp,_ZN4gfl23str6StrBuf7AddCodeEw,arm-none-eabi-g++ 16.2.0,SOURCE_WRITTEN,COMPILES,SEMANTIC_VERIFIED,ASM_DIFFERENT,NOT_RUNTIME_TESTED,,,static.crs,reagent,RETAIL_ORIGINAL_SYMBOL,Phase 4E cluster f57894bca1f6; gpt-5.4-mini reconstruction approved by gpt-5.4-mini
0x00354578,0x84,src/reagent/yellow_clusters/cluster_f57894bca1f6.cpp,_ZN4gfl23str6StrBufC1EPKwPNS_4heap11CtrHeapBaseE,arm-none-eabi-g++ 16.2.0,SOURCE_WRITTEN,COMPILES,SEMANTIC_VERIFIED,ASM_DIFFERENT,NOT_RUNTIME_TESTED,,,static.crs,reagent,RETAIL_ORIGINAL_SYMBOL,Phase 4E cluster f57894bca1f6; gpt-5.4-mini reconstruction approved by gpt-5.4-mini
0x002E10B0,0x48,src/reagent/yellow_clusters/cluster_e110d2030d06.cpp,_ZN3App8PokeList16IntermediateDataC1Ev,arm-none-eabi-g++ 16.2.0,SOURCE_WRITTEN,COMPILES,SEMANTIC_VERIFIED,ASM_DIFFERENT,NOT_RUNTIME_TESTED,,,static.crs,reagent,RETAIL_ORIGINAL_SYMBOL,Phase 4E cluster e110d2030d06; gpt-5.4-mini reconstruction approved by gpt-5.4-mini
0x002E1020,0x54,src/reagent/yellow_clusters/cluster_e110d2030d06.cpp,_ZN3App8PokeList16IntermediateData16DeleteBattleDataEv,arm-none-eabi-g++ 16.2.0,SOURCE_WRITTEN,COMPILES,SEMANTIC_VERIFIED,ASM_DIFFERENT,NOT_RUNTIME_TESTED,,,static.crs,reagent,RETAIL_ORIGINAL_SYMBOL,Phase 4E cluster e110d2030d06; gpt-5.4-mini reconstruction approved by gpt-5.4-mini
0x002E10F8,0x58,src/reagent/yellow_clusters/cluster_e110d2030d06.cpp,_ZN3App8PokeList16IntermediateDataD1Ev,arm-none-eabi-g++ 16.2.0,SOURCE_WRITTEN,COMPILES,SEMANTIC_VERIFIED,ASM_DIFFERENT,NOT_RUNTIME_TESTED,,,static.crs,reagent,RETAIL_ORIGINAL_SYMBOL,Phase 4E cluster e110d2030d06; gpt-5.4-mini reconstruction approved by gpt-5.4-mini
0x002E0FA0,0x54,src/reagent/yellow_clusters/cluster_e110d2030d06.cpp,_ZN3App8PokeList16IntermediateData14GetMemberCountEv,arm-none-eabi-g++ 16.2.0,SOURCE_WRITTEN,COMPILES,SEMANTIC_VERIFIED,ASM_DIFFERENT,NOT_RUNTIME_TESTED,,,static.crs,reagent,RETAIL_ORIGINAL_SYMBOL,Phase 4E cluster e110d2030d06; gpt-5.4-mini reconstruction approved by gpt-5.4-mini
0x002E1074,0x3C,src/reagent/yellow_clusters/cluster_e110d2030d06.cpp,_ZN3App8PokeList16IntermediateData7GetPokeEh,arm-none-eabi-g++ 16.2.0,SOURCE_WRITTEN,COMPILES,SEMANTIC_VERIFIED,ASM_DIFFERENT,NOT_RUNTIME_TESTED,,,static.crs,reagent,RETAIL_ORIGINAL_SYMBOL,Phase 4E cluster e110d2030d06; gpt-5.4-mini reconstruction approved by gpt-5.4-mini
0x002E0F48,0x24,src/reagent/yellow_clusters/cluster_e110d2030d06.cpp,_ZN3App8PokeList16IntermediateData13IsSickMoudokuEh,arm-none-eabi-g++ 16.2.0,SOURCE_WRITTEN,COMPILES,SEMANTIC_VERIFIED,ASM_DIFFERENT,NOT_RUNTIME_TESTED,,,static.crs,reagent,RETAIL_ORIGINAL_SYMBOL,Phase 4E cluster e110d2030d06; gpt-5.4-mini reconstruction approved by gpt-5.4-mini
0x004092C8,0x44,src/reagent/yellow_clusters/cluster_5a90b66d7c11.cpp,_ZN7gflnet24boss11BossManager10SetAppHeapEPN4gfl24heap11CtrHeapBaseE,arm-none-eabi-g++ 16.2.0,SOURCE_WRITTEN,COMPILES,SEMANTIC_VERIFIED,ASM_DIFFERENT,NOT_RUNTIME_TESTED,,,static.crs,reagent,RETAIL_ORIGINAL_SYMBOL,Phase 4E cluster 5a90b66d7c11; gpt-5.4-mini reconstruction approved by gpt-5.4-mini
0x0040930C,0x90,src/reagent/yellow_clusters/cluster_5a90b66d7c11.cpp,_ZN7gflnet24boss11BossManager13RemoveAppHeapEv,arm-none-eabi-g++ 16.2.0,SOURCE_WRITTEN,COMPILES,SEMANTIC_VERIFIED,ASM_DIFFERENT,NOT_RUNTIME_TESTED,,,static.crs,reagent,RETAIL_ORIGINAL_SYMBOL,Phase 4E cluster 5a90b66d7c11; gpt-5.4-mini reconstruction approved by gpt-5.4-mini
0x004095E0,0x34,src/reagent/yellow_clusters/cluster_5a90b66d7c11.cpp,_ZN7gflnet24boss11BossManager19CancelImmidiateTaskEv,arm-none-eabi-g++ 16.2.0,SOURCE_WRITTEN,COMPILES,SEMANTIC_VERIFIED,ASM_DIFFERENT,NOT_RUNTIME_TESTED,,,static.crs,reagent,RETAIL_ORIGINAL_SYMBOL,Phase 4E cluster 5a90b66d7c11; gpt-5.4-mini reconstruction approved by gpt-5.4-mini
0x00409754,0x34,src/reagent/yellow_clusters/cluster_5a90b66d7c11.cpp,_ZN7gflnet24boss11BossManager19RemoveEventListenerEPNS0_17BossEventListenerE,arm-none-eabi-g++ 16.2.0,SOURCE_WRITTEN,COMPILES,SEMANTIC_VERIFIED,ASM_DIFFERENT,NOT_RUNTIME_TESTED,,,static.crs,reagent,RETAIL_ORIGINAL_SYMBOL,Phase 4E cluster 5a90b66d7c11; gpt-5.4-mini reconstruction approved by gpt-5.4-mini
0x00409824,0x74,src/reagent/yellow_clusters/cluster_5a90b66d7c11.cpp,_ZN7gflnet24boss11BossManager22CancelDownloadFileListEv,arm-none-eabi-g++ 16.2.0,SOURCE_WRITTEN,COMPILES,SEMANTIC_VERIFIED,ASM_DIFFERENT,NOT_RUNTIME_TESTED,,,static.crs,reagent,RETAIL_ORIGINAL_SYMBOL,Phase 4E cluster 5a90b66d7c11; gpt-5.4-mini reconstruction approved by gpt-5.4-mini
0x003EBEE4,0x38,src/reagent/yellow_clusters/cluster_2ea705edeabc.cpp,_ZN6System6Skybox6Skybox16ChangeSkyRequestENS1_7SkyTypeEj,arm-none-eabi-g++ 16.2.0,SOURCE_WRITTEN,COMPILES,SEMANTIC_VERIFIED,ASM_DIFFERENT,NOT_RUNTIME_TESTED,,,static.crs,reagent,RETAIL_ORIGINAL_SYMBOL,Phase 4E cluster 2ea705edeabc; gpt-5.4-mini reconstruction approved by gpt-5.4-mini
0x003EBF1C,0x34,src/reagent/yellow_clusters/cluster_2ea705edeabc.cpp,_ZN6System6Skybox6Skybox20UpdateCreateResourceEv,arm-none-eabi-g++ 16.2.0,SOURCE_WRITTEN,COMPILES,SEMANTIC_VERIFIED,ASM_DIFFERENT,NOT_RUNTIME_TESTED,,,static.crs,reagent,RETAIL_ORIGINAL_SYMBOL,Phase 4E cluster 2ea705edeabc; gpt-5.4-mini reconstruction approved by gpt-5.4-mini
0x003EC178,0x80,src/reagent/yellow_clusters/cluster_2ea705edeabc.cpp,_ZN6System6Skybox6Skybox9ChangeSkyENS1_7SkyTypeE,arm-none-eabi-g++ 16.2.0,SOURCE_WRITTEN,COMPILES,SEMANTIC_VERIFIED,ASM_DIFFERENT,NOT_RUNTIME_TESTED,,,static.crs,reagent,RETAIL_ORIGINAL_SYMBOL,Phase 4E cluster 2ea705edeabc; gpt-5.4-mini reconstruction approved by gpt-5.4-mini
0x003EC1F8,0x84,src/reagent/yellow_clusters/cluster_2ea705edeabc.cpp,_ZN6System6Skybox6Skybox9SetEnableEb,arm-none-eabi-g++ 16.2.0,SOURCE_WRITTEN,COMPILES,SEMANTIC_VERIFIED,ASM_DIFFERENT,NOT_RUNTIME_TESTED,,,static.crs,reagent,RETAIL_ORIGINAL_SYMBOL,Phase 4E cluster 2ea705edeabc; gpt-5.4-mini reconstruction approved by gpt-5.4-mini
0x002F97EC,0x08,src/reagent/yellow_clusters/cluster_23b5cbb1193b.cpp,_ZN3app4tool8ItemIcon12IsModuleFreeEv,arm-none-eabi-g++ 16.2.0,SOURCE_WRITTEN,COMPILES,SEMANTIC_VERIFIED,ASM_DIFFERENT,NOT_RUNTIME_TESTED,,,static.crs,reagent,RETAIL_ORIGINAL_SYMBOL,Phase 4E cluster 23b5cbb1193b; gpt-5.4-mini reconstruction approved by gpt-5.4-mini
0x00306850,0x08,src/reagent/yellow_clusters/cluster_23b5cbb1193b.cpp,_ZN3app4tool8ItemIcon10IsFileOpenEv,arm-none-eabi-g++ 16.2.0,SOURCE_WRITTEN,COMPILES,SEMANTIC_VERIFIED,ASM_DIFFERENT,NOT_RUNTIME_TESTED,,,static.crs,reagent,RETAIL_ORIGINAL_SYMBOL,Phase 4E cluster 23b5cbb1193b; gpt-5.4-mini reconstruction approved by gpt-5.4-mini
0x00306874,0x08,src/reagent/yellow_clusters/cluster_23b5cbb1193b.cpp,_ZN3app4tool8ItemIcon11IsFileCloseEv,arm-none-eabi-g++ 16.2.0,SOURCE_WRITTEN,COMPILES,SEMANTIC_VERIFIED,ASM_DIFFERENT,NOT_RUNTIME_TESTED,,,static.crs,reagent,RETAIL_ORIGINAL_SYMBOL,Phase 4E cluster 23b5cbb1193b; gpt-5.4-mini reconstruction approved by gpt-5.4-mini
0x00103D40,0x08,src/reagent/yellow_clusters/cluster_9825e7c1e710.cpp,_ZNSt7collateIcED0Ev,arm-none-eabi-g++ 16.2.0,SOURCE_WRITTEN,COMPILES,SEMANTIC_VERIFIED,ASM_DIFFERENT,NOT_RUNTIME_TESTED,,,static.crs,reagent,RETAIL_ORIGINAL_SYMBOL,Phase 4E cluster 9825e7c1e710; gpt-5.4-mini reconstruction approved by gpt-5.4-mini
0x00103D48,0x02,src/reagent/yellow_clusters/cluster_9825e7c1e710.cpp,_ZNSt7collateIcED2Ev,arm-none-eabi-g++ 16.2.0,SOURCE_WRITTEN,COMPILES,SEMANTIC_VERIFIED,ASM_DIFFERENT,NOT_RUNTIME_TESTED,,,static.crs,reagent,RETAIL_ORIGINAL_SYMBOL,Phase 4E cluster 9825e7c1e710; gpt-5.4-mini reconstruction approved by gpt-5.4-mini
0x00302430,0x4C,src/reagent/yellow_clusters/cluster_47b194155d23.cpp,_ZN3app4tool8PaneList13SetCursorDataEjf,arm-none-eabi-g++ 16.2.0,SOURCE_WRITTEN,COMPILES,SEMANTIC_VERIFIED,ASM_DIFFERENT,NOT_RUNTIME_TESTED,,,static.crs,reagent,RETAIL_ORIGINAL_SYMBOL,Phase 4E cluster 47b194155d23; gpt-5.4-mini reconstruction approved by gpt-5.4-mini
0x003043F0,0x58,src/reagent/yellow_clusters/cluster_47b194155d23.cpp,_ZN3app4tool8PaneList5SetSEEjjj,arm-none-eabi-g++ 16.2.0,SOURCE_WRITTEN,COMPILES,SEMANTIC_VERIFIED,ASM_DIFFERENT,NOT_RUNTIME_TESTED,,,static.crs,reagent,RETAIL_ORIGINAL_SYMBOL,Phase 4E cluster 47b194155d23; gpt-5.4-mini reconstruction approved by gpt-5.4-mini
0x002C7DD0,0x34,src/reagent/yellow_clusters/cluster_c835bccdd670.cpp,_ZN3App3Box11BoxAppSetup13IsBinLinkLoadEv,arm-none-eabi-g++ 16.2.0,SOURCE_WRITTEN,COMPILES,SEMANTIC_VERIFIED,ASM_DIFFERENT,NOT_RUNTIME_TESTED,,,static.crs,reagent,RETAIL_ORIGINAL_SYMBOL,Phase 4E cluster c835bccdd670; gpt-5.4-mini reconstruction approved by gpt-5.4-mini
0x002C82C0,0x58,src/reagent/yellow_clusters/cluster_c835bccdd670.cpp,_ZN3App3Box11BoxAppSetup6UpdateEPN4gfl22fs16AsyncFileManagerE,arm-none-eabi-g++ 16.2.0,SOURCE_WRITTEN,COMPILES,SEMANTIC_VERIFIED,ASM_DIFFERENT,NOT_RUNTIME_TESTED,,,static.crs,reagent,RETAIL_ORIGINAL_SYMBOL,Phase 4E cluster c835bccdd670; gpt-5.4-mini reconstruction approved by gpt-5.4-mini
0x00406FB4,0x4C,src/reagent/yellow_clusters/cluster_0d476435c1e2.cpp,_ZN7gflnet23p2p7NetGame11IsTimingEndEi,arm-none-eabi-g++ 16.2.0,SOURCE_WRITTEN,COMPILES,SEMANTIC_VERIFIED,ASM_DIFFERENT,NOT_RUNTIME_TESTED,,,static.crs,reagent,RETAIL_ORIGINAL_SYMBOL,Phase 4E cluster 0d476435c1e2; gpt-5.4-mini reconstruction approved by gpt-5.4-mini
0x002EA7D4,0x7C,src/reagent/yellow_clusters/cluster_45a00685e017.cpp,_ZN3app4tool10MenuWindow7EndMenuEb,arm-none-eabi-g++ 16.2.0,SOURCE_WRITTEN,COMPILES,SEMANTIC_VERIFIED,ASM_DIFFERENT,NOT_RUNTIME_TESTED,,,static.crs,reagent,RETAIL_ORIGINAL_SYMBOL,Phase 4E cluster 45a00685e017; gpt-5.4-mini reconstruction approved by gpt-5.4-mini
0x004A6F8C,0x40,src/reagent/yellow_clusters/cluster_c0eb8ff5a252.cpp,_ZNK8Savedata15MysteryGiftSave15GetItemGiftDataEj,arm-none-eabi-g++ 16.2.0,SOURCE_WRITTEN,COMPILES,SEMANTIC_VERIFIED,ASM_DIFFERENT,NOT_RUNTIME_TESTED,,,static.crs,reagent,RETAIL_ORIGINAL_SYMBOL,Phase 4E cluster c0eb8ff5a252; gpt-5.4-mini reconstruction approved by gpt-5.4-mini
0x004A6FCC,0x3C,src/reagent/yellow_clusters/cluster_c0eb8ff5a252.cpp,_ZNK8Savedata15MysteryGiftSave15GetPokeGiftDataEj,arm-none-eabi-g++ 16.2.0,SOURCE_WRITTEN,COMPILES,SEMANTIC_VERIFIED,ASM_DIFFERENT,NOT_RUNTIME_TESTED,,,static.crs,reagent,RETAIL_ORIGINAL_SYMBOL,Phase 4E cluster c0eb8ff5a252; gpt-5.4-mini reconstruction approved by gpt-5.4-mini
0x003022CC,0x08,src/reagent/yellow_clusters/cluster_06659fb35ca2.cpp,_ZN4__rw18__rw_locale_vectorIPNS_15__rw_facet_baseEEixEj,arm-none-eabi-g++ 16.2.0,SOURCE_WRITTEN,COMPILES,SEMANTIC_VERIFIED,ASM_DIFFERENT,NOT_RUNTIME_TESTED,,,static.crs,reagent,RETAIL_ORIGINAL_SYMBOL,Phase 4E cluster 06659fb35ca2; gpt-5.4-mini reconstruction approved by gpt-5.4-mini
0x00103F48,0x0E,src/reagent/yellow_clusters/cluster_06659fb35ca2.cpp,_ZN4__rw18__rw_locale_vectorIPNS_15__rw_facet_baseEED2Ev,arm-none-eabi-g++ 16.2.0,SOURCE_WRITTEN,COMPILES,SEMANTIC_VERIFIED,ASM_DIFFERENT,NOT_RUNTIME_TESTED,,,static.crs,reagent,RETAIL_ORIGINAL_SYMBOL,Phase 4E cluster 06659fb35ca2; gpt-5.4-mini reconstruction approved by gpt-5.4-mini
0x00460D84,0x40,src/reagent/yellow_clusters/cluster_5fbfcb59a327.cpp,_ZN9NetAppLib6System21ApplicationSystemBase7PreDrawEv,arm-none-eabi-g++ 16.2.0,SOURCE_WRITTEN,COMPILES,SEMANTIC_VERIFIED,ASM_DIFFERENT,NOT_RUNTIME_TESTED,,,static.crs,reagent,RETAIL_ORIGINAL_SYMBOL,Phase 4E cluster 5fbfcb59a327; gpt-5.4-mini reconstruction approved by gpt-5.4-mini
0x0046077C,0x34,src/reagent/yellow_clusters/cluster_5fbfcb59a327.cpp,_ZN9NetAppLib6System21ApplicationSystemBase6ResumeEv,arm-none-eabi-g++ 16.2.0,SOURCE_WRITTEN,COMPILES,SEMANTIC_VERIFIED,ASM_DIFFERENT,NOT_RUNTIME_TESTED,,,static.crs,reagent,RETAIL_ORIGINAL_SYMBOL,Phase 4E cluster 5fbfcb59a327; gpt-5.4-mini reconstruction approved by gpt-5.4-mini
0x00460DC4,0x34,src/reagent/yellow_clusters/cluster_5fbfcb59a327.cpp,_ZN9NetAppLib6System21ApplicationSystemBase7SuspendEv,arm-none-eabi-g++ 16.2.0,SOURCE_WRITTEN,COMPILES,SEMANTIC_VERIFIED,ASM_DIFFERENT,NOT_RUNTIME_TESTED,,,static.crs,reagent,RETAIL_ORIGINAL_SYMBOL,Phase 4E cluster 5fbfcb59a327; gpt-5.4-mini reconstruction approved by gpt-5.4-mini
0x00460200,0x78,src/reagent/yellow_clusters/cluster_5fbfcb59a327.cpp,_ZN9NetAppLib6System21ApplicationSystemBase4DrawEN4gfl23gfx12CtrDisplayNoE,arm-none-eabi-g++ 16.2.0,SOURCE_WRITTEN,COMPILES,SEMANTIC_VERIFIED,ASM_DIFFERENT,NOT_RUNTIME_TESTED,,,static.crs,reagent,RETAIL_ORIGINAL_SYMBOL,Phase 4E cluster 5fbfcb59a327; gpt-5.4-mini reconstruction approved by gpt-5.4-mini
0x00103D04,0x08,src/reagent/yellow_clusters/cluster_1b4bd0737451.cpp,_ZNSt6locale5facetD0Ev,arm-none-eabi-g++ 16.2.0,SOURCE_WRITTEN,COMPILES,SEMANTIC_VERIFIED,ASM_DIFFERENT,NOT_RUNTIME_TESTED,,,static.crs,reagent,RETAIL_ORIGINAL_SYMBOL,Phase 4E cluster 1b4bd0737451; gpt-5.4-mini reconstruction approved by gpt-5.4-mini
0x00103D0C,0x02,src/reagent/yellow_clusters/cluster_1b4bd0737451.cpp,_ZNSt6locale5facetD2Ev,arm-none-eabi-g++ 16.2.0,SOURCE_WRITTEN,COMPILES,SEMANTIC_VERIFIED,ASM_DIFFERENT,NOT_RUNTIME_TESTED,,,static.crs,reagent,RETAIL_ORIGINAL_SYMBOL,Phase 4E cluster 1b4bd0737451; gpt-5.4-mini reconstruction approved by gpt-5.4-mini
0x002E99BC,0x38,src/reagent/yellow_clusters/cluster_601e90384eb4.cpp,_ZN3app4tool10MenuCursor14DeleteResourceEv,arm-none-eabi-g++ 16.2.0,SOURCE_WRITTEN,COMPILES,SEMANTIC_VERIFIED,ASM_DIFFERENT,NOT_RUNTIME_TESTED,,,static.crs,reagent,RETAIL_ORIGINAL_SYMBOL,Phase 4E cluster 601e90384eb4; gpt-5.4-mini reconstruction approved by gpt-5.4-mini
0x002E9B3C,0x5C,src/reagent/yellow_clusters/cluster_601e90384eb4.cpp,_ZN3app4tool10MenuCursor16DeleteLayoutWorkEv,arm-none-eabi-g++ 16.2.0,SOURCE_WRITTEN,COMPILES,SEMANTIC_VERIFIED,ASM_DIFFERENT,NOT_RUNTIME_TESTED,,,static.crs,reagent,RETAIL_ORIGINAL_SYMBOL,Phase 4E cluster 601e90384eb4; gpt-5.4-mini reconstruction approved by gpt-5.4-mini
0x00443254,0x48,src/reagent/yellow_clusters/cluster_b002ff3e1832.cpp,_ZN8Savedata7Fashion3AddEji,arm-none-eabi-g++ 16.2.0,SOURCE_WRITTEN,COMPILES,SEMANTIC_VERIFIED,ASM_DIFFERENT,NOT_RUNTIME_TESTED,,,static.crs,reagent,RETAIL_ORIGINAL_SYMBOL,Phase 4E cluster b002ff3e1832; gpt-5.4-mini reconstruction approved by gpt-5.4-mini
0x0044329C,0x48,src/reagent/yellow_clusters/cluster_b002ff3e1832.cpp,_ZN8Savedata7Fashion3DelEji,arm-none-eabi-g++ 16.2.0,SOURCE_WRITTEN,COMPILES,SEMANTIC_VERIFIED,ASM_DIFFERENT,NOT_RUNTIME_TESTED,,,static.crs,reagent,RETAIL_ORIGINAL_SYMBOL,Phase 4E cluster b002ff3e1832; gpt-5.4-mini reconstruction approved by gpt-5.4-mini
0x0044334C,0x60,src/reagent/yellow_clusters/cluster_b002ff3e1832.cpp,_ZN8Savedata7Fashion49ConvDressUpParamItemCategoryFromtSavedataCategoryENS0_8CategoryE,arm-none-eabi-g++ 16.2.0,SOURCE_WRITTEN,COMPILES,SEMANTIC_VERIFIED,ASM_DIFFERENT,NOT_RUNTIME_TESTED,,,static.crs,reagent,RETAIL_ORIGINAL_SYMBOL,Phase 4E cluster b002ff3e1832; gpt-5.4-mini reconstruction approved by gpt-5.4-mini
0x004432E4,0x64,src/reagent/yellow_clusters/cluster_b002ff3e1832.cpp,_ZN8Savedata7Fashion48ConvSavedataCategoryFromDressUpParamItemCategoryEN7poke_3d5model12DressUpParam12ItemCategoryE,arm-none-eabi-g++ 16.2.0,SOURCE_WRITTEN,COMPILES,SEMANTIC_VERIFIED,ASM_DIFFERENT,NOT_RUNTIME_TESTED,,,static.crs,reagent,RETAIL_ORIGINAL_SYMBOL,Phase 4E cluster b002ff3e1832; gpt-5.4-mini reconstruction approved by gpt-5.4-mini
0x0045EF20,0x40,src/reagent/yellow_clusters/cluster_8226a75f5105.cpp,_ZN9NetAppLib6System15ResourceManager15GetResourceSizeEi,arm-none-eabi-g++ 16.2.0,SOURCE_WRITTEN,COMPILES,SEMANTIC_VERIFIED,ASM_DIFFERENT,NOT_RUNTIME_TESTED,,,static.crs,reagent,RETAIL_ORIGINAL_SYMBOL,Phase 4E cluster 8226a75f5105; gpt-5.4-mini reconstruction approved by gpt-5.4-mini
0x0045EF60,0x40,src/reagent/yellow_clusters/cluster_8226a75f5105.cpp,_ZN9NetAppLib6System15ResourceManager17GetResourceBufferEi,arm-none-eabi-g++ 16.2.0,SOURCE_WRITTEN,COMPILES,SEMANTIC_VERIFIED,ASM_DIFFERENT,NOT_RUNTIME_TESTED,,,static.crs,reagent,RETAIL_ORIGINAL_SYMBOL,Phase 4E cluster 8226a75f5105; gpt-5.4-mini reconstruction approved by gpt-5.4-mini
0x0045EFA0,0x54,src/reagent/yellow_clusters/cluster_8226a75f5105.cpp,_ZN9NetAppLib6System15ResourceManager17GetResourceBufferEjj,arm-none-eabi-g++ 16.2.0,SOURCE_WRITTEN,COMPILES,SEMANTIC_VERIFIED,ASM_DIFFERENT,NOT_RUNTIME_TESTED,,,static.crs,reagent,RETAIL_ORIGINAL_SYMBOL,Phase 4E cluster 8226a75f5105; gpt-5.4-mini reconstruction approved by gpt-5.4-mini
0x003E0594,0x48,src/reagent/yellow_clusters/cluster_39236cbbf00e.cpp,_ZN6NetLib8Delivery15DeliveryManager14ClearAttributeEi,arm-none-eabi-g++ 16.2.0,SOURCE_WRITTEN,COMPILES,SEMANTIC_VERIFIED,ASM_DIFFERENT,NOT_RUNTIME_TESTED,,,static.crs,reagent,RETAIL_ORIGINAL_SYMBOL,Phase 4E cluster 39236cbbf00e; gpt-5.4-mini reconstruction approved by gpt-5.4-mini
0x003E050C,0x64,src/reagent/yellow_clusters/cluster_39236cbbf00e.cpp,_ZN6NetLib8Delivery15DeliveryManager10InitializeEPKN7gflnet213InitParameterEPKNS2_18InitParameterFixedENS1_13DELIVERY_TYPEE,arm-none-eabi-g++ 16.2.0,SOURCE_WRITTEN,COMPILES,SEMANTIC_VERIFIED,ASM_DIFFERENT,NOT_RUNTIME_TESTED,,,static.crs,reagent,RETAIL_ORIGINAL_SYMBOL,Phase 4E cluster 39236cbbf00e; gpt-5.4-mini reconstruction approved by gpt-5.4-mini
0x003E05DC,0x84,src/reagent/yellow_clusters/cluster_39236cbbf00e.cpp,_ZN6NetLib8Delivery15DeliveryManager15PrepareFinalizeEv,arm-none-eabi-g++ 16.2.0,SOURCE_WRITTEN,COMPILES,SEMANTIC_VERIFIED,ASM_DIFFERENT,NOT_RUNTIME_TESTED,,,static.crs,reagent,RETAIL_ORIGINAL_SYMBOL,Phase 4E cluster 39236cbbf00e; gpt-5.4-mini reconstruction approved by gpt-5.4-mini
0x00430288,0x6C,src/reagent/yellow_clusters/cluster_da5700f14a56.cpp,_ZN8PokeTool18CompareSimpleParamERKNS_11SimpleParamES2_,arm-none-eabi-g++ 16.2.0,SOURCE_WRITTEN,COMPILES,SEMANTIC_VERIFIED,ASM_DIFFERENT,NOT_RUNTIME_TESTED,,,static.crs,reagent,RETAIL_ORIGINAL_SYMBOL,Phase 4E cluster da5700f14a56; gpt-5.4-mini reconstruction approved by gpt-5.4-mini
0x00430524,0x48,src/reagent/yellow_clusters/cluster_da5700f14a56.cpp,_ZN8PokeTool24CheckUsingKawaigariInAppEPKN3pml8pokepara9CoreParamE,arm-none-eabi-g++ 16.2.0,SOURCE_WRITTEN,COMPILES,SEMANTIC_VERIFIED,ASM_DIFFERENT,NOT_RUNTIME_TESTED,,,static.crs,reagent,RETAIL_ORIGINAL_SYMBOL,Phase 4E cluster da5700f14a56; gpt-5.4-mini reconstruction approved by gpt-5.4-mini
0x00432608,0x60,src/reagent/yellow_clusters/cluster_da5700f14a56.cpp,_ZN8PokeTool9GetDrawIDEPKN3pml8pokepara9CoreParamEPj,arm-none-eabi-g++ 16.2.0,SOURCE_WRITTEN,COMPILES,SEMANTIC_VERIFIED,ASM_DIFFERENT,NOT_RUNTIME_TESTED,,,static.crs,reagent,RETAIL_ORIGINAL_SYMBOL,Phase 4E cluster da5700f14a56; gpt-5.4-mini reconstruction approved by gpt-5.4-mini
0x0042DF28,0x5C,src/reagent/yellow_clusters/cluster_da5700f14a56.cpp,_ZN8PokeTool14GetSimpleParamEPNS_11SimpleParamEPKN3pml8pokepara9CoreParamE,arm-none-eabi-g++ 16.2.0,SOURCE_WRITTEN,COMPILES,SEMANTIC_VERIFIED,ASM_DIFFERENT,NOT_RUNTIME_TESTED,,,static.crs,reagent,RETAIL_ORIGINAL_SYMBOL,Phase 4E cluster da5700f14a56; gpt-5.4-mini reconstruction approved by gpt-5.4-mini
0x002E9CC4,0x08,src/reagent/yellow_clusters/cluster_151cd58aa83b.cpp,_ZN9NetAppLib2UI16NetAppMenuCursor6UpdateEv,arm-none-eabi-g++ 16.2.0,SOURCE_WRITTEN,COMPILES,SEMANTIC_VERIFIED,ASM_DIFFERENT,NOT_RUNTIME_TESTED,,,static.crs,reagent,RETAIL_ORIGINAL_SYMBOL,Phase 4E cluster 151cd58aa83b; gpt-5.4-mini reconstruction approved by gpt-5.4-mini
0x004598F4,0x50,src/reagent/yellow_clusters/cluster_151cd58aa83b.cpp,_ZN9NetAppLib2UI16NetAppMenuCursor7DestroyEv,arm-none-eabi-g++ 16.2.0,SOURCE_WRITTEN,COMPILES,SEMANTIC_VERIFIED,ASM_DIFFERENT,NOT_RUNTIME_TESTED,,,static.crs,reagent,RETAIL_ORIGINAL_SYMBOL,Phase 4E cluster 151cd58aa83b; gpt-5.4-mini reconstruction approved by gpt-5.4-mini
0x00459A64,0x64,src/reagent/yellow_clusters/cluster_151cd58aa83b.cpp,_ZN9NetAppLib2UI16NetAppMenuCursorD1Ev,arm-none-eabi-g++ 16.2.0,SOURCE_WRITTEN,COMPILES,SEMANTIC_VERIFIED,ASM_DIFFERENT,NOT_RUNTIME_TESTED,,,static.crs,reagent,RETAIL_ORIGINAL_SYMBOL,Phase 4E cluster 151cd58aa83b; gpt-5.4-mini reconstruction approved by gpt-5.4-mini
0x003E8FA8,0xDC,src/reagent/yellow_clusters/cluster_6bf6143324ab.cpp,_ZN6System6Camera19CModelViewerInFrameC1Ev,arm-none-eabi-g++ 16.2.0,SOURCE_WRITTEN,COMPILES,SEMANTIC_VERIFIED,ASM_DIFFERENT,NOT_RUNTIME_TESTED,,,static.crs,reagent,RETAIL_ORIGINAL_SYMBOL,Phase 4E cluster 6bf6143324ab; gpt-5.4-mini reconstruction approved by gpt-5.4-mini
0x003E8640,0x7C,src/reagent/yellow_clusters/cluster_6bf6143324ab.cpp,_ZN6System6Camera19CModelViewerInFrame4InitENS0_13CModelInFrame7EScreenEiiiiNS1_14ETurnDirectionE,arm-none-eabi-g++ 16.2.0,SOURCE_WRITTEN,COMPILES,SEMANTIC_VERIFIED,ASM_DIFFERENT,NOT_RUNTIME_TESTED,,,static.crs,reagent,RETAIL_ORIGINAL_SYMBOL,Phase 4E cluster 6bf6143324ab; gpt-5.4-mini reconstruction approved by gpt-5.4-mini
0x003E851C,0x34,src/reagent/yellow_clusters/cluster_6bf6143324ab.cpp,_ZN6System6Camera19CModelViewerInFrame15SetModelVisibleEb,arm-none-eabi-g++ 16.2.0,SOURCE_WRITTEN,COMPILES,SEMANTIC_VERIFIED,ASM_DIFFERENT,NOT_RUNTIME_TESTED,,,static.crs,reagent,RETAIL_ORIGINAL_SYMBOL,Phase 4E cluster 6bf6143324ab; gpt-5.4-mini reconstruction approved by gpt-5.4-mini
0x004A2FE0,0x38,src/reagent/yellow_clusters/cluster_6bf6143324ab.cpp,_ZNK6System6Camera19CModelViewerInFrame16IsModelOnDisplayEv,arm-none-eabi-g++ 16.2.0,SOURCE_WRITTEN,COMPILES,SEMANTIC_VERIFIED,ASM_DIFFERENT,NOT_RUNTIME_TESTED,,,static.crs,reagent,RETAIL_ORIGINAL_SYMBOL,Phase 4E cluster 6bf6143324ab; gpt-5.4-mini reconstruction approved by gpt-5.4-mini
0x004AA6A8,0x80,src/reagent/yellow_clusters/cluster_7efec00d7bcc.cpp,_ZNK9NetAppLib9JoinFesta21JoinFestaPersonalData11IsCtrFriendEv,arm-none-eabi-g++ 16.2.0,SOURCE_WRITTEN,COMPILES,SEMANTIC_VERIFIED,ASM_DIFFERENT,NOT_RUNTIME_TESTED,,,static.crs,reagent,RETAIL_ORIGINAL_SYMBOL,Phase 4E cluster 7efec00d7bcc; gpt-5.4-mini reconstruction approved by gpt-5.4-mini
0x00455C4C,0xDC,src/reagent/yellow_clusters/cluster_156f69e3a69a.cpp,_ZN9NetAppLib11JoinFestaUI39JoinFestaPlayerListMessageMenuLowerViewC1EPNS_6System19ApplicationWorkBaseERNS_2UI17NetAppMessageMenuE,arm-none-eabi-g++ 16.2.0,SOURCE_WRITTEN,COMPILES,SEMANTIC_VERIFIED,ASM_DIFFERENT,NOT_RUNTIME_TESTED,,,static.crs,reagent,RETAIL_ORIGINAL_SYMBOL,Phase 4E cluster 156f69e3a69a; gpt-5.4-mini reconstruction approved by gpt-5.4-mini
0x002F8E34,0x90,src/reagent/yellow_clusters/cluster_e5693db85158.cpp,_ZN3app4tool19CommonMessageObject8InitFuncERKNS1_10INIT_PARAMEPN4gfl24heap11CtrHeapBaseE,arm-none-eabi-g++ 16.2.0,SOURCE_WRITTEN,COMPILES,SEMANTIC_VERIFIED,ASM_DIFFERENT,NOT_RUNTIME_TESTED,,,static.crs,reagent,RETAIL_ORIGINAL_SYMBOL,Phase 4E cluster e5693db85158; gpt-5.4-mini reconstruction approved by gpt-5.4-mini
0x0035AB10,0x48,src/reagent/yellow_clusters/cluster_1f6f3d3a037e.cpp,_ZN4gfl24proc7Manager8CallProcEPNS0_11BaseProcessE,arm-none-eabi-g++ 16.2.0,SOURCE_WRITTEN,COMPILES,SEMANTIC_VERIFIED,ASM_DIFFERENT,NOT_RUNTIME_TESTED,,,static.crs,reagent,RETAIL_ORIGINAL_SYMBOL,Phase 4E cluster 1f6f3d3a037e; gpt-5.4-mini reconstruction approved by gpt-5.4-mini
0x0049B844,0x38,src/reagent/yellow_clusters/cluster_1f6f3d3a037e.cpp,_ZNK4gfl24proc7Manager25GetBaseProcessInitializedEv,arm-none-eabi-g++ 16.2.0,SOURCE_WRITTEN,COMPILES,SEMANTIC_VERIFIED,ASM_DIFFERENT,NOT_RUNTIME_TESTED,,,static.crs,reagent,RETAIL_ORIGINAL_SYMBOL,Phase 4E cluster 1f6f3d3a037e; gpt-5.4-mini reconstruction approved by gpt-5.4-mini
0x0035A8EC,0x30,src/reagent/yellow_clusters/cluster_1f6f3d3a037e.cpp,_ZN4gfl24proc7Manager4DrawENS_3gfx12CtrDisplayNoE,arm-none-eabi-g++ 16.2.0,SOURCE_WRITTEN,COMPILES,SEMANTIC_VERIFIED,ASM_DIFFERENT,NOT_RUNTIME_TESTED,,,static.crs,reagent,RETAIL_ORIGINAL_SYMBOL,Phase 4E cluster 1f6f3d3a037e; gpt-5.4-mini reconstruction approved by gpt-5.4-mini
0x003F4114,0x70,src/reagent/yellow_clusters/cluster_4fa123f35276.cpp,_ZN7GameSys9AlolaTime20CheckAlolaOtherWorldEPKN5Field9EventWorkE,arm-none-eabi-g++ 16.2.0,SOURCE_WRITTEN,COMPILES,SEMANTIC_VERIFIED,ASM_DIFFERENT,NOT_RUNTIME_TESTED,,,static.crs,reagent,RETAIL_ORIGINAL_SYMBOL,Phase 4E cluster 4fa123f35276; gpt-5.4-mini reconstruction approved by gpt-5.4-mini
0x003F44D0,0x78,src/reagent/yellow_clusters/cluster_4fa123f35276.cpp,_ZN7GameSys9AlolaTime33IsAlolaTimeJumpOtherWorldSkillUseE6MonsNoPKNS_8GameDataE,arm-none-eabi-g++ 16.2.0,SOURCE_WRITTEN,COMPILES,SEMANTIC_VERIFIED,ASM_DIFFERENT,NOT_RUNTIME_TESTED,,,static.crs,reagent,RETAIL_ORIGINAL_SYMBOL,Phase 4E cluster 4fa123f35276; gpt-5.4-mini reconstruction approved by gpt-5.4-mini
0x003F4188,0x7C,src/reagent/yellow_clusters/cluster_4fa123f35276.cpp,_ZN7GameSys9AlolaTime20CheckAlolaOtherWorldEPKNS_8GameDataE,arm-none-eabi-g++ 16.2.0,SOURCE_WRITTEN,COMPILES,SEMANTIC_VERIFIED,ASM_DIFFERENT,NOT_RUNTIME_TESTED,,,static.crs,reagent,RETAIL_ORIGINAL_SYMBOL,Phase 4E cluster 4fa123f35276; gpt-5.4-mini reconstruction approved by gpt-5.4-mini
0x00358174,0x6C,src/reagent/yellow_clusters/cluster_014681548670.cpp,_ZN4gfl24heap7Manager10CreateHeapEPNS0_11CtrHeapBaseEiiNS0_8HeapTypeEbPKc,arm-none-eabi-g++ 16.2.0,SOURCE_WRITTEN,COMPILES,SEMANTIC_VERIFIED,ASM_DIFFERENT,NOT_RUNTIME_TESTED,,,static.crs,reagent,RETAIL_ORIGINAL_SYMBOL,Phase 4E cluster 014681548670; gpt-5.4-mini reconstruction approved by gpt-5.4-mini
0x00107374,0x6C,src/reagent/yellow_clusters/cluster_014681548670.cpp,_ZN4gfl24heap7Manager15GetHeapByHeapIdEi,arm-none-eabi-g++ 16.2.0,SOURCE_WRITTEN,COMPILES,SEMANTIC_VERIFIED,ASM_DIFFERENT,NOT_RUNTIME_TESTED,,,static.crs,reagent,RETAIL_ORIGINAL_SYMBOL,Phase 4E cluster 014681548670; gpt-5.4-mini reconstruction approved by gpt-5.4-mini
0x0045A788,0x04,src/reagent/yellow_clusters/cluster_c70991d56944.cpp,_ZN9NetAppLib2UI22NetAppPokePartyUtilityD1Ev,arm-none-eabi-g++ 16.2.0,SOURCE_WRITTEN,COMPILES,SEMANTIC_VERIFIED,ASM_DIFFERENT,NOT_RUNTIME_TESTED,,,static.crs,reagent,RETAIL_ORIGINAL_SYMBOL,Phase 4E cluster c70991d56944; gpt-5.4-mini reconstruction approved by gpt-5.4-mini
0x0045A808,0x5C,src/reagent/yellow_clusters/cluster_c70991d56944.cpp,_ZN9NetAppLib2UI22NetAppPokePartyUtility12SetPokePartyEjPKN3pml9PokePartyE,arm-none-eabi-g++ 16.2.0,SOURCE_WRITTEN,COMPILES,SEMANTIC_VERIFIED,ASM_DIFFERENT,NOT_RUNTIME_TESTED,,,static.crs,reagent,RETAIL_ORIGINAL_SYMBOL,Phase 4E cluster c70991d56944; gpt-5.4-mini reconstruction approved by gpt-5.4-mini
0x002EB898,0x58,src/reagent/yellow_clusters/cluster_0eeb2663403d.cpp,_ZN3app4tool12FingerCursor10StartAnimeENS1_8FormTypeE,arm-none-eabi-g++ 16.2.0,SOURCE_WRITTEN,COMPILES,SEMANTIC_VERIFIED,ASM_DIFFERENT,NOT_RUNTIME_TESTED,,,static.crs,reagent,RETAIL_ORIGINAL_SYMBOL,Phase 4E cluster 0eeb2663403d; gpt-5.4-mini reconstruction approved by gpt-5.4-mini
0x002EBA20,0x5C,src/reagent/yellow_clusters/cluster_0eeb2663403d.cpp,_ZN3app4tool12FingerCursor9PushAnimeENS1_8FormTypeE,arm-none-eabi-g++ 16.2.0,SOURCE_WRITTEN,COMPILES,SEMANTIC_VERIFIED,ASM_DIFFERENT,NOT_RUNTIME_TESTED,,,static.crs,reagent,RETAIL_ORIGINAL_SYMBOL,Phase 4E cluster 0eeb2663403d; gpt-5.4-mini reconstruction approved by gpt-5.4-mini
0x002EB91C,0xAC,src/reagent/yellow_clusters/cluster_0eeb2663403d.cpp,_ZN3app4tool12FingerCursor16CreateLytBinDataEPNS_4util4HeapE,arm-none-eabi-g++ 16.2.0,SOURCE_WRITTEN,COMPILES,SEMANTIC_VERIFIED,ASM_DIFFERENT,NOT_RUNTIME_TESTED,,,static.crs,reagent,RETAIL_ORIGINAL_SYMBOL,Phase 4E cluster 0eeb2663403d; gpt-5.4-mini reconstruction approved by gpt-5.4-mini
0x00395FC4,0x84,src/reagent/yellow_clusters/cluster_e17521ad6ad0.cpp,_ZN5Field5WorldC1EPN4gfl24heap11CtrHeapBaseE,arm-none-eabi-g++ 16.2.0,SOURCE_WRITTEN,COMPILES,SEMANTIC_VERIFIED,ASM_DIFFERENT,NOT_RUNTIME_TESTED,,,static.crs,reagent,RETAIL_ORIGINAL_SYMBOL,Phase 4E cluster e17521ad6ad0; gpt-5.4-mini reconstruction approved by gpt-5.4-mini
0x003D08F0,0x98,src/reagent/yellow_clusters/cluster_8419e644ea32.cpp,_ZN6NetLib10Validation17PokemonValidation17ReplacePlayerNameEPwhh,arm-none-eabi-g++ 16.2.0,SOURCE_WRITTEN,COMPILES,SEMANTIC_VERIFIED,ASM_DIFFERENT,NOT_RUNTIME_TESTED,,,static.crs,reagent,RETAIL_ORIGINAL_SYMBOL,Phase 4E cluster 8419e644ea32; gpt-5.4-mini reconstruction approved by gpt-5.4-mini
0x003D1134,0xF0,src/reagent/yellow_clusters/cluster_8419e644ea32.cpp,_ZN6NetLib10Validation17PokemonValidationC1Ev,arm-none-eabi-g++ 16.2.0,SOURCE_WRITTEN,COMPILES,SEMANTIC_VERIFIED,ASM_DIFFERENT,NOT_RUNTIME_TESTED,,,static.crs,reagent,RETAIL_ORIGINAL_SYMBOL,Phase 4E cluster 8419e644ea32; gpt-5.4-mini reconstruction approved by gpt-5.4-mini
0x003D0F78,0x94,src/reagent/yellow_clusters/cluster_8419e644ea32.cpp,_ZN6NetLib10Validation17PokemonValidation8FinalizeEv,arm-none-eabi-g++ 16.2.0,SOURCE_WRITTEN,COMPILES,SEMANTIC_VERIFIED,ASM_DIFFERENT,NOT_RUNTIME_TESTED,,,static.crs,reagent,RETAIL_ORIGINAL_SYMBOL,Phase 4E cluster 8419e644ea32; gpt-5.4-mini reconstruction approved by gpt-5.4-mini
0x003D03D8,0xAC,src/reagent/yellow_clusters/cluster_8419e644ea32.cpp,_ZN6NetLib10Validation17PokemonValidation10SetPokemonEjPN6NetApp3GTS12GtsIndexDataEPNS3_24GtsSerializePokemonParamE,arm-none-eabi-g++ 16.2.0,SOURCE_WRITTEN,COMPILES,SEMANTIC_VERIFIED,ASM_DIFFERENT,NOT_RUNTIME_TESTED,,,static.crs,reagent,RETAIL_ORIGINAL_SYMBOL,Phase 4E cluster 8419e644ea32; gpt-5.4-mini reconstruction approved by gpt-5.4-mini
0x002F39B4,0x50,src/reagent/yellow_clusters/cluster_a42f77c48803.cpp,_ZN3app4tool16GeneralLowerView16SetTextBoxStringENS1_9TextBoxIDEPN4gfl23str6StrBufEb,arm-none-eabi-g++ 16.2.0,SOURCE_WRITTEN,COMPILES,SEMANTIC_VERIFIED,ASM_DIFFERENT,NOT_RUNTIME_TESTED,,,static.crs,reagent,RETAIL_ORIGINAL_SYMBOL,Phase 4E cluster a42f77c48803; gpt-5.4-mini reconstruction approved by gpt-5.4-mini
0x004A85CC,0x48,src/reagent/yellow_clusters/cluster_14d84f0e56ec.cpp,_ZNK8Savedata8MyStatus17GetQuickMatchInfoEPbS1_S1_,arm-none-eabi-g++ 16.2.0,SOURCE_WRITTEN,COMPILES,SEMANTIC_VERIFIED,ASM_DIFFERENT,NOT_RUNTIME_TESTED,,,static.crs,reagent,RETAIL_ORIGINAL_SYMBOL,Phase 4E cluster 14d84f0e56ec; gpt-5.4-mini reconstruction approved by gpt-5.4-mini
0x004A847C,0x84,src/reagent/yellow_clusters/cluster_14d84f0e56ec.cpp,_ZNK8Savedata8MyStatus11IsMyPokemonERKN3pml8pokepara9CoreParamE,arm-none-eabi-g++ 16.2.0,SOURCE_WRITTEN,COMPILES,SEMANTIC_VERIFIED,ASM_DIFFERENT,NOT_RUNTIME_TESTED,,,static.crs,reagent,RETAIL_ORIGINAL_SYMBOL,Phase 4E cluster 14d84f0e56ec; gpt-5.4-mini reconstruction approved by gpt-5.4-mini
0x004A835C,0x84,src/reagent/yellow_clusters/cluster_14d84f0e56ec.cpp,_ZNK8Savedata8MyStatus10GetDressupEv,arm-none-eabi-g++ 16.2.0,SOURCE_WRITTEN,COMPILES,SEMANTIC_VERIFIED,ASM_DIFFERENT,NOT_RUNTIME_TESTED,,,static.crs,reagent,RETAIL_ORIGINAL_SYMBOL,Phase 4E cluster 14d84f0e56ec; gpt-5.4-mini reconstruction approved by gpt-5.4-mini
0x003F7E88,0x58,src/reagent/yellow_clusters/cluster_a691252bb88d.cpp,_ZN7gflnet23nex10NexManager25CreateProtocolCallContextEbj,arm-none-eabi-g++ 16.2.0,SOURCE_WRITTEN,COMPILES,SEMANTIC_VERIFIED,ASM_DIFFERENT,NOT_RUNTIME_TESTED,,,static.crs,reagent,RETAIL_ORIGINAL_SYMBOL,Phase 4E cluster a691252bb88d; gpt-5.4-mini reconstruction approved by gpt-5.4-mini
0x003F7C58,0x40,src/reagent/yellow_clusters/cluster_a691252bb88d.cpp,_ZN7gflnet23nex10NexManager21UnbindDataStoreClientEv,arm-none-eabi-g++ 16.2.0,SOURCE_WRITTEN,COMPILES,SEMANTIC_VERIFIED,ASM_DIFFERENT,NOT_RUNTIME_TESTED,,,static.crs,reagent,RETAIL_ORIGINAL_SYMBOL,Phase 4E cluster a691252bb88d; gpt-5.4-mini reconstruction approved by gpt-5.4-mini
0x0040F914,0x7C,src/reagent/yellow_clusters/cluster_692b14b91470.cpp,_ZN7poke_3d5model12PokemonModel13SetLightSetNoEj,arm-none-eabi-g++ 16.2.0,SOURCE_WRITTEN,COMPILES,SEMANTIC_VERIFIED,ASM_DIFFERENT,NOT_RUNTIME_TESTED,,,static.crs,reagent,RETAIL_ORIGINAL_SYMBOL,Phase 4E cluster 692b14b91470; gpt-5.4-mini reconstruction approved by gpt-5.4-mini
0x00382EE0,0x94,src/reagent/yellow_clusters/cluster_d566137d2518.cpp,_ZN5Field11FieldScript22ScriptMoveModelManager14UnloadResourceEi,arm-none-eabi-g++ 16.2.0,SOURCE_WRITTEN,COMPILES,SEMANTIC_VERIFIED,ASM_DIFFERENT,NOT_RUNTIME_TESTED,,,static.crs,reagent,RETAIL_ORIGINAL_SYMBOL,Phase 4E cluster d566137d2518; gpt-5.4-mini reconstruction approved by gpt-5.4-mini
0x00382F74,0x6C,src/reagent/yellow_clusters/cluster_d566137d2518.cpp,_ZN5Field11FieldScript22ScriptMoveModelManager15LoadResourceReqEi,arm-none-eabi-g++ 16.2.0,SOURCE_WRITTEN,COMPILES,SEMANTIC_VERIFIED,ASM_DIFFERENT,NOT_RUNTIME_TESTED,,,static.crs,reagent,RETAIL_ORIGINAL_SYMBOL,Phase 4E cluster d566137d2518; gpt-5.4-mini reconstruction approved by gpt-5.4-mini
0x002CA9D0,0x70,src/reagent/yellow_clusters/cluster_069e944d9fce.cpp,_ZN3App4Tool10TalkWindow11InitMsgDataEjj,arm-none-eabi-g++ 16.2.0,SOURCE_WRITTEN,COMPILES,SEMANTIC_VERIFIED,ASM_DIFFERENT,NOT_RUNTIME_TESTED,,,static.crs,reagent,RETAIL_ORIGINAL_SYMBOL,Phase 4E cluster 069e944d9fce; gpt-5.4-mini reconstruction approved by gpt-5.4-mini
0x002CB278,0x74,src/reagent/yellow_clusters/cluster_069e944d9fce.cpp,_ZN3App4Tool10TalkWindow18InitTrainerMsgDataEv,arm-none-eabi-g++ 16.2.0,SOURCE_WRITTEN,COMPILES,SEMANTIC_VERIFIED,ASM_DIFFERENT,NOT_RUNTIME_TESTED,,,static.crs,reagent,RETAIL_ORIGINAL_SYMBOL,Phase 4E cluster 069e944d9fce; gpt-5.4-mini reconstruction approved by gpt-5.4-mini
0x0049F05C,0x94,src/reagent/yellow_clusters/cluster_bdef507f4eba.cpp,_ZNK5Field9EventWork14CheckEventFlagEt,arm-none-eabi-g++ 16.2.0,SOURCE_WRITTEN,COMPILES,SEMANTIC_VERIFIED,ASM_DIFFERENT,NOT_RUNTIME_TESTED,,,static.crs,reagent,RETAIL_ORIGINAL_SYMBOL,Phase 4E cluster bdef507f4eba; gpt-5.4-mini reconstruction approved by gpt-5.4-mini
0x0044D71C,0x50,src/reagent/yellow_clusters/cluster_38b32334445d.cpp,_ZN9NetAppLib11JoinFestaUI27JoinFestaRankingListManagerD1Ev,arm-none-eabi-g++ 16.2.0,SOURCE_WRITTEN,COMPILES,SEMANTIC_VERIFIED,ASM_DIFFERENT,NOT_RUNTIME_TESTED,,,static.crs,reagent,RETAIL_ORIGINAL_SYMBOL,Phase 4E cluster 38b32334445d; gpt-5.4-mini reconstruction approved by gpt-5.4-mini
0x0048CBA8,0x54,src/reagent/yellow_clusters/cluster_64be818269f7.cpp,_ZNK3App6Resort17ResortDataManager16IsFileAccessibleEi,arm-none-eabi-g++ 16.2.0,SOURCE_WRITTEN,COMPILES,SEMANTIC_VERIFIED,ASM_DIFFERENT,NOT_RUNTIME_TESTED,,,static.crs,reagent,RETAIL_ORIGINAL_SYMBOL,Phase 4E cluster 64be818269f7; gpt-5.4-mini reconstruction approved by gpt-5.4-mini
0x002D8970,0x94,src/reagent/yellow_clusters/cluster_64be818269f7.cpp,_ZN3App6Resort17ResortDataManagerC1Ev,arm-none-eabi-g++ 16.2.0,SOURCE_WRITTEN,COMPILES,SEMANTIC_VERIFIED,ASM_DIFFERENT,NOT_RUNTIME_TESTED,,,static.crs,reagent,RETAIL_ORIGINAL_SYMBOL,Phase 4E cluster 64be818269f7; gpt-5.4-mini reconstruction approved by gpt-5.4-mini
0x004A31A8,0x38,src/reagent/yellow_clusters/cluster_2f22b54e4419.cpp,_ZNK6applib5frame7Manager25GetBaseProcessInitializedEv,arm-none-eabi-g++ 16.2.0,SOURCE_WRITTEN,COMPILES,SEMANTIC_VERIFIED,ASM_DIFFERENT,NOT_RUNTIME_TESTED,,,static.crs,reagent,RETAIL_ORIGINAL_SYMBOL,Phase 4E cluster 2f22b54e4419; gpt-5.4-mini reconstruction approved by gpt-5.4-mini
0x003EDCA0,0x64,src/reagent/yellow_clusters/cluster_2f22b54e4419.cpp,_ZN6applib5frame7Manager3EndEv,arm-none-eabi-g++ 16.2.0,SOURCE_WRITTEN,COMPILES,SEMANTIC_VERIFIED,ASM_DIFFERENT,NOT_RUNTIME_TESTED,,,static.crs,reagent,RETAIL_ORIGINAL_SYMBOL,Phase 4E cluster 2f22b54e4419; gpt-5.4-mini reconstruction approved by gpt-5.4-mini
0x002CEDF8,0x04,src/reagent/yellow_clusters/cluster_0c586ca2cedb.cpp,_ZN9NetAppLib2UI17NetAppMessageMenuD1Ev,arm-none-eabi-g++ 16.2.0,SOURCE_WRITTEN,COMPILES,SEMANTIC_VERIFIED,ASM_DIFFERENT,NOT_RUNTIME_TESTED,,,static.crs,reagent,RETAIL_ORIGINAL_SYMBOL,Phase 4E cluster 0c586ca2cedb; gpt-5.4-mini reconstruction approved by gpt-5.4-mini
0x002CEB14,0xE8,src/reagent/yellow_clusters/cluster_0c586ca2cedb.cpp,_ZN9NetAppLib2UI17NetAppMessageMenu5SetupEjPNS_7Message14MessageUtilityE,arm-none-eabi-g++ 16.2.0,SOURCE_WRITTEN,COMPILES,SEMANTIC_VERIFIED,ASM_DIFFERENT,NOT_RUNTIME_TESTED,,,static.crs,reagent,RETAIL_ORIGINAL_SYMBOL,Phase 4E cluster 0c586ca2cedb; gpt-5.4-mini reconstruction approved by gpt-5.4-mini
0x00459B50,0x7C,src/reagent/yellow_clusters/cluster_0c586ca2cedb.cpp,_ZN9NetAppLib2UI17NetAppMessageMenu23ShowMessageWithListMenuEjjbjjjjjjj,arm-none-eabi-g++ 16.2.0,SOURCE_WRITTEN,COMPILES,SEMANTIC_VERIFIED,ASM_DIFFERENT,NOT_RUNTIME_TESTED,,,static.crs,reagent,RETAIL_ORIGINAL_SYMBOL,Phase 4E cluster 0c586ca2cedb; gpt-5.4-mini reconstruction approved by gpt-5.4-mini
0x002EF74C,0x7C,src/reagent/yellow_clusters/cluster_e53d3f1abb73.cpp,_ZN3app4tool14PokeIconToolEx10IsReplacedEj,arm-none-eabi-g++ 16.2.0,SOURCE_WRITTEN,COMPILES,SEMANTIC_VERIFIED,ASM_DIFFERENT,NOT_RUNTIME_TESTED,,,static.crs,reagent,RETAIL_ORIGINAL_SYMBOL,Phase 4E cluster e53d3f1abb73; gpt-5.4-mini reconstruction approved by gpt-5.4-mini
0x002EF814,0xC4,src/reagent/yellow_clusters/cluster_e53d3f1abb73.cpp,_ZN3app4tool14PokeIconToolEx11SetPokeIconEjPKN3pml8pokepara9CoreParamEPN2nw3lyt7PictureEb,arm-none-eabi-g++ 16.2.0,SOURCE_WRITTEN,COMPILES,SEMANTIC_VERIFIED,ASM_DIFFERENT,NOT_RUNTIME_TESTED,,,static.crs,reagent,RETAIL_ORIGINAL_SYMBOL,Phase 4E cluster e53d3f1abb73; gpt-5.4-mini reconstruction approved by gpt-5.4-mini
0x002EF8D8,0x70,src/reagent/yellow_clusters/cluster_e53d3f1abb73.cpp,_ZN3app4tool14PokeIconToolEx11SetPokeIconEjPKN3pml8pokepara9CoreParamEjPN2nw3lyt5PartsEb,arm-none-eabi-g++ 16.2.0,SOURCE_WRITTEN,COMPILES,SEMANTIC_VERIFIED,ASM_DIFFERENT,NOT_RUNTIME_TESTED,,,static.crs,reagent,RETAIL_ORIGINAL_SYMBOL,Phase 4E cluster e53d3f1abb73; gpt-5.4-mini reconstruction approved by gpt-5.4-mini
0x002F6458,0xF0,src/reagent/yellow_clusters/cluster_582649f7f3d4.cpp,_ZN3app4tool18AppToolBaseGrpFont10InitializeEPNS_4util4HeapENS1_8FontTypeEN4gfl22fs10ToolDefine11ArcLangType3TagE,arm-none-eabi-g++ 16.2.0,SOURCE_WRITTEN,COMPILES,SEMANTIC_VERIFIED,ASM_DIFFERENT,NOT_RUNTIME_TESTED,,,static.crs,reagent,RETAIL_ORIGINAL_SYMBOL,Phase 4E cluster 582649f7f3d4; gpt-5.4-mini reconstruction approved by gpt-5.4-mini
0x002F6744,0x94,src/reagent/yellow_clusters/cluster_582649f7f3d4.cpp,_ZN3app4tool18AppToolBaseGrpFont7IsReadyEv,arm-none-eabi-g++ 16.2.0,SOURCE_WRITTEN,COMPILES,SEMANTIC_VERIFIED,ASM_DIFFERENT,NOT_RUNTIME_TESTED,,,static.crs,reagent,RETAIL_ORIGINAL_SYMBOL,Phase 4E cluster 582649f7f3d4; gpt-5.4-mini reconstruction approved by gpt-5.4-mini
0x002F67D8,0x58,src/reagent/yellow_clusters/cluster_582649f7f3d4.cpp,_ZN3app4tool18AppToolBaseGrpFont9TerminateEv,arm-none-eabi-g++ 16.2.0,SOURCE_WRITTEN,COMPILES,SEMANTIC_VERIFIED,ASM_DIFFERENT,NOT_RUNTIME_TESTED,,,static.crs,reagent,RETAIL_ORIGINAL_SYMBOL,Phase 4E cluster 582649f7f3d4; gpt-5.4-mini reconstruction approved by gpt-5.4-mini
0x0030DB74,0x40,src/reagent/yellow_clusters/cluster_31e3413ba691.cpp,_ZN3app4util25AppQRTextureCreateUtilityD1Ev,arm-none-eabi-g++ 16.2.0,SOURCE_WRITTEN,COMPILES,SEMANTIC_VERIFIED,ASM_DIFFERENT,NOT_RUNTIME_TESTED,,,static.crs,reagent,RETAIL_ORIGINAL_SYMBOL,Phase 4E cluster 31e3413ba691; gpt-5.4-mini reconstruction approved by gpt-5.4-mini
0x0030D968,0x68,src/reagent/yellow_clusters/cluster_31e3413ba691.cpp,_ZN3app4util25AppQRTextureCreateUtility11CreateStartEPKhjjj,arm-none-eabi-g++ 16.2.0,SOURCE_WRITTEN,COMPILES,SEMANTIC_VERIFIED,ASM_DIFFERENT,NOT_RUNTIME_TESTED,,,static.crs,reagent,RETAIL_ORIGINAL_SYMBOL,Phase 4E cluster 31e3413ba691; gpt-5.4-mini reconstruction approved by gpt-5.4-mini
0x00459DC4,0x40,src/reagent/yellow_clusters/cluster_31ee5b2d07a5.cpp,_ZN9NetAppLib2UI18RegulationDrawInfo24GetBattleSystemMessageIDEv,arm-none-eabi-g++ 16.2.0,SOURCE_WRITTEN,COMPILES,SEMANTIC_VERIFIED,ASM_DIFFERENT,NOT_RUNTIME_TESTED,,,static.crs,reagent,RETAIL_ORIGINAL_SYMBOL,Phase 4E cluster 31ee5b2d07a5; gpt-5.4-mini reconstruction approved by gpt-5.4-mini
0x00459C28,0x70,src/reagent/yellow_clusters/cluster_31ee5b2d07a5.cpp,_ZN9NetAppLib2UI18RegulationDrawInfo14CopyRegulationEPS1_,arm-none-eabi-g++ 16.2.0,SOURCE_WRITTEN,COMPILES,SEMANTIC_VERIFIED,ASM_DIFFERENT,NOT_RUNTIME_TESTED,,,static.crs,reagent,RETAIL_ORIGINAL_SYMBOL,Phase 4E cluster 31ee5b2d07a5; gpt-5.4-mini reconstruction approved by gpt-5.4-mini
0x003CCF7C,0x74,src/reagent/yellow_clusters/cluster_a9e56e2996d5.cpp,_ZN6NetApp2QR11QRDiaryFuncENS0_11QR_TYPE_APPE,arm-none-eabi-g++ 16.2.0,SOURCE_WRITTEN,COMPILES,SEMANTIC_VERIFIED,ASM_DIFFERENT,NOT_RUNTIME_TESTED,,,static.crs,reagent,RETAIL_ORIGINAL_SYMBOL,Phase 4E cluster a9e56e2996d5; gpt-5.4-mini reconstruction approved by gpt-5.4-mini
0x0030C95C,0x58,src/reagent/yellow_clusters/cluster_9d1fc3c1b203.cpp,_ZN3app4util20AppDemoUtilityHelper5BeginEPN4gfl24heap11CtrHeapBaseE,arm-none-eabi-g++ 16.2.0,SOURCE_WRITTEN,COMPILES,SEMANTIC_VERIFIED,ASM_DIFFERENT,NOT_RUNTIME_TESTED,,,static.crs,reagent,RETAIL_ORIGINAL_SYMBOL,Phase 4E cluster 9d1fc3c1b203; gpt-5.4-mini reconstruction approved by gpt-5.4-mini
0x0030C900,0x5C,src/reagent/yellow_clusters/cluster_9d1fc3c1b203.cpp,_ZN3app4util20AppDemoUtilityHelper3EndEv,arm-none-eabi-g++ 16.2.0,SOURCE_WRITTEN,COMPILES,SEMANTIC_VERIFIED,ASM_DIFFERENT,NOT_RUNTIME_TESTED,,,static.crs,reagent,RETAIL_ORIGINAL_SYMBOL,Phase 4E cluster 9d1fc3c1b203; gpt-5.4-mini reconstruction approved by gpt-5.4-mini
0x003FA58C,0x44,src/reagent/yellow_clusters/cluster_f0b89b67f026.cpp,_ZN7gflnet23nex16NexRankingClient29UnregistRankingClientListenerEPNS0_24NexRankingClientListenerE,arm-none-eabi-g++ 16.2.0,SOURCE_WRITTEN,COMPILES,SEMANTIC_VERIFIED,ASM_DIFFERENT,NOT_RUNTIME_TESTED,,,static.crs,reagent,RETAIL_ORIGINAL_SYMBOL,Phase 4E cluster f0b89b67f026; gpt-5.4-mini reconstruction approved by gpt-5.4-mini
0x003FA2C8,0x74,src/reagent/yellow_clusters/cluster_f0b89b67f026.cpp,_ZN7gflnet23nex16NexRankingClient27RegistRankingClientListenerEPNS0_24NexRankingClientListenerE,arm-none-eabi-g++ 16.2.0,SOURCE_WRITTEN,COMPILES,SEMANTIC_VERIFIED,ASM_DIFFERENT,NOT_RUNTIME_TESTED,,,static.crs,reagent,RETAIL_ORIGINAL_SYMBOL,Phase 4E cluster f0b89b67f026; gpt-5.4-mini reconstruction approved by gpt-5.4-mini
0x00496FD8,0x68,src/reagent/yellow_clusters/cluster_e36002e4544a.cpp,_ZNK4gfl22fs16AsyncFileManager16IsAllReqFinishedEv,arm-none-eabi-g++ 16.2.0,SOURCE_WRITTEN,COMPILES,SEMANTIC_VERIFIED,ASM_DIFFERENT,NOT_RUNTIME_TESTED,,,static.crs,reagent,RETAIL_ORIGINAL_SYMBOL,Phase 4E cluster e36002e4544a; gpt-5.4-mini reconstruction approved by gpt-5.4-mini
0x0033FCC0,0x78,src/reagent/yellow_clusters/cluster_e36002e4544a.cpp,_ZN4gfl22fs16AsyncFileManager21AddArcFileLoadDataReqERKNS1_18ArcFileLoadDataReqE,arm-none-eabi-g++ 16.2.0,SOURCE_WRITTEN,COMPILES,SEMANTIC_VERIFIED,ASM_DIFFERENT,NOT_RUNTIME_TESTED,,,static.crs,reagent,RETAIL_ORIGINAL_SYMBOL,Phase 4E cluster e36002e4544a; gpt-5.4-mini reconstruction approved by gpt-5.4-mini
0x0044CC48,0xAC,src/reagent/yellow_clusters/cluster_8646e5d082cd.cpp,_ZN9NetAppLib11JoinFestaUI26JoinFestaRecordListManagerC1EPN4gfl24heap11CtrHeapBaseE,arm-none-eabi-g++ 16.2.0,SOURCE_WRITTEN,COMPILES,SEMANTIC_VERIFIED,ASM_DIFFERENT,NOT_RUNTIME_TESTED,,,static.crs,reagent,RETAIL_ORIGINAL_SYMBOL,Phase 4E cluster 8646e5d082cd; gpt-5.4-mini reconstruction approved by gpt-5.4-mini
0x0044CD58,0x50,src/reagent/yellow_clusters/cluster_8646e5d082cd.cpp,_ZN9NetAppLib11JoinFestaUI26JoinFestaRecordListManagerD1Ev,arm-none-eabi-g++ 16.2.0,SOURCE_WRITTEN,COMPILES,SEMANTIC_VERIFIED,ASM_DIFFERENT,NOT_RUNTIME_TESTED,,,static.crs,reagent,RETAIL_ORIGINAL_SYMBOL,Phase 4E cluster 8646e5d082cd; gpt-5.4-mini reconstruction approved by gpt-5.4-mini
0x0046D924,0x64,src/reagent/yellow_clusters/cluster_1d085831e88a.cpp,_ZN9NetAppLib9JoinFesta23JoinFestaAttractionUtil34GetQuestionnaireIdFromAttractionIdEN15JoinFestaScript12AttractionIdE,arm-none-eabi-g++ 16.2.0,SOURCE_WRITTEN,COMPILES,SEMANTIC_VERIFIED,ASM_DIFFERENT,NOT_RUNTIME_TESTED,,,static.crs,reagent,RETAIL_ORIGINAL_SYMBOL,Phase 4E cluster 1d085831e88a; gpt-5.4-mini reconstruction approved by gpt-5.4-mini
0x002E8A64,0x3C,src/reagent/yellow_clusters/cluster_fb60dc75928c.cpp,_ZN3app4tool10IconObject7EndFuncEv,arm-none-eabi-g++ 16.2.0,SOURCE_WRITTEN,COMPILES,SEMANTIC_VERIFIED,ASM_DIFFERENT,NOT_RUNTIME_TESTED,,,static.crs,reagent,RETAIL_ORIGINAL_SYMBOL,Phase 4E cluster fb60dc75928c; gpt-5.4-mini reconstruction approved by gpt-5.4-mini
0x002E8840,0xB0,src/reagent/yellow_clusters/cluster_fb60dc75928c.cpp,_ZN3app4tool10IconObject10ReplaceTexEPN2nw3lyt7PictureEj,arm-none-eabi-g++ 16.2.0,SOURCE_WRITTEN,COMPILES,SEMANTIC_VERIFIED,ASM_DIFFERENT,NOT_RUNTIME_TESTED,,,static.crs,reagent,RETAIL_ORIGINAL_SYMBOL,Phase 4E cluster fb60dc75928c; gpt-5.4-mini reconstruction approved by gpt-5.4-mini
0x00161328,0xA8,src/reagent/yellow_clusters/cluster_d8777bcca480.cpp,_ZN26FullPowerEffectRenderPath011SetResourceEPN4gfl23gfx12IGLAllocatorEPv,arm-none-eabi-g++ 16.2.0,SOURCE_WRITTEN,COMPILES,SEMANTIC_VERIFIED,ASM_DIFFERENT,NOT_RUNTIME_TESTED,,,static.crs,reagent,RETAIL_ORIGINAL_SYMBOL,Phase 4E cluster d8777bcca480; gpt-5.4-mini reconstruction approved by gpt-5.4-mini
0x0040DCC4,0x8C,src/reagent/yellow_clusters/cluster_7babadf22c16.cpp,_ZN7poke_3d5model10CharaModel14ResetNeckAngleEj,arm-none-eabi-g++ 16.2.0,SOURCE_WRITTEN,COMPILES,SEMANTIC_VERIFIED,ASM_DIFFERENT,NOT_RUNTIME_TESTED,,,static.crs,reagent,RETAIL_ORIGINAL_SYMBOL,Phase 4E cluster 7babadf22c16; gpt-5.4-mini reconstruction approved by gpt-5.4-mini
0x0040E0D4,0x70,src/reagent/yellow_clusters/cluster_7babadf22c16.cpp,_ZN7poke_3d5model10CharaModelC1Ev,arm-none-eabi-g++ 16.2.0,SOURCE_WRITTEN,COMPILES,SEMANTIC_VERIFIED,ASM_DIFFERENT,NOT_RUNTIME_TESTED,,,static.crs,reagent,RETAIL_ORIGINAL_SYMBOL,Phase 4E cluster 7babadf22c16; gpt-5.4-mini reconstruction approved by gpt-5.4-mini
0x002E90D0,0x54,src/reagent/yellow_clusters/cluster_6ffe16c5a5f2.cpp,_ZN3app4tool10LytTexData17CopyTextureBufferEPS1_,arm-none-eabi-g++ 16.2.0,SOURCE_WRITTEN,COMPILES,SEMANTIC_VERIFIED,ASM_DIFFERENT,NOT_RUNTIME_TESTED,,,static.crs,reagent,RETAIL_ORIGINAL_SYMBOL,Phase 4E cluster 6ffe16c5a5f2; gpt-5.4-mini reconstruction approved by gpt-5.4-mini
0x002E8EFC,0xA8,src/reagent/yellow_clusters/cluster_6ffe16c5a5f2.cpp,_ZN3app4tool10LytTexData11LoadTextureEv,arm-none-eabi-g++ 16.2.0,SOURCE_WRITTEN,COMPILES,SEMANTIC_VERIFIED,ASM_DIFFERENT,NOT_RUNTIME_TESTED,,,static.crs,reagent,RETAIL_ORIGINAL_SYMBOL,Phase 4E cluster 6ffe16c5a5f2; gpt-5.4-mini reconstruction approved by gpt-5.4-mini
0x00381B90,0x40,src/reagent/yellow_clusters/cluster_b37944d1a33b.cpp,_ZN5Field11FieldScript18MotionCommandParam5ClearEv,arm-none-eabi-g++ 16.2.0,SOURCE_WRITTEN,COMPILES,SEMANTIC_VERIFIED,ASM_DIFFERENT,NOT_RUNTIME_TESTED,,,static.crs,reagent,RETAIL_ORIGINAL_SYMBOL,Phase 4E cluster b37944d1a33b; gpt-5.4-mini reconstruction approved by gpt-5.4-mini
0x00381BD0,0x80,src/reagent/yellow_clusters/cluster_b37944d1a33b.cpp,_ZN5Field11FieldScript18MotionCommandParam5EntryEiiii,arm-none-eabi-g++ 16.2.0,SOURCE_WRITTEN,COMPILES,SEMANTIC_VERIFIED,ASM_DIFFERENT,NOT_RUNTIME_TESTED,,,static.crs,reagent,RETAIL_ORIGINAL_SYMBOL,Phase 4E cluster b37944d1a33b; gpt-5.4-mini reconstruction approved by gpt-5.4-mini
0x00451CA8,0x5C,src/reagent/yellow_clusters/cluster_905347622426.cpp,_ZN9NetAppLib11JoinFestaUI32JoinFestaAttractionInfoUpperView26SetJoinFestaAttractionDataEPNS0_23JoinFestaAttractionDataE,arm-none-eabi-g++ 16.2.0,SOURCE_WRITTEN,COMPILES,SEMANTIC_VERIFIED,ASM_DIFFERENT,NOT_RUNTIME_TESTED,,,static.crs,reagent,RETAIL_ORIGINAL_SYMBOL,Phase 4E cluster 905347622426; gpt-5.4-mini reconstruction approved by gpt-5.4-mini
0x004521A4,0xB8,src/reagent/yellow_clusters/cluster_905347622426.cpp,_ZN9NetAppLib11JoinFestaUI32JoinFestaAttractionInfoUpperViewC1EPNS_6System19ApplicationWorkBaseEi,arm-none-eabi-g++ 16.2.0,SOURCE_WRITTEN,COMPILES,SEMANTIC_VERIFIED,ASM_DIFFERENT,NOT_RUNTIME_TESTED,,,static.crs,reagent,RETAIL_ORIGINAL_SYMBOL,Phase 4E cluster 905347622426; gpt-5.4-mini reconstruction approved by gpt-5.4-mini
0x0032083C,0x88,src/reagent/yellow_clusters/cluster_5914b2cd000b.cpp,_ZN4gfl212devicecamera12DeviceCamera6UpdateEv,arm-none-eabi-g++ 16.2.0,SOURCE_WRITTEN,COMPILES,SEMANTIC_VERIFIED,ASM_DIFFERENT,NOT_RUNTIME_TESTED,,,static.crs,reagent,RETAIL_ORIGINAL_SYMBOL,Phase 4E cluster 5914b2cd000b; gpt-5.4-mini reconstruction approved by gpt-5.4-mini
0x0049D34C,0x74,src/reagent/yellow_clusters/cluster_5a46607dc7cf.cpp,_ZNK5Field14ZoneDataLoader11GetZoneDataEt,arm-none-eabi-g++ 16.2.0,SOURCE_WRITTEN,COMPILES,SEMANTIC_VERIFIED,ASM_DIFFERENT,NOT_RUNTIME_TESTED,,,static.crs,reagent,RETAIL_ORIGINAL_SYMBOL,Phase 4E cluster 5a46607dc7cf; gpt-5.4-mini reconstruction approved by gpt-5.4-mini
0x0049D4D4,0xB0,src/reagent/yellow_clusters/cluster_5a46607dc7cf.cpp,_ZNK5Field14ZoneDataLoader18CheckEncountNGZoneEtPKNS_9EventWorkE,arm-none-eabi-g++ 16.2.0,SOURCE_WRITTEN,COMPILES,SEMANTIC_VERIFIED,ASM_DIFFERENT,NOT_RUNTIME_TESTED,,,static.crs,reagent,RETAIL_ORIGINAL_SYMBOL,Phase 4E cluster 5a46607dc7cf; gpt-5.4-mini reconstruction approved by gpt-5.4-mini
0x00358CCC,0x40,src/reagent/yellow_clusters/cluster_b2abc84c6017.cpp,_ZN4gfl24math16SpringSimulation7RequestEffff,arm-none-eabi-g++ 16.2.0,SOURCE_WRITTEN,COMPILES,SEMANTIC_VERIFIED,ASM_DIFFERENT,NOT_RUNTIME_TESTED,,,static.crs,reagent,RETAIL_ORIGINAL_SYMBOL,Phase 4E cluster b2abc84c6017; gpt-5.4-mini reconstruction approved by gpt-5.4-mini
0x0038575C,0xA4,src/reagent/yellow_clusters/cluster_014f476b36fe.cpp,_ZN5Field13FieldSodateya12PokeTakeBackEN8Savedata10SodateyaIDEj,arm-none-eabi-g++ 16.2.0,SOURCE_WRITTEN,COMPILES,SEMANTIC_VERIFIED,ASM_DIFFERENT,NOT_RUNTIME_TESTED,,,static.crs,reagent,RETAIL_ORIGINAL_SYMBOL,Phase 4E cluster 014f476b36fe; gpt-5.4-mini reconstruction approved by gpt-5.4-mini
0x00385964,0x84,src/reagent/yellow_clusters/cluster_014f476b36fe.cpp,_ZN5Field13FieldSodateya15PokeNameWordsetEPN5print7WordSetEjN8Savedata10SodateyaIDEj,arm-none-eabi-g++ 16.2.0,SOURCE_WRITTEN,COMPILES,SEMANTIC_VERIFIED,ASM_DIFFERENT,NOT_RUNTIME_TESTED,,,static.crs,reagent,RETAIL_ORIGINAL_SYMBOL,Phase 4E cluster 014f476b36fe; gpt-5.4-mini reconstruction approved by gpt-5.4-mini
0x0049A918,0x4C,src/reagent/yellow_clusters/cluster_de2173950423.cpp,_ZNK4gfl23str6StrWin12GetPauseTypeEv,arm-none-eabi-g++ 16.2.0,SOURCE_WRITTEN,COMPILES,SEMANTIC_VERIFIED,ASM_DIFFERENT,NOT_RUNTIME_TESTED,,,static.crs,reagent,RETAIL_ORIGINAL_SYMBOL,Phase 4E cluster de2173950423; gpt-5.4-mini reconstruction approved by gpt-5.4-mini
0x003552F0,0xE4,src/reagent/yellow_clusters/cluster_de2173950423.cpp,_ZN4gfl23str6StrWin5ClearEv,arm-none-eabi-g++ 16.2.0,SOURCE_WRITTEN,COMPILES,SEMANTIC_VERIFIED,ASM_DIFFERENT,NOT_RUNTIME_TESTED,,,static.crs,reagent,RETAIL_ORIGINAL_SYMBOL,Phase 4E cluster de2173950423; gpt-5.4-mini reconstruction approved by gpt-5.4-mini
0x0030CF48,0x58,src/reagent/yellow_clusters/cluster_28a43d2fcd9e.cpp,_ZN3app4util23AppUtilFileControlStateC1EjPN4gfl24heap11CtrHeapBaseEbjNS2_2fs10ToolDefine11ArcLangType3TagE,arm-none-eabi-g++ 16.2.0,SOURCE_WRITTEN,COMPILES,SEMANTIC_VERIFIED,ASM_DIFFERENT,NOT_RUNTIME_TESTED,,,static.crs,reagent,RETAIL_ORIGINAL_SYMBOL,Phase 4E cluster 28a43d2fcd9e; gpt-5.4-mini reconstruction approved by gpt-5.4-mini
0x0030CFA4,0x58,src/reagent/yellow_clusters/cluster_28a43d2fcd9e.cpp,_ZN3app4util23AppUtilFileControlStateC1EjjPN4gfl24heap11CtrHeapBaseEbjNS2_2fs10ToolDefine11ArcLangType3TagE,arm-none-eabi-g++ 16.2.0,SOURCE_WRITTEN,COMPILES,SEMANTIC_VERIFIED,ASM_DIFFERENT,NOT_RUNTIME_TESTED,,,static.crs,reagent,RETAIL_ORIGINAL_SYMBOL,Phase 4E cluster 28a43d2fcd9e; gpt-5.4-mini reconstruction approved by gpt-5.4-mini
0x00453388,0x8C,src/reagent/yellow_clusters/cluster_73f2ec319fbe.cpp,_ZN9NetAppLib11JoinFestaUI34JoinFestaAttractionSelectLowerViewC1EPNS_6System19ApplicationWorkBaseEii,arm-none-eabi-g++ 16.2.0,SOURCE_WRITTEN,COMPILES,SEMANTIC_VERIFIED,ASM_DIFFERENT,NOT_RUNTIME_TESTED,,,static.crs,reagent,RETAIL_ORIGINAL_SYMBOL,Phase 4E cluster 73f2ec319fbe; gpt-5.4-mini reconstruction approved by gpt-5.4-mini
0x004525A0,0xBC,src/reagent/yellow_clusters/cluster_73f2ec319fbe.cpp,_ZN9NetAppLib11JoinFestaUI34JoinFestaAttractionSelectLowerView10SetPassiveEv,arm-none-eabi-g++ 16.2.0,SOURCE_WRITTEN,COMPILES,SEMANTIC_VERIFIED,ASM_DIFFERENT,NOT_RUNTIME_TESTED,,,static.crs,reagent,RETAIL_ORIGINAL_SYMBOL,Phase 4E cluster 73f2ec319fbe; gpt-5.4-mini reconstruction approved by gpt-5.4-mini
0x004A510C,0xCC,src/reagent/yellow_clusters/cluster_173df0fe65ad.cpp,_ZNK7poke_3d5model31DressUpModelResourceManagerCore20GetDressUpColorIndexENS0_12DressUpParam12ItemCategoryEi,arm-none-eabi-g++ 16.2.0,SOURCE_WRITTEN,COMPILES,SEMANTIC_VERIFIED,ASM_DIFFERENT,NOT_RUNTIME_TESTED,,,static.crs,reagent,RETAIL_ORIGINAL_SYMBOL,Phase 4E cluster 173df0fe65ad; gpt-5.4-mini reconstruction approved by gpt-5.4-mini
0x004A51D8,0x7C,src/reagent/yellow_clusters/cluster_173df0fe65ad.cpp,_ZNK7poke_3d5model31DressUpModelResourceManagerCore20GetDressUpPartsIndexENS0_12DressUpParam12ItemCategoryEi,arm-none-eabi-g++ 16.2.0,SOURCE_WRITTEN,COMPILES,SEMANTIC_VERIFIED,ASM_DIFFERENT,NOT_RUNTIME_TESTED,,,static.crs,reagent,RETAIL_ORIGINAL_SYMBOL,Phase 4E cluster 173df0fe65ad; gpt-5.4-mini reconstruction approved by gpt-5.4-mini
0x002F983C,0x7C,src/reagent/yellow_clusters/cluster_dcc538834d4c.cpp,_ZN3app4tool19LytTexReplaceSystem14ReplaceTextureEjPN2nw3lyt7PictureEjj,arm-none-eabi-g++ 16.2.0,SOURCE_WRITTEN,COMPILES,SEMANTIC_VERIFIED,ASM_DIFFERENT,NOT_RUNTIME_TESTED,,,static.crs,reagent,RETAIL_ORIGINAL_SYMBOL,Phase 4E cluster dcc538834d4c; gpt-5.4-mini reconstruction approved by gpt-5.4-mini
0x004309B4,0xDC,src/reagent/yellow_clusters/cluster_f8d3397e7f0b.cpp,_ZN8PokeTool29KawaigariParamCareCoreManagerC1EPN4gfl24heap11CtrHeapBaseES4_PNS1_2fs16AsyncFileManagerE,arm-none-eabi-g++ 16.2.0,SOURCE_WRITTEN,COMPILES,SEMANTIC_VERIFIED,ASM_DIFFERENT,NOT_RUNTIME_TESTED,,,static.crs,reagent,RETAIL_ORIGINAL_SYMBOL,Phase 4E cluster f8d3397e7f0b; gpt-5.4-mini reconstruction approved by gpt-5.4-mini
0x002E2D64,0x94,src/reagent/yellow_clusters/cluster_7eb4209aa8b5.cpp,_ZN3App8PokeList17PokeListBaseFrame5SetupEPNS0_9APP_PARAMEPNS0_13CONTEXT_PARAME,arm-none-eabi-g++ 16.2.0,SOURCE_WRITTEN,COMPILES,SEMANTIC_VERIFIED,ASM_DIFFERENT,NOT_RUNTIME_TESTED,,,static.crs,reagent,RETAIL_ORIGINAL_SYMBOL,Phase 4E cluster 7eb4209aa8b5; gpt-5.4-mini reconstruction approved by gpt-5.4-mini
0x00311DE4,0xD0,src/reagent/yellow_clusters/cluster_a2838eec4ea3.cpp,_ZN3app4util9AppCameraC1Ev,arm-none-eabi-g++ 16.2.0,SOURCE_WRITTEN,COMPILES,SEMANTIC_VERIFIED,ASM_DIFFERENT,NOT_RUNTIME_TESTED,,,static.crs,reagent,RETAIL_ORIGINAL_SYMBOL,Phase 4E cluster a2838eec4ea3; gpt-5.4-mini reconstruction approved by gpt-5.4-mini
0x00311D10,0xCC,src/reagent/yellow_clusters/cluster_a2838eec4ea3.cpp,_ZN3app4util9AppCamera24SetOrthoProjectionMatrixEffffb,arm-none-eabi-g++ 16.2.0,SOURCE_WRITTEN,COMPILES,SEMANTIC_VERIFIED,ASM_DIFFERENT,NOT_RUNTIME_TESTED,,,static.crs,reagent,RETAIL_ORIGINAL_SYMBOL,Phase 4E cluster a2838eec4ea3; gpt-5.4-mini reconstruction approved by gpt-5.4-mini
0x002CF644,0xB0,src/reagent/yellow_clusters/cluster_e40b14beb36d.cpp,_ZN3App4Tool15PokeIconTexPoolC1EPN4gfl24heap11CtrHeapBaseEPNS2_2fs16AsyncFileManagerE,arm-none-eabi-g++ 16.2.0,SOURCE_WRITTEN,COMPILES,SEMANTIC_VERIFIED,ASM_DIFFERENT,NOT_RUNTIME_TESTED,,,static.crs,reagent,RETAIL_ORIGINAL_SYMBOL,Phase 4E cluster e40b14beb36d; gpt-5.4-mini reconstruction approved by gpt-5.4-mini
0x004522E8,0xA0,src/reagent/yellow_clusters/cluster_f1f06371fa27.cpp,_ZN9NetAppLib11JoinFestaUI32JoinFestaPlayerListLowerViewBase22SetVisibleDecideButtonEb,arm-none-eabi-g++ 16.2.0,SOURCE_WRITTEN,COMPILES,SEMANTIC_VERIFIED,ASM_DIFFERENT,NOT_RUNTIME_TESTED,,,static.crs,reagent,RETAIL_ORIGINAL_SYMBOL,Phase 4E cluster f1f06371fa27; gpt-5.4-mini reconstruction approved by gpt-5.4-mini
0x00452388,0xA0,src/reagent/yellow_clusters/cluster_f1f06371fa27.cpp,_ZN9NetAppLib11JoinFestaUI32JoinFestaPlayerListLowerViewBase22SetVisibleUpdateButtonEb,arm-none-eabi-g++ 16.2.0,SOURCE_WRITTEN,COMPILES,SEMANTIC_VERIFIED,ASM_DIFFERENT,NOT_RUNTIME_TESTED,,,static.crs,reagent,RETAIL_ORIGINAL_SYMBOL,Phase 4E cluster f1f06371fa27; gpt-5.4-mini reconstruction approved by gpt-5.4-mini
0x0038D43C,0xC8,src/reagent/yellow_clusters/cluster_28deef7fb4cb.cpp,_ZN5Field16FieldItemManager21TerminateDropItemDataEv,arm-none-eabi-g++ 16.2.0,SOURCE_WRITTEN,COMPILES,SEMANTIC_VERIFIED,ASM_DIFFERENT,NOT_RUNTIME_TESTED,,,static.crs,reagent,RETAIL_ORIGINAL_SYMBOL,Phase 4E cluster 28deef7fb4cb; gpt-5.4-mini reconstruction approved by gpt-5.4-mini
0x0038D33C,0xF8,src/reagent/yellow_clusters/cluster_28deef7fb4cb.cpp,_ZN5Field16FieldItemManager21TerminateDropItemDataEj,arm-none-eabi-g++ 16.2.0,SOURCE_WRITTEN,COMPILES,SEMANTIC_VERIFIED,ASM_DIFFERENT,NOT_RUNTIME_TESTED,,,static.crs,reagent,RETAIL_ORIGINAL_SYMBOL,Phase 4E cluster 28deef7fb4cb; gpt-5.4-mini reconstruction approved by gpt-5.4-mini
0x0030F19C,0xE4,src/reagent/yellow_clusters/cluster_c4f58ed00877.cpp,_ZN3app4util4Heap15LocalHeapCreateEPN4gfl24heap11CtrHeapBaseES5_jj,arm-none-eabi-g++ 16.2.0,SOURCE_WRITTEN,COMPILES,SEMANTIC_VERIFIED,ASM_DIFFERENT,NOT_RUNTIME_TESTED,,,static.crs,reagent,RETAIL_ORIGINAL_SYMBOL,Phase 4E cluster c4f58ed00877; gpt-5.4-mini reconstruction approved by gpt-5.4-mini
0x0030F29C,0xE8,src/reagent/yellow_clusters/cluster_c4f58ed00877.cpp,_ZN3app4util4Heap6CreateEPN4gfl24heap11CtrHeapBaseES5_ijij,arm-none-eabi-g++ 16.2.0,SOURCE_WRITTEN,COMPILES,SEMANTIC_VERIFIED,ASM_DIFFERENT,NOT_RUNTIME_TESTED,,,static.crs,reagent,RETAIL_ORIGINAL_SYMBOL,Phase 4E cluster c4f58ed00877; gpt-5.4-mini reconstruction approved by gpt-5.4-mini
0x003BF3B4,0xBC,src/reagent/yellow_clusters/cluster_6c27c4b5bd27.cpp,_ZN5print13MessageWindowC1EPKN4gfl22ui13DeviceManagerEPNS1_3lyt5LytWkEtiPNS1_4heap11CtrHeapBaseEj,arm-none-eabi-g++ 16.2.0,SOURCE_WRITTEN,COMPILES,SEMANTIC_VERIFIED,ASM_DIFFERENT,NOT_RUNTIME_TESTED,,,static.crs,reagent,RETAIL_ORIGINAL_SYMBOL,Phase 4E cluster 6c27c4b5bd27; gpt-5.4-mini reconstruction approved by gpt-5.4-mini
0x00469354,0x04,src/reagent/yellow_clusters/cluster_a7e7f9624dd3.cpp,_ZN9NetAppLib11JoinFestaUI23JoinFestaAttractionDataD1Ev,arm-none-eabi-g++ 16.2.0,SOURCE_WRITTEN,COMPILES,SEMANTIC_VERIFIED,ASM_DIFFERENT,NOT_RUNTIME_TESTED,,,static.crs,reagent,RETAIL_ORIGINAL_SYMBOL,Phase 4E cluster a7e7f9624dd3; gpt-5.4-mini reconstruction approved by gpt-5.4-mini
0x002D275C,0x04,src/reagent/yellow_clusters/cluster_1d913366d4d4.cpp,_ZN9NetAppLib2UI36NetAppCommonMessageWindowManipulatorD1Ev,arm-none-eabi-g++ 16.2.0,SOURCE_WRITTEN,COMPILES,SEMANTIC_VERIFIED,ASM_DIFFERENT,NOT_RUNTIME_TESTED,,,static.crs,reagent,RETAIL_ORIGINAL_SYMBOL,Phase 4E cluster 1d913366d4d4; gpt-5.4-mini reconstruction approved by gpt-5.4-mini
0x0010318C,0x02,src/reagent/yellow_clusters/cluster_e4d8acc85297.cpp,_ZN4__rw15__rw_facet_base12_C_initfacetERKSt6locale,arm-none-eabi-g++ 16.2.0,SOURCE_WRITTEN,COMPILES,SEMANTIC_VERIFIED,ASM_DIFFERENT,NOT_RUNTIME_TESTED,,,static.crs,reagent,RETAIL_ORIGINAL_SYMBOL,Phase 4E cluster e4d8acc85297; gpt-5.4-mini reconstruction approved by gpt-5.4-mini
0x00103F64,0x08,src/reagent/yellow_clusters/cluster_4a83ad9cab8f.cpp,_ZN4__rw18__rw_locale_vectorISsEixEj,arm-none-eabi-g++ 16.2.0,SOURCE_WRITTEN,COMPILES,SEMANTIC_VERIFIED,ASM_DIFFERENT,NOT_RUNTIME_TESTED,,,static.crs,reagent,RETAIL_ORIGINAL_SYMBOL,Phase 4E cluster 4a83ad9cab8f; gpt-5.4-mini reconstruction approved by gpt-5.4-mini
0x0053B2A4,0x04,src/reagent/yellow_clusters/cluster_1bc34d46cf10.cpp,_ZN4gfl24math10SFMTRandom10InitializeEj,arm-none-eabi-g++ 16.2.0,SOURCE_WRITTEN,COMPILES,SEMANTIC_VERIFIED,ASM_DIFFERENT,NOT_RUNTIME_TESTED,,,static.crs,reagent,RETAIL_ORIGINAL_SYMBOL,Phase 4E cluster 1bc34d46cf10; gpt-5.4-mini reconstruction approved by gpt-5.4-mini
0x00345270,0x08,src/reagent/yellow_clusters/cluster_02402ad4c8e5.cpp,_ZN4gfl22ui6Device14SetRepeatParamERKNS1_11RepeatParamE,arm-none-eabi-g++ 16.2.0,SOURCE_WRITTEN,COMPILES,SEMANTIC_VERIFIED,ASM_DIFFERENT,NOT_RUNTIME_TESTED,,,static.crs,reagent,RETAIL_ORIGINAL_SYMBOL,Phase 4E cluster 02402ad4c8e5; gpt-5.4-mini reconstruction approved by gpt-5.4-mini
0x003028E4,0x1A,src/reagent/yellow_clusters/cluster_63eb1f215488.cpp,_ZN4__rw15__rw_locale_impD2Ev,arm-none-eabi-g++ 16.2.0,SOURCE_WRITTEN,COMPILES,SEMANTIC_VERIFIED,ASM_DIFFERENT,NOT_RUNTIME_TESTED,,,static.crs,reagent,RETAIL_ORIGINAL_SYMBOL,Phase 4E cluster 63eb1f215488; gpt-5.4-mini reconstruction approved by gpt-5.4-mini
0x003020F0,0x2E,src/reagent/yellow_clusters/cluster_73723731fd3e.cpp,_ZSt13__rw_get_catsv,arm-none-eabi-g++ 16.2.0,SOURCE_WRITTEN,COMPILES,SEMANTIC_VERIFIED,ASM_DIFFERENT,NOT_RUNTIME_TESTED,,,static.crs,reagent,RETAIL_ORIGINAL_SYMBOL,Phase 4E cluster 73723731fd3e; gpt-5.4-mini reconstruction approved by gpt-5.4-mini
0x0037D7BC,0x34,src/reagent/yellow_clusters/cluster_2c18a352c050.cpp,_ZN5Field11FieldScript16FuncSetFieldInit24CheckPlayerFreePointMoveEPNS0_17FieldScriptSystemEPNS_9MoveModel14FieldMoveModelEb,arm-none-eabi-g++ 16.2.0,SOURCE_WRITTEN,COMPILES,SEMANTIC_VERIFIED,ASM_DIFFERENT,NOT_RUNTIME_TESTED,,,static.crs,reagent,RETAIL_ORIGINAL_SYMBOL,Phase 4E cluster 2c18a352c050; gpt-5.4-mini reconstruction approved by gpt-5.4-mini
0x0034333C,0x34,src/reagent/yellow_clusters/cluster_20719b67ff45.cpp,_ZN4gfl22qr12QREncodeData8CopyDataEPKhj,arm-none-eabi-g++ 16.2.0,SOURCE_WRITTEN,COMPILES,SEMANTIC_VERIFIED,ASM_DIFFERENT,NOT_RUNTIME_TESTED,,,static.crs,reagent,RETAIL_ORIGINAL_SYMBOL,Phase 4E cluster 20719b67ff45; gpt-5.4-mini reconstruction approved by gpt-5.4-mini
0x0045DFAC,0x38,src/reagent/yellow_clusters/cluster_ffc2f7c27e46.cpp,_ZN9NetAppLib4Util30NetAppPokemonValidationUtility10CanDestroyEv,arm-none-eabi-g++ 16.2.0,SOURCE_WRITTEN,COMPILES,SEMANTIC_VERIFIED,ASM_DIFFERENT,NOT_RUNTIME_TESTED,,,static.crs,reagent,RETAIL_ORIGINAL_SYMBOL,Phase 4E cluster ffc2f7c27e46; gpt-5.4-mini reconstruction approved by gpt-5.4-mini
0x003F4A28,0x3C,src/reagent/yellow_clusters/cluster_5784ab6b2ffd.cpp,_ZN7gflnet212ServerClient26ServerClientRequestManager14RemoveListenerEy,arm-none-eabi-g++ 16.2.0,SOURCE_WRITTEN,COMPILES,SEMANTIC_VERIFIED,ASM_DIFFERENT,NOT_RUNTIME_TESTED,,,static.crs,reagent,RETAIL_ORIGINAL_SYMBOL,Phase 4E cluster 5784ab6b2ffd; gpt-5.4-mini reconstruction approved by gpt-5.4-mini
0x00485480,0x3C,src/reagent/yellow_clusters/cluster_50936fc2bb4f.cpp,_ZNK2nw3lyt4Pane11GetMaterialEv,arm-none-eabi-g++ 16.2.0,SOURCE_WRITTEN,COMPILES,SEMANTIC_VERIFIED,ASM_DIFFERENT,NOT_RUNTIME_TESTED,,,static.crs,reagent,RETAIL_ORIGINAL_SYMBOL,Phase 4E cluster 50936fc2bb4f; gpt-5.4-mini reconstruction approved by gpt-5.4-mini
0x004455E0,0x44,src/reagent/yellow_clusters/cluster_9e508991173b.cpp,_ZN8Savedata9FieldMenu18GetRideShortcutKeyENS0_6RideIDE,arm-none-eabi-g++ 16.2.0,SOURCE_WRITTEN,COMPILES,SEMANTIC_VERIFIED,ASM_DIFFERENT,NOT_RUNTIME_TESTED,,,static.crs,reagent,RETAIL_ORIGINAL_SYMBOL,Phase 4E cluster 9e508991173b; gpt-5.4-mini reconstruction approved by gpt-5.4-mini
0x002EEAB4,0x44,src/reagent/yellow_clusters/cluster_9ef52dcad50b.cpp,_ZN3app4tool14InfoWindowBase12SetBgVisibleEb,arm-none-eabi-g++ 16.2.0,SOURCE_WRITTEN,COMPILES,SEMANTIC_VERIFIED,ASM_DIFFERENT,NOT_RUNTIME_TESTED,,,static.crs,reagent,RETAIL_ORIGINAL_SYMBOL,Phase 4E cluster 9ef52dcad50b; gpt-5.4-mini reconstruction approved by gpt-5.4-mini
0x002E6668,0x48,src/reagent/yellow_clusters/cluster_09093043963f.cpp,_ZN3App9FieldMenu8PlayData23GetEnableRottomMsgIndexEv,arm-none-eabi-g++ 16.2.0,SOURCE_WRITTEN,COMPILES,SEMANTIC_VERIFIED,ASM_DIFFERENT,NOT_RUNTIME_TESTED,,,static.crs,reagent,RETAIL_ORIGINAL_SYMBOL,Phase 4E cluster 09093043963f; gpt-5.4-mini reconstruction approved by gpt-5.4-mini
0x0029E33C,0x48,src/reagent/yellow_clusters/cluster_7f85521f9d88.cpp,_ZN2nw3lyt13DeleteTextureERKNS0_11TextureInfoE,arm-none-eabi-g++ 16.2.0,SOURCE_WRITTEN,COMPILES,SEMANTIC_VERIFIED,ASM_DIFFERENT,NOT_RUNTIME_TESTED,,,static.crs,reagent,RETAIL_ORIGINAL_SYMBOL,Phase 4E cluster 7f85521f9d88; gpt-5.4-mini reconstruction approved by gpt-5.4-mini
0x0048D5B4,0x4C,src/reagent/yellow_clusters/cluster_417ecbc786c7.cpp,_ZNK3app4sort13StringTokusei15IsSecretTokuseiE9TokuseiNo,arm-none-eabi-g++ 16.2.0,SOURCE_WRITTEN,COMPILES,SEMANTIC_VERIFIED,ASM_DIFFERENT,NOT_RUNTIME_TESTED,,,static.crs,reagent,RETAIL_ORIGINAL_SYMBOL,Phase 4E cluster 417ecbc786c7; gpt-5.4-mini reconstruction approved by gpt-5.4-mini
0x00465D80,0x50,src/reagent/yellow_clusters/cluster_dd5e93b1661a.cpp,_ZN9NetAppLib9JoinFesta19JoinFestaPacketUtil15IsSameFriendKeyERK18nnfriendsFriendKeyS4_,arm-none-eabi-g++ 16.2.0,SOURCE_WRITTEN,COMPILES,SEMANTIC_VERIFIED,ASM_DIFFERENT,NOT_RUNTIME_TESTED,,,static.crs,reagent,RETAIL_ORIGINAL_SYMBOL,Phase 4E cluster dd5e93b1661a; gpt-5.4-mini reconstruction approved by gpt-5.4-mini
0x0036C0EC,0x50,src/reagent/yellow_clusters/cluster_617c834dc52a.cpp,_ZN4gfl29collision14CollisionModel10InitializeEPNS_15renderingengine10scenegraph8resource12ResourceNodeE,arm-none-eabi-g++ 16.2.0,SOURCE_WRITTEN,COMPILES,SEMANTIC_VERIFIED,ASM_DIFFERENT,NOT_RUNTIME_TESTED,,,static.crs,reagent,RETAIL_ORIGINAL_SYMBOL,Phase 4E cluster 617c834dc52a; gpt-5.4-mini reconstruction approved by gpt-5.4-mini
0x004A2EA0,0x5C,src/reagent/yellow_clusters/cluster_739dd068d1e3.cpp,_ZNK6System11EnvAccessor17IsAnimationSmoothENS0_12AnimationBitE,arm-none-eabi-g++ 16.2.0,SOURCE_WRITTEN,COMPILES,SEMANTIC_VERIFIED,ASM_DIFFERENT,NOT_RUNTIME_TESTED,,,static.crs,reagent,RETAIL_ORIGINAL_SYMBOL,Phase 4E cluster 739dd068d1e3; gpt-5.4-mini reconstruction approved by gpt-5.4-mini
0x0045DBD4,0x48,src/reagent/yellow_clusters/cluster_ca4665b030b9.cpp,_ZN9NetAppLib4Util24NetAppTrainerIconUtility17SetIconObjectDataEjRKN3app4tool27AppToolTrainerIconRendering16ICON_OBJECT_DATAEb,arm-none-eabi-g++ 16.2.0,SOURCE_WRITTEN,COMPILES,SEMANTIC_VERIFIED,ASM_DIFFERENT,NOT_RUNTIME_TESTED,,,static.crs,reagent,RETAIL_ORIGINAL_SYMBOL,Phase 4E cluster ca4665b030b9; gpt-5.4-mini reconstruction approved by gpt-5.4-mini
0x0035DDE0,0x54,src/reagent/yellow_clusters/cluster_73fab7003383.cpp,_ZN4gfl26Effect16EffectRenderPath9SetConfigERKNS1_6ConfigE,arm-none-eabi-g++ 16.2.0,SOURCE_WRITTEN,COMPILES,SEMANTIC_VERIFIED,ASM_DIFFERENT,NOT_RUNTIME_TESTED,,,static.crs,reagent,RETAIL_ORIGINAL_SYMBOL,Phase 4E cluster 73fab7003383; gpt-5.4-mini reconstruction approved by gpt-5.4-mini
0x002F0418,0x40,src/reagent/yellow_clusters/cluster_d2d42be86f80.cpp,_ZN3app4tool14ResourceLoader11RequestLoadEPNS_4util4HeapEjjbb,arm-none-eabi-g++ 16.2.0,SOURCE_WRITTEN,COMPILES,SEMANTIC_VERIFIED,ASM_DIFFERENT,NOT_RUNTIME_TESTED,,,static.crs,reagent,RETAIL_ORIGINAL_SYMBOL,Phase 4E cluster d2d42be86f80; gpt-5.4-mini reconstruction approved by gpt-5.4-mini
0x0048FDDC,0x5C,src/reagent/yellow_clusters/cluster_75799e37398d.cpp,_ZNK3pml8pokepara13EvolveManager16IsMegaEvolveItemE6MonsNot,arm-none-eabi-g++ 16.2.0,SOURCE_WRITTEN,COMPILES,SEMANTIC_VERIFIED,ASM_DIFFERENT,NOT_RUNTIME_TESTED,,,static.crs,reagent,RETAIL_ORIGINAL_SYMBOL,Phase 4E cluster 75799e37398d; gpt-5.4-mini reconstruction approved by gpt-5.4-mini
0x002EE738,0x48,src/reagent/yellow_clusters/cluster_35d92010ef07.cpp,_ZN3app4tool13CursorManagerC1EPKNS1_9MOVE_DATAEjhb,arm-none-eabi-g++ 16.2.0,SOURCE_WRITTEN,COMPILES,SEMANTIC_VERIFIED,ASM_DIFFERENT,NOT_RUNTIME_TESTED,,,static.crs,reagent,RETAIL_ORIGINAL_SYMBOL,Phase 4E cluster 35d92010ef07; gpt-5.4-mini reconstruction approved by gpt-5.4-mini
0x0049AA94,0x60,src/reagent/yellow_clusters/cluster_b91a9ebe30fa.cpp,_ZNK4gfl24heap11GflHeapBase22CalcAllocateAdjustSizeEi,arm-none-eabi-g++ 16.2.0,SOURCE_WRITTEN,COMPILES,SEMANTIC_VERIFIED,ASM_DIFFERENT,NOT_RUNTIME_TESTED,,,static.crs,reagent,RETAIL_ORIGINAL_SYMBOL,Phase 4E cluster b91a9ebe30fa; gpt-5.4-mini reconstruction approved by gpt-5.4-mini
0x002A7120,0x64,src/reagent/yellow_clusters/cluster_22fa6f292064.cpp,_ZN2nw3lyt6TexMap3SetEPKNS0_11TextureInfoE,arm-none-eabi-g++ 16.2.0,SOURCE_WRITTEN,COMPILES,SEMANTIC_VERIFIED,ASM_DIFFERENT,NOT_RUNTIME_TESTED,,,static.crs,reagent,RETAIL_ORIGINAL_SYMBOL,Phase 4E cluster 22fa6f292064; gpt-5.4-mini reconstruction approved by gpt-5.4-mini
0x00160460,0x80,src/reagent/yellow_clusters/cluster_731db088e630.cpp,_ZN16BSP_TRAINER_DATAC1EPN4gfl24heap11CtrHeapBaseE,arm-none-eabi-g++ 16.2.0,SOURCE_WRITTEN,COMPILES,SEMANTIC_VERIFIED,ASM_DIFFERENT,NOT_RUNTIME_TESTED,,,static.crs,reagent,RETAIL_ORIGINAL_SYMBOL,Phase 4E cluster 731db088e630; gpt-5.4-mini reconstruction approved by gpt-5.4-mini
0x0043A794,0x7C,src/reagent/yellow_clusters/cluster_e1303fcbd306.cpp,_ZN8Savedata12UnionPokemon15InitPokemonDataEPN4gfl24heap11CtrHeapBaseE,arm-none-eabi-g++ 16.2.0,SOURCE_WRITTEN,COMPILES,SEMANTIC_VERIFIED,ASM_DIFFERENT,NOT_RUNTIME_TESTED,,,static.crs,reagent,RETAIL_ORIGINAL_SYMBOL,Phase 4E cluster e1303fcbd306; gpt-5.4-mini reconstruction approved by gpt-5.4-mini
0x003E39B0,0x70,src/reagent/yellow_clusters/cluster_68136cd32e36.cpp,_ZN6System10MotionBlur15SetBlendControlERKNS0_5ParamE,arm-none-eabi-g++ 16.2.0,SOURCE_WRITTEN,COMPILES,SEMANTIC_VERIFIED,ASM_DIFFERENT,NOT_RUNTIME_TESTED,,,static.crs,reagent,RETAIL_ORIGINAL_SYMBOL,Phase 4E cluster 68136cd32e36; gpt-5.4-mini reconstruction approved by gpt-5.4-mini
0x0038E868,0x7C,src/reagent/yellow_clusters/cluster_88f759ca9d68.cpp,_ZN5Field17EventRizaadonRideC1EPN4gfl24heap11CtrHeapBaseE,arm-none-eabi-g++ 16.2.0,SOURCE_WRITTEN,COMPILES,SEMANTIC_VERIFIED,ASM_DIFFERENT,NOT_RUNTIME_TESTED,,,static.crs,reagent,RETAIL_ORIGINAL_SYMBOL,Phase 4E cluster 88f759ca9d68; gpt-5.4-mini reconstruction approved by gpt-5.4-mini
0x0041E6AC,0x7C,src/reagent/yellow_clusters/cluster_0936199ceadf.cpp,_ZN7trainer15TrainerPairData14SearchPairDataEjPj,arm-none-eabi-g++ 16.2.0,SOURCE_WRITTEN,COMPILES,SEMANTIC_VERIFIED,ASM_DIFFERENT,NOT_RUNTIME_TESTED,,,static.crs,reagent,RETAIL_ORIGINAL_SYMBOL,Phase 4E cluster 0936199ceadf; gpt-5.4-mini reconstruction approved by gpt-5.4-mini
0x00430E58,0x8C,src/reagent/yellow_clusters/cluster_d02fcee1dcdf.cpp,_ZN8PokeTool4form12SetHuupaFormEPN3pml8pokepara12PokemonParamEh,arm-none-eabi-g++ 16.2.0,SOURCE_WRITTEN,COMPILES,SEMANTIC_VERIFIED,ASM_DIFFERENT,NOT_RUNTIME_TESTED,,,static.crs,reagent,RETAIL_ORIGINAL_SYMBOL,Phase 4E cluster d02fcee1dcdf; gpt-5.4-mini reconstruction approved by gpt-5.4-mini
0x00430D04,0x70,src/reagent/yellow_clusters/cluster_0b9ee05b4add.cpp,_ZN8PokeTool4Mega12GetMegaIndexE6MonsNoh,arm-none-eabi-g++ 16.2.0,SOURCE_WRITTEN,COMPILES,SEMANTIC_VERIFIED,ASM_DIFFERENT,NOT_RUNTIME_TESTED,,,static.crs,reagent,RETAIL_ORIGINAL_SYMBOL,Phase 4E cluster 0b9ee05b4add; gpt-5.4-mini reconstruction approved by gpt-5.4-mini
0x002D1FA4,0x80,src/reagent/yellow_clusters/cluster_1ebb9f2c5645.cpp,_ZN3App4Tool23CommonMessageWindowViewC1ERKNS1_5PARAMEPNS1_13IEventHandlerE,arm-none-eabi-g++ 16.2.0,SOURCE_WRITTEN,COMPILES,SEMANTIC_VERIFIED,ASM_DIFFERENT,NOT_RUNTIME_TESTED,,,static.crs,reagent,RETAIL_ORIGINAL_SYMBOL,Phase 4E cluster 1ebb9f2c5645; gpt-5.4-mini reconstruction approved by gpt-5.4-mini
0x00453558,0x90,src/reagent/yellow_clusters/cluster_ee737fabb4bf.cpp,_ZN9NetAppLib11JoinFestaUI38JoinFestaPlayerListPlayerInfoUpperView22SetJoinFestaPlayerDataEPNS0_19JoinFestaPlayerDataE,arm-none-eabi-g++ 16.2.0,SOURCE_WRITTEN,COMPILES,SEMANTIC_VERIFIED,ASM_DIFFERENT,NOT_RUNTIME_TESTED,,,static.crs,reagent,RETAIL_ORIGINAL_SYMBOL,Phase 4E cluster ee737fabb4bf; gpt-5.4-mini reconstruction approved by gpt-5.4-mini
0x00395830,0x84,src/reagent/yellow_clusters/cluster_f31008660b1a.cpp,_ZN5Field5Event27EventPokeFinderForPlacementC1EPN4gfl24heap11CtrHeapBaseE,arm-none-eabi-g++ 16.2.0,SOURCE_WRITTEN,COMPILES,SEMANTIC_VERIFIED,ASM_DIFFERENT,NOT_RUNTIME_TESTED,,,static.crs,reagent,RETAIL_ORIGINAL_SYMBOL,Phase 4E cluster f31008660b1a; gpt-5.4-mini reconstruction approved by gpt-5.4-mini
0x003898A8,0x68,src/reagent/yellow_clusters/cluster_3adf8ec55146.cpp,_ZN5Field15EventAddPokemon12SetFadeParamEN4gfl24Fade4DISPENS2_9FADE_TYPEERKNS1_4math7Vector4ES8_jb,arm-none-eabi-g++ 16.2.0,SOURCE_WRITTEN,COMPILES,SEMANTIC_VERIFIED,ASM_DIFFERENT,NOT_RUNTIME_TESTED,,,static.crs,reagent,RETAIL_ORIGINAL_SYMBOL,Phase 4E cluster 3adf8ec55146; gpt-5.4-mini reconstruction approved by gpt-5.4-mini
0x0025E704,0x6C,src/reagent/yellow_clusters/cluster_1db8b5393de7.cpp,_ZN2nn3snd3CTR5Voice11SetMixParamERKNS1_8MixParamE,arm-none-eabi-g++ 16.2.0,SOURCE_WRITTEN,COMPILES,SEMANTIC_VERIFIED,ASM_DIFFERENT,NOT_RUNTIME_TESTED,,,static.crs,reagent,RETAIL_ORIGINAL_SYMBOL,Phase 4E cluster 1db8b5393de7; gpt-5.4-mini reconstruction approved by gpt-5.4-mini
0x0025ECF8,0x38,src/reagent/yellow_clusters/cluster_1db8b5393de7.cpp,_ZN2nn3snd3CTR5Voice13SetSampleRateEi,arm-none-eabi-g++ 16.2.0,SOURCE_WRITTEN,COMPILES,SEMANTIC_VERIFIED,ASM_DIFFERENT,NOT_RUNTIME_TESTED,,,static.crs,reagent,RETAIL_ORIGINAL_SYMBOL,Phase 4E cluster 1db8b5393de7; gpt-5.4-mini reconstruction approved by gpt-5.4-mini
0x0025EF30,0x20,src/reagent/yellow_clusters/cluster_1db8b5393de7.cpp,_ZN2nn3snd3CTR5Voice15SetChannelCountEi,arm-none-eabi-g++ 16.2.0,SOURCE_WRITTEN,COMPILES,SEMANTIC_VERIFIED,ASM_DIFFERENT,NOT_RUNTIME_TESTED,,,static.crs,reagent,RETAIL_ORIGINAL_SYMBOL,Phase 4E cluster 1db8b5393de7; gpt-5.4-mini reconstruction approved by gpt-5.4-mini
0x0025EF50,0x24,src/reagent/yellow_clusters/cluster_1db8b5393de7.cpp,_ZN2nn3snd3CTR5Voice15SetSampleFormatENS1_12SampleFormatE,arm-none-eabi-g++ 16.2.0,SOURCE_WRITTEN,COMPILES,SEMANTIC_VERIFIED,ASM_DIFFERENT,NOT_RUNTIME_TESTED,,,static.crs,reagent,RETAIL_ORIGINAL_SYMBOL,Phase 4E cluster 1db8b5393de7; gpt-5.4-mini reconstruction approved by gpt-5.4-mini
0x00236ED4,0x20,src/reagent/yellow_clusters/cluster_bb19f1bd662b.cpp,_ZN2nn3nex6StringC1EPKw,arm-none-eabi-g++ 16.2.0,SOURCE_WRITTEN,COMPILES,SEMANTIC_VERIFIED,ASM_DIFFERENT,NOT_RUNTIME_TESTED,,,static.crs,reagent,RETAIL_ORIGINAL_SYMBOL,Phase 4E cluster bb19f1bd662b; gpt-5.4-mini reconstruction approved by gpt-5.4-mini
0x00236F00,0x24,src/reagent/yellow_clusters/cluster_bb19f1bd662b.cpp,_ZN2nn3nex6StringC1ERKS1_,arm-none-eabi-g++ 16.2.0,SOURCE_WRITTEN,COMPILES,SEMANTIC_VERIFIED,ASM_DIFFERENT,NOT_RUNTIME_TESTED,,,static.crs,reagent,RETAIL_ORIGINAL_SYMBOL,Phase 4E cluster bb19f1bd662b; gpt-5.4-mini reconstruction approved by gpt-5.4-mini
0x00236F28,0x24,src/reagent/yellow_clusters/cluster_bb19f1bd662b.cpp,_ZN2nn3nex6StringC1Ev,arm-none-eabi-g++ 16.2.0,SOURCE_WRITTEN,COMPILES,SEMANTIC_VERIFIED,ASM_DIFFERENT,NOT_RUNTIME_TESTED,,,static.crs,reagent,RETAIL_ORIGINAL_SYMBOL,Phase 4E cluster bb19f1bd662b; gpt-5.4-mini reconstruction approved by gpt-5.4-mini
0x00236F84,0x44,src/reagent/yellow_clusters/cluster_bb19f1bd662b.cpp,_ZN2nn3nex6StringD1Ev,arm-none-eabi-g++ 16.2.0,SOURCE_WRITTEN,COMPILES,SEMANTIC_VERIFIED,ASM_DIFFERENT,NOT_RUNTIME_TESTED,,,static.crs,reagent,RETAIL_ORIGINAL_SYMBOL,Phase 4E cluster bb19f1bd662b; gpt-5.4-mini reconstruction approved by gpt-5.4-mini
0x002370AC,0x58,src/reagent/yellow_clusters/cluster_bb19f1bd662b.cpp,_ZN2nn3nex6StringaSERKS1_,arm-none-eabi-g++ 16.2.0,SOURCE_WRITTEN,COMPILES,SEMANTIC_VERIFIED,ASM_DIFFERENT,NOT_RUNTIME_TESTED,,,static.crs,reagent,RETAIL_ORIGINAL_SYMBOL,Phase 4E cluster bb19f1bd662b; gpt-5.4-mini reconstruction approved by gpt-5.4-mini
0x001754BC,0x10,src/reagent/yellow_clusters/cluster_f59f8b487567.cpp,_ZNK2nn3fnd11ExpHeapBase9GetSizeOfEPKv,arm-none-eabi-g++ 16.2.0,SOURCE_WRITTEN,COMPILES,SEMANTIC_VERIFIED,ASM_DIFFERENT,NOT_RUNTIME_TESTED,,,static.crs,reagent,RETAIL_ORIGINAL_SYMBOL,Phase 4E cluster f59f8b487567; gpt-5.4-mini reconstruction approved by gpt-5.4-mini
0x00478234,0x1C,src/reagent/yellow_clusters/cluster_f59f8b487567.cpp,_ZNK2nn3fnd11ExpHeapBase10HasAddressEPKv,arm-none-eabi-g++ 16.2.0,SOURCE_WRITTEN,COMPILES,SEMANTIC_VERIFIED,ASM_DIFFERENT,NOT_RUNTIME_TESTED,,,static.crs,reagent,RETAIL_ORIGINAL_SYMBOL,Phase 4E cluster f59f8b487567; gpt-5.4-mini reconstruction approved by gpt-5.4-mini
0x00174B58,0x20,src/reagent/yellow_clusters/cluster_f59f8b487567.cpp,_ZN2nn3fnd11ExpHeapBase4FreeEPv,arm-none-eabi-g++ 16.2.0,SOURCE_WRITTEN,COMPILES,SEMANTIC_VERIFIED,ASM_DIFFERENT,NOT_RUNTIME_TESTED,,,static.crs,reagent,RETAIL_ORIGINAL_SYMBOL,Phase 4E cluster f59f8b487567; gpt-5.4-mini reconstruction approved by gpt-5.4-mini
0x00174B98,0x64,src/reagent/yellow_clusters/cluster_f59f8b487567.cpp,_ZN2nn3fnd11ExpHeapBase8AllocateEjihNS1_14AllocationModeEb,arm-none-eabi-g++ 16.2.0,SOURCE_WRITTEN,COMPILES,SEMANTIC_VERIFIED,ASM_DIFFERENT,NOT_RUNTIME_TESTED,,,static.crs,reagent,RETAIL_ORIGINAL_SYMBOL,Phase 4E cluster f59f8b487567; gpt-5.4-mini reconstruction approved by gpt-5.4-mini
0x00483FB0,0x10,src/reagent/yellow_clusters/cluster_8e8768205c0c.cpp,_ZNK2nn3nex7qResultcvbEv,arm-none-eabi-g++ 16.2.0,SOURCE_WRITTEN,COMPILES,SEMANTIC_VERIFIED,ASM_DIFFERENT,NOT_RUNTIME_TESTED,,,static.crs,reagent,RETAIL_ORIGINAL_SYMBOL,Phase 4E cluster 8e8768205c0c; gpt-5.4-mini reconstruction approved by gpt-5.4-mini
0x00240C90,0x1C,src/reagent/yellow_clusters/cluster_8e8768205c0c.cpp,_ZN2nn3nex7qResultC1ERKi,arm-none-eabi-g++ 16.2.0,SOURCE_WRITTEN,COMPILES,SEMANTIC_VERIFIED,ASM_DIFFERENT,NOT_RUNTIME_TESTED,,,static.crs,reagent,RETAIL_ORIGINAL_SYMBOL,Phase 4E cluster 8e8768205c0c; gpt-5.4-mini reconstruction approved by gpt-5.4-mini
0x00240C5C,0x28,src/reagent/yellow_clusters/cluster_8e8768205c0c.cpp,_ZN2nn3nex7qResultC1ERKb,arm-none-eabi-g++ 16.2.0,SOURCE_WRITTEN,COMPILES,SEMANTIC_VERIFIED,ASM_DIFFERENT,NOT_RUNTIME_TESTED,,,static.crs,reagent,RETAIL_ORIGINAL_SYMBOL,Phase 4E cluster 8e8768205c0c; gpt-5.4-mini reconstruction approved by gpt-5.4-mini
0x002408B8,0x2C,src/reagent/yellow_clusters/cluster_7d1c82f7f54d.cpp,_ZN2nn3nex7qBuffer5clearEv,arm-none-eabi-g++ 16.2.0,SOURCE_WRITTEN,COMPILES,SEMANTIC_VERIFIED,ASM_DIFFERENT,NOT_RUNTIME_TESTED,,,static.crs,reagent,RETAIL_ORIGINAL_SYMBOL,Phase 4E cluster 7d1c82f7f54d; gpt-5.4-mini reconstruction approved by gpt-5.4-mini
0x002409AC,0x80,src/reagent/yellow_clusters/cluster_7d1c82f7f54d.cpp,_ZN2nn3nex7qBuffer9push_backEPKhj,arm-none-eabi-g++ 16.2.0,SOURCE_WRITTEN,COMPILES,SEMANTIC_VERIFIED,ASM_DIFFERENT,NOT_RUNTIME_TESTED,,,static.crs,reagent,RETAIL_ORIGINAL_SYMBOL,Phase 4E cluster 7d1c82f7f54d; gpt-5.4-mini reconstruction approved by gpt-5.4-mini
0x00240AE0,0x48,src/reagent/yellow_clusters/cluster_7d1c82f7f54d.cpp,_ZN2nn3nex7qBufferC1Ejj,arm-none-eabi-g++ 16.2.0,SOURCE_WRITTEN,COMPILES,SEMANTIC_VERIFIED,ASM_DIFFERENT,NOT_RUNTIME_TESTED,,,static.crs,reagent,RETAIL_ORIGINAL_SYMBOL,Phase 4E cluster 7d1c82f7f54d; gpt-5.4-mini reconstruction approved by gpt-5.4-mini
0x00240BA0,0x50,src/reagent/yellow_clusters/cluster_7d1c82f7f54d.cpp,_ZN2nn3nex7qBufferD1Ev,arm-none-eabi-g++ 16.2.0,SOURCE_WRITTEN,COMPILES,SEMANTIC_VERIFIED,ASM_DIFFERENT,NOT_RUNTIME_TESTED,,,static.crs,reagent,RETAIL_ORIGINAL_SYMBOL,Phase 4E cluster 7d1c82f7f54d; gpt-5.4-mini reconstruction approved by gpt-5.4-mini
0x002348B8,0x0C,src/reagent/yellow_clusters/cluster_af04b662e1f2.cpp,_ZN2nn3nex6Buffer20GetDefaultBufferSizeEv,arm-none-eabi-g++ 16.2.0,SOURCE_WRITTEN,COMPILES,SEMANTIC_VERIFIED,ASM_DIFFERENT,NOT_RUNTIME_TESTED,,,static.crs,reagent,RETAIL_ORIGINAL_SYMBOL,Phase 4E cluster af04b662e1f2; gpt-5.4-mini reconstruction approved by gpt-5.4-mini
0x0023448C,0x30,src/reagent/yellow_clusters/cluster_af04b662e1f2.cpp,_ZN2nn3nex6Buffer10InitializeEjh,arm-none-eabi-g++ 16.2.0,SOURCE_WRITTEN,COMPILES,SEMANTIC_VERIFIED,ASM_DIFFERENT,NOT_RUNTIME_TESTED,,,static.crs,reagent,RETAIL_ORIGINAL_SYMBOL,Phase 4E cluster af04b662e1f2; gpt-5.4-mini reconstruction approved by gpt-5.4-mini
0x00106398,0x1C,src/reagent/yellow_clusters/cluster_6c02090f7f82.cpp,_ZN2nn2os15CriticalSection10InitializeEv,arm-none-eabi-g++ 16.2.0,SOURCE_WRITTEN,COMPILES,SEMANTIC_VERIFIED,ASM_DIFFERENT,NOT_RUNTIME_TESTED,,,static.crs,reagent,RETAIL_ORIGINAL_SYMBOL,Phase 4E cluster 6c02090f7f82; gpt-5.4-mini reconstruction approved by gpt-5.4-mini
0x00107730,0x20,src/reagent/yellow_clusters/cluster_6c02090f7f82.cpp,_ZN2nn2os15CriticalSection5LeaveEv,arm-none-eabi-g++ 16.2.0,SOURCE_WRITTEN,COMPILES,SEMANTIC_VERIFIED,ASM_DIFFERENT,NOT_RUNTIME_TESTED,,,static.crs,reagent,RETAIL_ORIGINAL_SYMBOL,Phase 4E cluster 6c02090f7f82; gpt-5.4-mini reconstruction approved by gpt-5.4-mini
0x0018DD10,0x3C,src/reagent/yellow_clusters/cluster_a84f28cb3f57.cpp,_ZN2nn3nex12StringStreamC1Ev,arm-none-eabi-g++ 16.2.0,SOURCE_WRITTEN,COMPILES,SEMANTIC_VERIFIED,ASM_DIFFERENT,NOT_RUNTIME_TESTED,,,static.crs,reagent,RETAIL_ORIGINAL_SYMBOL,Phase 4E cluster a84f28cb3f57; gpt-5.4-mini reconstruction approved by gpt-5.4-mini
0x0018DD80,0x48,src/reagent/yellow_clusters/cluster_a84f28cb3f57.cpp,_ZN2nn3nex12StringStreamD1Ev,arm-none-eabi-g++ 16.2.0,SOURCE_WRITTEN,COMPILES,SEMANTIC_VERIFIED,ASM_DIFFERENT,NOT_RUNTIME_TESTED,,,static.crs,reagent,RETAIL_ORIGINAL_SYMBOL,Phase 4E cluster a84f28cb3f57; gpt-5.4-mini reconstruction approved by gpt-5.4-mini
0x0017A54C,0x24,src/reagent/yellow_clusters/cluster_18a3d2c26b7e.cpp,_ZN2nn3nex10RootObjectdlEPv,arm-none-eabi-g++ 16.2.0,SOURCE_WRITTEN,COMPILES,SEMANTIC_VERIFIED,ASM_DIFFERENT,NOT_RUNTIME_TESTED,,,static.crs,reagent,RETAIL_ORIGINAL_SYMBOL,Phase 4E cluster 18a3d2c26b7e; gpt-5.4-mini reconstruction approved by gpt-5.4-mini
0x0017C98C,0x10,src/reagent/yellow_clusters/cluster_443b6bb4a459.cpp,_ZN2nn3nex11CallContext7SetFlagEj,arm-none-eabi-g++ 16.2.0,SOURCE_WRITTEN,COMPILES,SEMANTIC_VERIFIED,ASM_DIFFERENT,NOT_RUNTIME_TESTED,,,static.crs,reagent,RETAIL_ORIGINAL_SYMBOL,Phase 4E cluster 443b6bb4a459; gpt-5.4-mini reconstruction approved by gpt-5.4-mini
0x0017C614,0x20,src/reagent/yellow_clusters/cluster_443b6bb4a459.cpp,_ZN2nn3nex11CallContext26RegisterCompletionCallbackEPNS0_12CallbackRootEbb,arm-none-eabi-g++ 16.2.0,SOURCE_WRITTEN,COMPILES,SEMANTIC_VERIFIED,ASM_DIFFERENT,NOT_RUNTIME_TESTED,,,static.crs,reagent,RETAIL_ORIGINAL_SYMBOL,Phase 4E cluster 443b6bb4a459; gpt-5.4-mini reconstruction approved by gpt-5.4-mini
0x002691F0,0x50,src/reagent/yellow_clusters/cluster_86bac9be8b4a.cpp,_ZN2nn4jpeg3CTR13JpegMpDecoder10InitializeEPvj,arm-none-eabi-g++ 16.2.0,SOURCE_WRITTEN,COMPILES,SEMANTIC_VERIFIED,ASM_DIFFERENT,NOT_RUNTIME_TESTED,,,static.crs,reagent,RETAIL_ORIGINAL_SYMBOL,Phase 4E cluster 86bac9be8b4a; gpt-5.4-mini reconstruction approved by gpt-5.4-mini
0x00269380,0x9C,src/reagent/yellow_clusters/cluster_86bac9be8b4a.cpp,_ZN2nn4jpeg3CTR13JpegMpDecoder16StartJpegDecoderEPvjPKhjjjNS1_11PixelFormatEb,arm-none-eabi-g++ 16.2.0,SOURCE_WRITTEN,COMPILES,SEMANTIC_VERIFIED,ASM_DIFFERENT,NOT_RUNTIME_TESTED,,,static.crs,reagent,RETAIL_ORIGINAL_SYMBOL,Phase 4E cluster 86bac9be8b4a; gpt-5.4-mini reconstruction approved by gpt-5.4-mini
0x00269428,0x110,src/reagent/yellow_clusters/cluster_86bac9be8b4a.cpp,_ZN2nn4jpeg3CTR13JpegMpDecoder22StartJpegDecoderShrinkEPvjPKhjjjNS1_11PixelFormatEbj,arm-none-eabi-g++ 16.2.0,SOURCE_WRITTEN,COMPILES,SEMANTIC_VERIFIED,ASM_DIFFERENT,NOT_RUNTIME_TESTED,,,static.crs,reagent,RETAIL_ORIGINAL_SYMBOL,Phase 4E cluster 86bac9be8b4a; gpt-5.4-mini reconstruction approved by gpt-5.4-mini
0x0026941C,0x08,src/reagent/yellow_clusters/cluster_86bac9be8b4a.cpp,_ZN2nn4jpeg3CTR13JpegMpDecoder17GetWorkBufferSizeEv,arm-none-eabi-g++ 16.2.0,SOURCE_WRITTEN,COMPILES,SEMANTIC_VERIFIED,ASM_DIFFERENT,NOT_RUNTIME_TESTED,,,static.crs,reagent,RETAIL_ORIGINAL_SYMBOL,Phase 4E cluster 86bac9be8b4a; gpt-5.4-mini reconstruction approved by gpt-5.4-mini
0x00109174,0x3C,src/reagent/yellow_clusters/cluster_7f13475fdc14.cpp,_ZN2nn4math5ARMv616VEC3TransformAsmEPNS0_4VEC3EPKNS0_5MTX34EPKS2_,arm-none-eabi-g++ 16.2.0,SOURCE_WRITTEN,COMPILES,SEMANTIC_VERIFIED,ASM_DIFFERENT,NOT_RUNTIME_TESTED,,,static.crs,reagent,RETAIL_ORIGINAL_SYMBOL,Phase 4E cluster 7f13475fdc14; gpt-5.4-mini reconstruction approved by gpt-5.4-mini
0x00108F54,0xE4,src/reagent/yellow_clusters/cluster_7f13475fdc14.cpp,_ZN2nn4math5ARMv612MTX34MultAsmEPNS0_5MTX34EPKS2_S5_,arm-none-eabi-g++ 16.2.0,SOURCE_WRITTEN,COMPILES,SEMANTIC_VERIFIED,ASM_DIFFERENT,NOT_RUNTIME_TESTED,,,static.crs,reagent,RETAIL_ORIGINAL_SYMBOL,Phase 4E cluster 7f13475fdc14; gpt-5.4-mini reconstruction approved by gpt-5.4-mini
0x001091CC,0x15C,src/reagent/yellow_clusters/cluster_7f13475fdc14.cpp,_ZN2nn4math5ARMv612MTX44MultAsmEPNS0_5MTX44EPKS2_S5_,arm-none-eabi-g++ 16.2.0,SOURCE_WRITTEN,COMPILES,SEMANTIC_VERIFIED,ASM_DIFFERENT,NOT_RUNTIME_TESTED,,,static.crs,reagent,RETAIL_ORIGINAL_SYMBOL,Phase 4E cluster 7f13475fdc14; gpt-5.4-mini reconstruction approved by gpt-5.4-mini
0x00109038,0x20,src/reagent/yellow_clusters/cluster_7f13475fdc14.cpp,_ZN2nn4math5ARMv612MTX34CopyAsmEPNS0_5MTX34EPKS2_,arm-none-eabi-g++ 16.2.0,SOURCE_WRITTEN,COMPILES,SEMANTIC_VERIFIED,ASM_DIFFERENT,NOT_RUNTIME_TESTED,,,static.crs,reagent,RETAIL_ORIGINAL_SYMBOL,Phase 4E cluster 7f13475fdc14; gpt-5.4-mini reconstruction approved by gpt-5.4-mini
0x00269898,0x2C,src/reagent/yellow_clusters/cluster_5ea32ceec013.cpp,_ZN2nn4jpeg3CTR13JpegMpEncoder17GetWorkBufferSizeEj,arm-none-eabi-g++ 16.2.0,SOURCE_WRITTEN,COMPILES,SEMANTIC_VERIFIED,ASM_DIFFERENT,NOT_RUNTIME_TESTED,,,static.crs,reagent,RETAIL_ORIGINAL_SYMBOL,Phase 4E cluster 5ea32ceec013; gpt-5.4-mini reconstruction approved by gpt-5.4-mini
0x00269830,0x68,src/reagent/yellow_clusters/cluster_5ea32ceec013.cpp,_ZN2nn4jpeg3CTR13JpegMpEncoder16StartJpegEncoderEPhjPKvjjjNS1_13PixelSamplingENS1_11PixelFormatEb,arm-none-eabi-g++ 16.2.0,SOURCE_WRITTEN,COMPILES,SEMANTIC_VERIFIED,ASM_DIFFERENT,NOT_RUNTIME_TESTED,,,static.crs,reagent,RETAIL_ORIGINAL_SYMBOL,Phase 4E cluster 5ea32ceec013; gpt-5.4-mini reconstruction approved by gpt-5.4-mini
0x0022AC40,0x1C,src/reagent/yellow_clusters/cluster_2db642366aaa.cpp,_ZN2nn3nex31_DDL_GlobalTradeStationTradeKeyaSERKS1_,arm-none-eabi-g++ 16.2.0,SOURCE_WRITTEN,COMPILES,SEMANTIC_VERIFIED,ASM_DIFFERENT,NOT_RUNTIME_TESTED,,,static.crs,reagent,RETAIL_ORIGINAL_SYMBOL,Phase 4E cluster 2db642366aaa; gpt-5.4-mini reconstruction approved by gpt-5.4-mini
0x00279590,0xA8,src/reagent/yellow_clusters/cluster_5368970dc5f4.cpp,_ZN2nn6aacdec3CTR16GetAdtsFrameSizeEPKh,arm-none-eabi-g++ 16.2.0,SOURCE_WRITTEN,COMPILES,SEMANTIC_VERIFIED,ASM_DIFFERENT,NOT_RUNTIME_TESTED,,,static.crs,reagent,RETAIL_ORIGINAL_SYMBOL,Phase 4E cluster 5368970dc5f4; gpt-5.4-mini reconstruction approved by gpt-5.4-mini
0x00169534,0x18,src/reagent/yellow_clusters/cluster_7c07086b7ca2.cpp,_ZN2nn2fs3CTR6MPCore6detail14UserFileSystem9CloseFileEPv,arm-none-eabi-g++ 16.2.0,SOURCE_WRITTEN,COMPILES,SEMANTIC_VERIFIED,ASM_DIFFERENT,NOT_RUNTIME_TESTED,,,static.crs,reagent,RETAIL_ORIGINAL_SYMBOL,Phase 4E cluster 7c07086b7ca2; gpt-5.4-mini reconstruction approved by gpt-5.4-mini
0x00168F10,0x90,src/reagent/yellow_clusters/cluster_7c07086b7ca2.cpp,_ZN2nn2fs3CTR6MPCore6detail14UserFileSystem11TryOpenFileEPPvPKwj,arm-none-eabi-g++ 16.2.0,SOURCE_WRITTEN,COMPILES,SEMANTIC_VERIFIED,ASM_DIFFERENT,NOT_RUNTIME_TESTED,,,static.crs,reagent,RETAIL_ORIGINAL_SYMBOL,Phase 4E cluster 7c07086b7ca2; gpt-5.4-mini reconstruction approved by gpt-5.4-mini
0x003E7734,0x60,src/reagent/yellow_clusters/cluster_b193e7484e8d.cpp,_ZN6System3CTR15RegionNameCacheC1EPKwPh,arm-none-eabi-g++ 16.2.0,SOURCE_WRITTEN,COMPILES,SEMANTIC_VERIFIED,ASM_DIFFERENT,NOT_RUNTIME_TESTED,,,static.crs,reagent,RETAIL_ORIGINAL_SYMBOL,Phase 4E cluster b193e7484e8d; gpt-5.4-mini reconstruction approved by gpt-5.4-mini
0x00109328,0x3C,src/reagent/yellow_clusters/cluster_71be24bcee40.cpp,_ZN2nn2gr3CTR19CopyMtx34WithHeaderEPfPKNS_4math5MTX34Ej,arm-none-eabi-g++ 16.2.0,SOURCE_WRITTEN,COMPILES,SEMANTIC_VERIFIED,ASM_DIFFERENT,NOT_RUNTIME_TESTED,,,static.crs,reagent,RETAIL_ORIGINAL_SYMBOL,Phase 4E cluster 71be24bcee40; gpt-5.4-mini reconstruction approved by gpt-5.4-mini
0x00109364,0x4C,src/reagent/yellow_clusters/cluster_71be24bcee40.cpp,_ZN2nn2gr3CTR19CopyMtx44WithHeaderEPfPKNS_4math5MTX44Ej,arm-none-eabi-g++ 16.2.0,SOURCE_WRITTEN,COMPILES,SEMANTIC_VERIFIED,ASM_DIFFERENT,NOT_RUNTIME_TESTED,,,static.crs,reagent,RETAIL_ORIGINAL_SYMBOL,Phase 4E cluster 71be24bcee40; gpt-5.4-mini reconstruction approved by gpt-5.4-mini
0x003234C0,0x28,src/reagent/yellow_clusters/cluster_a49044669e73.cpp,_ZN4gfl215renderingengine10scenegraph8instance12DrawableNode10SetVisibleEi,arm-none-eabi-g++ 16.2.0,SOURCE_WRITTEN,COMPILES,SEMANTIC_VERIFIED,ASM_DIFFERENT,NOT_RUNTIME_TESTED,,,static.crs,reagent,RETAIL_ORIGINAL_SYMBOL,Phase 4E cluster a49044669e73; gpt-5.4-mini reconstruction approved by gpt-5.4-mini
0x00163BA0,0x20,src/reagent/yellow_clusters/cluster_7f856098a5a6.cpp,_ZN2mw3qre9QREncoderD1Ev,arm-none-eabi-g++ 16.2.0,SOURCE_WRITTEN,COMPILES,SEMANTIC_VERIFIED,ASM_DIFFERENT,NOT_RUNTIME_TESTED,,,static.crs,reagent,RETAIL_ORIGINAL_SYMBOL,Phase 4E cluster 7f856098a5a6; gpt-5.4-mini reconstruction approved by gpt-5.4-mini
0x0051AFA8,0x0C,src/reagent/yellow_clusters/cluster_8755353c3a34.cpp,_ZN4gfl24pawn8PawnBase20RegisterPawnFunctionEPK18tagAMX_NATIVE_INFO,arm-none-eabi-g++ 16.2.0,SOURCE_WRITTEN,COMPILES,SEMANTIC_VERIFIED,ASM_DIFFERENT,NOT_RUNTIME_TESTED,,,static.crs,reagent,RETAIL_ORIGINAL_SYMBOL,Phase 4E cluster 8755353c3a34; gpt-5.4-mini reconstruction approved by gpt-5.4-mini
0x00437A54,0x14,src/reagent/yellow_clusters/cluster_267bc2ab9768.cpp,_ZN8Savedata10ConfigSave10IsJapaneseEv,arm-none-eabi-g++ 16.2.0,SOURCE_WRITTEN,COMPILES,SEMANTIC_VERIFIED,ASM_DIFFERENT,NOT_RUNTIME_TESTED,,,static.crs,reagent,RETAIL_ORIGINAL_SYMBOL,Phase 4E cluster 267bc2ab9768; gpt-5.4-mini reconstruction approved by gpt-5.4-mini
0x00493F14,0x14,src/reagent/yellow_clusters/cluster_8645947e2b2d.cpp,_ZNK3pml9PokeParty6IsFullEv,arm-none-eabi-g++ 16.2.0,SOURCE_WRITTEN,COMPILES,SEMANTIC_VERIFIED,ASM_DIFFERENT,NOT_RUNTIME_TESTED,,,static.crs,reagent,RETAIL_ORIGINAL_SYMBOL,Phase 4E cluster 8645947e2b2d; gpt-5.4-mini reconstruction approved by gpt-5.4-mini
0x00470910,0x14,src/reagent/yellow_clusters/cluster_ef5d104df5d3.cpp,_ZN9NetAppLib9JoinFesta26JoinFestaAttractionManager12IsEndRequestEv,arm-none-eabi-g++ 16.2.0,SOURCE_WRITTEN,COMPILES,SEMANTIC_VERIFIED,ASM_DIFFERENT,NOT_RUNTIME_TESTED,,,static.crs,reagent,RETAIL_ORIGINAL_SYMBOL,Phase 4E cluster ef5d104df5d3; gpt-5.4-mini reconstruction approved by gpt-5.4-mini
0x0048E91C,0x14,src/reagent/yellow_clusters/cluster_b87e102485a7.cpp,_ZNK3app4util19AppRenderingManager9IsCreatedEv,arm-none-eabi-g++ 16.2.0,SOURCE_WRITTEN,COMPILES,SEMANTIC_VERIFIED,ASM_DIFFERENT,NOT_RUNTIME_TESTED,,,static.crs,reagent,RETAIL_ORIGINAL_SYMBOL,Phase 4E cluster b87e102485a7; gpt-5.4-mini reconstruction approved by gpt-5.4-mini
0x00438AC0,0x18,src/reagent/yellow_clusters/cluster_4c48e65f112b.cpp,_ZN8Savedata10ResortSave17GetUseBeansBottleEv,arm-none-eabi-g++ 16.2.0,SOURCE_WRITTEN,COMPILES,SEMANTIC_VERIFIED,ASM_DIFFERENT,NOT_RUNTIME_TESTED,,,static.crs,reagent,RETAIL_ORIGINAL_SYMBOL,Phase 4E cluster 4c48e65f112b; gpt-5.4-mini reconstruction approved by gpt-5.4-mini
0x00383428,0x18,src/reagent/yellow_clusters/cluster_bd07bbe4d2a1.cpp,_ZN5Field11FieldScript4Work17IsTargetObjidNoneEv,arm-none-eabi-g++ 16.2.0,SOURCE_WRITTEN,COMPILES,SEMANTIC_VERIFIED,ASM_DIFFERENT,NOT_RUNTIME_TESTED,,,static.crs,reagent,RETAIL_ORIGINAL_SYMBOL,Phase 4E cluster bd07bbe4d2a1; gpt-5.4-mini reconstruction approved by gpt-5.4-mini
0x004A6F68,0x24,src/reagent/yellow_clusters/cluster_5c036ee19f1c.cpp,_ZNK8Savedata15MysteryGiftSave15GetGiftDataTypeEj,arm-none-eabi-g++ 16.2.0,SOURCE_WRITTEN,COMPILES,SEMANTIC_VERIFIED,ASM_DIFFERENT,NOT_RUNTIME_TESTED,,,static.crs,reagent,RETAIL_ORIGINAL_SYMBOL,Phase 4E cluster 5c036ee19f1c; gpt-5.4-mini reconstruction approved by gpt-5.4-mini
0x00382FE0,0x30,src/reagent/yellow_clusters/cluster_995626918ac9.cpp,_ZN5Field11FieldScript22ScriptMoveModelManager16ResourceIsLoadedEi,arm-none-eabi-g++ 16.2.0,SOURCE_WRITTEN,COMPILES,SEMANTIC_VERIFIED,ASM_DIFFERENT,NOT_RUNTIME_TESTED,,,static.crs,reagent,RETAIL_ORIGINAL_SYMBOL,Phase 4E cluster 995626918ac9; gpt-5.4-mini reconstruction approved by gpt-5.4-mini
0x0048D568,0x48,src/reagent/yellow_clusters/cluster_9708cd3434df.cpp,_ZNK3app4sort12StringBinary32GetInitialIndexToSortHeaderIndexEjRjS2_,arm-none-eabi-g++ 16.2.0,SOURCE_WRITTEN,COMPILES,SEMANTIC_VERIFIED,ASM_DIFFERENT,NOT_RUNTIME_TESTED,,,static.crs,reagent,RETAIL_ORIGINAL_SYMBOL,Phase 4E cluster 9708cd3434df; gpt-5.4-mini reconstruction approved by gpt-5.4-mini
0x00161824,0x50,src/reagent/yellow_clusters/cluster_e25dd24eb325.cpp,_ZN26FullPowerEffectRenderPath0C1EPN4gfl23gfx12IGLAllocatorE,arm-none-eabi-g++ 16.2.0,SOURCE_WRITTEN,COMPILES,SEMANTIC_VERIFIED,ASM_DIFFERENT,NOT_RUNTIME_TESTED,,,static.crs,reagent,RETAIL_ORIGINAL_SYMBOL,Phase 4E cluster e25dd24eb325; gpt-5.4-mini reconstruction approved by gpt-5.4-mini
0x002E9D4C,0x54,src/reagent/yellow_clusters/cluster_0888130be52b.cpp,_ZN3app4tool10MenuCursor9IsVisibleEj,arm-none-eabi-g++ 16.2.0,SOURCE_WRITTEN,COMPILES,SEMANTIC_VERIFIED,ASM_DIFFERENT,NOT_RUNTIME_TESTED,,,static.crs,reagent,RETAIL_ORIGINAL_SYMBOL,Phase 4E cluster 0888130be52b; gpt-5.4-mini reconstruction approved by gpt-5.4-mini
0x0030DAC4,0x60,src/reagent/yellow_clusters/cluster_ca323f54ecb5.cpp,_ZN3app4util25AppQRTextureCreateUtilityC1EPN4gfl24heap11CtrHeapBaseEj,arm-none-eabi-g++ 16.2.0,SOURCE_WRITTEN,COMPILES,SEMANTIC_VERIFIED,ASM_DIFFERENT,NOT_RUNTIME_TESTED,,,static.crs,reagent,RETAIL_ORIGINAL_SYMBOL,Phase 4E cluster ca323f54ecb5; gpt-5.4-mini reconstruction approved by gpt-5.4-mini
0x002EC050,0x10,src/reagent/yellow_clusters/cluster_fc919d01a5b5.cpp,_ZN3app4tool13ButtonManager14ResetHoldStateEv,arm-none-eabi-g++ 16.2.0,SOURCE_WRITTEN,COMPILES,SEMANTIC_VERIFIED,ASM_DIFFERENT,NOT_RUNTIME_TESTED,,,static.crs,reagent,RETAIL_ORIGINAL_SYMBOL,Phase 4E cluster fc919d01a5b5; gpt-5.4-mini reconstruction approved by gpt-5.4-mini
0x0048D9E8,0x10,src/reagent/yellow_clusters/cluster_fc919d01a5b5.cpp,_ZNK3app4tool13ButtonManager18GetHoldingButtonIdEv,arm-none-eabi-g++ 16.2.0,SOURCE_WRITTEN,COMPILES,SEMANTIC_VERIFIED,ASM_DIFFERENT,NOT_RUNTIME_TESTED,,,static.crs,reagent,RETAIL_ORIGINAL_SYMBOL,Phase 4E cluster fc919d01a5b5; gpt-5.4-mini reconstruction approved by gpt-5.4-mini
0x0048D9F8,0x10,src/reagent/yellow_clusters/cluster_fc919d01a5b5.cpp,_ZNK3app4tool13ButtonManager19GetSelectedButtonIdEv,arm-none-eabi-g++ 16.2.0,SOURCE_WRITTEN,COMPILES,SEMANTIC_VERIFIED,ASM_DIFFERENT,NOT_RUNTIME_TESTED,,,static.crs,reagent,RETAIL_ORIGINAL_SYMBOL,Phase 4E cluster fc919d01a5b5; gpt-5.4-mini reconstruction approved by gpt-5.4-mini
0x0043B6DC,0x10,src/reagent/yellow_clusters/cluster_cdbe4ada1ae3.cpp,_ZN8Savedata14PokeFinderSave16SetCameraVersionEt,arm-none-eabi-g++ 16.2.0,SOURCE_WRITTEN,COMPILES,SEMANTIC_VERIFIED,ASM_DIFFERENT,NOT_RUNTIME_TESTED,,,static.crs,reagent,RETAIL_ORIGINAL_SYMBOL,Phase 4E cluster cdbe4ada1ae3; gpt-5.4-mini reconstruction approved by gpt-5.4-mini
0x0043B6EC,0x18,src/reagent/yellow_clusters/cluster_cdbe4ada1ae3.cpp,_ZN8Savedata14PokeFinderSave16SetTutorialFlagsEtb,arm-none-eabi-g++ 16.2.0,SOURCE_WRITTEN,COMPILES,SEMANTIC_VERIFIED,ASM_DIFFERENT,NOT_RUNTIME_TESTED,,,static.crs,reagent,RETAIL_ORIGINAL_SYMBOL,Phase 4E cluster cdbe4ada1ae3; gpt-5.4-mini reconstruction approved by gpt-5.4-mini
0x004A8500,0x10,src/reagent/yellow_clusters/cluster_241b4ec3a3b9.cpp,_ZNK8Savedata8MyStatus13GetNameStringEPN4gfl23str6StrBufE,arm-none-eabi-g++ 16.2.0,SOURCE_WRITTEN,COMPILES,SEMANTIC_VERIFIED,ASM_DIFFERENT,NOT_RUNTIME_TESTED,,,static.crs,reagent,RETAIL_ORIGINAL_SYMBOL,Phase 4E cluster 241b4ec3a3b9; gpt-5.4-mini reconstruction approved by gpt-5.4-mini
0x003566F0,0x14,src/reagent/yellow_clusters/cluster_241b4ec3a3b9.cpp,_ZNK8Savedata8MyStatus13GetNameStringEPw,arm-none-eabi-g++ 16.2.0,SOURCE_WRITTEN,COMPILES,SEMANTIC_VERIFIED,ASM_DIFFERENT,NOT_RUNTIME_TESTED,,,static.crs,reagent,RETAIL_ORIGINAL_SYMBOL,Phase 4E cluster 241b4ec3a3b9; gpt-5.4-mini reconstruction approved by gpt-5.4-mini
0x002E877C,0x14,src/reagent/yellow_clusters/cluster_5f7298b0db2b.cpp,_ZN3app4sort13StringTokuseiC1Ev,arm-none-eabi-g++ 16.2.0,SOURCE_WRITTEN,COMPILES,SEMANTIC_VERIFIED,ASM_DIFFERENT,NOT_RUNTIME_TESTED,,,static.crs,reagent,RETAIL_ORIGINAL_SYMBOL,Phase 4E cluster 5f7298b0db2b; gpt-5.4-mini reconstruction approved by gpt-5.4-mini
0x002E8760,0x1C,src/reagent/yellow_clusters/cluster_5f7298b0db2b.cpp,_ZN3app4sort13StringTokusei4LoadEPN4gfl24heap11CtrHeapBaseE,arm-none-eabi-g++ 16.2.0,SOURCE_WRITTEN,COMPILES,SEMANTIC_VERIFIED,ASM_DIFFERENT,NOT_RUNTIME_TESTED,,,static.crs,reagent,RETAIL_ORIGINAL_SYMBOL,Phase 4E cluster 5f7298b0db2b; gpt-5.4-mini reconstruction approved by gpt-5.4-mini
0x002EEAF8,0x10,src/reagent/yellow_clusters/cluster_6a269dd2233f.cpp,_ZN3app4tool18InfoWindowBookType16StartAsyncCreateEPNS_4util4HeapEPNS2_19AppRenderingManagerEjPNS0_21InfoWindowDataManagerE,arm-none-eabi-g++ 16.2.0,SOURCE_WRITTEN,COMPILES,SEMANTIC_VERIFIED,ASM_DIFFERENT,NOT_RUNTIME_TESTED,,,static.crs,reagent,RETAIL_ORIGINAL_SYMBOL,Phase 4E cluster 6a269dd2233f; gpt-5.4-mini reconstruction approved by gpt-5.4-mini
0x003F49B8,0x18,src/reagent/yellow_clusters/cluster_7e9fe26d39d3.cpp,_ZN7gflnet212ServerClient26ServerClientRequestManager10InitializeEPN4gfl24heap11CtrHeapBaseE,arm-none-eabi-g++ 16.2.0,SOURCE_WRITTEN,COMPILES,SEMANTIC_VERIFIED,ASM_DIFFERENT,NOT_RUNTIME_TESTED,,,static.crs,reagent,RETAIL_ORIGINAL_SYMBOL,Phase 4E cluster 7e9fe26d39d3; gpt-5.4-mini reconstruction approved by gpt-5.4-mini
0x003F49D0,0x30,src/reagent/yellow_clusters/cluster_7e9fe26d39d3.cpp,_ZN7gflnet212ServerClient26ServerClientRequestManager13CancelRequestEy,arm-none-eabi-g++ 16.2.0,SOURCE_WRITTEN,COMPILES,SEMANTIC_VERIFIED,ASM_DIFFERENT,NOT_RUNTIME_TESTED,,,static.crs,reagent,RETAIL_ORIGINAL_SYMBOL,Phase 4E cluster 7e9fe26d39d3; gpt-5.4-mini reconstruction approved by gpt-5.4-mini
0x00459580,0x10,src/reagent/yellow_clusters/cluster_ffac94bf8c02.cpp,_ZN9NetAppLib2UI16NetAppCursorView19SetCursorControllerEPN3app4tool16CursorControllerE,arm-none-eabi-g++ 16.2.0,SOURCE_WRITTEN,COMPILES,SEMANTIC_VERIFIED,ASM_DIFFERENT,NOT_RUNTIME_TESTED,,,static.crs,reagent,RETAIL_ORIGINAL_SYMBOL,Phase 4E cluster ffac94bf8c02; gpt-5.4-mini reconstruction approved by gpt-5.4-mini
0x00459400,0x50,src/reagent/yellow_clusters/cluster_ffac94bf8c02.cpp,_ZN9NetAppLib2UI16NetAppCursorView13ReleaseCursorEv,arm-none-eabi-g++ 16.2.0,SOURCE_WRITTEN,COMPILES,SEMANTIC_VERIFIED,ASM_DIFFERENT,NOT_RUNTIME_TESTED,,,static.crs,reagent,RETAIL_ORIGINAL_SYMBOL,Phase 4E cluster ffac94bf8c02; gpt-5.4-mini reconstruction approved by gpt-5.4-mini
0x002FBB40,0x40,src/reagent/yellow_clusters/cluster_3eea65410eb0.cpp,_ZN3app4tool25AppToolHPGaugePartsLayout14SetTextVisibleEb,arm-none-eabi-g++ 16.2.0,SOURCE_WRITTEN,COMPILES,SEMANTIC_VERIFIED,ASM_DIFFERENT,NOT_RUNTIME_TESTED,,,static.crs,reagent,RETAIL_ORIGINAL_SYMBOL,Phase 4E cluster 3eea65410eb0; gpt-5.4-mini reconstruction approved by gpt-5.4-mini
0x002FBBD4,0x38,src/reagent/yellow_clusters/cluster_3eea65410eb0.cpp,_ZN3app4tool25AppToolHPGaugePartsLayout9SetNumberEii,arm-none-eabi-g++ 16.2.0,SOURCE_WRITTEN,COMPILES,SEMANTIC_VERIFIED,ASM_DIFFERENT,NOT_RUNTIME_TESTED,,,static.crs,reagent,RETAIL_ORIGINAL_SYMBOL,Phase 4E cluster 3eea65410eb0; gpt-5.4-mini reconstruction approved by gpt-5.4-mini
0x002FCDF4,0x70,src/reagent/yellow_clusters/cluster_a1f5eddb7c1c.cpp,_ZN3app4tool27AppToolTrainerIconRendering16ICON_OBJECT_DATA18ConvToMyStatusIconEPN8Savedata8MyStatus9ICON_DATAE,arm-none-eabi-g++ 16.2.0,SOURCE_WRITTEN,COMPILES,SEMANTIC_VERIFIED,ASM_DIFFERENT,NOT_RUNTIME_TESTED,,,static.crs,reagent,RETAIL_ORIGINAL_SYMBOL,Phase 4E cluster a1f5eddb7c1c; gpt-5.4-mini reconstruction approved by gpt-5.4-mini
0x003A5348,0x24,src/reagent/yellow_clusters/cluster_73f1cf749447.cpp,_ZN5Field9MoveModel21FieldMoveModelManager40GetFieldMoveEventModelIndexFromFreeSpaceEv,arm-none-eabi-g++ 16.2.0,SOURCE_WRITTEN,COMPILES,SEMANTIC_VERIFIED,ASM_DIFFERENT,NOT_RUNTIME_TESTED,,,static.crs,reagent,RETAIL_ORIGINAL_SYMBOL,Phase 4E cluster 73f1cf749447; gpt-5.4-mini reconstruction approved by gpt-5.4-mini
0x003A4F64,0x24,src/reagent/yellow_clusters/cluster_73f1cf749447.cpp,_ZN5Field9MoveModel21FieldMoveModelManager26TerminateMoveModelResourceENS0_19FIELD_MOVE_MODEL_IDE,arm-none-eabi-g++ 16.2.0,SOURCE_WRITTEN,COMPILES,SEMANTIC_VERIFIED,ASM_DIFFERENT,NOT_RUNTIME_TESTED,,,static.crs,reagent,RETAIL_ORIGINAL_SYMBOL,Phase 4E cluster 73f1cf749447; gpt-5.4-mini reconstruction approved by gpt-5.4-mini
0x0041CE54,0x08,src/reagent/yellow_clusters/cluster_f4707c2bce5d.cpp,_ZN7poke_3d8renderer24DistortionPostRenderPath10AddDrawEnvEPN4gfl215renderingengine10scenegraph8instance11DrawEnvNodeE,arm-none-eabi-g++ 16.2.0,SOURCE_WRITTEN,COMPILES,SEMANTIC_VERIFIED,ASM_DIFFERENT,NOT_RUNTIME_TESTED,,,static.crs,reagent,RETAIL_ORIGINAL_SYMBOL,Phase 4E cluster f4707c2bce5d; gpt-5.4-mini reconstruction approved by gpt-5.4-mini
0x002EA2C8,0x10,src/reagent/yellow_clusters/cluster_ca990e6649fe.cpp,_ZN3app4tool10MenuWindow14StartYesNoMenuEj,arm-none-eabi-g++ 16.2.0,SOURCE_WRITTEN,COMPILES,SEMANTIC_VERIFIED,ASM_DIFFERENT,NOT_RUNTIME_TESTED,,,static.crs,reagent,RETAIL_ORIGINAL_SYMBOL,Phase 4E cluster ca990e6649fe; gpt-5.4-mini reconstruction approved by gpt-5.4-mini
0x003E74E8,0x1C,src/reagent/yellow_clusters/cluster_a1913b6fe78b.cpp,_ZN6System26NijiEdgeMapSceneRenderPathC1EPN4gfl23gfx12IGLAllocatorEi,arm-none-eabi-g++ 16.2.0,SOURCE_WRITTEN,COMPILES,SEMANTIC_VERIFIED,ASM_DIFFERENT,NOT_RUNTIME_TESTED,,,static.crs,reagent,RETAIL_ORIGINAL_SYMBOL,Phase 4E cluster a1913b6fe78b; gpt-5.4-mini reconstruction approved by gpt-5.4-mini
0x003E7600,0x1C,src/reagent/yellow_clusters/cluster_be8024c8a9fc.cpp,_ZN6System30NijiOutLinePostSceneRenderPathC1EPN4gfl23gfx12IGLAllocatorE,arm-none-eabi-g++ 16.2.0,SOURCE_WRITTEN,COMPILES,SEMANTIC_VERIFIED,ASM_DIFFERENT,NOT_RUNTIME_TESTED,,,static.crs,reagent,RETAIL_ORIGINAL_SYMBOL,Phase 4E cluster be8024c8a9fc; opencode/muse-spark-1.3-contributor-free reconstruction approved by opencode/muse-spark-1.3-contributor-free
0x003E545C,0x20,src/reagent/yellow_clusters/cluster_c61f5afb7a43.cpp,_ZN6System15ModelRenderPath6UpdateERKN4gfl215renderingengine8renderer17RenderingPipeLine11DrawContextE,arm-none-eabi-g++ 16.2.0,SOURCE_WRITTEN,COMPILES,SEMANTIC_VERIFIED,ASM_DIFFERENT,NOT_RUNTIME_TESTED,,,static.crs,reagent,RETAIL_ORIGINAL_SYMBOL,Phase 4E cluster c61f5afb7a43; opencode/muse-spark-1.3-contributor-free reconstruction approved by opencode/muse-spark-1.3-contributor-free
0x0039D0D0,0x28,src/reagent/yellow_clusters/cluster_dc9841923acd.cpp,_ZN5Field9MoveModel14FieldMoveModel16RemoveParentNodeEv,arm-none-eabi-g++ 16.2.0,SOURCE_WRITTEN,COMPILES,SEMANTIC_VERIFIED,ASM_DIFFERENT,NOT_RUNTIME_TESTED,,,static.crs,reagent,RETAIL_ORIGINAL_SYMBOL,Phase 4E cluster dc9841923acd; opencode/muse-spark-1.3-contributor-free reconstruction approved by opencode/muse-spark-1.3-contributor-free
0x004457E0,0x24,src/reagent/yellow_clusters/cluster_a08a38707f38.cpp,_ZN5Field13FieldSodateya9PokeLeaveEN8Savedata10SodateyaIDEj,arm-none-eabi-g++ 16.2.0,SOURCE_WRITTEN,COMPILES,SEMANTIC_VERIFIED,ASM_DIFFERENT,NOT_RUNTIME_TESTED,,,static.crs,reagent,RETAIL_ORIGINAL_SYMBOL,Phase 4E cluster a08a38707f38; opencode/muse-spark-1.3-contributor-free reconstruction approved by opencode/muse-spark-1.3-contributor-free
0x002EFF84,0x24,src/reagent/yellow_clusters/cluster_78975e56cebe.cpp,_ZN3app4tool14PokeIconToolEx9StartAnimEjbb,arm-none-eabi-g++ 16.2.0,SOURCE_WRITTEN,COMPILES,SEMANTIC_VERIFIED,ASM_DIFFERENT,NOT_RUNTIME_TESTED,,,static.crs,reagent,RETAIL_ORIGINAL_SYMBOL,Phase 4E cluster 78975e56cebe; opencode/muse-spark-1.3-contributor-free reconstruction approved by opencode/muse-spark-1.3-contributor-free
0x00399F04,0x30,src/reagent/yellow_clusters/cluster_5d745341a5c7.cpp,_ZN5Field9EventList20EventListDataManager9TerminateEv,arm-none-eabi-g++ 16.2.0,SOURCE_WRITTEN,COMPILES,SEMANTIC_VERIFIED,ASM_DIFFERENT,NOT_RUNTIME_TESTED,,,static.crs,reagent,RETAIL_ORIGINAL_SYMBOL,Phase 4E cluster 5d745341a5c7; opencode/muse-spark-1.3-contributor-free reconstruction approved by opencode/muse-spark-1.3-contributor-free
0x0045B56C,0x3C,src/reagent/yellow_clusters/cluster_4d2710e1767b.cpp,_ZN9NetAppLib4Util13NetAppTimeoutC1Ev,arm-none-eabi-g++ 16.2.0,SOURCE_WRITTEN,COMPILES,SEMANTIC_VERIFIED,ASM_DIFFERENT,NOT_RUNTIME_TESTED,,,static.crs,reagent,RETAIL_ORIGINAL_SYMBOL,Phase 4E cluster 4d2710e1767b; opencode/muse-spark-1.3-contributor-free reconstruction approved by opencode/muse-spark-1.3-contributor-free
0x002E65D0,0x44,src/reagent/yellow_clusters/cluster_7dcb8ca7ac0c.cpp,_ZN3App9FieldMenu8PlayData15SetRotomMessageENS1_13RotomMsgIndexEjjb,arm-none-eabi-g++ 16.2.0,SOURCE_WRITTEN,COMPILES,SEMANTIC_VERIFIED,ASM_DIFFERENT,NOT_RUNTIME_TESTED,,,static.crs,reagent,RETAIL_ORIGINAL_SYMBOL,Phase 4E cluster 7dcb8ca7ac0c; opencode/muse-spark-1.3-contributor-free reconstruction approved by opencode/muse-spark-1.3-contributor-free
0x0049DE98,0x54,src/reagent/yellow_clusters/cluster_bdabb9307fa0.cpp,_ZNK5Field17FieldBerryManager13GetVisualDescEbPNS0_10VisualDescE,arm-none-eabi-g++ 16.2.0,SOURCE_WRITTEN,COMPILES,SEMANTIC_VERIFIED,ASM_DIFFERENT,NOT_RUNTIME_TESTED,,,static.crs,reagent,RETAIL_ORIGINAL_SYMBOL,Phase 4E cluster bdabb9307fa0; opencode/muse-spark-1.3-contributor-free reconstruction approved by opencode/muse-spark-1.3-contributor-free
0x002C7CA0,0x64,src/reagent/yellow_clusters/cluster_8ee8df04c8ae.cpp,_ZN3App3Box11BoxAppSetup11BinLinkLoadEPN3app4util4HeapE,arm-none-eabi-g++ 16.2.0,SOURCE_WRITTEN,COMPILES,SEMANTIC_VERIFIED,ASM_DIFFERENT,NOT_RUNTIME_TESTED,,,static.crs,reagent,RETAIL_ORIGINAL_SYMBOL,Phase 4E cluster 8ee8df04c8ae; opencode/muse-spark-1.3-contributor-free reconstruction approved by opencode/muse-spark-1.3-contributor-free
0x002FF788,0x08,src/reagent/yellow_clusters/cluster_9ef04bb04ad7.cpp,_ZN3app4tool8ItemIcon14IsLoadFinishedEj,arm-none-eabi-g++ 16.2.0,SOURCE_WRITTEN,COMPILES,SEMANTIC_VERIFIED,ASM_DIFFERENT,NOT_RUNTIME_TESTED,,,static.crs,reagent,RETAIL_ORIGINAL_SYMBOL,Phase 4E cluster 9ef04bb04ad7; opencode/muse-spark-1.3-contributor-free reconstruction approved by opencode/muse-spark-1.3-contributor-free
0x002FF790,0x08,src/reagent/yellow_clusters/cluster_9ef04bb04ad7.cpp,_ZN3app4tool8ItemIcon18AllocTextureBufferEj,arm-none-eabi-g++ 16.2.0,SOURCE_WRITTEN,COMPILES,SEMANTIC_VERIFIED,ASM_DIFFERENT,NOT_RUNTIME_TESTED,,,static.crs,reagent,RETAIL_ORIGINAL_SYMBOL,Phase 4E cluster 9ef04bb04ad7; opencode/muse-spark-1.3-contributor-free reconstruction approved by opencode/muse-spark-1.3-contributor-free
0x0035DF90,0x08,src/reagent/yellow_clusters/cluster_1833613294e7.cpp,_ZN4gfl26Effect6System14KillEmitterSetEPNS0_10EmitterSetE,arm-none-eabi-g++ 16.2.0,SOURCE_WRITTEN,COMPILES,SEMANTIC_VERIFIED,ASM_DIFFERENT,NOT_RUNTIME_TESTED,,,static.crs,reagent,RETAIL_ORIGINAL_SYMBOL,Phase 4E cluster 1833613294e7; opencode/muse-spark-1.3-contributor-free reconstruction approved by opencode/muse-spark-1.3-contributor-free
0x0035DF78,0x18,src/reagent/yellow_clusters/cluster_1833613294e7.cpp,_ZN4gfl26Effect6System13EntryResourceEPN2nw3eft4HeapEPviPNS3_7EnvInfoE,arm-none-eabi-g++ 16.2.0,SOURCE_WRITTEN,COMPILES,SEMANTIC_VERIFIED,ASM_DIFFERENT,NOT_RUNTIME_TESTED,,,static.crs,reagent,RETAIL_ORIGINAL_SYMBOL,Phase 4E cluster 1833613294e7; opencode/muse-spark-1.3-contributor-free reconstruction approved by opencode/muse-spark-1.3-contributor-free
0x00466618,0x14,src/reagent/yellow_clusters/cluster_d9473b331921.cpp,_ZN9NetAppLib9JoinFesta22JoinFestaPacketManager25SetPacketGameStatusWithMeEv,arm-none-eabi-g++ 16.2.0,SOURCE_WRITTEN,COMPILES,SEMANTIC_VERIFIED,ASM_DIFFERENT,NOT_RUNTIME_TESTED,,,static.crs,reagent,RETAIL_ORIGINAL_SYMBOL,Phase 4E cluster d9473b331921; opencode/muse-spark-1.3-contributor-free reconstruction approved by opencode/muse-spark-1.3-contributor-free
0x0046940C,0x2C,src/reagent/yellow_clusters/cluster_d9473b331921.cpp,_ZN9NetAppLib9JoinFesta22JoinFestaPacketManager10SendMyDataEb,arm-none-eabi-g++ 16.2.0,SOURCE_WRITTEN,COMPILES,SEMANTIC_VERIFIED,ASM_DIFFERENT,NOT_RUNTIME_TESTED,,,static.crs,reagent,RETAIL_ORIGINAL_SYMBOL,Phase 4E cluster d9473b331921; opencode/muse-spark-1.3-contributor-free reconstruction approved by opencode/muse-spark-1.3-contributor-free
0x0045B0E4,0x14,src/reagent/yellow_clusters/cluster_4b530fdb2293.cpp,_ZN9NetAppLib4Util11BossUtility14GetSerialIdMaxENS1_13BOSS_APP_TYPEE,arm-none-eabi-g++ 16.2.0,SOURCE_WRITTEN,COMPILES,SEMANTIC_VERIFIED,ASM_DIFFERENT,NOT_RUNTIME_TESTED,,,static.crs,reagent,RETAIL_ORIGINAL_SYMBOL,Phase 4E cluster 4b530fdb2293; opencode/muse-spark-1.3-contributor-free reconstruction approved by opencode/muse-spark-1.3-contributor-free
0x0045B10C,0x14,src/reagent/yellow_clusters/cluster_4b530fdb2293.cpp,_ZN9NetAppLib4Util11BossUtility14GetSerialIdMinENS1_13BOSS_APP_TYPEE,arm-none-eabi-g++ 16.2.0,SOURCE_WRITTEN,COMPILES,SEMANTIC_VERIFIED,ASM_DIFFERENT,NOT_RUNTIME_TESTED,,,static.crs,reagent,RETAIL_ORIGINAL_SYMBOL,Phase 4E cluster 4b530fdb2293; opencode/muse-spark-1.3-contributor-free reconstruction approved by opencode/muse-spark-1.3-contributor-free
0x00163AA8,0x1C,src/reagent/yellow_clusters/cluster_b6359f1fb6a1.cpp,_ZN2mw3qre9QREncoder11GetDivCountEv,arm-none-eabi-g++ 16.2.0,SOURCE_WRITTEN,COMPILES,SEMANTIC_VERIFIED,ASM_DIFFERENT,NOT_RUNTIME_TESTED,,,static.crs,reagent,RETAIL_ORIGINAL_SYMBOL,Phase 4E cluster b6359f1fb6a1; opencode/muse-spark-1.3-contributor-free reconstruction approved by opencode/muse-spark-1.3-contributor-free
